[Server(7996) cpa/] onInitialize
[Server(7996) cpa/] Number of style sheets - 548
[Server(7996) cpa/] setupInitialStylemap
P_totalpoi 4948
  script 54 60
  script 113 119
  script 122 128
  script 181 187
  table 191 196
  tbody 250 255
  tr 266 268
  td 283 285
  strong 287 293
  strong 300 306
  td 343 345
  td 398 400
  strong 402 408
  strong 430 436
  td 457 459
  td 474 476
  strong 478 484
  strong 494 500
  td 537 539
  tr 551 553
  tr 564 566
  td 581 583
  strong 585 591
  strong 616 622
  td 680 682
  td 697 699
  strong 701 707
  strong 727 733
  td 752 754
  td 769 771
  strong 773 779
  strong 786 792
  td 929 931
  tr 943 945
  tbody 954 959
  table 963 968
  table 973 978
  thead 1119 1124
  tr 1135 1137
  th 1152 1154
  th 1171 1173
  th 1188 1190
  th 1213 1215
  th 1230 1232
  br 1249 1251
  th 1258 1260
  th 1275 1277
  br 1294 1296
  th 1303 1305
  th 1320 1322
  br 1343 1345
  th 1352 1354
  th 1369 1371
  br 1398 1400
  th 1403 1405
  th 1490 1492
  br 1512 1514
  sup 1524 1527
  sup 1531 1534
  th 1547 1549
  th 1564 1566
  sup 1581 1584
  sup 1589 1592
  br 1595 1597
  th 1610 1612
  th 1627 1629
  sup 1644 1647
  sup 1651 1654
  br 1657 1659
  th 1672 1674
  th 1689 1691
  br 1716 1718
  sup 1722 1725
  sup 1730 1733
  sup 1739 1742
  sup 1746 1749
  sup 1755 1758
  sup 1762 1765
  th 1768 1770
  th 1785 1787
  th 1809 1811
  th 1851 1853
  th 1879 1881
  th 1896 1898
  th 1928 1930
  th 1945 1947
  th 1971 1973
  tr 1985 1987
  thead 1995 2000
  tbody 2008 2013
  tr 2065 2067
  td 2086 2088
  td 2113 2115
  td 2134 2136
  td 2155 2157
  td 2279 2281
  td 2304 2306
  td 2329 2331
  td 2354 2356
  td 2379 2381
  td 2405 2407
  td 2430 2432
  td 2913 2915
  td 3033 3035
  td 3060 3062
  td 3090 3092
  td 3171 3173
  td 3201 3203
  td 3282 3284
  td 3312 3314
  td 3338 3340
  td 3368 3370
  td 3398 3400
  td 3524 3526
  td 3558 3560
  td 3583 3585
  td 4193 4195
  td 4218 4220
  td 4266 4268
  tr 4312 4314
  tr 4909 4911
  td 4926 4928
P_totalpoi is a "class"
P_totalpoi 4939
  script 54 60
  script 113 119
  script 122 128
  script 181 187
  table 191 196
  tbody 250 255
  tr 266 268
  td 283 285
  strong 287 293
  strong 300 306
  td 343 345
  td 398 400
  strong 402 408
  strong 430 436
  td 457 459
  td 474 476
  strong 478 484
  strong 494 500
  td 537 539
  tr 551 553
  tr 564 566
  td 581 583
  strong 585 591
  strong 616 622
  td 680 682
  td 697 699
  strong 701 707
  strong 727 733
  td 752 754
  td 769 771
  strong 773 779
  strong 786 792
  td 929 931
  tr 943 945
  tbody 954 959
  table 963 968
  table 973 978
  thead 1119 1124
  tr 1135 1137
  th 1152 1154
  th 1171 1173
  th 1188 1190
  th 1213 1215
  th 1230 1232
  br 1249 1251
  th 1258 1260
  th 1275 1277
  br 1294 1296
  th 1303 1305
  th 1320 1322
  br 1343 1345
  th 1352 1354
  th 1369 1371
  br 1398 1400
  th 1403 1405
  th 1490 1492
  br 1512 1514
  sup 1524 1527
  sup 1531 1534
  th 1547 1549
  th 1564 1566
  sup 1581 1584
  sup 1589 1592
  br 1595 1597
  th 1610 1612
  th 1627 1629
  sup 1644 1647
  sup 1651 1654
  br 1657 1659
  th 1672 1674
  th 1689 1691
  br 1716 1718
  sup 1722 1725
  sup 1730 1733
  sup 1739 1742
  sup 1746 1749
  sup 1755 1758
  sup 1762 1765
  th 1768 1770
  th 1785 1787
  th 1809 1811
  th 1851 1853
  th 1879 1881
  th 1896 1898
  th 1928 1930
  th 1945 1947
  th 1971 1973
  tr 1985 1987
  thead 1995 2000
  tbody 2008 2013
  tr 2065 2067
  td 2086 2088
  td 2113 2115
  td 2134 2136
  td 2155 2157
  td 2279 2281
  td 2304 2306
  td 2329 2331
  td 2354 2356
  td 2379 2381
  td 2405 2407
  td 2430 2432
  td 2913 2915
  td 3033 3035
  td 3060 3062
  td 3090 3092
  td 3171 3173
  td 3201 3203
  td 3282 3284
  td 3312 3314
  td 3338 3340
  td 3368 3370
  td 3398 3400
  td 3524 3526
  td 3558 3560
  td 3583 3585
  td 4193 4195
  td 4218 4220
  td 4266 4268
  tr 4312 4314
  tr 4900 4902
  td 4917 4919
P_totalpoi is a "class"
P_totalpoi 4940
  script 54 60
  script 113 119
  script 122 128
  script 181 187
  table 191 196
  tbody 250 255
  tr 266 268
  td 283 285
  strong 287 293
  strong 300 306
  td 343 345
  td 398 400
  strong 402 408
  strong 430 436
  td 457 459
  td 474 476
  strong 478 484
  strong 494 500
  td 537 539
  tr 551 553
  tr 564 566
  td 581 583
  strong 585 591
  strong 616 622
  td 680 682
  td 697 699
  strong 701 707
  strong 727 733
  td 752 754
  td 769 771
  strong 773 779
  strong 786 792
  td 929 931
  tr 943 945
  tbody 954 959
  table 963 968
  table 973 978
  thead 1119 1124
  tr 1135 1137
  th 1152 1154
  th 1171 1173
  th 1188 1190
  th 1213 1215
  th 1230 1232
  br 1249 1251
  th 1258 1260
  th 1275 1277
  br 1294 1296
  th 1303 1305
  th 1320 1322
  br 1343 1345
  th 1352 1354
  th 1369 1371
  br 1398 1400
  th 1403 1405
  th 1490 1492
  br 1512 1514
  sup 1524 1527
  sup 1531 1534
  th 1547 1549
  th 1564 1566
  sup 1581 1584
  sup 1589 1592
  br 1595 1597
  th 1610 1612
  th 1627 1629
  sup 1644 1647
  sup 1651 1654
  br 1657 1659
  th 1672 1674
  th 1689 1691
  br 1716 1718
  sup 1722 1725
  sup 1730 1733
  sup 1739 1742
  sup 1746 1749
  sup 1755 1758
  sup 1762 1765
  th 1768 1770
  th 1785 1787
  th 1809 1811
  th 1851 1853
  th 1879 1881
  th 1896 1898
  th 1928 1930
  th 1945 1947
  th 1971 1973
  tr 1985 1987
  thead 1995 2000
  tbody 2008 2013
  tr 2065 2067
  td 2086 2088
  td 2113 2115
  td 2134 2136
  td 2155 2157
  td 2279 2281
  td 2304 2306
  td 2329 2331
  td 2354 2356
  td 2379 2381
  td 2405 2407
  td 2430 2432
  td 2913 2915
  td 3033 3035
  td 3060 3062
  td 3090 3092
  td 3171 3173
  td 3201 3203
  td 3282 3284
  td 3312 3314
  td 3338 3340
  td 3368 3370
  td 3398 3400
  td 3524 3526
  td 3558 3560
  td 3583 3585
  td 4193 4195
  td 4218 4220
  td 4266 4268
  tr 4312 4314
  tr 4901 4903
  td 4918 4920
P_totalpoi is a "class"
$my_class- 4755
  script 54 60
  script 113 119
  script 122 128
  script 181 187
  table 191 196
  tbody 250 255
  tr 266 268
  td 283 285
  strong 287 293
  strong 300 306
  td 343 345
  td 398 400
  strong 402 408
  strong 430 436
  td 457 459
  td 474 476
  strong 478 484
  strong 494 500
  td 537 539
  tr 551 553
  tr 564 566
  td 581 583
  strong 585 591
  strong 616 622
  td 680 682
  td 697 699
  strong 701 707
  strong 727 733
  td 752 754
  td 769 771
  strong 773 779
  strong 786 792
  td 929 931
  tr 943 945
  tbody 954 959
  table 963 968
  table 973 978
  thead 1119 1124
  tr 1135 1137
  th 1152 1154
  th 1171 1173
  th 1188 1190
  th 1213 1215
  th 1230 1232
  br 1249 1251
  th 1258 1260
  th 1275 1277
  br 1294 1296
  th 1303 1305
  th 1320 1322
  br 1343 1345
  th 1352 1354
  th 1369 1371
  br 1398 1400
  th 1403 1405
  th 1490 1492
  br 1512 1514
  sup 1524 1527
  sup 1531 1534
  th 1547 1549
  th 1564 1566
  sup 1581 1584
  sup 1589 1592
  br 1595 1597
  th 1610 1612
  th 1627 1629
  sup 1644 1647
  sup 1651 1654
  br 1657 1659
  th 1672 1674
  th 1689 1691
  br 1716 1718
  sup 1722 1725
  sup 1730 1733
  sup 1739 1742
  sup 1746 1749
  sup 1755 1758
  sup 1762 1765
  th 1768 1770
  th 1785 1787
  th 1809 1811
  th 1851 1853
  th 1879 1881
  th 1896 1898
  th 1928 1930
  th 1945 1947
  th 1971 1973
  tr 1985 1987
  thead 1995 2000
  tbody 2008 2013
  tr 2065 2067
  td 2086 2088
  td 2113 2115
  td 2134 2136
  td 2155 2157
  td 2279 2281
  td 2304 2306
  td 2329 2331
  td 2354 2356
  td 2379 2381
  td 2405 2407
  td 2430 2432
  td 2913 2915
  td 3033 3035
  td 3060 3062
  td 3090 3092
  td 3171 3173
  td 3201 3203
  td 3282 3284
  td 3312 3314
  td 3338 3340
  td 3368 3370
  td 3398 3400
  td 3524 3526
  td 3558 3560
  td 3583 3585
  td 4193 4195
  td 4218 4220
  td 4266 4268
  tr 4312 4314
  tr 4901 4903
  td 4918 4920
  strong 4953 4959
  strong 4988 4994
  td 4997 4999
  td 5014 5016
  strong 5048 5054
  strong 5073 5079
  td 5082 5084
  td 5130 5132
  strong 5146 5152
  td 5205 5207
  td 5251 5253
  strong 5267 5273
  td 5327 5329
  tr 5371 5373
  tbody 5381 5386
  table 5390 5395
  script 5448 5454
  script 6248 6254
Invalid Selector
$my_class- 4656
  script 54 60
  script 113 119
  script 122 128
  script 181 187
  table 191 196
  tbody 250 255
  tr 266 268
  td 283 285
  strong 287 293
  strong 300 306
  td 343 345
  td 398 400
  strong 402 408
  strong 430 436
  td 457 459
  td 474 476
  strong 478 484
  strong 494 500
  td 537 539
  tr 551 553
  tr 564 566
  td 581 583
  strong 585 591
  strong 616 622
  td 680 682
  td 697 699
  strong 701 707
  strong 727 733
  td 752 754
  td 769 771
  strong 773 779
  strong 786 792
  td 929 931
  tr 943 945
  tbody 954 959
  table 963 968
  table 973 978
  thead 1119 1124
  tr 1135 1137
  th 1152 1154
  th 1171 1173
  th 1188 1190
  th 1213 1215
  th 1230 1232
  br 1249 1251
  th 1258 1260
  th 1275 1277
  br 1294 1296
  th 1303 1305
  th 1320 1322
  br 1343 1345
  th 1352 1354
  th 1369 1371
  br 1398 1400
  th 1403 1405
  th 1490 1492
  br 1512 1514
  sup 1524 1527
  sup 1531 1534
  th 1547 1549
  th 1564 1566
  sup 1581 1584
  sup 1589 1592
  br 1595 1597
  th 1610 1612
  th 1627 1629
  sup 1644 1647
  sup 1651 1654
  br 1657 1659
  th 1672 1674
  th 1689 1691
  br 1716 1718
  sup 1722 1725
  sup 1730 1733
  sup 1739 1742
  sup 1746 1749
  sup 1755 1758
  sup 1762 1765
  th 1768 1770
  th 1785 1787
  th 1809 1811
  th 1851 1853
  th 1879 1881
  th 1896 1898
  th 1928 1930
  th 1945 1947
  th 1971 1973
  tr 1985 1987
  thead 1995 2000
  tbody 2008 2013
  tr 2065 2067
  td 2086 2088
  td 2113 2115
  td 2134 2136
  td 2155 2157
  td 2279 2281
  td 2304 2306
  td 2329 2331
  td 2354 2356
  td 2379 2381
  td 2405 2407
  td 2430 2432
  td 2913 2915
  td 3033 3035
  td 3060 3062
  td 3090 3092
  td 3171 3173
  td 3201 3203
  td 3282 3284
  td 3312 3314
  td 3338 3340
  td 3368 3370
  td 3398 3400
  td 3524 3526
  td 3558 3560
  td 3583 3585
  td 4193 4195
  td 4218 4220
  td 4266 4268
  tr 4312 4314
  tr 4910 4912
  td 4927 4929
  strong 4962 4968
  strong 4997 5003
  td 5006 5008
  td 5023 5025
  strong 5057 5063
  strong 5082 5088
  td 5091 5093
  td 5139 5141
  strong 5155 5161
  td 5214 5216
  td 5260 5262
  strong 5276 5282
  td 5336 5338
  tr 5380 5382
  tbody 5390 5395
  table 5399 5404
  script 5457 5463
  script 6257 6263
Invalid Selector
$my_class- 4646
  script 54 60
  script 113 119
  script 122 128
  script 181 187
  table 191 196
  tbody 250 255
  tr 266 268
  td 283 285
  strong 287 293
  strong 300 306
  td 343 345
  td 398 400
  strong 402 408
  strong 430 436
  td 457 459
  td 474 476
  strong 478 484
  strong 494 500
  td 537 539
  tr 551 553
  tr 564 566
  td 581 583
  strong 585 591
  strong 616 622
  td 680 682
  td 697 699
  strong 701 707
  strong 727 733
  td 752 754
  td 769 771
  strong 773 779
  strong 786 792
  td 929 931
  tr 943 945
  tbody 954 959
  table 963 968
  table 973 978
  thead 1119 1124
  tr 1135 1137
  th 1152 1154
  th 1171 1173
  th 1188 1190
  th 1213 1215
  th 1230 1232
  br 1249 1251
  th 1258 1260
  th 1275 1277
  br 1294 1296
  th 1303 1305
  th 1320 1322
  br 1343 1345
  th 1352 1354
  th 1369 1371
  br 1398 1400
  th 1403 1405
  th 1490 1492
  br 1512 1514
  sup 1524 1527
  sup 1531 1534
  th 1547 1549
  th 1564 1566
  sup 1581 1584
  sup 1589 1592
  br 1595 1597
  th 1610 1612
  th 1627 1629
  sup 1644 1647
  sup 1651 1654
  br 1657 1659
  th 1672 1674
  th 1689 1691
  br 1716 1718
  sup 1722 1725
  sup 1730 1733
  sup 1739 1742
  sup 1746 1749
  sup 1755 1758
  sup 1762 1765
  th 1768 1770
  th 1785 1787
  th 1809 1811
  th 1851 1853
  th 1879 1881
  th 1896 1898
  th 1928 1930
  th 1945 1947
  th 1971 1973
  tr 1985 1987
  thead 1995 2000
  tbody 2008 2013
  tr 2065 2067
  td 2086 2088
  td 2113 2115
  td 2134 2136
  td 2155 2157
  td 2279 2281
  td 2304 2306
  td 2329 2331
  td 2354 2356
  td 2379 2381
  td 2405 2407
  td 2430 2432
  td 2913 2915
  td 3033 3035
  td 3060 3062
  td 3090 3092
  td 3171 3173
  td 3201 3203
  td 3282 3284
  td 3312 3314
  td 3338 3340
  td 3368 3370
  td 3398 3400
  td 3524 3526
  td 3558 3560
  td 3583 3585
  td 4193 4195
  td 4218 4220
  td 4266 4268
  tr 4312 4314
  tr 4900 4902
  td 4917 4919
  strong 4952 4958
  strong 4987 4993
  td 4996 4998
  td 5013 5015
  strong 5047 5053
  strong 5072 5078
  td 5081 5083
  td 5129 5131
  strong 5145 5151
  td 5204 5206
  td 5250 5252
  strong 5266 5272
  td 5326 5328
  tr 5370 5372
  tbody 5380 5385
  table 5389 5394
  script 5447 5453
  script 6247 6253
Invalid Selector
$my_class- 4647
  script 54 60
  script 113 119
  script 122 128
  script 181 187
  table 191 196
  tbody 250 255
  tr 266 268
  td 283 285
  strong 287 293
  strong 300 306
  td 343 345
  td 398 400
  strong 402 408
  strong 430 436
  td 457 459
  td 474 476
  strong 478 484
  strong 494 500
  td 537 539
  tr 551 553
  tr 564 566
  td 581 583
  strong 585 591
  strong 616 622
  td 680 682
  td 697 699
  strong 701 707
  strong 727 733
  td 752 754
  td 769 771
  strong 773 779
  strong 786 792
  td 929 931
  tr 943 945
  tbody 954 959
  table 963 968
  table 973 978
  thead 1119 1124
  tr 1135 1137
  th 1152 1154
  th 1171 1173
  th 1188 1190
  th 1213 1215
  th 1230 1232
  br 1249 1251
  th 1258 1260
  th 1275 1277
  br 1294 1296
  th 1303 1305
  th 1320 1322
  br 1343 1345
  th 1352 1354
  th 1369 1371
  br 1398 1400
  th 1403 1405
  th 1490 1492
  br 1512 1514
  sup 1524 1527
  sup 1531 1534
  th 1547 1549
  th 1564 1566
  sup 1581 1584
  sup 1589 1592
  br 1595 1597
  th 1610 1612
  th 1627 1629
  sup 1644 1647
  sup 1651 1654
  br 1657 1659
  th 1672 1674
  th 1689 1691
  br 1716 1718
  sup 1722 1725
  sup 1730 1733
  sup 1739 1742
  sup 1746 1749
  sup 1755 1758
  sup 1762 1765
  th 1768 1770
  th 1785 1787
  th 1809 1811
  th 1851 1853
  th 1879 1881
  th 1896 1898
  th 1928 1930
  th 1945 1947
  th 1971 1973
  tr 1985 1987
  thead 1995 2000
  tbody 2008 2013
  tr 2065 2067
  td 2086 2088
  td 2113 2115
  td 2134 2136
  td 2155 2157
  td 2279 2281
  td 2304 2306
  td 2329 2331
  td 2354 2356
  td 2379 2381
  td 2405 2407
  td 2430 2432
  td 2913 2915
  td 3033 3035
  td 3060 3062
  td 3090 3092
  td 3171 3173
  td 3201 3203
  td 3282 3284
  td 3312 3314
  td 3338 3340
  td 3368 3370
  td 3398 3400
  td 3524 3526
  td 3558 3560
  td 3583 3585
  td 4193 4195
  td 4218 4220
  td 4266 4268
  tr 4312 4314
  tr 4901 4903
  td 4918 4920
  strong 4953 4959
  strong 4988 4994
  td 4997 4999
  td 5014 5016
  strong 5048 5054
  strong 5073 5079
  td 5082 5084
  td 5130 5132
  strong 5146 5152
  td 5205 5207
  td 5251 5253
  strong 5267 5273
  td 5327 5329
  tr 5371 5373
  tbody 5381 5386
  table 5390 5395
  script 5448 5454
  script 6248 6254
Invalid Selector
$my_class->id)- 4755
  script 54 60
  script 113 119
  script 122 128
  script 181 187
  table 191 196
  tbody 250 255
  tr 266 268
  td 283 285
  strong 287 293
  strong 300 306
  td 343 345
  td 398 400
  strong 402 408
  strong 430 436
  td 457 459
  td 474 476
  strong 478 484
  strong 494 500
  td 537 539
  tr 551 553
  tr 564 566
  td 581 583
  strong 585 591
  strong 616 622
  td 680 682
  td 697 699
  strong 701 707
  strong 727 733
  td 752 754
  td 769 771
  strong 773 779
  strong 786 792
  td 929 931
  tr 943 945
  tbody 954 959
  table 963 968
  table 973 978
  thead 1119 1124
  tr 1135 1137
  th 1152 1154
  th 1171 1173
  th 1188 1190
  th 1213 1215
  th 1230 1232
  br 1249 1251
  th 1258 1260
  th 1275 1277
  br 1294 1296
  th 1303 1305
  th 1320 1322
  br 1343 1345
  th 1352 1354
  th 1369 1371
  br 1398 1400
  th 1403 1405
  th 1490 1492
  br 1512 1514
  sup 1524 1527
  sup 1531 1534
  th 1547 1549
  th 1564 1566
  sup 1581 1584
  sup 1589 1592
  br 1595 1597
  th 1610 1612
  th 1627 1629
  sup 1644 1647
  sup 1651 1654
  br 1657 1659
  th 1672 1674
  th 1689 1691
  br 1716 1718
  sup 1722 1725
  sup 1730 1733
  sup 1739 1742
  sup 1746 1749
  sup 1755 1758
  sup 1762 1765
  th 1768 1770
  th 1785 1787
  th 1809 1811
  th 1851 1853
  th 1879 1881
  th 1896 1898
  th 1928 1930
  th 1945 1947
  th 1971 1973
  tr 1985 1987
  thead 1995 2000
  tbody 2008 2013
  tr 2065 2067
  td 2086 2088
  td 2113 2115
  td 2134 2136
  td 2155 2157
  td 2279 2281
  td 2304 2306
  td 2329 2331
  td 2354 2356
  td 2379 2381
  td 2405 2407
  td 2430 2432
  td 2913 2915
  td 3033 3035
  td 3060 3062
  td 3090 3092
  td 3171 3173
  td 3201 3203
  td 3282 3284
  td 3312 3314
  td 3338 3340
  td 3368 3370
  td 3398 3400
  td 3524 3526
  td 3558 3560
  td 3583 3585
  td 4193 4195
  td 4218 4220
  td 4266 4268
  tr 4312 4314
  tr 4901 4903
  td 4918 4920
  strong 4953 4959
  strong 4988 4994
  td 4997 4999
  td 5014 5016
  strong 5048 5054
  strong 5073 5079
  td 5082 5084
  td 5130 5132
  strong 5146 5152
  td 5205 5207
  td 5251 5253
  strong 5267 5273
  td 5327 5329
  tr 5371 5373
  tbody 5381 5386
  table 5390 5395
  script 5448 5454
  script 6248 6254
Invalid Selector
$my_class->id)- 4750
  script 54 60
  script 113 119
  script 122 128
  script 181 187
  table 191 196
  tbody 250 255
  tr 266 268
  td 283 285
  strong 287 293
  strong 300 306
  td 343 345
  td 398 400
  strong 402 408
  strong 430 436
  td 457 459
  td 474 476
  strong 478 484
  strong 494 500
  td 537 539
  tr 551 553
  tr 564 566
  td 581 583
  strong 585 591
  strong 616 622
  td 680 682
  td 697 699
  strong 701 707
  strong 727 733
  td 752 754
  td 769 771
  strong 773 779
  strong 786 792
  td 929 931
  tr 943 945
  tbody 954 959
  table 963 968
  table 973 978
  thead 1119 1124
  tr 1135 1137
  th 1152 1154
  th 1171 1173
  th 1188 1190
  th 1213 1215
  th 1230 1232
  br 1249 1251
  th 1258 1260
  th 1275 1277
  br 1294 1296
  th 1303 1305
  th 1320 1322
  br 1343 1345
  th 1352 1354
  th 1369 1371
  br 1398 1400
  th 1403 1405
  th 1490 1492
  br 1512 1514
  sup 1524 1527
  sup 1531 1534
  th 1547 1549
  th 1564 1566
  sup 1581 1584
  sup 1589 1592
  br 1595 1597
  th 1610 1612
  th 1627 1629
  sup 1644 1647
  sup 1651 1654
  br 1657 1659
  th 1672 1674
  th 1689 1691
  br 1716 1718
  sup 1722 1725
  sup 1730 1733
  sup 1739 1742
  sup 1746 1749
  sup 1755 1758
  sup 1762 1765
  th 1768 1770
  th 1785 1787
  th 1809 1811
  th 1851 1853
  th 1879 1881
  th 1896 1898
  th 1928 1930
  th 1945 1947
  th 1971 1973
  tr 1985 1987
  thead 1995 2000
  tbody 2008 2013
  tr 2065 2067
  td 2086 2088
  td 2113 2115
  td 2134 2136
  td 2155 2157
  td 2279 2281
  td 2304 2306
  td 2329 2331
  td 2354 2356
  td 2379 2381
  td 2405 2407
  td 2430 2432
  td 2913 2915
  td 3033 3035
  td 3060 3062
  td 3090 3092
  td 3171 3173
  td 3201 3203
  td 3282 3284
  td 3312 3314
  td 3338 3340
  td 3368 3370
  td 3398 3400
  td 3524 3526
  td 3558 3560
  td 3583 3585
  td 4193 4195
  td 4218 4220
  td 4266 4268
  tr 4312 4314
  tr 4896 4898
  td 4913 4915
  strong 4948 4954
  strong 4983 4989
  td 4992 4994
  td 5009 5011
  strong 5043 5049
  strong 5068 5074
  td 5077 5079
  td 5125 5127
  strong 5141 5147
  td 5200 5202
  td 5246 5248
  strong 5262 5268
  td 5322 5324
  tr 5366 5368
  tbody 5376 5381
  table 5385 5390
  script 5443 5449
  script 6243 6249
Invalid Selector
$my_class- 4750
  script 54 60
  script 113 119
  script 122 128
  script 181 187
  table 191 196
  tbody 250 255
  tr 266 268
  td 283 285
  strong 287 293
  strong 300 306
  td 343 345
  td 398 400
  strong 402 408
  strong 430 436
  td 457 459
  td 474 476
  strong 478 484
  strong 494 500
  td 537 539
  tr 551 553
  tr 564 566
  td 581 583
  strong 585 591
  strong 616 622
  td 680 682
  td 697 699
  strong 701 707
  strong 727 733
  td 752 754
  td 769 771
  strong 773 779
  strong 786 792
  td 929 931
  tr 943 945
  tbody 954 959
  table 963 968
  table 973 978
  thead 1119 1124
  tr 1135 1137
  th 1152 1154
  th 1171 1173
  th 1188 1190
  th 1213 1215
  th 1230 1232
  br 1249 1251
  th 1258 1260
  th 1275 1277
  br 1294 1296
  th 1303 1305
  th 1320 1322
  br 1343 1345
  th 1352 1354
  th 1369 1371
  br 1398 1400
  th 1403 1405
  th 1490 1492
  br 1512 1514
  sup 1524 1527
  sup 1531 1534
  th 1547 1549
  th 1564 1566
  sup 1581 1584
  sup 1589 1592
  br 1595 1597
  th 1610 1612
  th 1627 1629
  sup 1644 1647
  sup 1651 1654
  br 1657 1659
  th 1672 1674
  th 1689 1691
  br 1716 1718
  sup 1722 1725
  sup 1730 1733
  sup 1739 1742
  sup 1746 1749
  sup 1755 1758
  sup 1762 1765
  th 1768 1770
  th 1785 1787
  th 1809 1811
  th 1851 1853
  th 1879 1881
  th 1896 1898
  th 1928 1930
  th 1945 1947
  th 1971 1973
  tr 1985 1987
  thead 1995 2000
  tbody 2008 2013
  tr 2065 2067
  td 2086 2088
  td 2113 2115
  td 2134 2136
  td 2155 2157
  td 2279 2281
  td 2304 2306
  td 2329 2331
  td 2354 2356
  td 2379 2381
  td 2405 2407
  td 2430 2432
  td 2913 2915
  td 3033 3035
  td 3060 3062
  td 3090 3092
  td 3171 3173
  td 3201 3203
  td 3282 3284
  td 3312 3314
  td 3338 3340
  td 3368 3370
  td 3398 3400
  td 3524 3526
  td 3558 3560
  td 3583 3585
  td 4193 4195
  td 4218 4220
  td 4266 4268
  tr 4312 4314
  tr 4896 4898
  td 4913 4915
  strong 4948 4954
  strong 4983 4989
  td 4992 4994
  td 5009 5011
  strong 5043 5049
  strong 5068 5074
  td 5077 5079
  td 5125 5127
  strong 5141 5147
  td 5200 5202
  td 5246 5248
  strong 5262 5268
  td 5322 5324
  tr 5366 5368
  tbody 5376 5381
  table 5385 5390
  script 5443 5449
  script 6243 6249
Invalid Selector
class= 4926
  script 54 60
  script 113 119
  script 122 128
  script 181 187
  table 191 196
  tbody 250 255
  tr 266 268
  td 283 285
  strong 287 293
  strong 300 306
  td 343 345
  td 398 400
  strong 402 408
  strong 430 436
  td 457 459
  td 474 476
  strong 478 484
  strong 494 500
  td 537 539
  tr 551 553
  tr 564 566
  td 581 583
  strong 585 591
  strong 616 622
  td 680 682
  td 697 699
  strong 701 707
  strong 727 733
  td 752 754
  td 769 771
  strong 773 779
  strong 786 792
  td 929 931
  tr 943 945
  tbody 954 959
  table 963 968
  table 973 978
  thead 1119 1124
  tr 1135 1137
  th 1152 1154
  th 1171 1173
  th 1188 1190
  th 1213 1215
  th 1230 1232
  br 1249 1251
  th 1258 1260
  th 1275 1277
  br 1294 1296
  th 1303 1305
  th 1320 1322
  br 1343 1345
  th 1352 1354
  th 1369 1371
  br 1398 1400
  th 1403 1405
  th 1490 1492
  br 1512 1514
  sup 1524 1527
  sup 1531 1534
  th 1547 1549
  th 1564 1566
  sup 1581 1584
  sup 1589 1592
  br 1595 1597
  th 1610 1612
  th 1627 1629
  sup 1644 1647
  sup 1651 1654
  br 1657 1659
  th 1672 1674
  th 1689 1691
  br 1716 1718
  sup 1722 1725
  sup 1730 1733
  sup 1739 1742
  sup 1746 1749
  sup 1755 1758
  sup 1762 1765
  th 1768 1770
  th 1785 1787
  th 1809 1811
  th 1851 1853
  th 1879 1881
  th 1896 1898
  th 1928 1930
  th 1945 1947
  th 1971 1973
  tr 1985 1987
  thead 1995 2000
  tbody 2008 2013
  tr 2065 2067
  td 2086 2088
  td 2113 2115
  td 2134 2136
  td 2155 2157
  td 2279 2281
  td 2304 2306
  td 2329 2331
  td 2354 2356
  td 2379 2381
  td 2405 2407
  td 2430 2432
  td 2913 2915
  td 3033 3035
  td 3060 3062
  td 3090 3092
  td 3171 3173
  td 3201 3203
  td 3282 3284
  td 3312 3314
  td 3338 3340
  td 3368 3370
  td 3398 3400
  td 3524 3526
  td 3558 3560
  td 3583 3585
  td 4193 4195
  td 4218 4220
  td 4266 4268
  tr 4312 4314
  tr 4894 4896
  td 4911 4913
  strong 4946 4952
  strong 4981 4987
  td 4990 4992
  td 5007 5009
  strong 5041 5047
  strong 5066 5072
  td 5075 5077
  td 5123 5125
  strong 5139 5145
  td 5198 5200
  td 5244 5246
  strong 5260 5266
  td 5320 5322
  tr 5364 5366
  tbody 5374 5379
  table 5383 5388
  script 5441 5447
  script 6241 6247
Invalid Selector
class= 4919
  script 54 60
  script 113 119
  script 122 128
  script 181 187
  table 191 196
  tbody 250 255
  tr 266 268
  td 283 285
  strong 287 293
  strong 300 306
  td 343 345
  td 398 400
  strong 402 408
  strong 430 436
  td 457 459
  td 474 476
  strong 478 484
  strong 494 500
  td 537 539
  tr 551 553
  tr 564 566
  td 581 583
  strong 585 591
  strong 616 622
  td 680 682
  td 697 699
  strong 701 707
  strong 727 733
  td 752 754
  td 769 771
  strong 773 779
  strong 786 792
  td 929 931
  tr 943 945
  tbody 954 959
  table 963 968
  table 973 978
  thead 1119 1124
  tr 1135 1137
  th 1152 1154
  th 1171 1173
  th 1188 1190
  th 1213 1215
  th 1230 1232
  br 1249 1251
  th 1258 1260
  th 1275 1277
  br 1294 1296
  th 1303 1305
  th 1320 1322
  br 1343 1345
  th 1352 1354
  th 1369 1371
  br 1398 1400
  th 1403 1405
  th 1490 1492
  br 1512 1514
  sup 1524 1527
  sup 1531 1534
  th 1547 1549
  th 1564 1566
  sup 1581 1584
  sup 1589 1592
  br 1595 1597
  th 1610 1612
  th 1627 1629
  sup 1644 1647
  sup 1651 1654
  br 1657 1659
  th 1672 1674
  th 1689 1691
  br 1716 1718
  sup 1722 1725
  sup 1730 1733
  sup 1739 1742
  sup 1746 1749
  sup 1755 1758
  sup 1762 1765
  th 1768 1770
  th 1785 1787
  th 1809 1811
  th 1851 1853
  th 1879 1881
  th 1896 1898
  th 1928 1930
  th 1945 1947
  th 1971 1973
  tr 1985 1987
  thead 1995 2000
  tbody 2008 2013
  tr 2065 2067
  td 2086 2088
  td 2113 2115
  td 2134 2136
  td 2155 2157
  td 2279 2281
  td 2304 2306
  td 2329 2331
  td 2354 2356
  td 2379 2381
  td 2405 2407
  td 2430 2432
  td 2913 2915
  td 3033 3035
  td 3060 3062
  td 3090 3092
  td 3171 3173
  td 3201 3203
  td 3282 3284
  td 3312 3314
  td 3338 3340
  td 3368 3370
  td 3398 3400
  td 3524 3526
  td 3558 3560
  td 3583 3585
  td 4193 4195
  td 4218 4220
  td 4266 4268
  tr 4312 4314
  tr 4887 4889
  td 4904 4906
  strong 4939 4945
  strong 4974 4980
  td 4983 4985
  td 5000 5002
  strong 5034 5040
  strong 5059 5065
  td 5068 5070
  td 5116 5118
  strong 5132 5138
  td 5191 5193
  td 5237 5239
  strong 5253 5259
  td 5313 5315
  tr 5357 5359
  tbody 5367 5372
  table 5376 5381
  script 5434 5440
  script 6234 6240
Invalid Selector
3 5012
  script 54 60
  script 113 119
  script 122 128
  script 181 187
  table 191 196
  tbody 250 255
  tr 266 268
  td 283 285
  strong 287 293
  strong 300 306
  td 343 345
  td 398 400
  strong 402 408
  strong 430 436
  td 457 459
  td 474 476
  strong 478 484
  strong 494 500
  td 537 539
  tr 551 553
  tr 564 566
  td 581 583
  strong 585 591
  strong 616 622
  td 680 682
  td 697 699
  strong 701 707
  strong 727 733
  td 752 754
  td 769 771
  strong 773 779
  strong 786 792
  td 929 931
  tr 943 945
  tbody 954 959
  table 963 968
  table 973 978
  thead 1119 1124
  tr 1135 1137
  th 1152 1154
  th 1171 1173
  th 1188 1190
  th 1213 1215
  th 1230 1232
  br 1249 1251
  th 1258 1260
  th 1275 1277
  br 1294 1296
  th 1303 1305
  th 1320 1322
  br 1343 1345
  th 1352 1354
  th 1369 1371
  br 1398 1400
  th 1403 1405
  th 1490 1492
  br 1512 1514
  sup 1524 1527
  sup 1531 1534
  th 1547 1549
  th 1564 1566
  sup 1581 1584
  sup 1589 1592
  br 1595 1597
  th 1610 1612
  th 1627 1629
  sup 1644 1647
  sup 1651 1654
  br 1657 1659
  th 1672 1674
  th 1689 1691
  br 1716 1718
  sup 1722 1725
  sup 1730 1733
  sup 1739 1742
  sup 1746 1749
  sup 1755 1758
  sup 1762 1765
  th 1768 1770
  th 1785 1787
  th 1809 1811
  th 1851 1853
  th 1879 1881
  th 1896 1898
  th 1928 1930
  th 1945 1947
  th 1971 1973
  tr 1985 1987
  thead 1995 2000
  tbody 2008 2013
  tr 2065 2067
  td 2086 2088
  td 2113 2115
  td 2134 2136
  td 2155 2157
  td 2279 2281
  td 2304 2306
  td 2329 2331
  td 2354 2356
  td 2379 2381
  td 2405 2407
  td 2430 2432
  td 2913 2915
  td 3033 3035
  td 3060 3062
  td 3090 3092
  td 3171 3173
  td 3201 3203
  td 3282 3284
  td 3312 3314
  td 3338 3340
  td 3368 3370
  td 3398 3400
  td 3524 3526
  td 3558 3560
  td 3583 3585
  td 4193 4195
  td 4218 4220
  td 4266 4268
  tr 4312 4314
  tr 4887 4889
  td 4904 4906
  strong 4939 4945
  strong 4974 4980
  td 4983 4985
  td 5000 5002
  strong 5034 5040
  strong 5059 5065
  td 5068 5070
  td 5116 5118
  strong 5132 5138
  td 5191 5193
  td 5237 5239
  strong 5253 5259
  td 5313 5315
  tr 5357 5359
  tbody 5367 5372
  table 5376 5381
  script 5434 5440
  script 6234 6240
Invalid Selector
($rang->pos 5085
  script 54 60
  script 113 119
  script 122 128
  script 181 187
  table 191 196
  tbody 250 255
  tr 266 268
  td 283 285
  strong 287 293
  strong 300 306
  td 343 345
  td 398 400
  strong 402 408
  strong 430 436
  td 457 459
  td 474 476
  strong 478 484
  strong 494 500
  td 537 539
  tr 551 553
  tr 564 566
  td 581 583
  strong 585 591
  strong 616 622
  td 680 682
  td 697 699
  strong 701 707
  strong 727 733
  td 752 754
  td 769 771
  strong 773 779
  strong 786 792
  td 929 931
  tr 943 945
  tbody 954 959
  table 963 968
  table 973 978
  thead 1119 1124
  tr 1135 1137
  th 1152 1154
  th 1171 1173
  th 1188 1190
  th 1213 1215
  th 1230 1232
  br 1249 1251
  th 1258 1260
  th 1275 1277
  br 1294 1296
  th 1303 1305
  th 1320 1322
  br 1343 1345
  th 1352 1354
  th 1369 1371
  br 1398 1400
  th 1403 1405
  th 1490 1492
  br 1512 1514
  sup 1524 1527
  sup 1531 1534
  th 1547 1549
  th 1564 1566
  sup 1581 1584
  sup 1589 1592
  br 1595 1597
  th 1610 1612
  th 1627 1629
  sup 1644 1647
  sup 1651 1654
  br 1657 1659
  th 1672 1674
  th 1689 1691
  br 1716 1718
  sup 1722 1725
  sup 1730 1733
  sup 1739 1742
  sup 1746 1749
  sup 1755 1758
  sup 1762 1765
  th 1768 1770
  th 1785 1787
  th 1809 1811
  th 1851 1853
  th 1879 1881
  th 1896 1898
  th 1928 1930
  th 1945 1947
  th 1971 1973
  tr 1985 1987
  thead 1995 2000
  tbody 2008 2013
  tr 2065 2067
  td 2086 2088
  td 2113 2115
  td 2134 2136
  td 2155 2157
  td 2279 2281
  td 2304 2306
  td 2329 2331
  td 2354 2356
  td 2379 2381
  td 2405 2407
  td 2430 2432
  td 2913 2915
  td 3033 3035
  td 3060 3062
  td 3090 3092
  td 3171 3173
  td 3201 3203
  td 3282 3284
  td 3312 3314
  td 3338 3340
  td 3368 3370
  td 3398 3400
  td 3524 3526
  td 3558 3560
  td 3583 3585
  td 4193 4195
  td 4218 4220
  td 4266 4268
  tr 4312 4314
  tr 4887 4889
  td 4904 4906
  strong 4939 4945
  strong 4974 4980
  td 4983 4985
  td 5000 5002
  strong 5034 5040
  strong 5059 5065
  td 5068 5070
  td 5116 5118
  strong 5132 5138
  td 5191 5193
  td 5237 5239
  strong 5253 5259
  td 5313 5315
  tr 5357 5359
  tbody 5367 5372
  table 5376 5381
  script 5434 5440
  script 6234 6240
Invalid Selector
colspan= 5119
  script 54 60
  script 113 119
  script 122 128
  script 181 187
  table 191 196
  tbody 250 255
  tr 266 268
  td 283 285
  strong 287 293
  strong 300 306
  td 343 345
  td 398 400
  strong 402 408
  strong 430 436
  td 457 459
  td 474 476
  strong 478 484
  strong 494 500
  td 537 539
  tr 551 553
  tr 564 566
  td 581 583
  strong 585 591
  strong 616 622
  td 680 682
  td 697 699
  strong 701 707
  strong 727 733
  td 752 754
  td 769 771
  strong 773 779
  strong 786 792
  td 929 931
  tr 943 945
  tbody 954 959
  table 963 968
  table 973 978
  thead 1119 1124
  tr 1135 1137
  th 1152 1154
  th 1171 1173
  th 1188 1190
  th 1213 1215
  th 1230 1232
  br 1249 1251
  th 1258 1260
  th 1275 1277
  br 1294 1296
  th 1303 1305
  th 1320 1322
  br 1343 1345
  th 1352 1354
  th 1369 1371
  br 1398 1400
  th 1403 1405
  th 1490 1492
  br 1512 1514
  sup 1524 1527
  sup 1531 1534
  th 1547 1549
  th 1564 1566
  sup 1581 1584
  sup 1589 1592
  br 1595 1597
  th 1610 1612
  th 1627 1629
  sup 1644 1647
  sup 1651 1654
  br 1657 1659
  th 1672 1674
  th 1689 1691
  br 1716 1718
  sup 1722 1725
  sup 1730 1733
  sup 1739 1742
  sup 1746 1749
  sup 1755 1758
  sup 1762 1765
  th 1768 1770
  th 1785 1787
  th 1809 1811
  th 1851 1853
  th 1879 1881
  th 1896 1898
  th 1928 1930
  th 1945 1947
  th 1971 1973
  tr 1985 1987
  thead 1995 2000
  tbody 2008 2013
  tr 2065 2067
  td 2086 2088
  td 2113 2115
  td 2134 2136
  td 2155 2157
  td 2279 2281
  td 2304 2306
  td 2329 2331
  td 2354 2356
  td 2379 2381
  td 2405 2407
  td 2430 2432
  td 2913 2915
  td 3033 3035
  td 3060 3062
  td 3090 3092
  td 3171 3173
  td 3201 3203
  td 3282 3284
  td 3312 3314
  td 3338 3340
  td 3368 3370
  td 3398 3400
  td 3524 3526
  td 3558 3560
  td 3583 3585
  td 4193 4195
  td 4218 4220
  td 4266 4268
  tr 4312 4314
  tr 4887 4889
  td 4904 4906
  strong 4939 4945
  strong 4974 4980
  td 4983 4985
  td 5000 5002
  strong 5034 5040
  strong 5059 5065
  td 5068 5070
  td 5116 5118
  strong 5132 5138
  td 5191 5193
  td 5237 5239
  strong 5253 5259
  td 5313 5315
  tr 5357 5359
  tbody 5367 5372
  table 5376 5381
  script 5434 5440
  script 6234 6240
Invalid Selector
colspan= 5121
  script 54 60
  script 113 119
  script 122 128
  script 181 187
  table 191 196
  tbody 250 255
  tr 266 268
  td 283 285
  strong 287 293
  strong 300 306
  td 343 345
  td 398 400
  strong 402 408
  strong 430 436
  td 457 459
  td 474 476
  strong 478 484
  strong 494 500
  td 537 539
  tr 551 553
  tr 564 566
  td 581 583
  strong 585 591
  strong 616 622
  td 680 682
  td 697 699
  strong 701 707
  strong 727 733
  td 752 754
  td 769 771
  strong 773 779
  strong 786 792
  td 929 931
  tr 943 945
  tbody 954 959
  table 963 968
  table 973 978
  thead 1119 1124
  tr 1135 1137
  th 1152 1154
  th 1171 1173
  th 1188 1190
  th 1213 1215
  th 1230 1232
  br 1249 1251
  th 1258 1260
  th 1275 1277
  br 1294 1296
  th 1303 1305
  th 1320 1322
  br 1343 1345
  th 1352 1354
  th 1369 1371
  br 1398 1400
  th 1403 1405
  th 1490 1492
  br 1512 1514
  sup 1524 1527
  sup 1531 1534
  th 1547 1549
  th 1564 1566
  sup 1581 1584
  sup 1589 1592
  br 1595 1597
  th 1610 1612
  th 1627 1629
  sup 1644 1647
  sup 1651 1654
  br 1657 1659
  th 1672 1674
  th 1689 1691
  br 1716 1718
  sup 1722 1725
  sup 1730 1733
  sup 1739 1742
  sup 1746 1749
  sup 1755 1758
  sup 1762 1765
  th 1768 1770
  th 1785 1787
  th 1809 1811
  th 1851 1853
  th 1879 1881
  th 1896 1898
  th 1928 1930
  th 1945 1947
  th 1971 1973
  tr 1985 1987
  thead 1995 2000
  tbody 2008 2013
  tr 2065 2067
  td 2086 2088
  td 2113 2115
  td 2134 2136
  td 2155 2157
  td 2279 2281
  td 2304 2306
  td 2329 2331
  td 2354 2356
  td 2379 2381
  td 2405 2407
  td 2430 2432
  td 2913 2915
  td 3033 3035
  td 3060 3062
  td 3090 3092
  td 3171 3173
  td 3201 3203
  td 3282 3284
  td 3312 3314
  td 3338 3340
  td 3368 3370
  td 3398 3400
  td 3524 3526
  td 3558 3560
  td 3583 3585
  td 4193 4195
  td 4218 4220
  td 4266 4268
  tr 4312 4314
  tr 4889 4891
  td 4906 4908
  strong 4941 4947
  strong 4976 4982
  td 4985 4987
  td 5002 5004
  strong 5036 5042
  strong 5061 5067
  td 5070 5072
  td 5118 5120
  strong 5134 5140
  td 5193 5195
  td 5239 5241
  strong 5255 5261
  td 5315 5317
  tr 5359 5361
  tbody 5369 5374
  table 5378 5383
  script 5436 5442
  script 6236 6242
Invalid Selector
($rang- 5087
  script 54 60
  script 113 119
  script 122 128
  script 181 187
  table 191 196
  tbody 250 255
  tr 266 268
  td 283 285
  strong 287 293
  strong 300 306
  td 343 345
  td 398 400
  strong 402 408
  strong 430 436
  td 457 459
  td 474 476
  strong 478 484
  strong 494 500
  td 537 539
  tr 551 553
  tr 564 566
  td 581 583
  strong 585 591
  strong 616 622
  td 680 682
  td 697 699
  strong 701 707
  strong 727 733
  td 752 754
  td 769 771
  strong 773 779
  strong 786 792
  td 929 931
  tr 943 945
  tbody 954 959
  table 963 968
  table 973 978
  thead 1119 1124
  tr 1135 1137
  th 1152 1154
  th 1171 1173
  th 1188 1190
  th 1213 1215
  th 1230 1232
  br 1249 1251
  th 1258 1260
  th 1275 1277
  br 1294 1296
  th 1303 1305
  th 1320 1322
  br 1343 1345
  th 1352 1354
  th 1369 1371
  br 1398 1400
  th 1403 1405
  th 1490 1492
  br 1512 1514
  sup 1524 1527
  sup 1531 1534
  th 1547 1549
  th 1564 1566
  sup 1581 1584
  sup 1589 1592
  br 1595 1597
  th 1610 1612
  th 1627 1629
  sup 1644 1647
  sup 1651 1654
  br 1657 1659
  th 1672 1674
  th 1689 1691
  br 1716 1718
  sup 1722 1725
  sup 1730 1733
  sup 1739 1742
  sup 1746 1749
  sup 1755 1758
  sup 1762 1765
  th 1768 1770
  th 1785 1787
  th 1809 1811
  th 1851 1853
  th 1879 1881
  th 1896 1898
  th 1928 1930
  th 1945 1947
  th 1971 1973
  tr 1985 1987
  thead 1995 2000
  tbody 2008 2013
  tr 2065 2067
  td 2086 2088
  td 2113 2115
  td 2134 2136
  td 2155 2157
  td 2279 2281
  td 2304 2306
  td 2329 2331
  td 2354 2356
  td 2379 2381
  td 2405 2407
  td 2430 2432
  td 2913 2915
  td 3033 3035
  td 3060 3062
  td 3090 3092
  td 3171 3173
  td 3201 3203
  td 3282 3284
  td 3312 3314
  td 3338 3340
  td 3368 3370
  td 3398 3400
  td 3524 3526
  td 3558 3560
  td 3583 3585
  td 4193 4195
  td 4218 4220
  td 4266 4268
  tr 4312 4314
  tr 4889 4891
  td 4906 4908
  strong 4941 4947
  strong 4976 4982
  td 4985 4987
  td 5002 5004
  strong 5036 5042
  strong 5061 5067
  td 5070 5072
  td 5118 5120
  strong 5134 5140
  td 5193 5195
  td 5239 5241
  strong 5255 5261
  td 5315 5317
  tr 5359 5361
  tbody 5369 5374
  table 5378 5383
  script 5436 5442
  script 6236 6242
Invalid Selector
colspan= 5005
  script 54 60
  script 113 119
  script 122 128
  script 181 187
  table 191 196
  tbody 250 255
  tr 266 268
  td 283 285
  strong 287 293
  strong 300 306
  td 343 345
  td 398 400
  strong 402 408
  strong 430 436
  td 457 459
  td 474 476
  strong 478 484
  strong 494 500
  td 537 539
  tr 551 553
  tr 564 566
  td 581 583
  strong 585 591
  strong 616 622
  td 680 682
  td 697 699
  strong 701 707
  strong 727 733
  td 752 754
  td 769 771
  strong 773 779
  strong 786 792
  td 929 931
  tr 943 945
  tbody 954 959
  table 963 968
  table 973 978
  thead 1119 1124
  tr 1135 1137
  th 1152 1154
  th 1171 1173
  th 1188 1190
  th 1213 1215
  th 1230 1232
  br 1249 1251
  th 1258 1260
  th 1275 1277
  br 1294 1296
  th 1303 1305
  th 1320 1322
  br 1343 1345
  th 1352 1354
  th 1369 1371
  br 1398 1400
  th 1403 1405
  th 1490 1492
  br 1512 1514
  sup 1524 1527
  sup 1531 1534
  th 1547 1549
  th 1564 1566
  sup 1581 1584
  sup 1589 1592
  br 1595 1597
  th 1610 1612
  th 1627 1629
  sup 1644 1647
  sup 1651 1654
  br 1657 1659
  th 1672 1674
  th 1689 1691
  br 1716 1718
  sup 1722 1725
  sup 1730 1733
  sup 1739 1742
  sup 1746 1749
  sup 1755 1758
  sup 1762 1765
  th 1768 1770
  th 1785 1787
  th 1809 1811
  th 1851 1853
  th 1879 1881
  th 1896 1898
  th 1928 1930
  th 1945 1947
  th 1971 1973
  tr 1985 1987
  thead 1995 2000
  tbody 2008 2013
  tr 2065 2067
  td 2086 2088
  td 2113 2115
  td 2134 2136
  td 2155 2157
  td 2279 2281
  td 2304 2306
  td 2329 2331
  td 2354 2356
  td 2379 2381
  td 2405 2407
  td 2430 2432
  td 2913 2915
  td 3033 3035
  td 3060 3062
  td 3090 3092
  td 3171 3173
  td 3201 3203
  td 3282 3284
  td 3312 3314
  td 3338 3340
  td 3368 3370
  td 3398 3400
  td 3524 3526
  td 3558 3560
  td 3583 3585
  td 4193 4195
  td 4218 4220
  td 4266 4268
  tr 4312 4314
  tr 4889 4891
  td 4906 4908
  strong 4941 4947
  strong 4976 4982
  td 4985 4987
  td 5002 5004
  strong 5036 5042
  strong 5061 5067
  td 5070 5072
  td 5118 5120
  strong 5134 5140
  td 5193 5195
  td 5239 5241
  strong 5255 5261
  td 5315 5317
  tr 5359 5361
  tbody 5369 5374
  table 5378 5383
  script 5436 5442
  script 6236 6242
Invalid Selector
colspan= 4900
  script 54 60
  script 113 119
  script 122 128
  script 181 187
  table 191 196
  tbody 250 255
  tr 266 268
  td 283 285
  strong 287 293
  strong 300 306
  td 343 345
  td 398 400
  strong 402 408
  strong 430 436
  td 457 459
  td 474 476
  strong 478 484
  strong 494 500
  td 537 539
  tr 551 553
  tr 564 566
  td 581 583
  strong 585 591
  strong 616 622
  td 680 682
  td 697 699
  strong 701 707
  strong 727 733
  td 752 754
  td 769 771
  strong 773 779
  strong 786 792
  td 929 931
  tr 943 945
  tbody 954 959
  table 963 968
  table 973 978
  thead 1119 1124
  tr 1135 1137
  th 1152 1154
  th 1171 1173
  th 1188 1190
  th 1213 1215
  th 1230 1232
  br 1249 1251
  th 1258 1260
  th 1275 1277
  br 1294 1296
  th 1303 1305
  th 1320 1322
  br 1343 1345
  th 1352 1354
  th 1369 1371
  br 1398 1400
  th 1403 1405
  th 1490 1492
  br 1512 1514
  sup 1524 1527
  sup 1531 1534
  th 1547 1549
  th 1564 1566
  sup 1581 1584
  sup 1589 1592
  br 1595 1597
  th 1610 1612
  th 1627 1629
  sup 1644 1647
  sup 1651 1654
  br 1657 1659
  th 1672 1674
  th 1689 1691
  br 1716 1718
  sup 1722 1725
  sup 1730 1733
  sup 1739 1742
  sup 1746 1749
  sup 1755 1758
  sup 1762 1765
  th 1768 1770
  th 1785 1787
  th 1809 1811
  th 1851 1853
  th 1879 1881
  th 1896 1898
  th 1928 1930
  th 1945 1947
  th 1971 1973
  tr 1985 1987
  thead 1995 2000
  tbody 2008 2013
  tr 2065 2067
  td 2086 2088
  td 2113 2115
  td 2134 2136
  td 2155 2157
  td 2279 2281
  td 2304 2306
  td 2329 2331
  td 2354 2356
  td 2379 2381
  td 2405 2407
  td 2430 2432
  td 2913 2915
  td 3033 3035
  td 3060 3062
  td 3090 3092
  td 3171 3173
  td 3201 3203
  td 3282 3284
  td 3312 3314
  td 3338 3340
  td 3368 3370
  td 3398 3400
  td 3524 3526
  td 3558 3560
  td 3583 3585
  td 4193 4195
  td 4218 4220
  td 4266 4268
  tr 4312 4314
  tr 4880 4882
  td 4897 4899
  strong 4932 4938
  strong 4967 4973
  td 4976 4978
  td 4993 4995
  strong 5027 5033
  strong 5052 5058
  td 5061 5063
  td 5109 5111
  strong 5125 5131
  td 5184 5186
  td 5230 5232
  strong 5246 5252
  td 5306 5308
  tr 5350 5352
  tbody 5360 5365
  table 5369 5374
  script 5427 5433
  script 6227 6233
Invalid Selector
dd($total_eleve); 4852
  script 54 60
  script 113 119
  script 122 128
  script 181 187
  table 191 196
  tbody 250 255
  tr 266 268
  td 283 285
  strong 287 293
  strong 300 306
  td 343 345
  td 398 400
  strong 402 408
  strong 430 436
  td 457 459
  td 474 476
  strong 478 484
  strong 494 500
  td 537 539
  tr 551 553
  tr 564 566
  td 581 583
  strong 585 591
  strong 616 622
  td 680 682
  td 697 699
  strong 701 707
  strong 727 733
  td 752 754
  td 769 771
  strong 773 779
  strong 786 792
  td 929 931
  tr 943 945
  tbody 954 959
  table 963 968
  table 973 978
  thead 1119 1124
  tr 1135 1137
  th 1152 1154
  th 1171 1173
  th 1188 1190
  th 1213 1215
  th 1230 1232
  br 1249 1251
  th 1258 1260
  th 1275 1277
  br 1294 1296
  th 1303 1305
  th 1320 1322
  br 1343 1345
  th 1352 1354
  th 1369 1371
  br 1398 1400
  th 1403 1405
  th 1490 1492
  br 1512 1514
  sup 1524 1527
  sup 1531 1534
  th 1547 1549
  th 1564 1566
  sup 1581 1584
  sup 1589 1592
  br 1595 1597
  th 1610 1612
  th 1627 1629
  sup 1644 1647
  sup 1651 1654
  br 1657 1659
  th 1672 1674
  th 1689 1691
  br 1716 1718
  sup 1722 1725
  sup 1730 1733
  sup 1739 1742
  sup 1746 1749
  sup 1755 1758
  sup 1762 1765
  th 1768 1770
  th 1785 1787
  th 1809 1811
  th 1851 1853
  th 1879 1881
  th 1896 1898
  th 1928 1930
  th 1945 1947
  th 1971 1973
  tr 1985 1987
  thead 1995 2000
  tbody 2008 2013
  tr 2065 2067
  td 2086 2088
  td 2113 2115
  td 2134 2136
  td 2155 2157
  td 2279 2281
  td 2304 2306
  td 2329 2331
  td 2354 2356
  td 2379 2381
  td 2405 2407
  td 2430 2432
  td 2913 2915
  td 3033 3035
  td 3060 3062
  td 3090 3092
  td 3171 3173
  td 3201 3203
  td 3282 3284
  td 3312 3314
  td 3338 3340
  td 3368 3370
  td 3398 3400
  td 3524 3526
  td 3558 3560
  td 3583 3585
  td 4193 4195
  td 4218 4220
  td 4266 4268
  tr 4312 4314
  tr 4896 4898
  td 4913 4915
  strong 4948 4954
  strong 4983 4989
  td 4992 4994
  td 5009 5011
  strong 5043 5049
  strong 5068 5074
  td 5077 5079
  td 5125 5127
  strong 5141 5147
  td 5200 5202
  td 5246 5248
  strong 5262 5268
  td 5322 5324
  tr 5366 5368
  tbody 5376 5381
  table 5385 5390
  script 5443 5449
  script 6243 6249
Invalid Selector
dd($total_eleve); 4852
  script 54 60
  script 113 119
  script 122 128
  script 181 187
  table 191 196
  tbody 250 255
  tr 266 268
  td 283 285
  strong 287 293
  strong 300 306
  td 343 345
  td 398 400
  strong 402 408
  strong 430 436
  td 457 459
  td 474 476
  strong 478 484
  strong 494 500
  td 537 539
  tr 551 553
  tr 564 566
  td 581 583
  strong 585 591
  strong 616 622
  td 680 682
  td 697 699
  strong 701 707
  strong 727 733
  td 752 754
  td 769 771
  strong 773 779
  strong 786 792
  td 929 931
  tr 943 945
  tbody 954 959
  table 963 968
  table 973 978
  thead 1119 1124
  tr 1135 1137
  th 1152 1154
  th 1171 1173
  th 1188 1190
  th 1213 1215
  th 1230 1232
  br 1249 1251
  th 1258 1260
  th 1275 1277
  br 1294 1296
  th 1303 1305
  th 1320 1322
  br 1343 1345
  th 1352 1354
  th 1369 1371
  br 1398 1400
  th 1403 1405
  th 1490 1492
  br 1512 1514
  sup 1524 1527
  sup 1531 1534
  th 1547 1549
  th 1564 1566
  sup 1581 1584
  sup 1589 1592
  br 1595 1597
  th 1610 1612
  th 1627 1629
  sup 1644 1647
  sup 1651 1654
  br 1657 1659
  th 1672 1674
  th 1689 1691
  br 1716 1718
  sup 1722 1725
  sup 1730 1733
  sup 1739 1742
  sup 1746 1749
  sup 1755 1758
  sup 1762 1765
  th 1768 1770
  th 1785 1787
  th 1809 1811
  th 1851 1853
  th 1879 1881
  th 1896 1898
  th 1928 1930
  th 1945 1947
  th 1971 1973
  tr 1985 1987
  thead 1995 2000
  tbody 2008 2013
  tr 2065 2067
  td 2086 2088
  td 2113 2115
  td 2134 2136
  td 2155 2157
  td 2279 2281
  td 2304 2306
  td 2329 2331
  td 2354 2356
  td 2379 2381
  td 2405 2407
  td 2430 2432
  td 2913 2915
  td 3033 3035
  td 3060 3062
  td 3090 3092
  td 3171 3173
  td 3201 3203
  td 3282 3284
  td 3312 3314
  td 3338 3340
  td 3368 3370
  td 3398 3400
  td 3524 3526
  td 3558 3560
  td 3583 3585
  td 4193 4195
  td 4218 4220
  td 4266 4268
  tr 4312 4314
  tr 4896 4898
  td 4913 4915
  strong 4948 4954
  strong 4983 4989
  td 4992 4994
  td 5009 5011
  strong 5043 5049
  strong 5068 5074
  td 5077 5079
  td 5125 5127
  strong 5141 5147
  td 5200 5202
  td 5246 5248
  strong 5262 5268
  td 5322 5324
  tr 5366 5368
  tbody 5376 5381
  table 5385 5390
  script 5443 5449
  script 6243 6249
Invalid Selector
ExamRecord::where( 4717
  script 54 60
  script 113 119
  script 122 128
  script 181 187
  table 191 196
  tbody 250 255
  tr 266 268
  td 283 285
  strong 287 293
  strong 300 306
  td 343 345
  td 398 400
  strong 402 408
  strong 430 436
  td 457 459
  td 474 476
  strong 478 484
  strong 494 500
  td 537 539
  tr 551 553
  tr 564 566
  td 581 583
  strong 585 591
  strong 616 622
  td 680 682
  td 697 699
  strong 701 707
  strong 727 733
  td 752 754
  td 769 771
  strong 773 779
  strong 786 792
  td 929 931
  tr 943 945
  tbody 954 959
  table 963 968
  table 973 978
  thead 1119 1124
  tr 1135 1137
  th 1152 1154
  th 1171 1173
  th 1188 1190
  th 1213 1215
  th 1230 1232
  br 1249 1251
  th 1258 1260
  th 1275 1277
  br 1294 1296
  th 1303 1305
  th 1320 1322
  br 1343 1345
  th 1352 1354
  th 1369 1371
  br 1398 1400
  th 1403 1405
  th 1490 1492
  br 1512 1514
  sup 1524 1527
  sup 1531 1534
  th 1547 1549
  th 1564 1566
  sup 1581 1584
  sup 1589 1592
  br 1595 1597
  th 1610 1612
  th 1627 1629
  sup 1644 1647
  sup 1651 1654
  br 1657 1659
  th 1672 1674
  th 1689 1691
  br 1716 1718
  sup 1722 1725
  sup 1730 1733
  sup 1739 1742
  sup 1746 1749
  sup 1755 1758
  sup 1762 1765
  th 1768 1770
  th 1785 1787
  th 1809 1811
  th 1851 1853
  th 1879 1881
  th 1896 1898
  th 1928 1930
  th 1945 1947
  th 1971 1973
  tr 1985 1987
  thead 1995 2000
  tbody 2008 2013
  tr 2065 2067
  td 2086 2088
  td 2113 2115
  td 2134 2136
  td 2155 2157
  td 2279 2281
  td 2304 2306
  td 2329 2331
  td 2354 2356
  td 2379 2381
  td 2405 2407
  td 2430 2432
  td 2913 2915
  td 3033 3035
  td 3060 3062
  td 3090 3092
  td 3171 3173
  td 3201 3203
  td 3282 3284
  td 3312 3314
  td 3338 3340
  td 3368 3370
  td 3398 3400
  td 3524 3526
  td 3558 3560
  td 3583 3585
  td 4193 4195
  td 4218 4220
  td 4266 4268
  tr 4312 4314
  tr 4896 4898
  td 4913 4915
  strong 4948 4954
  strong 4983 4989
  td 4992 4994
  td 5009 5011
  strong 5043 5049
  strong 5068 5074
  td 5077 5079
  td 5125 5127
  strong 5141 5147
  td 5200 5202
  td 5246 5248
  strong 5262 5268
  td 5322 5324
  tr 5366 5368
  tbody 5376 5381
  table 5385 5390
  script 5443 5449
  script 6243 6249
Invalid Selector
$total_eleve 4591
  script 54 60
  script 113 119
  script 122 128
  script 181 187
  table 191 196
  tbody 250 255
  tr 266 268
  td 283 285
  strong 287 293
  strong 300 306
  td 343 345
  td 398 400
  strong 402 408
  strong 430 436
  td 457 459
  td 474 476
  strong 478 484
  strong 494 500
  td 537 539
  tr 551 553
  tr 564 566
  td 581 583
  strong 585 591
  strong 616 622
  td 680 682
  td 697 699
  strong 701 707
  strong 727 733
  td 752 754
  td 769 771
  strong 773 779
  strong 786 792
  td 929 931
  tr 943 945
  tbody 954 959
  table 963 968
  table 973 978
  thead 1119 1124
  tr 1135 1137
  th 1152 1154
  th 1171 1173
  th 1188 1190
  th 1213 1215
  th 1230 1232
  br 1249 1251
  th 1258 1260
  th 1275 1277
  br 1294 1296
  th 1303 1305
  th 1320 1322
  br 1343 1345
  th 1352 1354
  th 1369 1371
  br 1398 1400
  th 1403 1405
  th 1490 1492
  br 1512 1514
  sup 1524 1527
  sup 1531 1534
  th 1547 1549
  th 1564 1566
  sup 1581 1584
  sup 1589 1592
  br 1595 1597
  th 1610 1612
  th 1627 1629
  sup 1644 1647
  sup 1651 1654
  br 1657 1659
  th 1672 1674
  th 1689 1691
  br 1716 1718
  sup 1722 1725
  sup 1730 1733
  sup 1739 1742
  sup 1746 1749
  sup 1755 1758
  sup 1762 1765
  th 1768 1770
  th 1785 1787
  th 1809 1811
  th 1851 1853
  th 1879 1881
  th 1896 1898
  th 1928 1930
  th 1945 1947
  th 1971 1973
  tr 1985 1987
  thead 1995 2000
  tbody 2008 2013
  tr 2065 2067
  td 2086 2088
  td 2113 2115
  td 2134 2136
  td 2155 2157
  td 2279 2281
  td 2304 2306
  td 2329 2331
  td 2354 2356
  td 2379 2381
  td 2405 2407
  td 2430 2432
  td 2913 2915
  td 3033 3035
  td 3060 3062
  td 3090 3092
  td 3171 3173
  td 3201 3203
  td 3282 3284
  td 3312 3314
  td 3338 3340
  td 3368 3370
  td 3398 3400
  td 3524 3526
  td 3558 3560
  td 3583 3585
  td 4193 4195
  td 4218 4220
  td 4266 4268
  tr 4312 4314
  tr 4896 4898
  td 4913 4915
  strong 4948 4954
  strong 4983 4989
  td 4992 4994
  td 5009 5011
  strong 5043 5049
  strong 5068 5074
  td 5077 5079
  td 5125 5127
  strong 5141 5147
  td 5200 5202
  td 5246 5248
  strong 5262 5268
  td 5322 5324
  tr 5366 5368
  tbody 5376 5381
  table 5385 5390
  script 5443 5449
  script 6243 6249
Invalid Selector
Section::where() 4547
  script 54 60
  script 113 119
  script 122 128
  script 181 187
  table 191 196
  tbody 250 255
  tr 266 268
  td 283 285
  strong 287 293
  strong 300 306
  td 343 345
  td 398 400
  strong 402 408
  strong 430 436
  td 457 459
  td 474 476
  strong 478 484
  strong 494 500
  td 537 539
  tr 551 553
  tr 564 566
  td 581 583
  strong 585 591
  strong 616 622
  td 680 682
  td 697 699
  strong 701 707
  strong 727 733
  td 752 754
  td 769 771
  strong 773 779
  strong 786 792
  td 929 931
  tr 943 945
  tbody 954 959
  table 963 968
  table 973 978
  thead 1119 1124
  tr 1135 1137
  th 1152 1154
  th 1171 1173
  th 1188 1190
  th 1213 1215
  th 1230 1232
  br 1249 1251
  th 1258 1260
  th 1275 1277
  br 1294 1296
  th 1303 1305
  th 1320 1322
  br 1343 1345
  th 1352 1354
  th 1369 1371
  br 1398 1400
  th 1403 1405
  th 1490 1492
  br 1512 1514
  sup 1524 1527
  sup 1531 1534
  th 1547 1549
  th 1564 1566
  sup 1581 1584
  sup 1589 1592
  br 1595 1597
  th 1610 1612
  th 1627 1629
  sup 1644 1647
  sup 1651 1654
  br 1657 1659
  th 1672 1674
  th 1689 1691
  br 1716 1718
  sup 1722 1725
  sup 1730 1733
  sup 1739 1742
  sup 1746 1749
  sup 1755 1758
  sup 1762 1765
  th 1768 1770
  th 1785 1787
  th 1809 1811
  th 1851 1853
  th 1879 1881
  th 1896 1898
  th 1928 1930
  th 1945 1947
  th 1971 1973
  tr 1985 1987
  thead 1995 2000
  tbody 2008 2013
  tr 2065 2067
  td 2086 2088
  td 2113 2115
  td 2134 2136
  td 2155 2157
  td 2279 2281
  td 2304 2306
  td 2329 2331
  td 2354 2356
  td 2379 2381
  td 2405 2407
  td 2430 2432
  td 2913 2915
  td 3033 3035
  td 3060 3062
  td 3090 3092
  td 3171 3173
  td 3201 3203
  td 3282 3284
  td 3312 3314
  td 3338 3340
  td 3368 3370
  td 3398 3400
  td 3524 3526
  td 3558 3560
  td 3583 3585
  td 4193 4195
  td 4218 4220
  td 4266 4268
  tr 4312 4314
  tr 4940 4942
  td 4957 4959
  strong 4992 4998
  strong 5027 5033
  td 5036 5038
  td 5053 5055
  strong 5087 5093
  strong 5112 5118
  td 5121 5123
  td 5169 5171
  strong 5185 5191
  td 5244 5246
  td 5290 5292
  strong 5306 5312
  td 5366 5368
  tr 5410 5412
  tbody 5420 5425
  table 5429 5434
  script 5487 5493
  script 6287 6293
Invalid Selector
Section::where 4547
  script 54 60
  script 113 119
  script 122 128
  script 181 187
  table 191 196
  tbody 250 255
  tr 266 268
  td 283 285
  strong 287 293
  strong 300 306
  td 343 345
  td 398 400
  strong 402 408
  strong 430 436
  td 457 459
  td 474 476
  strong 478 484
  strong 494 500
  td 537 539
  tr 551 553
  tr 564 566
  td 581 583
  strong 585 591
  strong 616 622
  td 680 682
  td 697 699
  strong 701 707
  strong 727 733
  td 752 754
  td 769 771
  strong 773 779
  strong 786 792
  td 929 931
  tr 943 945
  tbody 954 959
  table 963 968
  table 973 978
  thead 1119 1124
  tr 1135 1137
  th 1152 1154
  th 1171 1173
  th 1188 1190
  th 1213 1215
  th 1230 1232
  br 1249 1251
  th 1258 1260
  th 1275 1277
  br 1294 1296
  th 1303 1305
  th 1320 1322
  br 1343 1345
  th 1352 1354
  th 1369 1371
  br 1398 1400
  th 1403 1405
  th 1490 1492
  br 1512 1514
  sup 1524 1527
  sup 1531 1534
  th 1547 1549
  th 1564 1566
  sup 1581 1584
  sup 1589 1592
  br 1595 1597
  th 1610 1612
  th 1627 1629
  sup 1644 1647
  sup 1651 1654
  br 1657 1659
  th 1672 1674
  th 1689 1691
  br 1716 1718
  sup 1722 1725
  sup 1730 1733
  sup 1739 1742
  sup 1746 1749
  sup 1755 1758
  sup 1762 1765
  th 1768 1770
  th 1785 1787
  th 1809 1811
  th 1851 1853
  th 1879 1881
  th 1896 1898
  th 1928 1930
  th 1945 1947
  th 1971 1973
  tr 1985 1987
  thead 1995 2000
  tbody 2008 2013
  tr 2065 2067
  td 2086 2088
  td 2113 2115
  td 2134 2136
  td 2155 2157
  td 2279 2281
  td 2304 2306
  td 2329 2331
  td 2354 2356
  td 2379 2381
  td 2405 2407
  td 2430 2432
  td 2913 2915
  td 3033 3035
  td 3060 3062
  td 3090 3092
  td 3171 3173
  td 3201 3203
  td 3282 3284
  td 3312 3314
  td 3338 3340
  td 3368 3370
  td 3398 3400
  td 3524 3526
  td 3558 3560
  td 3583 3585
  td 4193 4195
  td 4218 4220
  td 4266 4268
  tr 4312 4314
  tr 4938 4940
  td 4955 4957
  strong 4990 4996
  strong 5025 5031
  td 5034 5036
  td 5051 5053
  strong 5085 5091
  strong 5110 5116
  td 5119 5121
  td 5167 5169
  strong 5183 5189
  td 5242 5244
  td 5288 5290
  strong 5304 5310
  td 5364 5366
  tr 5408 5410
  tbody 5418 5423
  table 5427 5432
  script 5485 5491
  script 6285 6291
Invalid Selector
Section::where 4547
  script 54 60
  script 113 119
  script 122 128
  script 181 187
  table 191 196
  tbody 250 255
  tr 266 268
  td 283 285
  strong 287 293
  strong 300 306
  td 343 345
  td 398 400
  strong 402 408
  strong 430 436
  td 457 459
  td 474 476
  strong 478 484
  strong 494 500
  td 537 539
  tr 551 553
  tr 564 566
  td 581 583
  strong 585 591
  strong 616 622
  td 680 682
  td 697 699
  strong 701 707
  strong 727 733
  td 752 754
  td 769 771
  strong 773 779
  strong 786 792
  td 929 931
  tr 943 945
  tbody 954 959
  table 963 968
  table 973 978
  thead 1119 1124
  tr 1135 1137
  th 1152 1154
  th 1171 1173
  th 1188 1190
  th 1213 1215
  th 1230 1232
  br 1249 1251
  th 1258 1260
  th 1275 1277
  br 1294 1296
  th 1303 1305
  th 1320 1322
  br 1343 1345
  th 1352 1354
  th 1369 1371
  br 1398 1400
  th 1403 1405
  th 1490 1492
  br 1512 1514
  sup 1524 1527
  sup 1531 1534
  th 1547 1549
  th 1564 1566
  sup 1581 1584
  sup 1589 1592
  br 1595 1597
  th 1610 1612
  th 1627 1629
  sup 1644 1647
  sup 1651 1654
  br 1657 1659
  th 1672 1674
  th 1689 1691
  br 1716 1718
  sup 1722 1725
  sup 1730 1733
  sup 1739 1742
  sup 1746 1749
  sup 1755 1758
  sup 1762 1765
  th 1768 1770
  th 1785 1787
  th 1809 1811
  th 1851 1853
  th 1879 1881
  th 1896 1898
  th 1928 1930
  th 1945 1947
  th 1971 1973
  tr 1985 1987
  thead 1995 2000
  tbody 2008 2013
  tr 2065 2067
  td 2086 2088
  td 2113 2115
  td 2134 2136
  td 2155 2157
  td 2279 2281
  td 2304 2306
  td 2329 2331
  td 2354 2356
  td 2379 2381
  td 2405 2407
  td 2430 2432
  td 2913 2915
  td 3033 3035
  td 3060 3062
  td 3090 3092
  td 3171 3173
  td 3201 3203
  td 3282 3284
  td 3312 3314
  td 3338 3340
  td 3368 3370
  td 3398 3400
  td 3524 3526
  td 3558 3560
  td 3583 3585
  td 4193 4195
  td 4218 4220
  td 4266 4268
  tr 4312 4314
  tr 4938 4940
  td 4955 4957
  strong 4990 4996
  strong 5025 5031
  td 5034 5036
  td 5051 5053
  strong 5085 5091
  strong 5110 5116
  td 5119 5121
  td 5167 5169
  strong 5183 5189
  td 5242 5244
  td 5288 5290
  strong 5304 5310
  td 5364 5366
  tr 5408 5410
  tbody 5418 5423
  table 5427 5432
  script 5485 5491
  script 6285 6291
Invalid Selector
Section::all(); 4547
  script 54 60
  script 113 119
  script 122 128
  script 181 187
  table 191 196
  tbody 250 255
  tr 266 268
  td 283 285
  strong 287 293
  strong 300 306
  td 343 345
  td 398 400
  strong 402 408
  strong 430 436
  td 457 459
  td 474 476
  strong 478 484
  strong 494 500
  td 537 539
  tr 551 553
  tr 564 566
  td 581 583
  strong 585 591
  strong 616 622
  td 680 682
  td 697 699
  strong 701 707
  strong 727 733
  td 752 754
  td 769 771
  strong 773 779
  strong 786 792
  td 929 931
  tr 943 945
  tbody 954 959
  table 963 968
  table 973 978
  thead 1119 1124
  tr 1135 1137
  th 1152 1154
  th 1171 1173
  th 1188 1190
  th 1213 1215
  th 1230 1232
  br 1249 1251
  th 1258 1260
  th 1275 1277
  br 1294 1296
  th 1303 1305
  th 1320 1322
  br 1343 1345
  th 1352 1354
  th 1369 1371
  br 1398 1400
  th 1403 1405
  th 1490 1492
  br 1512 1514
  sup 1524 1527
  sup 1531 1534
  th 1547 1549
  th 1564 1566
  sup 1581 1584
  sup 1589 1592
  br 1595 1597
  th 1610 1612
  th 1627 1629
  sup 1644 1647
  sup 1651 1654
  br 1657 1659
  th 1672 1674
  th 1689 1691
  br 1716 1718
  sup 1722 1725
  sup 1730 1733
  sup 1739 1742
  sup 1746 1749
  sup 1755 1758
  sup 1762 1765
  th 1768 1770
  th 1785 1787
  th 1809 1811
  th 1851 1853
  th 1879 1881
  th 1896 1898
  th 1928 1930
  th 1945 1947
  th 1971 1973
  tr 1985 1987
  thead 1995 2000
  tbody 2008 2013
  tr 2065 2067
  td 2086 2088
  td 2113 2115
  td 2134 2136
  td 2155 2157
  td 2279 2281
  td 2304 2306
  td 2329 2331
  td 2354 2356
  td 2379 2381
  td 2405 2407
  td 2430 2432
  td 2913 2915
  td 3033 3035
  td 3060 3062
  td 3090 3092
  td 3171 3173
  td 3201 3203
  td 3282 3284
  td 3312 3314
  td 3338 3340
  td 3368 3370
  td 3398 3400
  td 3524 3526
  td 3558 3560
  td 3583 3585
  td 4193 4195
  td 4218 4220
  td 4266 4268
  tr 4312 4314
  tr 4939 4941
  td 4956 4958
  strong 4991 4997
  strong 5026 5032
  td 5035 5037
  td 5052 5054
  strong 5086 5092
  strong 5111 5117
  td 5120 5122
  td 5168 5170
  strong 5184 5190
  td 5243 5245
  td 5289 5291
  strong 5305 5311
  td 5365 5367
  tr 5409 5411
  tbody 5419 5424
  table 5428 5433
  script 5486 5492
  script 6286 6292
Invalid Selector
$sr->section_id; 4588
  script 54 60
  script 113 119
  script 122 128
  script 181 187
  table 191 196
  tbody 250 255
  tr 266 268
  td 283 285
  strong 287 293
  strong 300 306
  td 343 345
  td 398 400
  strong 402 408
  strong 430 436
  td 457 459
  td 474 476
  strong 478 484
  strong 494 500
  td 537 539
  tr 551 553
  tr 564 566
  td 581 583
  strong 585 591
  strong 616 622
  td 680 682
  td 697 699
  strong 701 707
  strong 727 733
  td 752 754
  td 769 771
  strong 773 779
  strong 786 792
  td 929 931
  tr 943 945
  tbody 954 959
  table 963 968
  table 973 978
  thead 1119 1124
  tr 1135 1137
  th 1152 1154
  th 1171 1173
  th 1188 1190
  th 1213 1215
  th 1230 1232
  br 1249 1251
  th 1258 1260
  th 1275 1277
  br 1294 1296
  th 1303 1305
  th 1320 1322
  br 1343 1345
  th 1352 1354
  th 1369 1371
  br 1398 1400
  th 1403 1405
  th 1490 1492
  br 1512 1514
  sup 1524 1527
  sup 1531 1534
  th 1547 1549
  th 1564 1566
  sup 1581 1584
  sup 1589 1592
  br 1595 1597
  th 1610 1612
  th 1627 1629
  sup 1644 1647
  sup 1651 1654
  br 1657 1659
  th 1672 1674
  th 1689 1691
  br 1716 1718
  sup 1722 1725
  sup 1730 1733
  sup 1739 1742
  sup 1746 1749
  sup 1755 1758
  sup 1762 1765
  th 1768 1770
  th 1785 1787
  th 1809 1811
  th 1851 1853
  th 1879 1881
  th 1896 1898
  th 1928 1930
  th 1945 1947
  th 1971 1973
  tr 1985 1987
  thead 1995 2000
  tbody 2008 2013
  tr 2065 2067
  td 2086 2088
  td 2113 2115
  td 2134 2136
  td 2155 2157
  td 2279 2281
  td 2304 2306
  td 2329 2331
  td 2354 2356
  td 2379 2381
  td 2405 2407
  td 2430 2432
  td 2913 2915
  td 3033 3035
  td 3060 3062
  td 3090 3092
  td 3171 3173
  td 3201 3203
  td 3282 3284
  td 3312 3314
  td 3338 3340
  td 3368 3370
  td 3398 3400
  td 3524 3526
  td 3558 3560
  td 3583 3585
  td 4193 4195
  td 4218 4220
  td 4266 4268
  tr 4312 4314
  tr 4936 4938
  td 4953 4955
  strong 4988 4994
  strong 5023 5029
  td 5032 5034
  td 5049 5051
  strong 5083 5089
  strong 5108 5114
  td 5117 5119
  td 5165 5167
  strong 5181 5187
  td 5240 5242
  td 5286 5288
  strong 5302 5308
  td 5362 5364
  tr 5406 5408
  tbody 5416 5421
  table 5425 5430
  script 5483 5489
  script 6283 6289
Invalid Selector
$sr->section_id; 4590
  script 54 60
  script 113 119
  script 122 128
  script 181 187
  table 191 196
  tbody 250 255
  tr 266 268
  td 283 285
  strong 287 293
  strong 300 306
  td 343 345
  td 398 400
  strong 402 408
  strong 430 436
  td 457 459
  td 474 476
  strong 478 484
  strong 494 500
  td 537 539
  tr 551 553
  tr 564 566
  td 581 583
  strong 585 591
  strong 616 622
  td 680 682
  td 697 699
  strong 701 707
  strong 727 733
  td 752 754
  td 769 771
  strong 773 779
  strong 786 792
  td 929 931
  tr 943 945
  tbody 954 959
  table 963 968
  table 973 978
  thead 1119 1124
  tr 1135 1137
  th 1152 1154
  th 1171 1173
  th 1188 1190
  th 1213 1215
  th 1230 1232
  br 1249 1251
  th 1258 1260
  th 1275 1277
  br 1294 1296
  th 1303 1305
  th 1320 1322
  br 1343 1345
  th 1352 1354
  th 1369 1371
  br 1398 1400
  th 1403 1405
  th 1490 1492
  br 1512 1514
  sup 1524 1527
  sup 1531 1534
  th 1547 1549
  th 1564 1566
  sup 1581 1584
  sup 1589 1592
  br 1595 1597
  th 1610 1612
  th 1627 1629
  sup 1644 1647
  sup 1651 1654
  br 1657 1659
  th 1672 1674
  th 1689 1691
  br 1716 1718
  sup 1722 1725
  sup 1730 1733
  sup 1739 1742
  sup 1746 1749
  sup 1755 1758
  sup 1762 1765
  th 1768 1770
  th 1785 1787
  th 1809 1811
  th 1851 1853
  th 1879 1881
  th 1896 1898
  th 1928 1930
  th 1945 1947
  th 1971 1973
  tr 1985 1987
  thead 1995 2000
  tbody 2008 2013
  tr 2065 2067
  td 2086 2088
  td 2113 2115
  td 2134 2136
  td 2155 2157
  td 2279 2281
  td 2304 2306
  td 2329 2331
  td 2354 2356
  td 2379 2381
  td 2405 2407
  td 2430 2432
  td 2913 2915
  td 3033 3035
  td 3060 3062
  td 3090 3092
  td 3171 3173
  td 3201 3203
  td 3282 3284
  td 3312 3314
  td 3338 3340
  td 3368 3370
  td 3398 3400
  td 3524 3526
  td 3558 3560
  td 3583 3585
  td 4193 4195
  td 4218 4220
  td 4266 4268
  tr 4312 4314
  tr 4938 4940
  td 4955 4957
  strong 4990 4996
  strong 5025 5031
  td 5034 5036
  td 5051 5053
  strong 5085 5091
  strong 5110 5116
  td 5119 5121
  td 5167 5169
  strong 5183 5189
  td 5242 5244
  td 5288 5290
  strong 5304 5310
  td 5364 5366
  tr 5408 5410
  tbody 5418 5423
  table 5427 5432
  script 5485 5491
  script 6285 6291
Invalid Selector
StudentRecord::where( 4648
  script 54 60
  script 113 119
  script 122 128
  script 181 187
  table 191 196
  tbody 250 255
  tr 266 268
  td 283 285
  strong 287 293
  strong 300 306
  td 343 345
  td 398 400
  strong 402 408
  strong 430 436
  td 457 459
  td 474 476
  strong 478 484
  strong 494 500
  td 537 539
  tr 551 553
  tr 564 566
  td 581 583
  strong 585 591
  strong 616 622
  td 680 682
  td 697 699
  strong 701 707
  strong 727 733
  td 752 754
  td 769 771
  strong 773 779
  strong 786 792
  td 929 931
  tr 943 945
  tbody 954 959
  table 963 968
  table 973 978
  thead 1119 1124
  tr 1135 1137
  th 1152 1154
  th 1171 1173
  th 1188 1190
  th 1213 1215
  th 1230 1232
  br 1249 1251
  th 1258 1260
  th 1275 1277
  br 1294 1296
  th 1303 1305
  th 1320 1322
  br 1343 1345
  th 1352 1354
  th 1369 1371
  br 1398 1400
  th 1403 1405
  th 1490 1492
  br 1512 1514
  sup 1524 1527
  sup 1531 1534
  th 1547 1549
  th 1564 1566
  sup 1581 1584
  sup 1589 1592
  br 1595 1597
  th 1610 1612
  th 1627 1629
  sup 1644 1647
  sup 1651 1654
  br 1657 1659
  th 1672 1674
  th 1689 1691
  br 1716 1718
  sup 1722 1725
  sup 1730 1733
  sup 1739 1742
  sup 1746 1749
  sup 1755 1758
  sup 1762 1765
  th 1768 1770
  th 1785 1787
  th 1809 1811
  th 1851 1853
  th 1879 1881
  th 1896 1898
  th 1928 1930
  th 1945 1947
  th 1971 1973
  tr 1985 1987
  thead 1995 2000
  tbody 2008 2013
  tr 2065 2067
  td 2086 2088
  td 2113 2115
  td 2134 2136
  td 2155 2157
  td 2279 2281
  td 2304 2306
  td 2329 2331
  td 2354 2356
  td 2379 2381
  td 2405 2407
  td 2430 2432
  td 2913 2915
  td 3033 3035
  td 3060 3062
  td 3090 3092
  td 3171 3173
  td 3201 3203
  td 3282 3284
  td 3312 3314
  td 3338 3340
  td 3368 3370
  td 3398 3400
  td 3524 3526
  td 3558 3560
  td 3583 3585
  td 4193 4195
  td 4218 4220
  td 4266 4268
  tr 4312 4314
  tr 4938 4940
  td 4955 4957
  strong 4990 4996
  strong 5025 5031
  td 5034 5036
  td 5051 5053
  strong 5085 5091
  strong 5110 5116
  td 5119 5121
  td 5167 5169
  strong 5183 5189
  td 5242 5244
  td 5288 5290
  strong 5304 5310
  td 5364 5366
  tr 5408 5410
  tbody 5418 5423
  table 5427 5432
  script 5485 5491
  script 6285 6291
Invalid Selector
$rang- 5321
  script 54 60
  script 113 119
  script 122 128
  script 181 187
  table 191 196
  tbody 250 255
  tr 266 268
  td 283 285
  strong 287 293
  strong 300 306
  td 343 345
  td 398 400
  strong 402 408
  strong 430 436
  td 457 459
  td 474 476
  strong 478 484
  strong 494 500
  td 537 539
  tr 551 553
  tr 564 566
  td 581 583
  strong 585 591
  strong 616 622
  td 680 682
  td 697 699
  strong 701 707
  strong 727 733
  td 752 754
  td 769 771
  strong 773 779
  strong 786 792
  td 929 931
  tr 943 945
  tbody 954 959
  table 963 968
  table 973 978
  thead 1119 1124
  tr 1135 1137
  th 1152 1154
  th 1171 1173
  th 1188 1190
  th 1213 1215
  th 1230 1232
  br 1249 1251
  th 1258 1260
  th 1275 1277
  br 1294 1296
  th 1303 1305
  th 1320 1322
  br 1343 1345
  th 1352 1354
  th 1369 1371
  br 1398 1400
  th 1403 1405
  th 1490 1492
  br 1512 1514
  sup 1524 1527
  sup 1531 1534
  th 1547 1549
  th 1564 1566
  sup 1581 1584
  sup 1589 1592
  br 1595 1597
  th 1610 1612
  th 1627 1629
  sup 1644 1647
  sup 1651 1654
  br 1657 1659
  th 1672 1674
  th 1689 1691
  br 1716 1718
  sup 1722 1725
  sup 1730 1733
  sup 1739 1742
  sup 1746 1749
  sup 1755 1758
  sup 1762 1765
  th 1768 1770
  th 1785 1787
  th 1809 1811
  th 1851 1853
  th 1879 1881
  th 1896 1898
  th 1928 1930
  th 1945 1947
  th 1971 1973
  tr 1985 1987
  thead 1995 2000
  tbody 2008 2013
  tr 2065 2067
  td 2086 2088
  td 2113 2115
  td 2134 2136
  td 2155 2157
  td 2279 2281
  td 2304 2306
  td 2329 2331
  td 2354 2356
  td 2379 2381
  td 2405 2407
  td 2430 2432
  td 2913 2915
  td 3033 3035
  td 3060 3062
  td 3090 3092
  td 3171 3173
  td 3201 3203
  td 3282 3284
  td 3312 3314
  td 3338 3340
  td 3368 3370
  td 3398 3400
  td 3524 3526
  td 3558 3560
  td 3583 3585
  td 4193 4195
  td 4218 4220
  td 4266 4268
  tr 4312 4314
  tr 4938 4940
  td 4955 4957
  strong 4990 4996
  strong 5025 5031
  td 5034 5036
  td 5051 5053
  strong 5085 5091
  strong 5110 5116
  td 5119 5121
  td 5167 5169
  strong 5183 5189
  td 5242 5244
  td 5288 5290
  strong 5304 5310
  td 5364 5366
  tr 5408 5410
  tbody 5418 5423
  table 5427 5432
  script 5485 5491
  script 6285 6291
Invalid Selector
--}} 5479
  script 54 60
  script 113 119
  script 122 128
  script 181 187
  table 191 196
  tbody 250 255
  tr 266 268
  td 283 285
  strong 287 293
  strong 300 306
  td 343 345
  td 398 400
  strong 402 408
  strong 430 436
  td 457 459
  td 474 476
  strong 478 484
  strong 494 500
  td 537 539
  tr 551 553
  tr 564 566
  td 581 583
  strong 585 591
  strong 616 622
  td 680 682
  td 697 699
  strong 701 707
  strong 727 733
  td 752 754
  td 769 771
  strong 773 779
  strong 786 792
  td 929 931
  tr 943 945
  tbody 954 959
  table 963 968
  table 973 978
  thead 1119 1124
  tr 1135 1137
  th 1152 1154
  th 1171 1173
  th 1188 1190
  th 1213 1215
  th 1230 1232
  br 1249 1251
  th 1258 1260
  th 1275 1277
  br 1294 1296
  th 1303 1305
  th 1320 1322
  br 1343 1345
  th 1352 1354
  th 1369 1371
  br 1398 1400
  th 1403 1405
  th 1490 1492
  br 1512 1514
  sup 1524 1527
  sup 1531 1534
  th 1547 1549
  th 1564 1566
  sup 1581 1584
  sup 1589 1592
  br 1595 1597
  th 1610 1612
  th 1627 1629
  sup 1644 1647
  sup 1651 1654
  br 1657 1659
  th 1672 1674
  th 1689 1691
  br 1716 1718
  sup 1722 1725
  sup 1730 1733
  sup 1739 1742
  sup 1746 1749
  sup 1755 1758
  sup 1762 1765
  th 1768 1770
  th 1785 1787
  th 1809 1811
  th 1851 1853
  th 1879 1881
  th 1896 1898
  th 1928 1930
  th 1945 1947
  th 1971 1973
  tr 1985 1987
  thead 1995 2000
  tbody 2008 2013
  tr 2065 2067
  td 2086 2088
  td 2113 2115
  td 2134 2136
  td 2155 2157
  td 2279 2281
  td 2304 2306
  td 2329 2331
  td 2354 2356
  td 2379 2381
  td 2405 2407
  td 2430 2432
  td 2913 2915
  td 3033 3035
  td 3060 3062
  td 3090 3092
  td 3171 3173
  td 3201 3203
  td 3282 3284
  td 3312 3314
  td 3338 3340
  td 3368 3370
  td 3398 3400
  td 3524 3526
  td 3558 3560
  td 3583 3585
  td 4193 4195
  td 4218 4220
  td 4266 4268
  tr 4312 4314
  tr 4938 4940
  td 4955 4957
  strong 4990 4996
  strong 5025 5031
  td 5034 5036
  td 5051 5053
  strong 5085 5091
  strong 5110 5116
  td 5119 5121
  td 5167 5169
  strong 5183 5189
  td 5242 5244
  td 5288 5290
  strong 5304 5310
  td 5364 5366
  tr 5408 5410
  tbody 5418 5423
  table 5427 5432
  script 5485 5491
  script 6285 6291
Invalid Selector
).each(function() 5639
  script 54 60
  script 113 119
  script 122 128
  script 181 187
  table 191 196
  tbody 250 255
  tr 266 268
  td 283 285
  strong 287 293
  strong 300 306
  td 343 345
  td 398 400
  strong 402 408
  strong 430 436
  td 457 459
  td 474 476
  strong 478 484
  strong 494 500
  td 537 539
  tr 551 553
  tr 564 566
  td 581 583
  strong 585 591
  strong 616 622
  td 680 682
  td 697 699
  strong 701 707
  strong 727 733
  td 752 754
  td 769 771
  strong 773 779
  strong 786 792
  td 929 931
  tr 943 945
  tbody 954 959
  table 963 968
  table 973 978
  thead 1119 1124
  tr 1135 1137
  th 1152 1154
  th 1171 1173
  th 1188 1190
  th 1213 1215
  th 1230 1232
  br 1249 1251
  th 1258 1260
  th 1275 1277
  br 1294 1296
  th 1303 1305
  th 1320 1322
  br 1343 1345
  th 1352 1354
  th 1369 1371
  br 1398 1400
  th 1403 1405
  th 1490 1492
  br 1512 1514
  sup 1524 1527
  sup 1531 1534
  th 1547 1549
  th 1564 1566
  sup 1581 1584
  sup 1589 1592
  br 1595 1597
  th 1610 1612
  th 1627 1629
  sup 1644 1647
  sup 1651 1654
  br 1657 1659
  th 1672 1674
  th 1689 1691
  br 1716 1718
  sup 1722 1725
  sup 1730 1733
  sup 1739 1742
  sup 1746 1749
  sup 1755 1758
  sup 1762 1765
  th 1768 1770
  th 1785 1787
  th 1809 1811
  th 1851 1853
  th 1879 1881
  th 1896 1898
  th 1928 1930
  th 1945 1947
  th 1971 1973
  tr 1985 1987
  thead 1995 2000
  tbody 2008 2013
  tr 2065 2067
  td 2086 2088
  td 2113 2115
  td 2134 2136
  td 2155 2157
  td 2279 2281
  td 2304 2306
  td 2329 2331
  td 2354 2356
  td 2379 2381
  td 2405 2407
  td 2430 2432
  td 2913 2915
  td 3033 3035
  td 3060 3062
  td 3090 3092
  td 3171 3173
  td 3201 3203
  td 3282 3284
  td 3312 3314
  td 3338 3340
  td 3368 3370
  td 3398 3400
  td 3524 3526
  td 3558 3560
  td 3583 3585
  td 4193 4195
  td 4218 4220
  td 4266 4268
  tr 4312 4314
  tr 4938 4940
  td 4955 4957
  strong 4990 4996
  strong 5025 5031
  td 5034 5036
  td 5051 5053
  strong 5085 5091
  strong 5110 5116
  td 5119 5121
  td 5167 5169
  strong 5183 5189
  td 5242 5244
  td 5288 5290
  strong 5304 5310
  td 5364 5366
  tr 5408 5410
  tbody 5418 5423
  table 5427 5432
  script 5485 5491
  script 6285 6291
Invalid Selector
).each(function() 5774
  script 54 60
  script 113 119
  script 122 128
  script 181 187
  table 191 196
  tbody 250 255
  tr 266 268
  td 283 285
  strong 287 293
  strong 300 306
  td 343 345
  td 398 400
  strong 402 408
  strong 430 436
  td 457 459
  td 474 476
  strong 478 484
  strong 494 500
  td 537 539
  tr 551 553
  tr 564 566
  td 581 583
  strong 585 591
  strong 616 622
  td 680 682
  td 697 699
  strong 701 707
  strong 727 733
  td 752 754
  td 769 771
  strong 773 779
  strong 786 792
  td 929 931
  tr 943 945
  tbody 954 959
  table 963 968
  table 973 978
  thead 1119 1124
  tr 1135 1137
  th 1152 1154
  th 1171 1173
  th 1188 1190
  th 1213 1215
  th 1230 1232
  br 1249 1251
  th 1258 1260
  th 1275 1277
  br 1294 1296
  th 1303 1305
  th 1320 1322
  br 1343 1345
  th 1352 1354
  th 1369 1371
  br 1398 1400
  th 1403 1405
  th 1490 1492
  br 1512 1514
  sup 1524 1527
  sup 1531 1534
  th 1547 1549
  th 1564 1566
  sup 1581 1584
  sup 1589 1592
  br 1595 1597
  th 1610 1612
  th 1627 1629
  sup 1644 1647
  sup 1651 1654
  br 1657 1659
  th 1672 1674
  th 1689 1691
  br 1716 1718
  sup 1722 1725
  sup 1730 1733
  sup 1739 1742
  sup 1746 1749
  sup 1755 1758
  sup 1762 1765
  th 1768 1770
  th 1785 1787
  th 1809 1811
  th 1851 1853
  th 1879 1881
  th 1896 1898
  th 1928 1930
  th 1945 1947
  th 1971 1973
  tr 1985 1987
  thead 1995 2000
  tbody 2008 2013
  tr 2065 2067
  td 2086 2088
  td 2113 2115
  td 2134 2136
  td 2155 2157
  td 2279 2281
  td 2304 2306
  td 2329 2331
  td 2354 2356
  td 2379 2381
  td 2405 2407
  td 2430 2432
  td 2913 2915
  td 3033 3035
  td 3060 3062
  td 3090 3092
  td 3171 3173
  td 3201 3203
  td 3282 3284
  td 3312 3314
  td 3338 3340
  td 3368 3370
  td 3398 3400
  td 3524 3526
  td 3558 3560
  td 3583 3585
  td 4193 4195
  td 4218 4220
  td 4266 4268
  tr 4312 4314
  tr 4938 4940
  td 4955 4957
  strong 4990 4996
  strong 5025 5031
  td 5034 5036
  td 5051 5053
  strong 5085 5091
  strong 5110 5116
  td 5119 5121
  td 5167 5169
  strong 5183 5189
  td 5242 5244
  td 5288 5290
  strong 5304 5310
  td 5364 5366
  tr 5408 5410
  tbody 5418 5423
  table 5427 5432
  script 5485 5491
  script 6285 6291
Invalid Selector
total_coef 5858
  script 54 60
  script 113 119
  script 122 128
  script 181 187
  table 191 196
  tbody 250 255
  tr 266 268
  td 283 285
  strong 287 293
  strong 300 306
  td 343 345
  td 398 400
  strong 402 408
  strong 430 436
  td 457 459
  td 474 476
  strong 478 484
  strong 494 500
  td 537 539
  tr 551 553
  tr 564 566
  td 581 583
  strong 585 591
  strong 616 622
  td 680 682
  td 697 699
  strong 701 707
  strong 727 733
  td 752 754
  td 769 771
  strong 773 779
  strong 786 792
  td 929 931
  tr 943 945
  tbody 954 959
  table 963 968
  table 973 978
  thead 1119 1124
  tr 1135 1137
  th 1152 1154
  th 1171 1173
  th 1188 1190
  th 1213 1215
  th 1230 1232
  br 1249 1251
  th 1258 1260
  th 1275 1277
  br 1294 1296
  th 1303 1305
  th 1320 1322
  br 1343 1345
  th 1352 1354
  th 1369 1371
  br 1398 1400
  th 1403 1405
  th 1490 1492
  br 1512 1514
  sup 1524 1527
  sup 1531 1534
  th 1547 1549
  th 1564 1566
  sup 1581 1584
  sup 1589 1592
  br 1595 1597
  th 1610 1612
  th 1627 1629
  sup 1644 1647
  sup 1651 1654
  br 1657 1659
  th 1672 1674
  th 1689 1691
  br 1716 1718
  sup 1722 1725
  sup 1730 1733
  sup 1739 1742
  sup 1746 1749
  sup 1755 1758
  sup 1762 1765
  th 1768 1770
  th 1785 1787
  th 1809 1811
  th 1851 1853
  th 1879 1881
  th 1896 1898
  th 1928 1930
  th 1945 1947
  th 1971 1973
  tr 1985 1987
  thead 1995 2000
  tbody 2008 2013
  tr 2065 2067
  td 2086 2088
  td 2113 2115
  td 2134 2136
  td 2155 2157
  td 2279 2281
  td 2304 2306
  td 2329 2331
  td 2354 2356
  td 2379 2381
  td 2405 2407
  td 2430 2432
  td 2913 2915
  td 3033 3035
  td 3060 3062
  td 3090 3092
  td 3171 3173
  td 3201 3203
  td 3282 3284
  td 3312 3314
  td 3338 3340
  td 3368 3370
  td 3398 3400
  td 3524 3526
  td 3558 3560
  td 3583 3585
  td 4193 4195
  td 4218 4220
  td 4266 4268
  tr 4312 4314
  tr 4938 4940
  td 4955 4957
  strong 4990 4996
  strong 5025 5031
  td 5034 5036
  td 5051 5053
  strong 5085 5091
  strong 5110 5116
  td 5119 5121
  td 5167 5169
  strong 5183 5189
  td 5242 5244
  td 5288 5290
  strong 5304 5310
  td 5364 5366
  tr 5408 5410
  tbody 5418 5423
  table 5427 5432
  script 5485 5491
  script 6285 6291
Invalid Selector
$my_class->id)- 4700
  script 54 60
  script 113 119
  script 122 128
  script 181 187
  table 191 196
  tbody 250 255
  tr 266 268
  td 283 285
  strong 287 293
  strong 300 306
  td 343 345
  td 398 400
  strong 402 408
  strong 430 436
  td 457 459
  td 474 476
  strong 478 484
  strong 494 500
  td 537 539
  tr 551 553
  tr 564 566
  td 581 583
  strong 585 591
  strong 616 622
  td 680 682
  td 697 699
  strong 701 707
  strong 727 733
  td 752 754
  td 769 771
  strong 773 779
  strong 786 792
  td 929 931
  tr 943 945
  tbody 954 959
  table 963 968
  table 973 978
  thead 1119 1124
  tr 1135 1137
  th 1152 1154
  th 1171 1173
  th 1188 1190
  th 1213 1215
  th 1230 1232
  br 1249 1251
  th 1258 1260
  th 1275 1277
  br 1294 1296
  th 1303 1305
  th 1320 1322
  br 1343 1345
  th 1352 1354
  th 1369 1371
  br 1398 1400
  th 1403 1405
  th 1490 1492
  br 1512 1514
  sup 1524 1527
  sup 1531 1534
  th 1547 1549
  th 1564 1566
  sup 1581 1584
  sup 1589 1592
  br 1595 1597
  th 1610 1612
  th 1627 1629
  sup 1644 1647
  sup 1651 1654
  br 1657 1659
  th 1672 1674
  th 1689 1691
  br 1716 1718
  sup 1722 1725
  sup 1730 1733
  sup 1739 1742
  sup 1746 1749
  sup 1755 1758
  sup 1762 1765
  th 1768 1770
  th 1785 1787
  th 1809 1811
  th 1851 1853
  th 1879 1881
  th 1896 1898
  th 1928 1930
  th 1945 1947
  th 1971 1973
  tr 1985 1987
  thead 1995 2000
  tbody 2008 2013
  tr 2065 2067
  td 2086 2088
  td 2113 2115
  td 2134 2136
  td 2155 2157
  td 2279 2281
  td 2304 2306
  td 2329 2331
  td 2354 2356
  td 2379 2381
  td 2405 2407
  td 2430 2432
  td 2913 2915
  td 3033 3035
  td 3060 3062
  td 3090 3092
  td 3171 3173
  td 3201 3203
  td 3282 3284
  td 3312 3314
  td 3338 3340
  td 3368 3370
  td 3398 3400
  td 3524 3526
  td 3558 3560
  td 3583 3585
  td 4193 4195
  td 4218 4220
  td 4266 4268
  tr 4312 4314
  tr 4954 4956
  td 4971 4973
  strong 5006 5012
  strong 5041 5047
  td 5050 5052
  td 5067 5069
  strong 5101 5107
  strong 5126 5132
  td 5135 5137
  td 5183 5185
  strong 5199 5205
  td 5258 5260
  td 5304 5306
  strong 5320 5326
  td 5380 5382
  tr 5424 5426
  tbody 5434 5439
  table 5443 5448
  script 5501 5507
  script 6301 6307
Invalid Selector
$my_class- 4700
  script 54 60
  script 113 119
  script 122 128
  script 181 187
  table 191 196
  tbody 250 255
  tr 266 268
  td 283 285
  strong 287 293
  strong 300 306
  td 343 345
  td 398 400
  strong 402 408
  strong 430 436
  td 457 459
  td 474 476
  strong 478 484
  strong 494 500
  td 537 539
  tr 551 553
  tr 564 566
  td 581 583
  strong 585 591
  strong 616 622
  td 680 682
  td 697 699
  strong 701 707
  strong 727 733
  td 752 754
  td 769 771
  strong 773 779
  strong 786 792
  td 929 931
  tr 943 945
  tbody 954 959
  table 963 968
  table 973 978
  thead 1119 1124
  tr 1135 1137
  th 1152 1154
  th 1171 1173
  th 1188 1190
  th 1213 1215
  th 1230 1232
  br 1249 1251
  th 1258 1260
  th 1275 1277
  br 1294 1296
  th 1303 1305
  th 1320 1322
  br 1343 1345
  th 1352 1354
  th 1369 1371
  br 1398 1400
  th 1403 1405
  th 1490 1492
  br 1512 1514
  sup 1524 1527
  sup 1531 1534
  th 1547 1549
  th 1564 1566
  sup 1581 1584
  sup 1589 1592
  br 1595 1597
  th 1610 1612
  th 1627 1629
  sup 1644 1647
  sup 1651 1654
  br 1657 1659
  th 1672 1674
  th 1689 1691
  br 1716 1718
  sup 1722 1725
  sup 1730 1733
  sup 1739 1742
  sup 1746 1749
  sup 1755 1758
  sup 1762 1765
  th 1768 1770
  th 1785 1787
  th 1809 1811
  th 1851 1853
  th 1879 1881
  th 1896 1898
  th 1928 1930
  th 1945 1947
  th 1971 1973
  tr 1985 1987
  thead 1995 2000
  tbody 2008 2013
  tr 2065 2067
  td 2086 2088
  td 2113 2115
  td 2134 2136
  td 2155 2157
  td 2279 2281
  td 2304 2306
  td 2329 2331
  td 2354 2356
  td 2379 2381
  td 2405 2407
  td 2430 2432
  td 2913 2915
  td 3033 3035
  td 3060 3062
  td 3090 3092
  td 3171 3173
  td 3201 3203
  td 3282 3284
  td 3312 3314
  td 3338 3340
  td 3368 3370
  td 3398 3400
  td 3524 3526
  td 3558 3560
  td 3583 3585
  td 4193 4195
  td 4218 4220
  td 4266 4268
  tr 4312 4314
  tr 4954 4956
  td 4971 4973
  strong 5006 5012
  strong 5041 5047
  td 5050 5052
  td 5067 5069
  strong 5101 5107
  strong 5126 5132
  td 5135 5137
  td 5183 5185
  strong 5199 5205
  td 5258 5260
  td 5304 5306
  strong 5320 5326
  td 5380 5382
  tr 5424 5426
  tbody 5434 5439
  table 5443 5448
  script 5501 5507
  script 6301 6307
Invalid Selector
$my_class- 4700
  script 54 60
  script 113 119
  script 122 128
  script 181 187
  table 191 196
  tbody 250 255
  tr 266 268
  td 283 285
  strong 287 293
  strong 300 306
  td 343 345
  td 398 400
  strong 402 408
  strong 430 436
  td 457 459
  td 474 476
  strong 478 484
  strong 494 500
  td 537 539
  tr 551 553
  tr 564 566
  td 581 583
  strong 585 591
  strong 616 622
  td 680 682
  td 697 699
  strong 701 707
  strong 727 733
  td 752 754
  td 769 771
  strong 773 779
  strong 786 792
  td 929 931
  tr 943 945
  tbody 954 959
  table 963 968
  table 973 978
  thead 1119 1124
  tr 1135 1137
  th 1152 1154
  th 1171 1173
  th 1188 1190
  th 1213 1215
  th 1230 1232
  br 1249 1251
  th 1258 1260
  th 1275 1277
  br 1294 1296
  th 1303 1305
  th 1320 1322
  br 1343 1345
  th 1352 1354
  th 1369 1371
  br 1398 1400
  th 1403 1405
  th 1490 1492
  br 1512 1514
  sup 1524 1527
  sup 1531 1534
  th 1547 1549
  th 1564 1566
  sup 1581 1584
  sup 1589 1592
  br 1595 1597
  th 1610 1612
  th 1627 1629
  sup 1644 1647
  sup 1651 1654
  br 1657 1659
  th 1672 1674
  th 1689 1691
  br 1716 1718
  sup 1722 1725
  sup 1730 1733
  sup 1739 1742
  sup 1746 1749
  sup 1755 1758
  sup 1762 1765
  th 1768 1770
  th 1785 1787
  th 1809 1811
  th 1851 1853
  th 1879 1881
  th 1896 1898
  th 1928 1930
  th 1945 1947
  th 1971 1973
  tr 1985 1987
  thead 1995 2000
  tbody 2008 2013
  tr 2065 2067
  td 2086 2088
  td 2113 2115
  td 2134 2136
  td 2155 2157
  td 2279 2281
  td 2304 2306
  td 2329 2331
  td 2354 2356
  td 2379 2381
  td 2405 2407
  td 2430 2432
  td 2913 2915
  td 3033 3035
  td 3060 3062
  td 3090 3092
  td 3171 3173
  td 3201 3203
  td 3282 3284
  td 3312 3314
  td 3338 3340
  td 3368 3370
  td 3398 3400
  td 3524 3526
  td 3558 3560
  td 3583 3585
  td 4193 4195
  td 4218 4220
  td 4266 4268
  tr 4312 4314
  tr 4954 4956
  td 4971 4973
  strong 5006 5012
  strong 5041 5047
  td 5050 5052
  td 5067 5069
  strong 5101 5107
  strong 5126 5132
  td 5135 5137
  td 5183 5185
  strong 5199 5205
  td 5258 5260
  td 5304 5306
  strong 5320 5326
  td 5380 5382
  tr 5424 5426
  tbody 5434 5439
  table 5443 5448
  script 5501 5507
  script 6301 6307
Invalid Selector
my_class_id 4686
  script 54 60
  script 113 119
  script 122 128
  script 181 187
  table 191 196
  tbody 250 255
  tr 266 268
  td 283 285
  strong 287 293
  strong 300 306
  td 343 345
  td 398 400
  strong 402 408
  strong 430 436
  td 457 459
  td 474 476
  strong 478 484
  strong 494 500
  td 537 539
  tr 551 553
  tr 564 566
  td 581 583
  strong 585 591
  strong 616 622
  td 680 682
  td 697 699
  strong 701 707
  strong 727 733
  td 752 754
  td 769 771
  strong 773 779
  strong 786 792
  td 929 931
  tr 943 945
  tbody 954 959
  table 963 968
  table 973 978
  thead 1119 1124
  tr 1135 1137
  th 1152 1154
  th 1171 1173
  th 1188 1190
  th 1213 1215
  th 1230 1232
  br 1249 1251
  th 1258 1260
  th 1275 1277
  br 1294 1296
  th 1303 1305
  th 1320 1322
  br 1343 1345
  th 1352 1354
  th 1369 1371
  br 1398 1400
  th 1403 1405
  th 1490 1492
  br 1512 1514
  sup 1524 1527
  sup 1531 1534
  th 1547 1549
  th 1564 1566
  sup 1581 1584
  sup 1589 1592
  br 1595 1597
  th 1610 1612
  th 1627 1629
  sup 1644 1647
  sup 1651 1654
  br 1657 1659
  th 1672 1674
  th 1689 1691
  br 1716 1718
  sup 1722 1725
  sup 1730 1733
  sup 1739 1742
  sup 1746 1749
  sup 1755 1758
  sup 1762 1765
  th 1768 1770
  th 1785 1787
  th 1809 1811
  th 1851 1853
  th 1879 1881
  th 1896 1898
  th 1928 1930
  th 1945 1947
  th 1971 1973
  tr 1985 1987
  thead 1995 2000
  tbody 2008 2013
  tr 2065 2067
  td 2086 2088
  td 2113 2115
  td 2134 2136
  td 2155 2157
  td 2279 2281
  td 2304 2306
  td 2329 2331
  td 2354 2356
  td 2379 2381
  td 2405 2407
  td 2430 2432
  td 2913 2915
  td 3033 3035
  td 3060 3062
  td 3090 3092
  td 3171 3173
  td 3201 3203
  td 3282 3284
  td 3312 3314
  td 3338 3340
  td 3368 3370
  td 3398 3400
  td 3524 3526
  td 3558 3560
  td 3583 3585
  td 4193 4195
  td 4218 4220
  td 4266 4268
  tr 4312 4314
  tr 4954 4956
  td 4971 4973
  strong 5006 5012
  strong 5041 5047
  td 5050 5052
  td 5067 5069
  strong 5101 5107
  strong 5126 5132
  td 5135 5137
  td 5183 5185
  strong 5199 5205
  td 5258 5260
  td 5304 5306
  strong 5320 5326
  td 5380 5382
  tr 5424 5426
  tbody 5434 5439
  table 5443 5448
  script 5501 5507
  script 6301 6307
Invalid Selector
my_class_id 4699
  script 54 60
  script 113 119
  script 122 128
  script 181 187
  table 191 196
  tbody 250 255
  tr 266 268
  td 283 285
  strong 287 293
  strong 300 306
  td 343 345
  td 398 400
  strong 402 408
  strong 430 436
  td 457 459
  td 474 476
  strong 478 484
  strong 494 500
  td 537 539
  tr 551 553
  tr 564 566
  td 581 583
  strong 585 591
  strong 616 622
  td 680 682
  td 697 699
  strong 701 707
  strong 727 733
  td 752 754
  td 769 771
  strong 773 779
  strong 786 792
  td 929 931
  tr 943 945
  tbody 954 959
  table 963 968
  table 973 978
  thead 1119 1124
  tr 1135 1137
  th 1152 1154
  th 1171 1173
  th 1188 1190
  th 1213 1215
  th 1230 1232
  br 1249 1251
  th 1258 1260
  th 1275 1277
  br 1294 1296
  th 1303 1305
  th 1320 1322
  br 1343 1345
  th 1352 1354
  th 1369 1371
  br 1398 1400
  th 1403 1405
  th 1490 1492
  br 1512 1514
  sup 1524 1527
  sup 1531 1534
  th 1547 1549
  th 1564 1566
  sup 1581 1584
  sup 1589 1592
  br 1595 1597
  th 1610 1612
  th 1627 1629
  sup 1644 1647
  sup 1651 1654
  br 1657 1659
  th 1672 1674
  th 1689 1691
  br 1716 1718
  sup 1722 1725
  sup 1730 1733
  sup 1739 1742
  sup 1746 1749
  sup 1755 1758
  sup 1762 1765
  th 1768 1770
  th 1785 1787
  th 1809 1811
  th 1851 1853
  th 1879 1881
  th 1896 1898
  th 1928 1930
  th 1945 1947
  th 1971 1973
  tr 1985 1987
  thead 1995 2000
  tbody 2008 2013
  tr 2065 2067
  td 2086 2088
  td 2113 2115
  td 2134 2136
  td 2155 2157
  td 2279 2281
  td 2304 2306
  td 2329 2331
  td 2354 2356
  td 2379 2381
  td 2405 2407
  td 2430 2432
  td 2913 2915
  td 3033 3035
  td 3060 3062
  td 3090 3092
  td 3171 3173
  td 3201 3203
  td 3282 3284
  td 3312 3314
  td 3338 3340
  td 3368 3370
  td 3398 3400
  td 3524 3526
  td 3558 3560
  td 3583 3585
  td 4193 4195
  td 4218 4220
  td 4266 4268
  tr 4312 4314
  tr 4967 4969
  td 4984 4986
  strong 5019 5025
  strong 5054 5060
  td 5063 5065
  td 5080 5082
  strong 5114 5120
  strong 5139 5145
  td 5148 5150
  td 5196 5198
  strong 5212 5218
  td 5271 5273
  td 5317 5319
  strong 5333 5339
  td 5393 5395
  tr 5437 5439
  tbody 5447 5452
  table 5456 5461
  script 5514 5520
  script 6314 6320
Invalid Selector
$sr->section_id; 4653
  script 54 60
  script 113 119
  script 122 128
  script 181 187
  table 191 196
  tbody 250 255
  tr 266 268
  td 283 285
  strong 287 293
  strong 300 306
  td 343 345
  td 398 400
  strong 402 408
  strong 430 436
  td 457 459
  td 474 476
  strong 478 484
  strong 494 500
  td 537 539
  tr 551 553
  tr 564 566
  td 581 583
  strong 585 591
  strong 616 622
  td 680 682
  td 697 699
  strong 701 707
  strong 727 733
  td 752 754
  td 769 771
  strong 773 779
  strong 786 792
  td 929 931
  tr 943 945
  tbody 954 959
  table 963 968
  table 973 978
  thead 1119 1124
  tr 1135 1137
  th 1152 1154
  th 1171 1173
  th 1188 1190
  th 1213 1215
  th 1230 1232
  br 1249 1251
  th 1258 1260
  th 1275 1277
  br 1294 1296
  th 1303 1305
  th 1320 1322
  br 1343 1345
  th 1352 1354
  th 1369 1371
  br 1398 1400
  th 1403 1405
  th 1490 1492
  br 1512 1514
  sup 1524 1527
  sup 1531 1534
  th 1547 1549
  th 1564 1566
  sup 1581 1584
  sup 1589 1592
  br 1595 1597
  th 1610 1612
  th 1627 1629
  sup 1644 1647
  sup 1651 1654
  br 1657 1659
  th 1672 1674
  th 1689 1691
  br 1716 1718
  sup 1722 1725
  sup 1730 1733
  sup 1739 1742
  sup 1746 1749
  sup 1755 1758
  sup 1762 1765
  th 1768 1770
  th 1785 1787
  th 1809 1811
  th 1851 1853
  th 1879 1881
  th 1896 1898
  th 1928 1930
  th 1945 1947
  th 1971 1973
  tr 1985 1987
  thead 1995 2000
  tbody 2008 2013
  tr 2065 2067
  td 2086 2088
  td 2113 2115
  td 2134 2136
  td 2155 2157
  td 2279 2281
  td 2304 2306
  td 2329 2331
  td 2354 2356
  td 2379 2381
  td 2405 2407
  td 2430 2432
  td 2913 2915
  td 3033 3035
  td 3060 3062
  td 3090 3092
  td 3171 3173
  td 3201 3203
  td 3282 3284
  td 3312 3314
  td 3338 3340
  td 3368 3370
  td 3398 3400
  td 3524 3526
  td 3558 3560
  td 3583 3585
  td 4193 4195
  td 4218 4220
  td 4266 4268
  tr 4312 4314
  tr 5001 5003
  td 5018 5020
  strong 5053 5059
  strong 5088 5094
  td 5097 5099
  td 5114 5116
  strong 5148 5154
  strong 5173 5179
  td 5182 5184
  td 5230 5232
  strong 5246 5252
  td 5305 5307
  td 5351 5353
  strong 5367 5373
  td 5427 5429
  tr 5471 5473
  tbody 5481 5486
  table 5490 5495
  script 5548 5554
  script 6348 6354
Invalid Selector
totalpoint 5786
  script 54 60
  script 113 119
  script 122 128
  script 181 187
  table 191 196
  tbody 250 255
  tr 266 268
  td 283 285
  strong 287 293
  strong 300 306
  td 343 345
  td 398 400
  strong 402 408
  strong 430 436
  td 457 459
  td 474 476
  strong 478 484
  strong 494 500
  td 537 539
  tr 551 553
  tr 564 566
  td 581 583
  strong 585 591
  strong 616 622
  td 680 682
  td 697 699
  strong 701 707
  strong 727 733
  td 752 754
  td 769 771
  strong 773 779
  strong 786 792
  td 929 931
  tr 943 945
  tbody 954 959
  table 963 968
  table 973 978
  thead 1119 1124
  tr 1135 1137
  th 1152 1154
  th 1171 1173
  th 1188 1190
  th 1213 1215
  th 1230 1232
  br 1249 1251
  th 1258 1260
  th 1275 1277
  br 1294 1296
  th 1303 1305
  th 1320 1322
  br 1343 1345
  th 1352 1354
  th 1369 1371
  br 1398 1400
  th 1403 1405
  th 1490 1492
  br 1512 1514
  sup 1524 1527
  sup 1531 1534
  th 1547 1549
  th 1564 1566
  sup 1581 1584
  sup 1589 1592
  br 1595 1597
  th 1610 1612
  th 1627 1629
  sup 1644 1647
  sup 1651 1654
  br 1657 1659
  th 1672 1674
  th 1689 1691
  br 1716 1718
  sup 1722 1725
  sup 1730 1733
  sup 1739 1742
  sup 1746 1749
  sup 1755 1758
  sup 1762 1765
  th 1768 1770
  th 1785 1787
  th 1809 1811
  th 1851 1853
  th 1879 1881
  th 1896 1898
  th 1928 1930
  th 1945 1947
  th 1971 1973
  tr 1985 1987
  thead 1995 2000
  tbody 2008 2013
  tr 2065 2067
  td 2086 2088
  td 2113 2115
  td 2134 2136
  td 2155 2157
  td 2279 2281
  td 2304 2306
  td 2329 2331
  td 2354 2356
  td 2379 2381
  td 2405 2407
  td 2430 2432
  td 2913 2915
  td 3033 3035
  td 3060 3062
  td 3090 3092
  td 3171 3173
  td 3201 3203
  td 3282 3284
  td 3312 3314
  td 3338 3340
  td 3368 3370
  td 3398 3400
  td 3524 3526
  td 3558 3560
  td 3583 3585
  td 4193 4195
  td 4218 4220
  td 4266 4268
  tr 4312 4314
  tr 5001 5003
  td 5018 5020
  strong 5053 5059
  strong 5088 5094
  td 5097 5099
  td 5114 5116
  strong 5148 5154
  strong 5173 5179
  td 5182 5184
  td 5230 5232
  strong 5246 5252
  td 5305 5307
  td 5351 5353
  strong 5367 5373
  td 5427 5429
  tr 5471 5473
  tbody 5481 5486
  table 5490 5495
  script 5548 5554
  script 6348 6354
Invalid Selector
.coef 5831
  script 54 60
  script 113 119
  script 122 128
  script 181 187
  table 191 196
  tbody 250 255
  tr 266 268
  td 283 285
  strong 287 293
  strong 300 306
  td 343 345
  td 398 400
  strong 402 408
  strong 430 436
  td 457 459
  td 474 476
  strong 478 484
  strong 494 500
  td 537 539
  tr 551 553
  tr 564 566
  td 581 583
  strong 585 591
  strong 616 622
  td 680 682
  td 697 699
  strong 701 707
  strong 727 733
  td 752 754
  td 769 771
  strong 773 779
  strong 786 792
  td 929 931
  tr 943 945
  tbody 954 959
  table 963 968
  table 973 978
  thead 1119 1124
  tr 1135 1137
  th 1152 1154
  th 1171 1173
  th 1188 1190
  th 1213 1215
  th 1230 1232
  br 1249 1251
  th 1258 1260
  th 1275 1277
  br 1294 1296
  th 1303 1305
  th 1320 1322
  br 1343 1345
  th 1352 1354
  th 1369 1371
  br 1398 1400
  th 1403 1405
  th 1490 1492
  br 1512 1514
  sup 1524 1527
  sup 1531 1534
  th 1547 1549
  th 1564 1566
  sup 1581 1584
  sup 1589 1592
  br 1595 1597
  th 1610 1612
  th 1627 1629
  sup 1644 1647
  sup 1651 1654
  br 1657 1659
  th 1672 1674
  th 1689 1691
  br 1716 1718
  sup 1722 1725
  sup 1730 1733
  sup 1739 1742
  sup 1746 1749
  sup 1755 1758
  sup 1762 1765
  th 1768 1770
  th 1785 1787
  th 1809 1811
  th 1851 1853
  th 1879 1881
  th 1896 1898
  th 1928 1930
  th 1945 1947
  th 1971 1973
  tr 1985 1987
  thead 1995 2000
  tbody 2008 2013
  tr 2065 2067
  td 2086 2088
  td 2113 2115
  td 2134 2136
  td 2155 2157
  td 2279 2281
  td 2304 2306
  td 2329 2331
  td 2354 2356
  td 2379 2381
  td 2405 2407
  td 2430 2432
  td 2913 2915
  td 3033 3035
  td 3060 3062
  td 3090 3092
  td 3171 3173
  td 3201 3203
  td 3282 3284
  td 3312 3314
  td 3338 3340
  td 3368 3370
  td 3398 3400
  td 3524 3526
  td 3558 3560
  td 3583 3585
  td 4193 4195
  td 4218 4220
  td 4266 4268
  tr 4312 4314
  tr 5001 5003
  td 5018 5020
  strong 5053 5059
  strong 5088 5094
  td 5097 5099
  td 5114 5116
  strong 5148 5154
  strong 5173 5179
  td 5182 5184
  td 5230 5232
  strong 5246 5252
  td 5305 5307
  td 5351 5353
  strong 5367 5373
  td 5427 5429
  tr 5471 5473
  tbody 5481 5486
  table 5490 5495
  script 5548 5554
  script 6348 6354
Invalid Selector
$sr->section_id; 4666
  script 54 60
  script 113 119
  script 122 128
  script 181 187
  table 191 196
  tbody 250 255
  tr 266 268
  td 283 285
  strong 287 293
  strong 300 306
  td 343 345
  td 398 400
  strong 402 408
  strong 430 436
  td 457 459
  td 474 476
  strong 478 484
  strong 494 500
  td 537 539
  tr 551 553
  tr 564 566
  td 581 583
  strong 585 591
  strong 616 622
  td 680 682
  td 697 699
  strong 701 707
  strong 727 733
  td 752 754
  td 769 771
  strong 773 779
  strong 786 792
  td 929 931
  tr 943 945
  tbody 954 959
  table 963 968
  table 973 978
  thead 1119 1124
  tr 1135 1137
  th 1152 1154
  th 1171 1173
  th 1188 1190
  th 1213 1215
  th 1230 1232
  br 1249 1251
  th 1258 1260
  th 1275 1277
  br 1294 1296
  th 1303 1305
  th 1320 1322
  br 1343 1345
  th 1352 1354
  th 1369 1371
  br 1398 1400
  th 1403 1405
  th 1490 1492
  br 1512 1514
  sup 1524 1527
  sup 1531 1534
  th 1547 1549
  th 1564 1566
  sup 1581 1584
  sup 1589 1592
  br 1595 1597
  th 1610 1612
  th 1627 1629
  sup 1644 1647
  sup 1651 1654
  br 1657 1659
  th 1672 1674
  th 1689 1691
  br 1716 1718
  sup 1722 1725
  sup 1730 1733
  sup 1739 1742
  sup 1746 1749
  sup 1755 1758
  sup 1762 1765
  th 1768 1770
  th 1785 1787
  th 1809 1811
  th 1851 1853
  th 1879 1881
  th 1896 1898
  th 1928 1930
  th 1945 1947
  th 1971 1973
  tr 1985 1987
  thead 1995 2000
  tbody 2008 2013
  tr 2065 2067
  td 2086 2088
  td 2113 2115
  td 2134 2136
  td 2155 2157
  td 2279 2281
  td 2304 2306
  td 2329 2331
  td 2354 2356
  td 2379 2381
  td 2405 2407
  td 2430 2432
  td 2913 2915
  td 3033 3035
  td 3060 3062
  td 3090 3092
  td 3171 3173
  td 3201 3203
  td 3282 3284
  td 3312 3314
  td 3338 3340
  td 3368 3370
  td 3398 3400
  td 3524 3526
  td 3558 3560
  td 3583 3585
  td 4193 4195
  td 4218 4220
  td 4266 4268
  tr 4312 4314
  tr 5014 5016
  td 5031 5033
  strong 5066 5072
  strong 5101 5107
  td 5110 5112
  td 5127 5129
  strong 5161 5167
  strong 5186 5192
  td 5195 5197
  td 5243 5245
  strong 5259 5265
  td 5318 5320
  td 5364 5366
  strong 5380 5386
  td 5440 5442
  tr 5484 5486
  tbody 5494 5499
  table 5503 5508
  script 5561 5567
  script 6361 6367
Invalid Selector
$total_eleve 4709
  script 54 60
  script 113 119
  script 122 128
  script 181 187
  table 191 196
  tbody 250 255
  tr 266 268
  td 283 285
  strong 287 293
  strong 300 306
  td 343 345
  td 398 400
  strong 402 408
  strong 430 436
  td 457 459
  td 474 476
  strong 478 484
  strong 494 500
  td 537 539
  tr 551 553
  tr 564 566
  td 581 583
  strong 585 591
  strong 616 622
  td 680 682
  td 697 699
  strong 701 707
  strong 727 733
  td 752 754
  td 769 771
  strong 773 779
  strong 786 792
  td 929 931
  tr 943 945
  tbody 954 959
  table 963 968
  table 973 978
  thead 1119 1124
  tr 1135 1137
  th 1152 1154
  th 1171 1173
  th 1188 1190
  th 1213 1215
  th 1230 1232
  br 1249 1251
  th 1258 1260
  th 1275 1277
  br 1294 1296
  th 1303 1305
  th 1320 1322
  br 1343 1345
  th 1352 1354
  th 1369 1371
  br 1398 1400
  th 1403 1405
  th 1490 1492
  br 1512 1514
  sup 1524 1527
  sup 1531 1534
  th 1547 1549
  th 1564 1566
  sup 1581 1584
  sup 1589 1592
  br 1595 1597
  th 1610 1612
  th 1627 1629
  sup 1644 1647
  sup 1651 1654
  br 1657 1659
  th 1672 1674
  th 1689 1691
  br 1716 1718
  sup 1722 1725
  sup 1730 1733
  sup 1739 1742
  sup 1746 1749
  sup 1755 1758
  sup 1762 1765
  th 1768 1770
  th 1785 1787
  th 1809 1811
  th 1851 1853
  th 1879 1881
  th 1896 1898
  th 1928 1930
  th 1945 1947
  th 1971 1973
  tr 1985 1987
  thead 1995 2000
  tbody 2008 2013
  tr 2065 2067
  td 2086 2088
  td 2113 2115
  td 2134 2136
  td 2155 2157
  td 2279 2281
  td 2304 2306
  td 2329 2331
  td 2354 2356
  td 2379 2381
  td 2405 2407
  td 2430 2432
  td 2913 2915
  td 3033 3035
  td 3060 3062
  td 3090 3092
  td 3171 3173
  td 3201 3203
  td 3282 3284
  td 3312 3314
  td 3338 3340
  td 3368 3370
  td 3398 3400
  td 3524 3526
  td 3558 3560
  td 3583 3585
  td 4193 4195
  td 4218 4220
  td 4266 4268
  tr 4312 4314
  tr 5014 5016
  td 5031 5033
  strong 5066 5072
  strong 5101 5107
  td 5110 5112
  td 5127 5129
  strong 5161 5167
  strong 5186 5192
  td 5195 5197
  td 5243 5245
  strong 5259 5265
  td 5318 5320
  td 5364 5366
  strong 5380 5386
  td 5440 5442
  tr 5484 5486
  tbody 5494 5499
  table 5503 5508
  script 5561 5567
  script 6361 6367
Invalid Selector
P_totalpoi 5053
  script 54 60
  script 113 119
  script 122 128
  script 181 187
  table 191 196
  tbody 250 255
  tr 266 268
  td 283 285
  strong 287 293
  strong 300 306
  td 343 345
  td 398 400
  strong 402 408
  strong 430 436
  td 457 459
  td 474 476
  strong 478 484
  strong 494 500
  td 537 539
  tr 551 553
  tr 564 566
  td 581 583
  strong 585 591
  strong 616 622
  td 680 682
  td 697 699
  strong 701 707
  strong 727 733
  td 752 754
  td 769 771
  strong 773 779
  strong 786 792
  td 929 931
  tr 943 945
  tbody 954 959
  table 963 968
  table 973 978
  thead 1119 1124
  tr 1135 1137
  th 1152 1154
  th 1171 1173
  th 1188 1190
  th 1213 1215
  th 1230 1232
  br 1249 1251
  th 1258 1260
  th 1275 1277
  br 1294 1296
  th 1303 1305
  th 1320 1322
  br 1343 1345
  th 1352 1354
  th 1369 1371
  br 1398 1400
  th 1403 1405
  th 1490 1492
  br 1512 1514
  sup 1524 1527
  sup 1531 1534
  th 1547 1549
  th 1564 1566
  sup 1581 1584
  sup 1589 1592
  br 1595 1597
  th 1610 1612
  th 1627 1629
  sup 1644 1647
  sup 1651 1654
  br 1657 1659
  th 1672 1674
  th 1689 1691
  br 1716 1718
  sup 1722 1725
  sup 1730 1733
  sup 1739 1742
  sup 1746 1749
  sup 1755 1758
  sup 1762 1765
  th 1768 1770
  th 1785 1787
  th 1809 1811
  th 1851 1853
  th 1879 1881
  th 1896 1898
  th 1928 1930
  th 1945 1947
  th 1971 1973
  tr 1985 1987
  thead 1995 2000
  tbody 2008 2013
  tr 2065 2067
  td 2086 2088
  td 2113 2115
  td 2134 2136
  td 2155 2157
  td 2279 2281
  td 2304 2306
  td 2329 2331
  td 2354 2356
  td 2379 2381
  td 2405 2407
  td 2430 2432
  td 2913 2915
  td 3033 3035
  td 3060 3062
  td 3090 3092
  td 3171 3173
  td 3201 3203
  td 3282 3284
  td 3312 3314
  td 3338 3340
  td 3368 3370
  td 3398 3400
  td 3524 3526
  td 3558 3560
  td 3583 3585
  td 4193 4195
  td 4218 4220
  td 4266 4268
  tr 4312 4314
  tr 5014 5016
  td 5031 5033
P_totalpoi is a "class"
my_class_id 4854
  script 54 60
  script 113 119
  script 122 128
  script 181 187
  table 191 196
  tbody 250 255
  tr 266 268
  td 283 285
  strong 287 293
  strong 300 306
  td 343 345
  td 398 400
  strong 402 408
  strong 430 436
  td 457 459
  td 474 476
  strong 478 484
  strong 494 500
  td 537 539
  tr 551 553
  tr 564 566
  td 581 583
  strong 585 591
  strong 616 622
  td 680 682
  td 697 699
  strong 701 707
  strong 727 733
  td 752 754
  td 769 771
  strong 773 779
  strong 786 792
  td 929 931
  tr 943 945
  tbody 954 959
  table 963 968
  table 973 978
  thead 1119 1124
  tr 1135 1137
  th 1152 1154
  th 1171 1173
  th 1188 1190
  th 1213 1215
  th 1230 1232
  br 1249 1251
  th 1258 1260
  th 1275 1277
  br 1294 1296
  th 1303 1305
  th 1320 1322
  br 1343 1345
  th 1352 1354
  th 1369 1371
  br 1398 1400
  th 1403 1405
  th 1490 1492
  br 1512 1514
  sup 1524 1527
  sup 1531 1534
  th 1547 1549
  th 1564 1566
  sup 1581 1584
  sup 1589 1592
  br 1595 1597
  th 1610 1612
  th 1627 1629
  sup 1644 1647
  sup 1651 1654
  br 1657 1659
  th 1672 1674
  th 1689 1691
  br 1716 1718
  sup 1722 1725
  sup 1730 1733
  sup 1739 1742
  sup 1746 1749
  sup 1755 1758
  sup 1762 1765
  th 1768 1770
  th 1785 1787
  th 1809 1811
  th 1851 1853
  th 1879 1881
  th 1896 1898
  th 1928 1930
  th 1945 1947
  th 1971 1973
  tr 1985 1987
  thead 1995 2000
  tbody 2008 2013
  tr 2065 2067
  td 2086 2088
  td 2113 2115
  td 2134 2136
  td 2155 2157
  td 2279 2281
  td 2304 2306
  td 2329 2331
  td 2354 2356
  td 2379 2381
  td 2405 2407
  td 2430 2432
  td 2913 2915
  td 3033 3035
  td 3060 3062
  td 3090 3092
  td 3171 3173
  td 3201 3203
  td 3282 3284
  td 3312 3314
  td 3338 3340
  td 3368 3370
  td 3398 3400
  td 3524 3526
  td 3558 3560
  td 3583 3585
  td 4193 4195
  td 4218 4220
  td 4266 4268
  tr 4312 4314
  tr 5014 5016
  td 5031 5033
  strong 5066 5072
  strong 5101 5107
  td 5110 5112
  td 5127 5129
  strong 5161 5167
  strong 5186 5192
  td 5195 5197
  td 5243 5245
  strong 5259 5265
  td 5318 5320
  td 5364 5366
  strong 5380 5386
  td 5440 5442
  tr 5484 5486
  tbody 5494 5499
  table 5503 5508
  script 5561 5567
  script 6361 6367
Invalid Selector
colspan= 5118
  script 54 60
  script 113 119
  script 122 128
  script 181 187
  table 191 196
  tbody 250 255
  tr 266 268
  td 283 285
  strong 287 293
  strong 300 306
  td 343 345
  td 398 400
  strong 402 408
  strong 430 436
  td 457 459
  td 474 476
  strong 478 484
  strong 494 500
  td 537 539
  tr 551 553
  tr 564 566
  td 581 583
  strong 585 591
  strong 616 622
  td 680 682
  td 697 699
  strong 701 707
  strong 727 733
  td 752 754
  td 769 771
  strong 773 779
  strong 786 792
  td 929 931
  tr 943 945
  tbody 954 959
  table 963 968
  table 973 978
  thead 1119 1124
  tr 1135 1137
  th 1152 1154
  th 1171 1173
  th 1188 1190
  th 1213 1215
  th 1230 1232
  br 1249 1251
  th 1258 1260
  th 1275 1277
  br 1294 1296
  th 1303 1305
  th 1320 1322
  br 1343 1345
  th 1352 1354
  th 1369 1371
  br 1398 1400
  th 1403 1405
  th 1490 1492
  br 1512 1514
  sup 1524 1527
  sup 1531 1534
  th 1547 1549
  th 1564 1566
  sup 1581 1584
  sup 1589 1592
  br 1595 1597
  th 1610 1612
  th 1627 1629
  sup 1644 1647
  sup 1651 1654
  br 1657 1659
  th 1672 1674
  th 1689 1691
  br 1716 1718
  sup 1722 1725
  sup 1730 1733
  sup 1739 1742
  sup 1746 1749
  sup 1755 1758
  sup 1762 1765
  th 1768 1770
  th 1785 1787
  th 1809 1811
  th 1851 1853
  th 1879 1881
  th 1896 1898
  th 1928 1930
  th 1945 1947
  th 1971 1973
  tr 1985 1987
  thead 1995 2000
  tbody 2008 2013
  tr 2065 2067
  td 2086 2088
  td 2113 2115
  td 2134 2136
  td 2155 2157
  td 2279 2281
  td 2304 2306
  td 2329 2331
  td 2354 2356
  td 2379 2381
  td 2405 2407
  td 2430 2432
  td 2913 2915
  td 3033 3035
  td 3060 3062
  td 3090 3092
  td 3171 3173
  td 3201 3203
  td 3282 3284
  td 3312 3314
  td 3338 3340
  td 3368 3370
  td 3398 3400
  td 3524 3526
  td 3558 3560
  td 3583 3585
  td 4193 4195
  td 4218 4220
  td 4266 4268
  tr 4312 4314
  tr 5002 5004
  td 5019 5021
  strong 5054 5060
  strong 5089 5095
  td 5098 5100
  td 5115 5117
  strong 5149 5155
  strong 5174 5180
  td 5183 5185
  td 5231 5233
  strong 5247 5253
  td 5306 5308
  td 5352 5354
  strong 5368 5374
  td 5428 5430
  tr 5472 5474
  tbody 5482 5487
  table 5491 5496
  script 5549 5555
  script 6349 6355
Invalid Selector
MATIERE 5538
  script 54 60
  script 113 119
  script 122 128
  script 181 187
  table 191 196
  tbody 250 255
  tr 266 268
  td 283 285
  strong 287 293
  strong 300 306
  td 343 345
  td 398 400
  strong 402 408
  strong 430 436
  td 457 459
  td 474 476
  strong 478 484
  strong 494 500
  td 537 539
  tr 551 553
  tr 564 566
  td 581 583
  strong 585 591
  strong 616 622
  td 680 682
  td 697 699
  strong 701 707
  strong 727 733
  td 752 754
  td 769 771
  strong 773 779
  strong 786 792
  td 929 931
  tr 943 945
  tbody 954 959
  table 963 968
  table 973 978
  thead 1119 1124
  tr 1135 1137
  th 1152 1154
  th 1171 1173
  th 1188 1190
  th 1213 1215
  th 1230 1232
  br 1249 1251
  th 1258 1260
  th 1275 1277
  br 1294 1296
  th 1303 1305
  th 1320 1322
  br 1343 1345
  th 1352 1354
  th 1369 1371
  br 1398 1400
  th 1403 1405
  th 1490 1492
  br 1512 1514
  sup 1524 1527
  sup 1531 1534
  th 1547 1549
  th 1564 1566
  sup 1581 1584
  sup 1589 1592
  br 1595 1597
  th 1610 1612
  th 1627 1629
  sup 1644 1647
  sup 1651 1654
  br 1657 1659
  th 1672 1674
  th 1689 1691
  br 1716 1718
  sup 1722 1725
  sup 1730 1733
  sup 1739 1742
  sup 1746 1749
  sup 1755 1758
  sup 1762 1765
  th 1768 1770
  th 1785 1787
  th 1809 1811
  th 1851 1853
  th 1879 1881
  th 1896 1898
  th 1928 1930
  th 1945 1947
  th 1971 1973
  tr 1985 1987
  thead 1995 2000
  tbody 2008 2013
  tr 2065 2067
  td 2086 2088
  td 2113 2115
  td 2134 2136
  td 2155 2157
  td 2279 2281
  td 2304 2306
  td 2329 2331
  td 2354 2356
  td 2379 2381
  td 2405 2407
  td 2430 2432
  td 2913 2915
  td 3033 3035
  td 3060 3062
  td 3090 3092
  td 3171 3173
  td 3201 3203
  td 3282 3284
  td 3312 3314
  td 3338 3340
  td 3368 3370
  td 3398 3400
  td 3524 3526
  td 3558 3560
  td 3583 3585
  td 4193 4195
  td 4218 4220
  td 4266 4268
  tr 4312 4314
  tr 5005 5007
  td 5022 5024
  strong 5057 5063
  strong 5092 5098
  td 5101 5103
  td 5118 5120
  strong 5152 5158
  strong 5177 5183
  td 5186 5188
  td 5234 5236
  strong 5250 5256
  td 5309 5311
  td 5355 5357
  strong 5371 5377
  td 5431 5433
  tr 5475 5477
  tbody 5485 5490
  table 5494 5499
  script 5552 5558
  script 6352 6358
Invalid Selector
Section::where( 4547
  script 54 60
  script 113 119
  script 122 128
  script 181 187
  table 191 196
  tbody 250 255
  tr 266 268
  td 283 285
  strong 287 293
  strong 300 306
  td 343 345
  td 398 400
  strong 402 408
  strong 430 436
  td 457 459
  td 474 476
  strong 478 484
  strong 494 500
  td 537 539
  tr 551 553
  tr 564 566
  td 581 583
  strong 585 591
  strong 616 622
  td 680 682
  td 697 699
  strong 701 707
  strong 727 733
  td 752 754
  td 769 771
  strong 773 779
  strong 786 792
  td 929 931
  tr 943 945
  tbody 954 959
  table 963 968
  table 973 978
  thead 1119 1124
  tr 1135 1137
  th 1152 1154
  th 1171 1173
  th 1188 1190
  th 1213 1215
  th 1230 1232
  br 1249 1251
  th 1258 1260
  th 1275 1277
  br 1294 1296
  th 1303 1305
  th 1320 1322
  br 1343 1345
  th 1352 1354
  th 1369 1371
  br 1398 1400
  th 1403 1405
  th 1490 1492
  br 1512 1514
  sup 1524 1527
  sup 1531 1534
  th 1547 1549
  th 1564 1566
  sup 1581 1584
  sup 1589 1592
  br 1595 1597
  th 1610 1612
  th 1627 1629
  sup 1644 1647
  sup 1651 1654
  br 1657 1659
  th 1672 1674
  th 1689 1691
  br 1716 1718
  sup 1722 1725
  sup 1730 1733
  sup 1739 1742
  sup 1746 1749
  sup 1755 1758
  sup 1762 1765
  th 1768 1770
  th 1785 1787
  th 1809 1811
  th 1851 1853
  th 1879 1881
  th 1896 1898
  th 1928 1930
  th 1945 1947
  th 1971 1973
  tr 1985 1987
  thead 1995 2000
  tbody 2008 2013
  tr 2065 2067
  td 2086 2088
  td 2113 2115
  td 2134 2136
  td 2155 2157
  td 2279 2281
  td 2304 2306
  td 2329 2331
  td 2354 2356
  td 2379 2381
  td 2405 2407
  td 2430 2432
  td 2913 2915
  td 3033 3035
  td 3060 3062
  td 3090 3092
  td 3171 3173
  td 3201 3203
  td 3282 3284
  td 3312 3314
  td 3338 3340
  td 3368 3370
  td 3398 3400
  td 3524 3526
  td 3558 3560
  td 3583 3585
  td 4193 4195
  td 4218 4220
  td 4266 4268
  tr 4312 4314
  tr 5008 5010
  td 5025 5027
  strong 5060 5066
  strong 5095 5101
  td 5104 5106
  td 5121 5123
  strong 5155 5161
  strong 5180 5186
  td 5189 5191
  td 5237 5239
  strong 5253 5259
  td 5312 5314
  td 5358 5360
  strong 5374 5380
  td 5434 5436
  tr 5478 5480
  tbody 5488 5493
  table 5497 5502
  script 5555 5561
  script 6355 6361
Invalid Selector
dd($total_eleve); 4964
  script 54 60
  script 113 119
  script 122 128
  script 181 187
  table 191 196
  tbody 250 255
  tr 266 268
  td 283 285
  strong 287 293
  strong 300 306
  td 343 345
  td 398 400
  strong 402 408
  strong 430 436
  td 457 459
  td 474 476
  strong 478 484
  strong 494 500
  td 537 539
  tr 551 553
  tr 564 566
  td 581 583
  strong 585 591
  strong 616 622
  td 680 682
  td 697 699
  strong 701 707
  strong 727 733
  td 752 754
  td 769 771
  strong 773 779
  strong 786 792
  td 929 931
  tr 943 945
  tbody 954 959
  table 963 968
  table 973 978
  thead 1119 1124
  tr 1135 1137
  th 1152 1154
  th 1171 1173
  th 1188 1190
  th 1213 1215
  th 1230 1232
  br 1249 1251
  th 1258 1260
  th 1275 1277
  br 1294 1296
  th 1303 1305
  th 1320 1322
  br 1343 1345
  th 1352 1354
  th 1369 1371
  br 1398 1400
  th 1403 1405
  th 1490 1492
  br 1512 1514
  sup 1524 1527
  sup 1531 1534
  th 1547 1549
  th 1564 1566
  sup 1581 1584
  sup 1589 1592
  br 1595 1597
  th 1610 1612
  th 1627 1629
  sup 1644 1647
  sup 1651 1654
  br 1657 1659
  th 1672 1674
  th 1689 1691
  br 1716 1718
  sup 1722 1725
  sup 1730 1733
  sup 1739 1742
  sup 1746 1749
  sup 1755 1758
  sup 1762 1765
  th 1768 1770
  th 1785 1787
  th 1809 1811
  th 1851 1853
  th 1879 1881
  th 1896 1898
  th 1928 1930
  th 1945 1947
  th 1971 1973
  tr 1985 1987
  thead 1995 2000
  tbody 2008 2013
  tr 2065 2067
  td 2086 2088
  td 2113 2115
  td 2134 2136
  td 2155 2157
  td 2279 2281
  td 2304 2306
  td 2329 2331
  td 2354 2356
  td 2379 2381
  td 2405 2407
  td 2430 2432
  td 2913 2915
  td 3033 3035
  td 3060 3062
  td 3090 3092
  td 3171 3173
  td 3201 3203
  td 3282 3284
  td 3312 3314
  td 3338 3340
  td 3368 3370
  td 3398 3400
  td 3524 3526
  td 3558 3560
  td 3583 3585
  td 4193 4195
  td 4218 4220
  td 4266 4268
  tr 4312 4314
  tr 5008 5010
  td 5025 5027
  strong 5060 5066
  strong 5095 5101
  td 5104 5106
  td 5121 5123
  strong 5155 5161
  strong 5180 5186
  td 5189 5191
  td 5237 5239
  strong 5253 5259
  td 5312 5314
  td 5358 5360
  strong 5374 5380
  td 5434 5436
  tr 5478 5480
  tbody 5488 5493
  table 5497 5502
  script 5555 5561
  script 6355 6361
Invalid Selector
colspan= 5124
  script 54 60
  script 113 119
  script 122 128
  script 181 187
  table 191 196
  tbody 250 255
  tr 266 268
  td 283 285
  strong 287 293
  strong 300 306
  td 343 345
  td 398 400
  strong 402 408
  strong 430 436
  td 457 459
  td 474 476
  strong 478 484
  strong 494 500
  td 537 539
  tr 551 553
  tr 564 566
  td 581 583
  strong 585 591
  strong 616 622
  td 680 682
  td 697 699
  strong 701 707
  strong 727 733
  td 752 754
  td 769 771
  strong 773 779
  strong 786 792
  td 929 931
  tr 943 945
  tbody 954 959
  table 963 968
  table 973 978
  thead 1119 1124
  tr 1135 1137
  th 1152 1154
  th 1171 1173
  th 1188 1190
  th 1213 1215
  th 1230 1232
  br 1249 1251
  th 1258 1260
  th 1275 1277
  br 1294 1296
  th 1303 1305
  th 1320 1322
  br 1343 1345
  th 1352 1354
  th 1369 1371
  br 1398 1400
  th 1403 1405
  th 1490 1492
  br 1512 1514
  sup 1524 1527
  sup 1531 1534
  th 1547 1549
  th 1564 1566
  sup 1581 1584
  sup 1589 1592
  br 1595 1597
  th 1610 1612
  th 1627 1629
  sup 1644 1647
  sup 1651 1654
  br 1657 1659
  th 1672 1674
  th 1689 1691
  br 1716 1718
  sup 1722 1725
  sup 1730 1733
  sup 1739 1742
  sup 1746 1749
  sup 1755 1758
  sup 1762 1765
  th 1768 1770
  th 1785 1787
  th 1809 1811
  th 1851 1853
  th 1879 1881
  th 1896 1898
  th 1928 1930
  th 1945 1947
  th 1971 1973
  tr 1985 1987
  thead 1995 2000
  tbody 2008 2013
  tr 2065 2067
  td 2086 2088
  td 2113 2115
  td 2134 2136
  td 2155 2157
  td 2279 2281
  td 2304 2306
  td 2329 2331
  td 2354 2356
  td 2379 2381
  td 2405 2407
  td 2430 2432
  td 2913 2915
  td 3033 3035
  td 3060 3062
  td 3090 3092
  td 3171 3173
  td 3201 3203
  td 3282 3284
  td 3312 3314
  td 3338 3340
  td 3368 3370
  td 3398 3400
  td 3524 3526
  td 3558 3560
  td 3583 3585
  td 4193 4195
  td 4218 4220
  td 4266 4268
  tr 4312 4314
  tr 5008 5010
  td 5025 5027
  strong 5060 5066
  strong 5095 5101
  td 5104 5106
  td 5121 5123
  strong 5155 5161
  strong 5180 5186
  td 5189 5191
  td 5237 5239
  strong 5253 5259
  td 5312 5314
  td 5358 5360
  strong 5374 5380
  td 5434 5436
  tr 5478 5480
  tbody 5488 5493
  table 5497 5502
  script 5555 5561
  script 6355 6361
Invalid Selector
td 5358
  script 54 60
  script 113 119
  script 122 128
  script 181 187
  table 191 196
  tbody 250 255
  tr 266 268
  td 283 285
  strong 287 293
  strong 300 306
  td 343 345
  td 398 400
  strong 402 408
  strong 430 436
  td 457 459
  td 474 476
  strong 478 484
  strong 494 500
  td 537 539
  tr 551 553
  tr 564 566
  td 581 583
  strong 585 591
  strong 616 622
  td 680 682
  td 697 699
  strong 701 707
  strong 727 733
  td 752 754
  td 769 771
  strong 773 779
  strong 786 792
  td 929 931
  tr 943 945
  tbody 954 959
  table 963 968
  table 973 978
  thead 1119 1124
  tr 1135 1137
  th 1152 1154
  th 1171 1173
  th 1188 1190
  th 1213 1215
  th 1230 1232
  br 1249 1251
  th 1258 1260
  th 1275 1277
  br 1294 1296
  th 1303 1305
  th 1320 1322
  br 1343 1345
  th 1352 1354
  th 1369 1371
  br 1398 1400
  th 1403 1405
  th 1490 1492
  br 1512 1514
  sup 1524 1527
  sup 1531 1534
  th 1547 1549
  th 1564 1566
  sup 1581 1584
  sup 1589 1592
  br 1595 1597
  th 1610 1612
  th 1627 1629
  sup 1644 1647
  sup 1651 1654
  br 1657 1659
  th 1672 1674
  th 1689 1691
  br 1716 1718
  sup 1722 1725
  sup 1730 1733
  sup 1739 1742
  sup 1746 1749
  sup 1755 1758
  sup 1762 1765
  th 1768 1770
  th 1785 1787
  th 1809 1811
  th 1851 1853
  th 1879 1881
  th 1896 1898
  th 1928 1930
  th 1945 1947
  th 1971 1973
  tr 1985 1987
  thead 1995 2000
  tbody 2008 2013
  tr 2065 2067
  td 2086 2088
  td 2113 2115
  td 2134 2136
  td 2155 2157
  td 2279 2281
  td 2304 2306
  td 2329 2331
  td 2354 2356
  td 2379 2381
  td 2405 2407
  td 2430 2432
  td 2913 2915
  td 3033 3035
  td 3060 3062
  td 3090 3092
  td 3171 3173
  td 3201 3203
  td 3282 3284
  td 3312 3314
  td 3338 3340
  td 3368 3370
  td 3398 3400
  td 3524 3526
  td 3558 3560
  td 3583 3585
  td 4193 4195
  td 4218 4220
  td 4266 4268
  tr 4312 4314
  tr 5008 5010
  td 5025 5027
  strong 5060 5066
  strong 5095 5101
  td 5104 5106
  td 5121 5123
  strong 5155 5161
  strong 5180 5186
  td 5189 5191
  td 5237 5239
  strong 5253 5259
  td 5312 5314
  td 5358 5360
td is a "html tag"
Parsing exception.css
exception.css has 214 symbols
Searching through them all for /(^|[\s>+~])td(\[[^\]]*\]|:{1,2}[\w-()]+|\.[\w-]+|#[\w-]+)*\s*/
Done
Parsing default.css
default.css has 45 symbols
Searching through them all for /(^|[\s>+~])td(\[[^\]]*\]|:{1,2}[\w-()]+|\.[\w-]+|#[\w-]+)*\s*/
Done
Parsing components.css
components.css has 4341 symbols
Searching through them all for /(^|[\s>+~])td(\[[^\]]*\]|:{1,2}[\w-()]+|\.[\w-]+|#[\w-]+)*\s*/
Done
Parsing bootstrap_limitless.css
bootstrap_limitless.css has 1198 symbols
Searching through them all for /(^|[\s>+~])td(\[[^\]]*\]|:{1,2}[\w-()]+|\.[\w-]+|#[\w-]+)*\s*/
Done
Parsing print_tabulation.css
print_tabulation.css has 7 symbols
Searching through them all for /(^|[\s>+~])td(\[[^\]]*\]|:{1,2}[\w-()]+|\.[\w-]+|#[\w-]+)*\s*/
Done
Parsing receipt.css
receipt.css has 17 symbols
Searching through them all for /(^|[\s>+~])td(\[[^\]]*\]|:{1,2}[\w-()]+|\.[\w-]+|#[\w-]+)*\s*/
Done
Parsing bootstrap_limitless.min.css
bootstrap_limitless.min.css has 1198 symbols
Searching through them all for /(^|[\s>+~])td(\[[^\]]*\]|:{1,2}[\w-()]+|\.[\w-]+|#[\w-]+)*\s*/
Done
Parsing my_print.css
my_print.css has 14 symbols
Searching through them all for /(^|[\s>+~])td(\[[^\]]*\]|:{1,2}[\w-()]+|\.[\w-]+|#[\w-]+)*\s*/
Done
Parsing bootstrap-datepicker.min.css
bootstrap-datepicker.min.css has 221 symbols
Searching through them all for /(^|[\s>+~])td(\[[^\]]*\]|:{1,2}[\w-()]+|\.[\w-]+|#[\w-]+)*\s*/
Done
Parsing bootstrap.min.css
bootstrap.min.css has 2572 symbols
Searching through them all for /(^|[\s>+~])td(\[[^\]]*\]|:{1,2}[\w-()]+|\.[\w-]+|#[\w-]+)*\s*/
Done
Parsing bootstrap.css
bootstrap.css has 2572 symbols
Searching through them all for /(^|[\s>+~])td(\[[^\]]*\]|:{1,2}[\w-()]+|\.[\w-]+|#[\w-]+)*\s*/
Done
Parsing components.min.css
components.min.css has 4339 symbols
Searching through them all for /(^|[\s>+~])td(\[[^\]]*\]|:{1,2}[\w-()]+|\.[\w-]+|#[\w-]+)*\s*/
Done
Parsing dialog_ie8.css
dialog_ie8.css has 161 symbols
Searching through them all for /(^|[\s>+~])td(\[[^\]]*\]|:{1,2}[\w-()]+|\.[\w-]+|#[\w-]+)*\s*/
Done
Parsing dialog_ie.css
dialog_ie.css has 173 symbols
Searching through them all for /(^|[\s>+~])td(\[[^\]]*\]|:{1,2}[\w-()]+|\.[\w-]+|#[\w-]+)*\s*/
Done
Parsing dialog_iequirks.css
dialog_iequirks.css has 158 symbols
Searching through them all for /(^|[\s>+~])td(\[[^\]]*\]|:{1,2}[\w-()]+|\.[\w-]+|#[\w-]+)*\s*/
Done
Parsing _colorpanel.scss
_colorpanel.scss has 20 symbols
Searching through them all for /(^|[\s>+~])td(\[[^\]]*\]|:{1,2}[\w-()]+|\.[\w-]+|#[\w-]+)*\s*/
Done
Parsing dialog.scss
dialog.scss has 155 symbols
Searching through them all for /(^|[\s>+~])td(\[[^\]]*\]|:{1,2}[\w-()]+|\.[\w-]+|#[\w-]+)*\s*/
Done
Parsing dialog_opera.css
dialog_opera.css has 160 symbols
Searching through them all for /(^|[\s>+~])td(\[[^\]]*\]|:{1,2}[\w-()]+|\.[\w-]+|#[\w-]+)*\s*/
Done
Parsing dialog_opera.css
dialog_opera.css has 160 symbols
Searching through them all for /(^|[\s>+~])td(\[[^\]]*\]|:{1,2}[\w-()]+|\.[\w-]+|#[\w-]+)*\s*/
Done
Parsing dialog_iequirks.css
dialog_iequirks.css has 158 symbols
Searching through them all for /(^|[\s>+~])td(\[[^\]]*\]|:{1,2}[\w-()]+|\.[\w-]+|#[\w-]+)*\s*/
Done
Parsing dialog_ie.css
dialog_ie.css has 173 symbols
Searching through them all for /(^|[\s>+~])td(\[[^\]]*\]|:{1,2}[\w-()]+|\.[\w-]+|#[\w-]+)*\s*/
Done
Parsing dialog_ie7.css
dialog_ie7.css has 172 symbols
Searching through them all for /(^|[\s>+~])td(\[[^\]]*\]|:{1,2}[\w-()]+|\.[\w-]+|#[\w-]+)*\s*/
Done
Parsing dialog_ie7.css
dialog_ie7.css has 172 symbols
Searching through them all for /(^|[\s>+~])td(\[[^\]]*\]|:{1,2}[\w-()]+|\.[\w-]+|#[\w-]+)*\s*/
Done
Parsing dialog_ie8.css
dialog_ie8.css has 161 symbols
Searching through them all for /(^|[\s>+~])td(\[[^\]]*\]|:{1,2}[\w-()]+|\.[\w-]+|#[\w-]+)*\s*/
Done
Parsing dialog_opera.scss
dialog_opera.scss has 3 symbols
Searching through them all for /(^|[\s>+~])td(\[[^\]]*\]|:{1,2}[\w-()]+|\.[\w-]+|#[\w-]+)*\s*/
Done
Parsing dialog.css
dialog.css has 159 symbols
Searching through them all for /(^|[\s>+~])td(\[[^\]]*\]|:{1,2}[\w-()]+|\.[\w-]+|#[\w-]+)*\s*/
Done
Parsing dialog.css
dialog.css has 159 symbols
Searching through them all for /(^|[\s>+~])td(\[[^\]]*\]|:{1,2}[\w-()]+|\.[\w-]+|#[\w-]+)*\s*/
Done
Parsing dialog_opera.scss
dialog_opera.scss has 3 symbols
Searching through them all for /(^|[\s>+~])td(\[[^\]]*\]|:{1,2}[\w-()]+|\.[\w-]+|#[\w-]+)*\s*/
Done
Parsing _colorpanel.scss
_colorpanel.scss has 20 symbols
Searching through them all for /(^|[\s>+~])td(\[[^\]]*\]|:{1,2}[\w-()]+|\.[\w-]+|#[\w-]+)*\s*/
Done
Parsing dialog.scss
dialog.scss has 155 symbols
Searching through them all for /(^|[\s>+~])td(\[[^\]]*\]|:{1,2}[\w-()]+|\.[\w-]+|#[\w-]+)*\s*/
Done
Parsing wsc.css
wsc.css has 18 symbols
Searching through them all for /(^|[\s>+~])td(\[[^\]]*\]|:{1,2}[\w-()]+|\.[\w-]+|#[\w-]+)*\s*/
Done
Parsing _print.scss
_print.scss has 34 symbols
Searching through them all for /(^|[\s>+~])td(\[[^\]]*\]|:{1,2}[\w-()]+|\.[\w-]+|#[\w-]+)*\s*/
Done
Parsing _tables.scss
_tables.scss has 43 symbols
Searching through them all for /(^|[\s>+~])td(\[[^\]]*\]|:{1,2}[\w-()]+|\.[\w-]+|#[\w-]+)*\s*/
Done
Parsing _table-row.scss
_table-row.scss has 10 symbols
Searching through them all for /(^|[\s>+~])td(\[[^\]]*\]|:{1,2}[\w-()]+|\.[\w-]+|#[\w-]+)*\s*/
Done
Parsing _inbox.scss
_inbox.scss has 15 symbols
Searching through them all for /(^|[\s>+~])td(\[[^\]]*\]|:{1,2}[\w-()]+|\.[\w-]+|#[\w-]+)*\s*/
Done
Parsing _c3.scss
_c3.scss has 48 symbols
Searching through them all for /(^|[\s>+~])td(\[[^\]]*\]|:{1,2}[\w-()]+|\.[\w-]+|#[\w-]+)*\s*/
Done
Parsing _alpaca.scss
_alpaca.scss has 65 symbols
Searching through them all for /(^|[\s>+~])td(\[[^\]]*\]|:{1,2}[\w-()]+|\.[\w-]+|#[\w-]+)*\s*/
Done
Parsing _fullcalendar.scss
_fullcalendar.scss has 285 symbols
Searching through them all for /(^|[\s>+~])td(\[[^\]]*\]|:{1,2}[\w-()]+|\.[\w-]+|#[\w-]+)*\s*/
Done
Parsing _tables.scss
_tables.scss has 136 symbols
Searching through them all for /(^|[\s>+~])td(\[[^\]]*\]|:{1,2}[\w-()]+|\.[\w-]+|#[\w-]+)*\s*/
Done
Parsing _fancytree.scss
_fancytree.scss has 100 symbols
Searching through them all for /(^|[\s>+~])td(\[[^\]]*\]|:{1,2}[\w-()]+|\.[\w-]+|#[\w-]+)*\s*/
Done
Parsing _daterange.scss
_daterange.scss has 86 symbols
Searching through them all for /(^|[\s>+~])td(\[[^\]]*\]|:{1,2}[\w-()]+|\.[\w-]+|#[\w-]+)*\s*/
Done
Parsing _date.scss
_date.scss has 49 symbols
Searching through them all for /(^|[\s>+~])td(\[[^\]]*\]|:{1,2}[\w-()]+|\.[\w-]+|#[\w-]+)*\s*/
Done
Parsing _widgets.scss
_widgets.scss has 281 symbols
Searching through them all for /(^|[\s>+~])td(\[[^\]]*\]|:{1,2}[\w-()]+|\.[\w-]+|#[\w-]+)*\s*/
Done
Parsing _handsontable.scss
_handsontable.scss has 342 symbols
Searching through them all for /(^|[\s>+~])td(\[[^\]]*\]|:{1,2}[\w-()]+|\.[\w-]+|#[\w-]+)*\s*/
Done
Parsing _footable.scss
_footable.scss has 17 symbols
Searching through them all for /(^|[\s>+~])td(\[[^\]]*\]|:{1,2}[\w-()]+|\.[\w-]+|#[\w-]+)*\s*/
Done
Parsing _datatable-scroller.scss
_datatable-scroller.scss has 8 symbols
Searching through them all for /(^|[\s>+~])td(\[[^\]]*\]|:{1,2}[\w-()]+|\.[\w-]+|#[\w-]+)*\s*/
Done
Parsing _widgets.scss
_widgets.scss has 251 symbols
Searching through them all for /(^|[\s>+~])td(\[[^\]]*\]|:{1,2}[\w-()]+|\.[\w-]+|#[\w-]+)*\s*/
Done
Parsing _datatable-fixed-columns.scss
_datatable-fixed-columns.scss has 21 symbols
Searching through them all for /(^|[\s>+~])td(\[[^\]]*\]|:{1,2}[\w-()]+|\.[\w-]+|#[\w-]+)*\s*/
Done
Parsing _datatable-keytable.scss
_datatable-keytable.scss has 8 symbols
Searching through them all for /(^|[\s>+~])td(\[[^\]]*\]|:{1,2}[\w-()]+|\.[\w-]+|#[\w-]+)*\s*/
Done
Parsing _datatables.scss
_datatables.scss has 133 symbols
Searching through them all for /(^|[\s>+~])td(\[[^\]]*\]|:{1,2}[\w-()]+|\.[\w-]+|#[\w-]+)*\s*/
Done
Parsing _fullcalendar.scss
_fullcalendar.scss has 285 symbols
Searching through them all for /(^|[\s>+~])td(\[[^\]]*\]|:{1,2}[\w-()]+|\.[\w-]+|#[\w-]+)*\s*/
Done
Parsing _fancytree.scss
_fancytree.scss has 100 symbols
Searching through them all for /(^|[\s>+~])td(\[[^\]]*\]|:{1,2}[\w-()]+|\.[\w-]+|#[\w-]+)*\s*/
Done
Parsing _tables.scss
_tables.scss has 136 symbols
Searching through them all for /(^|[\s>+~])td(\[[^\]]*\]|:{1,2}[\w-()]+|\.[\w-]+|#[\w-]+)*\s*/
Done
Parsing _alpaca.scss
_alpaca.scss has 64 symbols
Searching through them all for /(^|[\s>+~])td(\[[^\]]*\]|:{1,2}[\w-()]+|\.[\w-]+|#[\w-]+)*\s*/
Done
Parsing _datatable-responsive.scss
_datatable-responsive.scss has 31 symbols
Searching through them all for /(^|[\s>+~])td(\[[^\]]*\]|:{1,2}[\w-()]+|\.[\w-]+|#[\w-]+)*\s*/
Done
Parsing _datatable-rows-reorder.scss
_datatable-rows-reorder.scss has 4 symbols
Searching through them all for /(^|[\s>+~])td(\[[^\]]*\]|:{1,2}[\w-()]+|\.[\w-]+|#[\w-]+)*\s*/
Done
Parsing _footable.scss
_footable.scss has 17 symbols
Searching through them all for /(^|[\s>+~])td(\[[^\]]*\]|:{1,2}[\w-()]+|\.[\w-]+|#[\w-]+)*\s*/
Done
Parsing _handsontable.scss
_handsontable.scss has 342 symbols
Searching through them all for /(^|[\s>+~])td(\[[^\]]*\]|:{1,2}[\w-()]+|\.[\w-]+|#[\w-]+)*\s*/
Done
Parsing _datatable-columns-reorder.scss
_datatable-columns-reorder.scss has 4 symbols
Searching through them all for /(^|[\s>+~])td(\[[^\]]*\]|:{1,2}[\w-()]+|\.[\w-]+|#[\w-]+)*\s*/
Done
Parsing _daterange.scss
_daterange.scss has 87 symbols
Searching through them all for /(^|[\s>+~])td(\[[^\]]*\]|:{1,2}[\w-()]+|\.[\w-]+|#[\w-]+)*\s*/
Done
Parsing _datatable-columns-reorder.scss
_datatable-columns-reorder.scss has 4 symbols
Searching through them all for /(^|[\s>+~])td(\[[^\]]*\]|:{1,2}[\w-()]+|\.[\w-]+|#[\w-]+)*\s*/
Done
Parsing _datatable-rows-reorder.scss
_datatable-rows-reorder.scss has 4 symbols
Searching through them all for /(^|[\s>+~])td(\[[^\]]*\]|:{1,2}[\w-()]+|\.[\w-]+|#[\w-]+)*\s*/
Done
Parsing _datatable-responsive.scss
_datatable-responsive.scss has 31 symbols
Searching through them all for /(^|[\s>+~])td(\[[^\]]*\]|:{1,2}[\w-()]+|\.[\w-]+|#[\w-]+)*\s*/
Done
Parsing _datatable-keytable.scss
_datatable-keytable.scss has 8 symbols
Searching through them all for /(^|[\s>+~])td(\[[^\]]*\]|:{1,2}[\w-()]+|\.[\w-]+|#[\w-]+)*\s*/
Done
Parsing _date.scss
_date.scss has 49 symbols
Searching through them all for /(^|[\s>+~])td(\[[^\]]*\]|:{1,2}[\w-()]+|\.[\w-]+|#[\w-]+)*\s*/
Done
Parsing _datatable-scroller.scss
_datatable-scroller.scss has 8 symbols
Searching through them all for /(^|[\s>+~])td(\[[^\]]*\]|:{1,2}[\w-()]+|\.[\w-]+|#[\w-]+)*\s*/
Done
Parsing app.css
app.css has 3148 symbols
Searching through them all for /(^|[\s>+~])td(\[[^\]]*\]|:{1,2}[\w-()]+|\.[\w-]+|#[\w-]+)*\s*/
Done
Parsing _datatable-fixed-columns.scss
_datatable-fixed-columns.scss has 21 symbols
Searching through them all for /(^|[\s>+~])td(\[[^\]]*\]|:{1,2}[\w-()]+|\.[\w-]+|#[\w-]+)*\s*/
Done
Parsing html.css
html.css has 163 symbols
Searching through them all for /(^|[\s>+~])td(\[[^\]]*\]|:{1,2}[\w-()]+|\.[\w-]+|#[\w-]+)*\s*/
Done
Parsing _datatables.scss
_datatables.scss has 132 symbols
Searching through them all for /(^|[\s>+~])td(\[[^\]]*\]|:{1,2}[\w-()]+|\.[\w-]+|#[\w-]+)*\s*/
Done
Parsing whoops.base.css
whoops.base.css has 120 symbols
Searching through them all for /(^|[\s>+~])td(\[[^\]]*\]|:{1,2}[\w-()]+|\.[\w-]+|#[\w-]+)*\s*/
Done
Parsing style.css
style.css has 50 symbols
Searching through them all for /(^|[\s>+~])td(\[[^\]]*\]|:{1,2}[\w-()]+|\.[\w-]+|#[\w-]+)*\s*/
Done
Parsing bootstrap.min.css
bootstrap.min.css has 3147 symbols
Searching through them all for /(^|[\s>+~])td(\[[^\]]*\]|:{1,2}[\w-()]+|\.[\w-]+|#[\w-]+)*\s*/
Done
Parsing nv.d3.min.css
nv.d3.min.css has 135 symbols
Searching through them all for /(^|[\s>+~])td(\[[^\]]*\]|:{1,2}[\w-()]+|\.[\w-]+|#[\w-]+)*\s*/
Done
my_class_id 4563
  script 54 60
  script 113 119
  script 122 128
  script 181 187
  table 191 196
  tbody 250 255
  tr 266 268
  td 283 285
  strong 287 293
  strong 300 306
  td 343 345
  td 398 400
  strong 402 408
  strong 430 436
  td 457 459
  td 474 476
  strong 478 484
  strong 494 500
  td 537 539
  tr 551 553
  tr 564 566
  td 581 583
  strong 585 591
  strong 616 622
  td 680 682
  td 697 699
  strong 701 707
  strong 727 733
  td 752 754
  td 769 771
  strong 773 779
  strong 786 792
  td 929 931
  tr 943 945
  tbody 954 959
  table 963 968
  table 973 978
  thead 1119 1124
  tr 1135 1137
  th 1152 1154
  th 1171 1173
  th 1188 1190
  th 1213 1215
  th 1230 1232
  br 1249 1251
  th 1258 1260
  th 1275 1277
  br 1294 1296
  th 1303 1305
  th 1320 1322
  br 1343 1345
  th 1352 1354
  th 1369 1371
  br 1398 1400
  th 1403 1405
  th 1490 1492
  br 1512 1514
  sup 1524 1527
  sup 1531 1534
  th 1547 1549
  th 1564 1566
  sup 1581 1584
  sup 1589 1592
  br 1595 1597
  th 1610 1612
  th 1627 1629
  sup 1644 1647
  sup 1651 1654
  br 1657 1659
  th 1672 1674
  th 1689 1691
  br 1716 1718
  sup 1722 1725
  sup 1730 1733
  sup 1739 1742
  sup 1746 1749
  sup 1755 1758
  sup 1762 1765
  th 1768 1770
  th 1785 1787
  th 1809 1811
  th 1851 1853
  th 1879 1881
  th 1896 1898
  th 1928 1930
  th 1945 1947
  th 1971 1973
  tr 1985 1987
  thead 1995 2000
  tbody 2008 2013
  tr 2065 2067
  td 2086 2088
  td 2113 2115
  td 2134 2136
  td 2155 2157
  td 2279 2281
  td 2304 2306
  td 2329 2331
  td 2354 2356
  td 2379 2381
  td 2405 2407
  td 2430 2432
  td 2913 2915
  td 3033 3035
  td 3060 3062
  td 3090 3092
  td 3171 3173
  td 3201 3203
  td 3282 3284
  td 3312 3314
  td 3338 3340
  td 3368 3370
  td 3398 3400
  td 3524 3526
  td 3558 3560
  td 3583 3585
  td 4193 4195
  td 4218 4220
  td 4266 4268
  tr 4312 4314
  tr 5005 5007
  td 5022 5024
  strong 5057 5063
  strong 5092 5098
  td 5101 5103
  td 5118 5120
  strong 5152 5158
  strong 5177 5183
  td 5186 5188
  td 5234 5236
  strong 5250 5256
  td 5309 5311
  td 5355 5357
  strong 5371 5377
  td 5431 5433
  tr 5475 5477
  tbody 5485 5490
  table 5494 5499
  script 5552 5558
  script 6352 6358
Invalid Selector
$section 4645
  script 54 60
  script 113 119
  script 122 128
  script 181 187
  table 191 196
  tbody 250 255
  tr 266 268
  td 283 285
  strong 287 293
  strong 300 306
  td 343 345
  td 398 400
  strong 402 408
  strong 430 436
  td 457 459
  td 474 476
  strong 478 484
  strong 494 500
  td 537 539
  tr 551 553
  tr 564 566
  td 581 583
  strong 585 591
  strong 616 622
  td 680 682
  td 697 699
  strong 701 707
  strong 727 733
  td 752 754
  td 769 771
  strong 773 779
  strong 786 792
  td 929 931
  tr 943 945
  tbody 954 959
  table 963 968
  table 973 978
  thead 1119 1124
  tr 1135 1137
  th 1152 1154
  th 1171 1173
  th 1188 1190
  th 1213 1215
  th 1230 1232
  br 1249 1251
  th 1258 1260
  th 1275 1277
  br 1294 1296
  th 1303 1305
  th 1320 1322
  br 1343 1345
  th 1352 1354
  th 1369 1371
  br 1398 1400
  th 1403 1405
  th 1490 1492
  br 1512 1514
  sup 1524 1527
  sup 1531 1534
  th 1547 1549
  th 1564 1566
  sup 1581 1584
  sup 1589 1592
  br 1595 1597
  th 1610 1612
  th 1627 1629
  sup 1644 1647
  sup 1651 1654
  br 1657 1659
  th 1672 1674
  th 1689 1691
  br 1716 1718
  sup 1722 1725
  sup 1730 1733
  sup 1739 1742
  sup 1746 1749
  sup 1755 1758
  sup 1762 1765
  th 1768 1770
  th 1785 1787
  th 1809 1811
  th 1851 1853
  th 1879 1881
  th 1896 1898
  th 1928 1930
  th 1945 1947
  th 1971 1973
  tr 1985 1987
  thead 1995 2000
  tbody 2008 2013
  tr 2065 2067
  td 2086 2088
  td 2113 2115
  td 2134 2136
  td 2155 2157
  td 2279 2281
  td 2304 2306
  td 2329 2331
  td 2354 2356
  td 2379 2381
  td 2405 2407
  td 2430 2432
  td 2913 2915
  td 3033 3035
  td 3060 3062
  td 3090 3092
  td 3171 3173
  td 3201 3203
  td 3282 3284
  td 3312 3314
  td 3338 3340
  td 3368 3370
  td 3398 3400
  td 3524 3526
  td 3558 3560
  td 3583 3585
  td 4193 4195
  td 4218 4220
  td 4266 4268
  tr 4312 4314
  tr 5008 5010
  td 5025 5027
  strong 5060 5066
  strong 5095 5101
  td 5104 5106
  td 5121 5123
  strong 5155 5161
  strong 5180 5186
  td 5189 5191
  td 5237 5239
  strong 5253 5259
  td 5312 5314
  td 5358 5360
  strong 5374 5380
  td 5434 5436
  tr 5478 5480
  tbody 5488 5493
  table 5497 5502
  script 5555 5561
  script 6355 6361
Invalid Selector
$total_eleve 4703
  script 54 60
  script 113 119
  script 122 128
  script 181 187
  table 191 196
  tbody 250 255
  tr 266 268
  td 283 285
  strong 287 293
  strong 300 306
  td 343 345
  td 398 400
  strong 402 408
  strong 430 436
  td 457 459
  td 474 476
  strong 478 484
  strong 494 500
  td 537 539
  tr 551 553
  tr 564 566
  td 581 583
  strong 585 591
  strong 616 622
  td 680 682
  td 697 699
  strong 701 707
  strong 727 733
  td 752 754
  td 769 771
  strong 773 779
  strong 786 792
  td 929 931
  tr 943 945
  tbody 954 959
  table 963 968
  table 973 978
  thead 1119 1124
  tr 1135 1137
  th 1152 1154
  th 1171 1173
  th 1188 1190
  th 1213 1215
  th 1230 1232
  br 1249 1251
  th 1258 1260
  th 1275 1277
  br 1294 1296
  th 1303 1305
  th 1320 1322
  br 1343 1345
  th 1352 1354
  th 1369 1371
  br 1398 1400
  th 1403 1405
  th 1490 1492
  br 1512 1514
  sup 1524 1527
  sup 1531 1534
  th 1547 1549
  th 1564 1566
  sup 1581 1584
  sup 1589 1592
  br 1595 1597
  th 1610 1612
  th 1627 1629
  sup 1644 1647
  sup 1651 1654
  br 1657 1659
  th 1672 1674
  th 1689 1691
  br 1716 1718
  sup 1722 1725
  sup 1730 1733
  sup 1739 1742
  sup 1746 1749
  sup 1755 1758
  sup 1762 1765
  th 1768 1770
  th 1785 1787
  th 1809 1811
  th 1851 1853
  th 1879 1881
  th 1896 1898
  th 1928 1930
  th 1945 1947
  th 1971 1973
  tr 1985 1987
  thead 1995 2000
  tbody 2008 2013
  tr 2065 2067
  td 2086 2088
  td 2113 2115
  td 2134 2136
  td 2155 2157
  td 2279 2281
  td 2304 2306
  td 2329 2331
  td 2354 2356
  td 2379 2381
  td 2405 2407
  td 2430 2432
  td 2913 2915
  td 3033 3035
  td 3060 3062
  td 3090 3092
  td 3171 3173
  td 3201 3203
  td 3282 3284
  td 3312 3314
  td 3338 3340
  td 3368 3370
  td 3398 3400
  td 3524 3526
  td 3558 3560
  td 3583 3585
  td 4193 4195
  td 4218 4220
  td 4266 4268
  tr 4312 4314
  tr 5008 5010
  td 5025 5027
  strong 5060 5066
  strong 5095 5101
  td 5104 5106
  td 5121 5123
  strong 5155 5161
  strong 5180 5186
  td 5189 5191
  td 5237 5239
  strong 5253 5259
  td 5312 5314
  td 5358 5360
  strong 5374 5380
  td 5434 5436
  tr 5478 5480
  tbody 5488 5493
  table 5497 5502
  script 5555 5561
  script 6355 6361
Invalid Selector
ExamRecord::where( 4829
  script 54 60
  script 113 119
  script 122 128
  script 181 187
  table 191 196
  tbody 250 255
  tr 266 268
  td 283 285
  strong 287 293
  strong 300 306
  td 343 345
  td 398 400
  strong 402 408
  strong 430 436
  td 457 459
  td 474 476
  strong 478 484
  strong 494 500
  td 537 539
  tr 551 553
  tr 564 566
  td 581 583
  strong 585 591
  strong 616 622
  td 680 682
  td 697 699
  strong 701 707
  strong 727 733
  td 752 754
  td 769 771
  strong 773 779
  strong 786 792
  td 929 931
  tr 943 945
  tbody 954 959
  table 963 968
  table 973 978
  thead 1119 1124
  tr 1135 1137
  th 1152 1154
  th 1171 1173
  th 1188 1190
  th 1213 1215
  th 1230 1232
  br 1249 1251
  th 1258 1260
  th 1275 1277
  br 1294 1296
  th 1303 1305
  th 1320 1322
  br 1343 1345
  th 1352 1354
  th 1369 1371
  br 1398 1400
  th 1403 1405
  th 1490 1492
  br 1512 1514
  sup 1524 1527
  sup 1531 1534
  th 1547 1549
  th 1564 1566
  sup 1581 1584
  sup 1589 1592
  br 1595 1597
  th 1610 1612
  th 1627 1629
  sup 1644 1647
  sup 1651 1654
  br 1657 1659
  th 1672 1674
  th 1689 1691
  br 1716 1718
  sup 1722 1725
  sup 1730 1733
  sup 1739 1742
  sup 1746 1749
  sup 1755 1758
  sup 1762 1765
  th 1768 1770
  th 1785 1787
  th 1809 1811
  th 1851 1853
  th 1879 1881
  th 1896 1898
  th 1928 1930
  th 1945 1947
  th 1971 1973
  tr 1985 1987
  thead 1995 2000
  tbody 2008 2013
  tr 2065 2067
  td 2086 2088
  td 2113 2115
  td 2134 2136
  td 2155 2157
  td 2279 2281
  td 2304 2306
  td 2329 2331
  td 2354 2356
  td 2379 2381
  td 2405 2407
  td 2430 2432
  td 2913 2915
  td 3033 3035
  td 3060 3062
  td 3090 3092
  td 3171 3173
  td 3201 3203
  td 3282 3284
  td 3312 3314
  td 3338 3340
  td 3368 3370
  td 3398 3400
  td 3524 3526
  td 3558 3560
  td 3583 3585
  td 4193 4195
  td 4218 4220
  td 4266 4268
  tr 4312 4314
  tr 5008 5010
  td 5025 5027
  strong 5060 5066
  strong 5095 5101
  td 5104 5106
  td 5121 5123
  strong 5155 5161
  strong 5180 5186
  td 5189 5191
  td 5237 5239
  strong 5253 5259
  td 5312 5314
  td 5358 5360
  strong 5374 5380
  td 5434 5436
  tr 5478 5480
  tbody 5488 5493
  table 5497 5502
  script 5555 5561
  script 6355 6361
Invalid Selector
dd($total_eleve); 4964
  script 54 60
  script 113 119
  script 122 128
  script 181 187
  table 191 196
  tbody 250 255
  tr 266 268
  td 283 285
  strong 287 293
  strong 300 306
  td 343 345
  td 398 400
  strong 402 408
  strong 430 436
  td 457 459
  td 474 476
  strong 478 484
  strong 494 500
  td 537 539
  tr 551 553
  tr 564 566
  td 581 583
  strong 585 591
  strong 616 622
  td 680 682
  td 697 699
  strong 701 707
  strong 727 733
  td 752 754
  td 769 771
  strong 773 779
  strong 786 792
  td 929 931
  tr 943 945
  tbody 954 959
  table 963 968
  table 973 978
  thead 1119 1124
  tr 1135 1137
  th 1152 1154
  th 1171 1173
  th 1188 1190
  th 1213 1215
  th 1230 1232
  br 1249 1251
  th 1258 1260
  th 1275 1277
  br 1294 1296
  th 1303 1305
  th 1320 1322
  br 1343 1345
  th 1352 1354
  th 1369 1371
  br 1398 1400
  th 1403 1405
  th 1490 1492
  br 1512 1514
  sup 1524 1527
  sup 1531 1534
  th 1547 1549
  th 1564 1566
  sup 1581 1584
  sup 1589 1592
  br 1595 1597
  th 1610 1612
  th 1627 1629
  sup 1644 1647
  sup 1651 1654
  br 1657 1659
  th 1672 1674
  th 1689 1691
  br 1716 1718
  sup 1722 1725
  sup 1730 1733
  sup 1739 1742
  sup 1746 1749
  sup 1755 1758
  sup 1762 1765
  th 1768 1770
  th 1785 1787
  th 1809 1811
  th 1851 1853
  th 1879 1881
  th 1896 1898
  th 1928 1930
  th 1945 1947
  th 1971 1973
  tr 1985 1987
  thead 1995 2000
  tbody 2008 2013
  tr 2065 2067
  td 2086 2088
  td 2113 2115
  td 2134 2136
  td 2155 2157
  td 2279 2281
  td 2304 2306
  td 2329 2331
  td 2354 2356
  td 2379 2381
  td 2405 2407
  td 2430 2432
  td 2913 2915
  td 3033 3035
  td 3060 3062
  td 3090 3092
  td 3171 3173
  td 3201 3203
  td 3282 3284
  td 3312 3314
  td 3338 3340
  td 3368 3370
  td 3398 3400
  td 3524 3526
  td 3558 3560
  td 3583 3585
  td 4193 4195
  td 4218 4220
  td 4266 4268
  tr 4312 4314
  tr 5008 5010
  td 5025 5027
  strong 5060 5066
  strong 5095 5101
  td 5104 5106
  td 5121 5123
  strong 5155 5161
  strong 5180 5186
  td 5189 5191
  td 5237 5239
  strong 5253 5259
  td 5312 5314
  td 5358 5360
  strong 5374 5380
  td 5434 5436
  tr 5478 5480
  tbody 5488 5493
  table 5497 5502
  script 5555 5561
  script 6355 6361
Invalid Selector
dd($total_eleve); 4964
  script 54 60
  script 113 119
  script 122 128
  script 181 187
  table 191 196
  tbody 250 255
  tr 266 268
  td 283 285
  strong 287 293
  strong 300 306
  td 343 345
  td 398 400
  strong 402 408
  strong 430 436
  td 457 459
  td 474 476
  strong 478 484
  strong 494 500
  td 537 539
  tr 551 553
  tr 564 566
  td 581 583
  strong 585 591
  strong 616 622
  td 680 682
  td 697 699
  strong 701 707
  strong 727 733
  td 752 754
  td 769 771
  strong 773 779
  strong 786 792
  td 929 931
  tr 943 945
  tbody 954 959
  table 963 968
  table 973 978
  thead 1119 1124
  tr 1135 1137
  th 1152 1154
  th 1171 1173
  th 1188 1190
  th 1213 1215
  th 1230 1232
  br 1249 1251
  th 1258 1260
  th 1275 1277
  br 1294 1296
  th 1303 1305
  th 1320 1322
  br 1343 1345
  th 1352 1354
  th 1369 1371
  br 1398 1400
  th 1403 1405
  th 1490 1492
  br 1512 1514
  sup 1524 1527
  sup 1531 1534
  th 1547 1549
  th 1564 1566
  sup 1581 1584
  sup 1589 1592
  br 1595 1597
  th 1610 1612
  th 1627 1629
  sup 1644 1647
  sup 1651 1654
  br 1657 1659
  th 1672 1674
  th 1689 1691
  br 1716 1718
  sup 1722 1725
  sup 1730 1733
  sup 1739 1742
  sup 1746 1749
  sup 1755 1758
  sup 1762 1765
  th 1768 1770
  th 1785 1787
  th 1809 1811
  th 1851 1853
  th 1879 1881
  th 1896 1898
  th 1928 1930
  th 1945 1947
  th 1971 1973
  tr 1985 1987
  thead 1995 2000
  tbody 2008 2013
  tr 2065 2067
  td 2086 2088
  td 2113 2115
  td 2134 2136
  td 2155 2157
  td 2279 2281
  td 2304 2306
  td 2329 2331
  td 2354 2356
  td 2379 2381
  td 2405 2407
  td 2430 2432
  td 2913 2915
  td 3033 3035
  td 3060 3062
  td 3090 3092
  td 3171 3173
  td 3201 3203
  td 3282 3284
  td 3312 3314
  td 3338 3340
  td 3368 3370
  td 3398 3400
  td 3524 3526
  td 3558 3560
  td 3583 3585
  td 4193 4195
  td 4218 4220
  td 4266 4268
  tr 4312 4314
  tr 5008 5010
  td 5025 5027
  strong 5060 5066
  strong 5095 5101
  td 5104 5106
  td 5121 5123
  strong 5155 5161
  strong 5180 5186
  td 5189 5191
  td 5237 5239
  strong 5253 5259
  td 5312 5314
  td 5358 5360
  strong 5374 5380
  td 5434 5436
  tr 5478 5480
  tbody 5488 5493
  table 5497 5502
  script 5555 5561
  script 6355 6361
Invalid Selector
dd($total_eleve); 4964
  script 54 60
  script 113 119
  script 122 128
  script 181 187
  table 191 196
  tbody 250 255
  tr 266 268
  td 283 285
  strong 287 293
  strong 300 306
  td 343 345
  td 398 400
  strong 402 408
  strong 430 436
  td 457 459
  td 474 476
  strong 478 484
  strong 494 500
  td 537 539
  tr 551 553
  tr 564 566
  td 581 583
  strong 585 591
  strong 616 622
  td 680 682
  td 697 699
  strong 701 707
  strong 727 733
  td 752 754
  td 769 771
  strong 773 779
  strong 786 792
  td 929 931
  tr 943 945
  tbody 954 959
  table 963 968
  table 973 978
  thead 1119 1124
  tr 1135 1137
  th 1152 1154
  th 1171 1173
  th 1188 1190
  th 1213 1215
  th 1230 1232
  br 1249 1251
  th 1258 1260
  th 1275 1277
  br 1294 1296
  th 1303 1305
  th 1320 1322
  br 1343 1345
  th 1352 1354
  th 1369 1371
  br 1398 1400
  th 1403 1405
  th 1490 1492
  br 1512 1514
  sup 1524 1527
  sup 1531 1534
  th 1547 1549
  th 1564 1566
  sup 1581 1584
  sup 1589 1592
  br 1595 1597
  th 1610 1612
  th 1627 1629
  sup 1644 1647
  sup 1651 1654
  br 1657 1659
  th 1672 1674
  th 1689 1691
  br 1716 1718
  sup 1722 1725
  sup 1730 1733
  sup 1739 1742
  sup 1746 1749
  sup 1755 1758
  sup 1762 1765
  th 1768 1770
  th 1785 1787
  th 1809 1811
  th 1851 1853
  th 1879 1881
  th 1896 1898
  th 1928 1930
  th 1945 1947
  th 1971 1973
  tr 1985 1987
  thead 1995 2000
  tbody 2008 2013
  tr 2065 2067
  td 2086 2088
  td 2113 2115
  td 2134 2136
  td 2155 2157
  td 2279 2281
  td 2304 2306
  td 2329 2331
  td 2354 2356
  td 2379 2381
  td 2405 2407
  td 2430 2432
  td 2913 2915
  td 3033 3035
  td 3060 3062
  td 3090 3092
  td 3171 3173
  td 3201 3203
  td 3282 3284
  td 3312 3314
  td 3338 3340
  td 3368 3370
  td 3398 3400
  td 3524 3526
  td 3558 3560
  td 3583 3585
  td 4193 4195
  td 4218 4220
  td 4266 4268
  tr 4312 4314
  tr 5008 5010
  td 5025 5027
  strong 5060 5066
  strong 5095 5101
  td 5104 5106
  td 5121 5123
  strong 5155 5161
  strong 5180 5186
  td 5189 5191
  td 5237 5239
  strong 5253 5259
  td 5312 5314
  td 5358 5360
  strong 5374 5380
  td 5434 5436
  tr 5478 5480
  tbody 5488 5493
  table 5497 5502
  script 5555 5561
  script 6355 6361
Invalid Selector
ExamRecord::where( 4829
  script 54 60
  script 113 119
  script 122 128
  script 181 187
  table 191 196
  tbody 250 255
  tr 266 268
  td 283 285
  strong 287 293
  strong 300 306
  td 343 345
  td 398 400
  strong 402 408
  strong 430 436
  td 457 459
  td 474 476
  strong 478 484
  strong 494 500
  td 537 539
  tr 551 553
  tr 564 566
  td 581 583
  strong 585 591
  strong 616 622
  td 680 682
  td 697 699
  strong 701 707
  strong 727 733
  td 752 754
  td 769 771
  strong 773 779
  strong 786 792
  td 929 931
  tr 943 945
  tbody 954 959
  table 963 968
  table 973 978
  thead 1119 1124
  tr 1135 1137
  th 1152 1154
  th 1171 1173
  th 1188 1190
  th 1213 1215
  th 1230 1232
  br 1249 1251
  th 1258 1260
  th 1275 1277
  br 1294 1296
  th 1303 1305
  th 1320 1322
  br 1343 1345
  th 1352 1354
  th 1369 1371
  br 1398 1400
  th 1403 1405
  th 1490 1492
  br 1512 1514
  sup 1524 1527
  sup 1531 1534
  th 1547 1549
  th 1564 1566
  sup 1581 1584
  sup 1589 1592
  br 1595 1597
  th 1610 1612
  th 1627 1629
  sup 1644 1647
  sup 1651 1654
  br 1657 1659
  th 1672 1674
  th 1689 1691
  br 1716 1718
  sup 1722 1725
  sup 1730 1733
  sup 1739 1742
  sup 1746 1749
  sup 1755 1758
  sup 1762 1765
  th 1768 1770
  th 1785 1787
  th 1809 1811
  th 1851 1853
  th 1879 1881
  th 1896 1898
  th 1928 1930
  th 1945 1947
  th 1971 1973
  tr 1985 1987
  thead 1995 2000
  tbody 2008 2013
  tr 2065 2067
  td 2086 2088
  td 2113 2115
  td 2134 2136
  td 2155 2157
  td 2279 2281
  td 2304 2306
  td 2329 2331
  td 2354 2356
  td 2379 2381
  td 2405 2407
  td 2430 2432
  td 2913 2915
  td 3033 3035
  td 3060 3062
  td 3090 3092
  td 3171 3173
  td 3201 3203
  td 3282 3284
  td 3312 3314
  td 3338 3340
  td 3368 3370
  td 3398 3400
  td 3524 3526
  td 3558 3560
  td 3583 3585
  td 4193 4195
  td 4218 4220
  td 4266 4268
  tr 4312 4314
  tr 5008 5010
  td 5025 5027
  strong 5060 5066
  strong 5095 5101
  td 5104 5106
  td 5121 5123
  strong 5155 5161
  strong 5180 5186
  td 5189 5191
  td 5237 5239
  strong 5253 5259
  td 5312 5314
  td 5358 5360
  strong 5374 5380
  td 5434 5436
  tr 5478 5480
  tbody 5488 5493
  table 5497 5502
  script 5555 5561
  script 6355 6361
Invalid Selector
$total_eleve 4703
  script 54 60
  script 113 119
  script 122 128
  script 181 187
  table 191 196
  tbody 250 255
  tr 266 268
  td 283 285
  strong 287 293
  strong 300 306
  td 343 345
  td 398 400
  strong 402 408
  strong 430 436
  td 457 459
  td 474 476
  strong 478 484
  strong 494 500
  td 537 539
  tr 551 553
  tr 564 566
  td 581 583
  strong 585 591
  strong 616 622
  td 680 682
  td 697 699
  strong 701 707
  strong 727 733
  td 752 754
  td 769 771
  strong 773 779
  strong 786 792
  td 929 931
  tr 943 945
  tbody 954 959
  table 963 968
  table 973 978
  thead 1119 1124
  tr 1135 1137
  th 1152 1154
  th 1171 1173
  th 1188 1190
  th 1213 1215
  th 1230 1232
  br 1249 1251
  th 1258 1260
  th 1275 1277
  br 1294 1296
  th 1303 1305
  th 1320 1322
  br 1343 1345
  th 1352 1354
  th 1369 1371
  br 1398 1400
  th 1403 1405
  th 1490 1492
  br 1512 1514
  sup 1524 1527
  sup 1531 1534
  th 1547 1549
  th 1564 1566
  sup 1581 1584
  sup 1589 1592
  br 1595 1597
  th 1610 1612
  th 1627 1629
  sup 1644 1647
  sup 1651 1654
  br 1657 1659
  th 1672 1674
  th 1689 1691
  br 1716 1718
  sup 1722 1725
  sup 1730 1733
  sup 1739 1742
  sup 1746 1749
  sup 1755 1758
  sup 1762 1765
  th 1768 1770
  th 1785 1787
  th 1809 1811
  th 1851 1853
  th 1879 1881
  th 1896 1898
  th 1928 1930
  th 1945 1947
  th 1971 1973
  tr 1985 1987
  thead 1995 2000
  tbody 2008 2013
  tr 2065 2067
  td 2086 2088
  td 2113 2115
  td 2134 2136
  td 2155 2157
  td 2279 2281
  td 2304 2306
  td 2329 2331
  td 2354 2356
  td 2379 2381
  td 2405 2407
  td 2430 2432
  td 2913 2915
  td 3033 3035
  td 3060 3062
  td 3090 3092
  td 3171 3173
  td 3201 3203
  td 3282 3284
  td 3312 3314
  td 3338 3340
  td 3368 3370
  td 3398 3400
  td 3524 3526
  td 3558 3560
  td 3583 3585
  td 4193 4195
  td 4218 4220
  td 4266 4268
  tr 4312 4314
  tr 5008 5010
  td 5025 5027
  strong 5060 5066
  strong 5095 5101
  td 5104 5106
  td 5121 5123
  strong 5155 5161
  strong 5180 5186
  td 5189 5191
  td 5237 5239
  strong 5253 5259
  td 5312 5314
  td 5358 5360
  strong 5374 5380
  td 5434 5436
  tr 5478 5480
  tbody 5488 5493
  table 5497 5502
  script 5555 5561
  script 6355 6361
Invalid Selector
dd($section); 4615
  script 54 60
  script 113 119
  script 122 128
  script 181 187
  table 191 196
  tbody 250 255
  tr 266 268
  td 283 285
  strong 287 293
  strong 300 306
  td 343 345
  td 398 400
  strong 402 408
  strong 430 436
  td 457 459
  td 474 476
  strong 478 484
  strong 494 500
  td 537 539
  tr 551 553
  tr 564 566
  td 581 583
  strong 585 591
  strong 616 622
  td 680 682
  td 697 699
  strong 701 707
  strong 727 733
  td 752 754
  td 769 771
  strong 773 779
  strong 786 792
  td 929 931
  tr 943 945
  tbody 954 959
  table 963 968
  table 973 978
  thead 1119 1124
  tr 1135 1137
  th 1152 1154
  th 1171 1173
  th 1188 1190
  th 1213 1215
  th 1230 1232
  br 1249 1251
  th 1258 1260
  th 1275 1277
  br 1294 1296
  th 1303 1305
  th 1320 1322
  br 1343 1345
  th 1352 1354
  th 1369 1371
  br 1398 1400
  th 1403 1405
  th 1490 1492
  br 1512 1514
  sup 1524 1527
  sup 1531 1534
  th 1547 1549
  th 1564 1566
  sup 1581 1584
  sup 1589 1592
  br 1595 1597
  th 1610 1612
  th 1627 1629
  sup 1644 1647
  sup 1651 1654
  br 1657 1659
  th 1672 1674
  th 1689 1691
  br 1716 1718
  sup 1722 1725
  sup 1730 1733
  sup 1739 1742
  sup 1746 1749
  sup 1755 1758
  sup 1762 1765
  th 1768 1770
  th 1785 1787
  th 1809 1811
  th 1851 1853
  th 1879 1881
  th 1896 1898
  th 1928 1930
  th 1945 1947
  th 1971 1973
  tr 1985 1987
  thead 1995 2000
  tbody 2008 2013
  tr 2065 2067
  td 2086 2088
  td 2113 2115
  td 2134 2136
  td 2155 2157
  td 2279 2281
  td 2304 2306
  td 2329 2331
  td 2354 2356
  td 2379 2381
  td 2405 2407
  td 2430 2432
  td 2913 2915
  td 3033 3035
  td 3060 3062
  td 3090 3092
  td 3171 3173
  td 3201 3203
  td 3282 3284
  td 3312 3314
  td 3338 3340
  td 3368 3370
  td 3398 3400
  td 3524 3526
  td 3558 3560
  td 3583 3585
  td 4193 4195
  td 4218 4220
  td 4266 4268
  tr 4312 4314
  tr 5008 5010
  td 5025 5027
  strong 5060 5066
  strong 5095 5101
  td 5104 5106
  td 5121 5123
  strong 5155 5161
  strong 5180 5186
  td 5189 5191
  td 5237 5239
  strong 5253 5259
  td 5312 5314
  td 5358 5360
  strong 5374 5380
  td 5434 5436
  tr 5478 5480
  tbody 5488 5493
  table 5497 5502
  script 5555 5561
  script 6355 6361
Invalid Selector
App\Models\Section; 4503
  script 54 60
  script 113 119
  script 122 128
  script 181 187
  table 191 196
  tbody 250 255
  tr 266 268
  td 283 285
  strong 287 293
  strong 300 306
  td 343 345
  td 398 400
  strong 402 408
  strong 430 436
  td 457 459
  td 474 476
  strong 478 484
  strong 494 500
  td 537 539
  tr 551 553
  tr 564 566
  td 581 583
  strong 585 591
  strong 616 622
  td 680 682
  td 697 699
  strong 701 707
  strong 727 733
  td 752 754
  td 769 771
  strong 773 779
  strong 786 792
  td 929 931
  tr 943 945
  tbody 954 959
  table 963 968
  table 973 978
  thead 1119 1124
  tr 1135 1137
  th 1152 1154
  th 1171 1173
  th 1188 1190
  th 1213 1215
  th 1230 1232
  br 1249 1251
  th 1258 1260
  th 1275 1277
  br 1294 1296
  th 1303 1305
  th 1320 1322
  br 1343 1345
  th 1352 1354
  th 1369 1371
  br 1398 1400
  th 1403 1405
  th 1490 1492
  br 1512 1514
  sup 1524 1527
  sup 1531 1534
  th 1547 1549
  th 1564 1566
  sup 1581 1584
  sup 1589 1592
  br 1595 1597
  th 1610 1612
  th 1627 1629
  sup 1644 1647
  sup 1651 1654
  br 1657 1659
  th 1672 1674
  th 1689 1691
  br 1716 1718
  sup 1722 1725
  sup 1730 1733
  sup 1739 1742
  sup 1746 1749
  sup 1755 1758
  sup 1762 1765
  th 1768 1770
  th 1785 1787
  th 1809 1811
  th 1851 1853
  th 1879 1881
  th 1896 1898
  th 1928 1930
  th 1945 1947
  th 1971 1973
  tr 1985 1987
  thead 1995 2000
  tbody 2008 2013
  tr 2065 2067
  td 2086 2088
  td 2113 2115
  td 2134 2136
  td 2155 2157
  td 2279 2281
  td 2304 2306
  td 2329 2331
  td 2354 2356
  td 2379 2381
  td 2405 2407
  td 2430 2432
  td 2913 2915
  td 3033 3035
  td 3060 3062
  td 3090 3092
  td 3171 3173
  td 3201 3203
  td 3282 3284
  td 3312 3314
  td 3338 3340
  td 3368 3370
  td 3398 3400
  td 3524 3526
  td 3558 3560
  td 3583 3585
  td 4193 4195
  td 4218 4220
  td 4266 4268
  tr 4312 4314
  tr 5008 5010
  td 5025 5027
  strong 5060 5066
  strong 5095 5101
  td 5104 5106
  td 5121 5123
  strong 5155 5161
  strong 5180 5186
  td 5189 5191
  td 5237 5239
  strong 5253 5259
  td 5312 5314
  td 5358 5360
  strong 5374 5380
  td 5434 5436
  tr 5478 5480
  tbody 5488 5493
  table 5497 5502
  script 5555 5561
  script 6355 6361
Invalid Selector
App\Models\StudentRecord; 4421
  script 54 60
  script 113 119
  script 122 128
  script 181 187
  table 191 196
  tbody 250 255
  tr 266 268
  td 283 285
  strong 287 293
  strong 300 306
  td 343 345
  td 398 400
  strong 402 408
  strong 430 436
  td 457 459
  td 474 476
  strong 478 484
  strong 494 500
  td 537 539
  tr 551 553
  tr 564 566
  td 581 583
  strong 585 591
  strong 616 622
  td 680 682
  td 697 699
  strong 701 707
  strong 727 733
  td 752 754
  td 769 771
  strong 773 779
  strong 786 792
  td 929 931
  tr 943 945
  tbody 954 959
  table 963 968
  table 973 978
  thead 1119 1124
  tr 1135 1137
  th 1152 1154
  th 1171 1173
  th 1188 1190
  th 1213 1215
  th 1230 1232
  br 1249 1251
  th 1258 1260
  th 1275 1277
  br 1294 1296
  th 1303 1305
  th 1320 1322
  br 1343 1345
  th 1352 1354
  th 1369 1371
  br 1398 1400
  th 1403 1405
  th 1490 1492
  br 1512 1514
  sup 1524 1527
  sup 1531 1534
  th 1547 1549
  th 1564 1566
  sup 1581 1584
  sup 1589 1592
  br 1595 1597
  th 1610 1612
  th 1627 1629
  sup 1644 1647
  sup 1651 1654
  br 1657 1659
  th 1672 1674
  th 1689 1691
  br 1716 1718
  sup 1722 1725
  sup 1730 1733
  sup 1739 1742
  sup 1746 1749
  sup 1755 1758
  sup 1762 1765
  th 1768 1770
  th 1785 1787
  th 1809 1811
  th 1851 1853
  th 1879 1881
  th 1896 1898
  th 1928 1930
  th 1945 1947
  th 1971 1973
  tr 1985 1987
  thead 1995 2000
  tbody 2008 2013
  tr 2065 2067
  td 2086 2088
  td 2113 2115
  td 2134 2136
  td 2155 2157
  td 2279 2281
  td 2304 2306
  td 2329 2331
  td 2354 2356
  td 2379 2381
  td 2405 2407
  td 2430 2432
  td 2913 2915
  td 3033 3035
  td 3060 3062
  td 3090 3092
  td 3171 3173
  td 3201 3203
  td 3282 3284
  td 3312 3314
  td 3338 3340
  td 3368 3370
  td 3398 3400
  td 3524 3526
  td 3558 3560
  td 3583 3585
  td 4193 4195
  td 4218 4220
  td 4266 4268
  tr 4312 4314
  tr 5008 5010
  td 5025 5027
  strong 5060 5066
  strong 5095 5101
  td 5104 5106
  td 5121 5123
  strong 5155 5161
  strong 5180 5186
  td 5189 5191
  td 5237 5239
  strong 5253 5259
  td 5312 5314
  td 5358 5360
  strong 5374 5380
  td 5434 5436
  tr 5478 5480
  tbody 5488 5493
  table 5497 5502
  script 5555 5561
  script 6355 6361
Invalid Selector
ELEVE 4357
  script 54 60
  script 113 119
  script 122 128
  script 181 187
  table 191 196
  tbody 250 255
  tr 266 268
  td 283 285
  strong 287 293
  strong 300 306
  td 343 345
  td 398 400
  strong 402 408
  strong 430 436
  td 457 459
  td 474 476
  strong 478 484
  strong 494 500
  td 537 539
  tr 551 553
  tr 564 566
  td 581 583
  strong 585 591
  strong 616 622
  td 680 682
  td 697 699
  strong 701 707
  strong 727 733
  td 752 754
  td 769 771
  strong 773 779
  strong 786 792
  td 929 931
  tr 943 945
  tbody 954 959
  table 963 968
  table 973 978
  thead 1119 1124
  tr 1135 1137
  th 1152 1154
  th 1171 1173
  th 1188 1190
  th 1213 1215
  th 1230 1232
  br 1249 1251
  th 1258 1260
  th 1275 1277
  br 1294 1296
  th 1303 1305
  th 1320 1322
  br 1343 1345
  th 1352 1354
  th 1369 1371
  br 1398 1400
  th 1403 1405
  th 1490 1492
  br 1512 1514
  sup 1524 1527
  sup 1531 1534
  th 1547 1549
  th 1564 1566
  sup 1581 1584
  sup 1589 1592
  br 1595 1597
  th 1610 1612
  th 1627 1629
  sup 1644 1647
  sup 1651 1654
  br 1657 1659
  th 1672 1674
  th 1689 1691
  br 1716 1718
  sup 1722 1725
  sup 1730 1733
  sup 1739 1742
  sup 1746 1749
  sup 1755 1758
  sup 1762 1765
  th 1768 1770
  th 1785 1787
  th 1809 1811
  th 1851 1853
  th 1879 1881
  th 1896 1898
  th 1928 1930
  th 1945 1947
  th 1971 1973
  tr 1985 1987
  thead 1995 2000
  tbody 2008 2013
  tr 2065 2067
  td 2086 2088
  td 2113 2115
  td 2134 2136
  td 2155 2157
  td 2279 2281
  td 2304 2306
  td 2329 2331
  td 2354 2356
  td 2379 2381
  td 2405 2407
  td 2430 2432
  td 2913 2915
  td 3033 3035
  td 3060 3062
  td 3090 3092
  td 3171 3173
  td 3201 3203
  td 3282 3284
  td 3312 3314
  td 3338 3340
  td 3368 3370
  td 3398 3400
  td 3524 3526
  td 3558 3560
  td 3583 3585
  td 4193 4195
  td 4218 4220
  td 4266 4268
  tr 4312 4314
  tr 5008 5010
  td 5025 5027
  strong 5060 5066
  strong 5095 5101
  td 5104 5106
  td 5121 5123
  strong 5155 5161
  strong 5180 5186
  td 5189 5191
  td 5237 5239
  strong 5253 5259
  td 5312 5314
  td 5358 5360
  strong 5374 5380
  td 5434 5436
  tr 5478 5480
  tbody 5488 5493
  table 5497 5502
  script 5555 5561
  script 6355 6361
Invalid Selector
tr 5005
  script 54 60
  script 113 119
  script 122 128
  script 181 187
  table 191 196
  tbody 250 255
  tr 266 268
  td 283 285
  strong 287 293
  strong 300 306
  td 343 345
  td 398 400
  strong 402 408
  strong 430 436
  td 457 459
  td 474 476
  strong 478 484
  strong 494 500
  td 537 539
  tr 551 553
  tr 564 566
  td 581 583
  strong 585 591
  strong 616 622
  td 680 682
  td 697 699
  strong 701 707
  strong 727 733
  td 752 754
  td 769 771
  strong 773 779
  strong 786 792
  td 929 931
  tr 943 945
  tbody 954 959
  table 963 968
  table 973 978
  thead 1119 1124
  tr 1135 1137
  th 1152 1154
  th 1171 1173
  th 1188 1190
  th 1213 1215
  th 1230 1232
  br 1249 1251
  th 1258 1260
  th 1275 1277
  br 1294 1296
  th 1303 1305
  th 1320 1322
  br 1343 1345
  th 1352 1354
  th 1369 1371
  br 1398 1400
  th 1403 1405
  th 1490 1492
  br 1512 1514
  sup 1524 1527
  sup 1531 1534
  th 1547 1549
  th 1564 1566
  sup 1581 1584
  sup 1589 1592
  br 1595 1597
  th 1610 1612
  th 1627 1629
  sup 1644 1647
  sup 1651 1654
  br 1657 1659
  th 1672 1674
  th 1689 1691
  br 1716 1718
  sup 1722 1725
  sup 1730 1733
  sup 1739 1742
  sup 1746 1749
  sup 1755 1758
  sup 1762 1765
  th 1768 1770
  th 1785 1787
  th 1809 1811
  th 1851 1853
  th 1879 1881
  th 1896 1898
  th 1928 1930
  th 1945 1947
  th 1971 1973
  tr 1985 1987
  thead 1995 2000
  tbody 2008 2013
  tr 2065 2067
  td 2086 2088
  td 2113 2115
  td 2134 2136
  td 2155 2157
  td 2279 2281
  td 2304 2306
  td 2329 2331
  td 2354 2356
  td 2379 2381
  td 2405 2407
  td 2430 2432
  td 2913 2915
  td 3033 3035
  td 3060 3062
  td 3090 3092
  td 3171 3173
  td 3201 3203
  td 3282 3284
  td 3312 3314
  td 3338 3340
  td 3368 3370
  td 3398 3400
  td 3524 3526
  td 3558 3560
  td 3583 3585
  td 4193 4195
  td 4218 4220
  td 4266 4268
  tr 4312 4314
  tr 5005 5007
tr is a "html tag"
Parsing htmlDescriptor.css
htmlDescriptor.css has 30 symbols
Searching through them all for /(^|[\s>+~])tr(\[[^\]]*\]|:{1,2}[\w-()]+|\.[\w-]+|#[\w-]+)*\s*/
Done
exception.css has 214 symbols
Searching through them all for /(^|[\s>+~])tr(\[[^\]]*\]|:{1,2}[\w-()]+|\.[\w-]+|#[\w-]+)*\s*/
Done
default.css has 45 symbols
Searching through them all for /(^|[\s>+~])tr(\[[^\]]*\]|:{1,2}[\w-()]+|\.[\w-]+|#[\w-]+)*\s*/
Done
components.css has 4341 symbols
Searching through them all for /(^|[\s>+~])tr(\[[^\]]*\]|:{1,2}[\w-()]+|\.[\w-]+|#[\w-]+)*\s*/
Done
bootstrap_limitless.css has 1198 symbols
Searching through them all for /(^|[\s>+~])tr(\[[^\]]*\]|:{1,2}[\w-()]+|\.[\w-]+|#[\w-]+)*\s*/
Done
print_tabulation.css has 7 symbols
Searching through them all for /(^|[\s>+~])tr(\[[^\]]*\]|:{1,2}[\w-()]+|\.[\w-]+|#[\w-]+)*\s*/
Done
receipt.css has 17 symbols
Searching through them all for /(^|[\s>+~])tr(\[[^\]]*\]|:{1,2}[\w-()]+|\.[\w-]+|#[\w-]+)*\s*/
Done
bootstrap_limitless.min.css has 1198 symbols
Searching through them all for /(^|[\s>+~])tr(\[[^\]]*\]|:{1,2}[\w-()]+|\.[\w-]+|#[\w-]+)*\s*/
Done
my_print.css has 14 symbols
Searching through them all for /(^|[\s>+~])tr(\[[^\]]*\]|:{1,2}[\w-()]+|\.[\w-]+|#[\w-]+)*\s*/
Done
Parsing colors.css
colors.css has 897 symbols
Searching through them all for /(^|[\s>+~])tr(\[[^\]]*\]|:{1,2}[\w-()]+|\.[\w-]+|#[\w-]+)*\s*/
Done
Parsing layout.min.css
layout.min.css has 396 symbols
Searching through them all for /(^|[\s>+~])tr(\[[^\]]*\]|:{1,2}[\w-()]+|\.[\w-]+|#[\w-]+)*\s*/
Done
bootstrap-datepicker.min.css has 221 symbols
Searching through them all for /(^|[\s>+~])tr(\[[^\]]*\]|:{1,2}[\w-()]+|\.[\w-]+|#[\w-]+)*\s*/
Done
bootstrap.min.css has 2572 symbols
Searching through them all for /(^|[\s>+~])tr(\[[^\]]*\]|:{1,2}[\w-()]+|\.[\w-]+|#[\w-]+)*\s*/
Done
Parsing layout.css
layout.css has 396 symbols
Searching through them all for /(^|[\s>+~])tr(\[[^\]]*\]|:{1,2}[\w-()]+|\.[\w-]+|#[\w-]+)*\s*/
Done
bootstrap.css has 2572 symbols
Searching through them all for /(^|[\s>+~])tr(\[[^\]]*\]|:{1,2}[\w-()]+|\.[\w-]+|#[\w-]+)*\s*/
Done
components.min.css has 4339 symbols
Searching through them all for /(^|[\s>+~])tr(\[[^\]]*\]|:{1,2}[\w-()]+|\.[\w-]+|#[\w-]+)*\s*/
Done
Parsing animate.min.css
animate.min.css has 232 symbols
Searching through them all for /(^|[\s>+~])tr(\[[^\]]*\]|:{1,2}[\w-()]+|\.[\w-]+|#[\w-]+)*\s*/
Done
Parsing contents.css
contents.css has 25 symbols
Searching through them all for /(^|[\s>+~])tr(\[[^\]]*\]|:{1,2}[\w-()]+|\.[\w-]+|#[\w-]+)*\s*/
Done
Parsing trumbowyg.mathml.min.css
trumbowyg.mathml.min.css has 8 symbols
Searching through them all for /(^|[\s>+~])tr(\[[^\]]*\]|:{1,2}[\w-()]+|\.[\w-]+|#[\w-]+)*\s*/
Done
Parsing trumbowyg.mathml.css
trumbowyg.mathml.css has 4 symbols
Searching through them all for /(^|[\s>+~])tr(\[[^\]]*\]|:{1,2}[\w-()]+|\.[\w-]+|#[\w-]+)*\s*/
Done
Parsing trumbowyg.mathml.scss
trumbowyg.mathml.scss has 4 symbols
Searching through them all for /(^|[\s>+~])tr(\[[^\]]*\]|:{1,2}[\w-()]+|\.[\w-]+|#[\w-]+)*\s*/
Done
Parsing trumbowyg.colors.min.css
trumbowyg.colors.min.css has 10 symbols
Searching through them all for /(^|[\s>+~])tr(\[[^\]]*\]|:{1,2}[\w-()]+|\.[\w-]+|#[\w-]+)*\s*/
Done
Parsing editor.css
editor.css has 444 symbols
Searching through them all for /(^|[\s>+~])tr(\[[^\]]*\]|:{1,2}[\w-()]+|\.[\w-]+|#[\w-]+)*\s*/
Done
Parsing trumbowyg.emoji.min.css
trumbowyg.emoji.min.css has 6 symbols
Searching through them all for /(^|[\s>+~])tr(\[[^\]]*\]|:{1,2}[\w-()]+|\.[\w-]+|#[\w-]+)*\s*/
Done
dialog_ie8.css has 161 symbols
Searching through them all for /(^|[\s>+~])tr(\[[^\]]*\]|:{1,2}[\w-()]+|\.[\w-]+|#[\w-]+)*\s*/
Done
dialog_ie.css has 173 symbols
Searching through them all for /(^|[\s>+~])tr(\[[^\]]*\]|:{1,2}[\w-()]+|\.[\w-]+|#[\w-]+)*\s*/
Done
dialog_iequirks.css has 158 symbols
Searching through them all for /(^|[\s>+~])tr(\[[^\]]*\]|:{1,2}[\w-()]+|\.[\w-]+|#[\w-]+)*\s*/
Done
Parsing _reset.scss
_reset.scss has 16 symbols
Searching through them all for /(^|[\s>+~])tr(\[[^\]]*\]|:{1,2}[\w-()]+|\.[\w-]+|#[\w-]+)*\s*/
Done
_colorpanel.scss has 20 symbols
Searching through them all for /(^|[\s>+~])tr(\[[^\]]*\]|:{1,2}[\w-()]+|\.[\w-]+|#[\w-]+)*\s*/
Done
dialog.scss has 155 symbols
Searching through them all for /(^|[\s>+~])tr(\[[^\]]*\]|:{1,2}[\w-()]+|\.[\w-]+|#[\w-]+)*\s*/
Done
Parsing _mainui.scss
_mainui.scss has 19 symbols
Searching through them all for /(^|[\s>+~])tr(\[[^\]]*\]|:{1,2}[\w-()]+|\.[\w-]+|#[\w-]+)*\s*/
Done
dialog_opera.css has 160 symbols
Searching through them all for /(^|[\s>+~])tr(\[[^\]]*\]|:{1,2}[\w-()]+|\.[\w-]+|#[\w-]+)*\s*/
Done
Parsing editor_ie7.css
editor_ie7.css has 245 symbols
Searching through them all for /(^|[\s>+~])tr(\[[^\]]*\]|:{1,2}[\w-()]+|\.[\w-]+|#[\w-]+)*\s*/
Done
dialog_opera.css has 160 symbols
Searching through them all for /(^|[\s>+~])tr(\[[^\]]*\]|:{1,2}[\w-()]+|\.[\w-]+|#[\w-]+)*\s*/
Done
Parsing editor_ie7.css
editor_ie7.css has 245 symbols
Searching through them all for /(^|[\s>+~])tr(\[[^\]]*\]|:{1,2}[\w-()]+|\.[\w-]+|#[\w-]+)*\s*/
Done
Parsing editor_gecko.css
editor_gecko.css has 444 symbols
Searching through them all for /(^|[\s>+~])tr(\[[^\]]*\]|:{1,2}[\w-()]+|\.[\w-]+|#[\w-]+)*\s*/
Done
dialog_iequirks.css has 158 symbols
Searching through them all for /(^|[\s>+~])tr(\[[^\]]*\]|:{1,2}[\w-()]+|\.[\w-]+|#[\w-]+)*\s*/
Done
Parsing editor_gecko.css
editor_gecko.css has 444 symbols
Searching through them all for /(^|[\s>+~])tr(\[[^\]]*\]|:{1,2}[\w-()]+|\.[\w-]+|#[\w-]+)*\s*/
Done
dialog_ie.css has 173 symbols
Searching through them all for /(^|[\s>+~])tr(\[[^\]]*\]|:{1,2}[\w-()]+|\.[\w-]+|#[\w-]+)*\s*/
Done
Parsing editor_ie.css
editor_ie.css has 234 symbols
Searching through them all for /(^|[\s>+~])tr(\[[^\]]*\]|:{1,2}[\w-()]+|\.[\w-]+|#[\w-]+)*\s*/
Done
Parsing _richcombo.scss
_richcombo.scss has 30 symbols
Searching through them all for /(^|[\s>+~])tr(\[[^\]]*\]|:{1,2}[\w-()]+|\.[\w-]+|#[\w-]+)*\s*/
Done
Parsing trumbowyg.emoji.scss
trumbowyg.emoji.scss has 7 symbols
Searching through them all for /(^|[\s>+~])tr(\[[^\]]*\]|:{1,2}[\w-()]+|\.[\w-]+|#[\w-]+)*\s*/
Done
Parsing editor_ie.css
editor_ie.css has 234 symbols
Searching through them all for /(^|[\s>+~])tr(\[[^\]]*\]|:{1,2}[\w-()]+|\.[\w-]+|#[\w-]+)*\s*/
Done
Parsing editor_ie8.css
editor_ie8.css has 212 symbols
Searching through them all for /(^|[\s>+~])tr(\[[^\]]*\]|:{1,2}[\w-()]+|\.[\w-]+|#[\w-]+)*\s*/
Done
Parsing editor_ie8.css
editor_ie8.css has 212 symbols
Searching through them all for /(^|[\s>+~])tr(\[[^\]]*\]|:{1,2}[\w-()]+|\.[\w-]+|#[\w-]+)*\s*/
Done
Parsing _toolbar.scss
_toolbar.scss has 50 symbols
Searching through them all for /(^|[\s>+~])tr(\[[^\]]*\]|:{1,2}[\w-()]+|\.[\w-]+|#[\w-]+)*\s*/
Done
dialog_ie7.css has 172 symbols
Searching through them all for /(^|[\s>+~])tr(\[[^\]]*\]|:{1,2}[\w-()]+|\.[\w-]+|#[\w-]+)*\s*/
Done
dialog_ie7.css has 172 symbols
Searching through them all for /(^|[\s>+~])tr(\[[^\]]*\]|:{1,2}[\w-()]+|\.[\w-]+|#[\w-]+)*\s*/
Done
Parsing _menu.scss
_menu.scss has 41 symbols
Searching through them all for /(^|[\s>+~])tr(\[[^\]]*\]|:{1,2}[\w-()]+|\.[\w-]+|#[\w-]+)*\s*/
Done
dialog_ie8.css has 161 symbols
Searching through them all for /(^|[\s>+~])tr(\[[^\]]*\]|:{1,2}[\w-()]+|\.[\w-]+|#[\w-]+)*\s*/
Done
Parsing trumbowyg.mention.scss
trumbowyg.mention.scss has 4 symbols
Searching through them all for /(^|[\s>+~])tr(\[[^\]]*\]|:{1,2}[\w-()]+|\.[\w-]+|#[\w-]+)*\s*/
Done
Parsing dialog_ie7.scss
dialog_ie7.scss has 15 symbols
Searching through them all for /(^|[\s>+~])tr(\[[^\]]*\]|:{1,2}[\w-()]+|\.[\w-]+|#[\w-]+)*\s*/
Done
Parsing editor_iequirks.scss
editor_iequirks.scss has 26 symbols
Searching through them all for /(^|[\s>+~])tr(\[[^\]]*\]|:{1,2}[\w-()]+|\.[\w-]+|#[\w-]+)*\s*/
Done
dialog_opera.scss has 3 symbols
Searching through them all for /(^|[\s>+~])tr(\[[^\]]*\]|:{1,2}[\w-()]+|\.[\w-]+|#[\w-]+)*\s*/
Done
Parsing trumbowyg.mention.css
trumbowyg.mention.css has 4 symbols
Searching through them all for /(^|[\s>+~])tr(\[[^\]]*\]|:{1,2}[\w-()]+|\.[\w-]+|#[\w-]+)*\s*/
Done
Parsing editor_iequirks.css
editor_iequirks.css has 228 symbols
Searching through them all for /(^|[\s>+~])tr(\[[^\]]*\]|:{1,2}[\w-()]+|\.[\w-]+|#[\w-]+)*\s*/
Done
Parsing editor_ie.scss
editor_ie.scss has 25 symbols
Searching through them all for /(^|[\s>+~])tr(\[[^\]]*\]|:{1,2}[\w-()]+|\.[\w-]+|#[\w-]+)*\s*/
Done
Parsing trumbowyg.mention.min.css
trumbowyg.mention.min.css has 4 symbols
Searching through them all for /(^|[\s>+~])tr(\[[^\]]*\]|:{1,2}[\w-()]+|\.[\w-]+|#[\w-]+)*\s*/
Done
Parsing editor_iequirks.css
editor_iequirks.css has 228 symbols
Searching through them all for /(^|[\s>+~])tr(\[[^\]]*\]|:{1,2}[\w-()]+|\.[\w-]+|#[\w-]+)*\s*/
Done
dialog.css has 159 symbols
Searching through them all for /(^|[\s>+~])tr(\[[^\]]*\]|:{1,2}[\w-()]+|\.[\w-]+|#[\w-]+)*\s*/
Done
Parsing editor.css
editor.css has 444 symbols
Searching through them all for /(^|[\s>+~])tr(\[[^\]]*\]|:{1,2}[\w-()]+|\.[\w-]+|#[\w-]+)*\s*/
Done
dialog.css has 159 symbols
Searching through them all for /(^|[\s>+~])tr(\[[^\]]*\]|:{1,2}[\w-()]+|\.[\w-]+|#[\w-]+)*\s*/
Done
Parsing trumbowyg.colors.css
trumbowyg.colors.css has 10 symbols
Searching through them all for /(^|[\s>+~])tr(\[[^\]]*\]|:{1,2}[\w-()]+|\.[\w-]+|#[\w-]+)*\s*/
Done
Parsing trumbowyg.emoji.css
trumbowyg.emoji.css has 6 symbols
Searching through them all for /(^|[\s>+~])tr(\[[^\]]*\]|:{1,2}[\w-()]+|\.[\w-]+|#[\w-]+)*\s*/
Done
Parsing trumbowyg.colors.scss
trumbowyg.colors.scss has 7 symbols
Searching through them all for /(^|[\s>+~])tr(\[[^\]]*\]|:{1,2}[\w-()]+|\.[\w-]+|#[\w-]+)*\s*/
Done
Parsing _mainui.scss
_mainui.scss has 19 symbols
Searching through them all for /(^|[\s>+~])tr(\[[^\]]*\]|:{1,2}[\w-()]+|\.[\w-]+|#[\w-]+)*\s*/
Done
Parsing _richcombo.scss
_richcombo.scss has 30 symbols
Searching through them all for /(^|[\s>+~])tr(\[[^\]]*\]|:{1,2}[\w-()]+|\.[\w-]+|#[\w-]+)*\s*/
Done
Parsing _reset.scss
_reset.scss has 16 symbols
Searching through them all for /(^|[\s>+~])tr(\[[^\]]*\]|:{1,2}[\w-()]+|\.[\w-]+|#[\w-]+)*\s*/
Done
dialog_opera.scss has 3 symbols
Searching through them all for /(^|[\s>+~])tr(\[[^\]]*\]|:{1,2}[\w-()]+|\.[\w-]+|#[\w-]+)*\s*/
Done
Parsing editor_iequirks.scss
editor_iequirks.scss has 26 symbols
Searching through them all for /(^|[\s>+~])tr(\[[^\]]*\]|:{1,2}[\w-()]+|\.[\w-]+|#[\w-]+)*\s*/
Done
Parsing dialog_ie7.scss
dialog_ie7.scss has 15 symbols
Searching through them all for /(^|[\s>+~])tr(\[[^\]]*\]|:{1,2}[\w-()]+|\.[\w-]+|#[\w-]+)*\s*/
Done
Parsing _menu.scss
_menu.scss has 41 symbols
Searching through them all for /(^|[\s>+~])tr(\[[^\]]*\]|:{1,2}[\w-()]+|\.[\w-]+|#[\w-]+)*\s*/
Done
Parsing _toolbar.scss
_toolbar.scss has 50 symbols
Searching through them all for /(^|[\s>+~])tr(\[[^\]]*\]|:{1,2}[\w-()]+|\.[\w-]+|#[\w-]+)*\s*/
Done
_colorpanel.scss has 20 symbols
Searching through them all for /(^|[\s>+~])tr(\[[^\]]*\]|:{1,2}[\w-()]+|\.[\w-]+|#[\w-]+)*\s*/
Done
dialog.scss has 155 symbols
Searching through them all for /(^|[\s>+~])tr(\[[^\]]*\]|:{1,2}[\w-()]+|\.[\w-]+|#[\w-]+)*\s*/
Done
Parsing editor_ie.scss
editor_ie.scss has 25 symbols
Searching through them all for /(^|[\s>+~])tr(\[[^\]]*\]|:{1,2}[\w-()]+|\.[\w-]+|#[\w-]+)*\s*/
Done
wsc.css has 18 symbols
Searching through them all for /(^|[\s>+~])tr(\[[^\]]*\]|:{1,2}[\w-()]+|\.[\w-]+|#[\w-]+)*\s*/
Done
Parsing _config.scss
_config.scss has 84 symbols
Searching through them all for /(^|[\s>+~])tr(\[[^\]]*\]|:{1,2}[\w-()]+|\.[\w-]+|#[\w-]+)*\s*/
Done
Parsing _progress.scss
_progress.scss has 5 symbols
Searching through them all for /(^|[\s>+~])tr(\[[^\]]*\]|:{1,2}[\w-()]+|\.[\w-]+|#[\w-]+)*\s*/
Done
Parsing _popover.scss
_popover.scss has 38 symbols
Searching through them all for /(^|[\s>+~])tr(\[[^\]]*\]|:{1,2}[\w-()]+|\.[\w-]+|#[\w-]+)*\s*/
Done
Parsing _transitions.scss
_transitions.scss has 5 symbols
Searching through them all for /(^|[\s>+~])tr(\[[^\]]*\]|:{1,2}[\w-()]+|\.[\w-]+|#[\w-]+)*\s*/
Done
Parsing _modal.scss
_modal.scss has 24 symbols
Searching through them all for /(^|[\s>+~])tr(\[[^\]]*\]|:{1,2}[\w-()]+|\.[\w-]+|#[\w-]+)*\s*/
Done
Parsing _navbar.scss
_navbar.scss has 51 symbols
Searching through them all for /(^|[\s>+~])tr(\[[^\]]*\]|:{1,2}[\w-()]+|\.[\w-]+|#[\w-]+)*\s*/
Done
_print.scss has 34 symbols
Searching through them all for /(^|[\s>+~])tr(\[[^\]]*\]|:{1,2}[\w-()]+|\.[\w-]+|#[\w-]+)*\s*/
Done
Parsing _sidebar.scss
_sidebar.scss has 284 symbols
Searching through them all for /(^|[\s>+~])tr(\[[^\]]*\]|:{1,2}[\w-()]+|\.[\w-]+|#[\w-]+)*\s*/
Done
Parsing _forms.scss
_forms.scss has 44 symbols
Searching through them all for /(^|[\s>+~])tr(\[[^\]]*\]|:{1,2}[\w-()]+|\.[\w-]+|#[\w-]+)*\s*/
Done
Parsing _sidebar.scss
_sidebar.scss has 295 symbols
Searching through them all for /(^|[\s>+~])tr(\[[^\]]*\]|:{1,2}[\w-()]+|\.[\w-]+|#[\w-]+)*\s*/
Done
Parsing _variables-custom.scss
_variables-custom.scss has 434 symbols
Searching through them all for /(^|[\s>+~])tr(\[[^\]]*\]|:{1,2}[\w-()]+|\.[\w-]+|#[\w-]+)*\s*/
Done
Parsing _close.scss
_close.scss has 3 symbols
Searching through them all for /(^|[\s>+~])tr(\[[^\]]*\]|:{1,2}[\w-()]+|\.[\w-]+|#[\w-]+)*\s*/
Done
Parsing _variables-core.scss
_variables-core.scss has 679 symbols
Searching through them all for /(^|[\s>+~])tr(\[[^\]]*\]|:{1,2}[\w-()]+|\.[\w-]+|#[\w-]+)*\s*/
Done
Parsing _variables-custom.scss
_variables-custom.scss has 439 symbols
Searching through them all for /(^|[\s>+~])tr(\[[^\]]*\]|:{1,2}[\w-()]+|\.[\w-]+|#[\w-]+)*\s*/
Done
Parsing _variables-core.scss
_variables-core.scss has 676 symbols
Searching through them all for /(^|[\s>+~])tr(\[[^\]]*\]|:{1,2}[\w-()]+|\.[\w-]+|#[\w-]+)*\s*/
Done
Parsing components.scss
components.scss has 0 symbols
Searching through them all for /(^|[\s>+~])tr(\[[^\]]*\]|:{1,2}[\w-()]+|\.[\w-]+|#[\w-]+)*\s*/
Done
Parsing _buttons.scss
_buttons.scss has 26 symbols
Searching through them all for /(^|[\s>+~])tr(\[[^\]]*\]|:{1,2}[\w-()]+|\.[\w-]+|#[\w-]+)*\s*/
Done
Parsing _images.scss
_images.scss has 5 symbols
Searching through them all for /(^|[\s>+~])tr(\[[^\]]*\]|:{1,2}[\w-()]+|\.[\w-]+|#[\w-]+)*\s*/
Done
Parsing _tooltip.scss
_tooltip.scss has 22 symbols
Searching through them all for /(^|[\s>+~])tr(\[[^\]]*\]|:{1,2}[\w-()]+|\.[\w-]+|#[\w-]+)*\s*/
Done
Parsing components.scss
components.scss has 0 symbols
Searching through them all for /(^|[\s>+~])tr(\[[^\]]*\]|:{1,2}[\w-()]+|\.[\w-]+|#[\w-]+)*\s*/
Done
Parsing _variables.scss
_variables.scss has 538 symbols
Searching through them all for /(^|[\s>+~])tr(\[[^\]]*\]|:{1,2}[\w-()]+|\.[\w-]+|#[\w-]+)*\s*/
Done
Parsing _gradients.scss
_gradients.scss has 8 symbols
Searching through them all for /(^|[\s>+~])tr(\[[^\]]*\]|:{1,2}[\w-()]+|\.[\w-]+|#[\w-]+)*\s*/
Done
Parsing _dropdown.scss
_dropdown.scss has 32 symbols
Searching through them all for /(^|[\s>+~])tr(\[[^\]]*\]|:{1,2}[\w-()]+|\.[\w-]+|#[\w-]+)*\s*/
Done
Parsing _custom-forms.scss
_custom-forms.scss has 63 symbols
Searching through them all for /(^|[\s>+~])tr(\[[^\]]*\]|:{1,2}[\w-()]+|\.[\w-]+|#[\w-]+)*\s*/
Done
Parsing _carousel.scss
_carousel.scss has 40 symbols
Searching through them all for /(^|[\s>+~])tr(\[[^\]]*\]|:{1,2}[\w-()]+|\.[\w-]+|#[\w-]+)*\s*/
Done
Parsing _variables-custom.scss
_variables-custom.scss has 439 symbols
Searching through them all for /(^|[\s>+~])tr(\[[^\]]*\]|:{1,2}[\w-()]+|\.[\w-]+|#[\w-]+)*\s*/
Done
Parsing _variables-core.scss
_variables-core.scss has 679 symbols
Searching through them all for /(^|[\s>+~])tr(\[[^\]]*\]|:{1,2}[\w-()]+|\.[\w-]+|#[\w-]+)*\s*/
Done
Parsing _variables-core.scss
_variables-core.scss has 676 symbols
Searching through them all for /(^|[\s>+~])tr(\[[^\]]*\]|:{1,2}[\w-()]+|\.[\w-]+|#[\w-]+)*\s*/
Done
Parsing _breadcrumb.scss
_breadcrumb.scss has 7 symbols
Searching through them all for /(^|[\s>+~])tr(\[[^\]]*\]|:{1,2}[\w-()]+|\.[\w-]+|#[\w-]+)*\s*/
Done
Parsing _reboot.scss
_reboot.scss has 100 symbols
Searching through them all for /(^|[\s>+~])tr(\[[^\]]*\]|:{1,2}[\w-()]+|\.[\w-]+|#[\w-]+)*\s*/
Done
Parsing _background.scss
_background.scss has 2 symbols
Searching through them all for /(^|[\s>+~])tr(\[[^\]]*\]|:{1,2}[\w-()]+|\.[\w-]+|#[\w-]+)*\s*/
Done
Parsing components.scss
components.scss has 0 symbols
Searching through them all for /(^|[\s>+~])tr(\[[^\]]*\]|:{1,2}[\w-()]+|\.[\w-]+|#[\w-]+)*\s*/
Done
Parsing _variables-custom.scss
_variables-custom.scss has 434 symbols
Searching through them all for /(^|[\s>+~])tr(\[[^\]]*\]|:{1,2}[\w-()]+|\.[\w-]+|#[\w-]+)*\s*/
Done
Parsing _text-truncate.scss
_text-truncate.scss has 1 symbols
Searching through them all for /(^|[\s>+~])tr(\[[^\]]*\]|:{1,2}[\w-()]+|\.[\w-]+|#[\w-]+)*\s*/
Done
Parsing _sidebar.scss
_sidebar.scss has 286 symbols
Searching through them all for /(^|[\s>+~])tr(\[[^\]]*\]|:{1,2}[\w-()]+|\.[\w-]+|#[\w-]+)*\s*/
Done
Parsing _sidebar.scss
_sidebar.scss has 297 symbols
Searching through them all for /(^|[\s>+~])tr(\[[^\]]*\]|:{1,2}[\w-()]+|\.[\w-]+|#[\w-]+)*\s*/
Done
Parsing _alert.scss
_alert.scss has 6 symbols
Searching through them all for /(^|[\s>+~])tr(\[[^\]]*\]|:{1,2}[\w-()]+|\.[\w-]+|#[\w-]+)*\s*/
Done
Parsing _nav.scss
_nav.scss has 21 symbols
Searching through them all for /(^|[\s>+~])tr(\[[^\]]*\]|:{1,2}[\w-()]+|\.[\w-]+|#[\w-]+)*\s*/
Done
_tables.scss has 43 symbols
Searching through them all for /(^|[\s>+~])tr(\[[^\]]*\]|:{1,2}[\w-()]+|\.[\w-]+|#[\w-]+)*\s*/
Done
Parsing _buttons.scss
_buttons.scss has 20 symbols
Searching through them all for /(^|[\s>+~])tr(\[[^\]]*\]|:{1,2}[\w-()]+|\.[\w-]+|#[\w-]+)*\s*/
Done
Parsing _transition.scss
_transition.scss has 2 symbols
Searching through them all for /(^|[\s>+~])tr(\[[^\]]*\]|:{1,2}[\w-()]+|\.[\w-]+|#[\w-]+)*\s*/
Done
Parsing _variables-custom.scss
_variables-custom.scss has 434 symbols
Searching through them all for /(^|[\s>+~])tr(\[[^\]]*\]|:{1,2}[\w-()]+|\.[\w-]+|#[\w-]+)*\s*/
Done
Parsing _variables-core.scss
_variables-core.scss has 679 symbols
Searching through them all for /(^|[\s>+~])tr(\[[^\]]*\]|:{1,2}[\w-()]+|\.[\w-]+|#[\w-]+)*\s*/
Done
Parsing _variables-core.scss
_variables-core.scss has 679 symbols
Searching through them all for /(^|[\s>+~])tr(\[[^\]]*\]|:{1,2}[\w-()]+|\.[\w-]+|#[\w-]+)*\s*/
Done
Parsing _variables-core.scss
_variables-core.scss has 676 symbols
Searching through them all for /(^|[\s>+~])tr(\[[^\]]*\]|:{1,2}[\w-()]+|\.[\w-]+|#[\w-]+)*\s*/
Done
Parsing _sidebar.scss
_sidebar.scss has 275 symbols
Searching through them all for /(^|[\s>+~])tr(\[[^\]]*\]|:{1,2}[\w-()]+|\.[\w-]+|#[\w-]+)*\s*/
Done
Parsing _variables-custom.scss
_variables-custom.scss has 435 symbols
Searching through them all for /(^|[\s>+~])tr(\[[^\]]*\]|:{1,2}[\w-()]+|\.[\w-]+|#[\w-]+)*\s*/
Done
Parsing _sidebar.scss
_sidebar.scss has 294 symbols
Searching through them all for /(^|[\s>+~])tr(\[[^\]]*\]|:{1,2}[\w-()]+|\.[\w-]+|#[\w-]+)*\s*/
Done
Parsing _variables-custom.scss
_variables-custom.scss has 434 symbols
Searching through them all for /(^|[\s>+~])tr(\[[^\]]*\]|:{1,2}[\w-()]+|\.[\w-]+|#[\w-]+)*\s*/
Done
Parsing _variables-core.scss
_variables-core.scss has 679 symbols
Searching through them all for /(^|[\s>+~])tr(\[[^\]]*\]|:{1,2}[\w-()]+|\.[\w-]+|#[\w-]+)*\s*/
Done
Parsing _variables-custom.scss
_variables-custom.scss has 439 symbols
Searching through them all for /(^|[\s>+~])tr(\[[^\]]*\]|:{1,2}[\w-()]+|\.[\w-]+|#[\w-]+)*\s*/
Done
Parsing _variables-custom.scss
_variables-custom.scss has 440 symbols
Searching through them all for /(^|[\s>+~])tr(\[[^\]]*\]|:{1,2}[\w-()]+|\.[\w-]+|#[\w-]+)*\s*/
Done
Parsing _variables-core.scss
_variables-core.scss has 676 symbols
Searching through them all for /(^|[\s>+~])tr(\[[^\]]*\]|:{1,2}[\w-()]+|\.[\w-]+|#[\w-]+)*\s*/
Done
Parsing _caret.scss
_caret.scss has 9 symbols
Searching through them all for /(^|[\s>+~])tr(\[[^\]]*\]|:{1,2}[\w-()]+|\.[\w-]+|#[\w-]+)*\s*/
Done
Parsing components.scss
components.scss has 0 symbols
Searching through them all for /(^|[\s>+~])tr(\[[^\]]*\]|:{1,2}[\w-()]+|\.[\w-]+|#[\w-]+)*\s*/
Done
Parsing components.scss
components.scss has 0 symbols
Searching through them all for /(^|[\s>+~])tr(\[[^\]]*\]|:{1,2}[\w-()]+|\.[\w-]+|#[\w-]+)*\s*/
Done
Parsing components.scss
components.scss has 0 symbols
Searching through them all for /(^|[\s>+~])tr(\[[^\]]*\]|:{1,2}[\w-()]+|\.[\w-]+|#[\w-]+)*\s*/
Done
Parsing _sidebar.scss
_sidebar.scss has 275 symbols
Searching through them all for /(^|[\s>+~])tr(\[[^\]]*\]|:{1,2}[\w-()]+|\.[\w-]+|#[\w-]+)*\s*/
Done
Parsing components.scss
components.scss has 0 symbols
Searching through them all for /(^|[\s>+~])tr(\[[^\]]*\]|:{1,2}[\w-()]+|\.[\w-]+|#[\w-]+)*\s*/
Done
Parsing _sidebar.scss
_sidebar.scss has 294 symbols
Searching through them all for /(^|[\s>+~])tr(\[[^\]]*\]|:{1,2}[\w-()]+|\.[\w-]+|#[\w-]+)*\s*/
Done
Parsing _sidebar.scss
_sidebar.scss has 275 symbols
Searching through them all for /(^|[\s>+~])tr(\[[^\]]*\]|:{1,2}[\w-()]+|\.[\w-]+|#[\w-]+)*\s*/
Done
_table-row.scss has 10 symbols
Searching through them all for /(^|[\s>+~])tr(\[[^\]]*\]|:{1,2}[\w-()]+|\.[\w-]+|#[\w-]+)*\s*/
Done
Parsing _text.scss
_text.scss has 21 symbols
Searching through them all for /(^|[\s>+~])tr(\[[^\]]*\]|:{1,2}[\w-()]+|\.[\w-]+|#[\w-]+)*\s*/
Done
Parsing _text-hide.scss
_text-hide.scss has 1 symbols
Searching through them all for /(^|[\s>+~])tr(\[[^\]]*\]|:{1,2}[\w-()]+|\.[\w-]+|#[\w-]+)*\s*/
Done
Parsing components.scss
components.scss has 0 symbols
Searching through them all for /(^|[\s>+~])tr(\[[^\]]*\]|:{1,2}[\w-()]+|\.[\w-]+|#[\w-]+)*\s*/
Done
Parsing _ll-functions.scss
_ll-functions.scss has 13 symbols
Searching through them all for /(^|[\s>+~])tr(\[[^\]]*\]|:{1,2}[\w-()]+|\.[\w-]+|#[\w-]+)*\s*/
Done
Parsing _helpers.scss
_helpers.scss has 124 symbols
Searching through them all for /(^|[\s>+~])tr(\[[^\]]*\]|:{1,2}[\w-()]+|\.[\w-]+|#[\w-]+)*\s*/
Done
Parsing _theme-xbox.scss
_theme-xbox.scss has 18 symbols
Searching through them all for /(^|[\s>+~])tr(\[[^\]]*\]|:{1,2}[\w-()]+|\.[\w-]+|#[\w-]+)*\s*/
Done
Parsing _theme-bar-lg.scss
_theme-bar-lg.scss has 12 symbols
Searching through them all for /(^|[\s>+~])tr(\[[^\]]*\]|:{1,2}[\w-()]+|\.[\w-]+|#[\w-]+)*\s*/
Done
Parsing _chats.scss
_chats.scss has 18 symbols
Searching through them all for /(^|[\s>+~])tr(\[[^\]]*\]|:{1,2}[\w-()]+|\.[\w-]+|#[\w-]+)*\s*/
Done
Parsing _theme-perspective.scss
_theme-perspective.scss has 14 symbols
Searching through them all for /(^|[\s>+~])tr(\[[^\]]*\]|:{1,2}[\w-()]+|\.[\w-]+|#[\w-]+)*\s*/
Done
Parsing _profile.scss
_profile.scss has 6 symbols
Searching through them all for /(^|[\s>+~])tr(\[[^\]]*\]|:{1,2}[\w-()]+|\.[\w-]+|#[\w-]+)*\s*/
Done
Parsing _pace-demo.scss
_pace-demo.scss has 65 symbols
Searching through them all for /(^|[\s>+~])tr(\[[^\]]*\]|:{1,2}[\w-()]+|\.[\w-]+|#[\w-]+)*\s*/
Done
_inbox.scss has 15 symbols
Searching through them all for /(^|[\s>+~])tr(\[[^\]]*\]|:{1,2}[\w-()]+|\.[\w-]+|#[\w-]+)*\s*/
Done
Parsing _theme-radar.scss
_theme-radar.scss has 12 symbols
Searching through them all for /(^|[\s>+~])tr(\[[^\]]*\]|:{1,2}[\w-()]+|\.[\w-]+|#[\w-]+)*\s*/
Done
Parsing _theme-xbox-lg.scss
_theme-xbox-lg.scss has 18 symbols
Searching through them all for /(^|[\s>+~])tr(\[[^\]]*\]|:{1,2}[\w-()]+|\.[\w-]+|#[\w-]+)*\s*/
Done
Parsing _theme-tail.scss
_theme-tail.scss has 12 symbols
Searching through them all for /(^|[\s>+~])tr(\[[^\]]*\]|:{1,2}[\w-()]+|\.[\w-]+|#[\w-]+)*\s*/
Done
Parsing _theme-bar-sm.scss
_theme-bar-sm.scss has 12 symbols
Searching through them all for /(^|[\s>+~])tr(\[[^\]]*\]|:{1,2}[\w-()]+|\.[\w-]+|#[\w-]+)*\s*/
Done
Parsing _theme-corners.scss
_theme-corners.scss has 15 symbols
Searching through them all for /(^|[\s>+~])tr(\[[^\]]*\]|:{1,2}[\w-()]+|\.[\w-]+|#[\w-]+)*\s*/
Done
Parsing _theme-bar.scss
_theme-bar.scss has 12 symbols
Searching through them all for /(^|[\s>+~])tr(\[[^\]]*\]|:{1,2}[\w-()]+|\.[\w-]+|#[\w-]+)*\s*/
Done
Parsing _theme-tail-circle.scss
_theme-tail-circle.scss has 12 symbols
Searching through them all for /(^|[\s>+~])tr(\[[^\]]*\]|:{1,2}[\w-()]+|\.[\w-]+|#[\w-]+)*\s*/
Done
Parsing _theme-xbox-sm.scss
_theme-xbox-sm.scss has 18 symbols
Searching through them all for /(^|[\s>+~])tr(\[[^\]]*\]|:{1,2}[\w-()]+|\.[\w-]+|#[\w-]+)*\s*/
Done
Parsing _ecommerce.scss
_ecommerce.scss has 9 symbols
Searching through them all for /(^|[\s>+~])tr(\[[^\]]*\]|:{1,2}[\w-()]+|\.[\w-]+|#[\w-]+)*\s*/
Done
Parsing _theme-squares.scss
_theme-squares.scss has 17 symbols
Searching through them all for /(^|[\s>+~])tr(\[[^\]]*\]|:{1,2}[\w-()]+|\.[\w-]+|#[\w-]+)*\s*/
Done
Parsing _error.scss
_error.scss has 2 symbols
Searching through them all for /(^|[\s>+~])tr(\[[^\]]*\]|:{1,2}[\w-()]+|\.[\w-]+|#[\w-]+)*\s*/
Done
Parsing _timelines.scss
_timelines.scss has 80 symbols
Searching through them all for /(^|[\s>+~])tr(\[[^\]]*\]|:{1,2}[\w-()]+|\.[\w-]+|#[\w-]+)*\s*/
Done
Parsing components.scss
components.scss has 0 symbols
Searching through them all for /(^|[\s>+~])tr(\[[^\]]*\]|:{1,2}[\w-()]+|\.[\w-]+|#[\w-]+)*\s*/
Done
Parsing components.scss
components.scss has 0 symbols
Searching through them all for /(^|[\s>+~])tr(\[[^\]]*\]|:{1,2}[\w-()]+|\.[\w-]+|#[\w-]+)*\s*/
Done
Parsing _d3.scss
_d3.scss has 72 symbols
Searching through them all for /(^|[\s>+~])tr(\[[^\]]*\]|:{1,2}[\w-()]+|\.[\w-]+|#[\w-]+)*\s*/
Done
Parsing _sidebar.scss
_sidebar.scss has 294 symbols
Searching through them all for /(^|[\s>+~])tr(\[[^\]]*\]|:{1,2}[\w-()]+|\.[\w-]+|#[\w-]+)*\s*/
Done
_c3.scss has 48 symbols
Searching through them all for /(^|[\s>+~])tr(\[[^\]]*\]|:{1,2}[\w-()]+|\.[\w-]+|#[\w-]+)*\s*/
Done
Parsing _variables-core.scss
_variables-core.scss has 676 symbols
Searching through them all for /(^|[\s>+~])tr(\[[^\]]*\]|:{1,2}[\w-()]+|\.[\w-]+|#[\w-]+)*\s*/
Done
Parsing _jvectormap.scss
_jvectormap.scss has 6 symbols
Searching through them all for /(^|[\s>+~])tr(\[[^\]]*\]|:{1,2}[\w-()]+|\.[\w-]+|#[\w-]+)*\s*/
Done
Parsing _variables-custom.scss
_variables-custom.scss has 439 symbols
Searching through them all for /(^|[\s>+~])tr(\[[^\]]*\]|:{1,2}[\w-()]+|\.[\w-]+|#[\w-]+)*\s*/
Done
Parsing _colors.scss
_colors.scss has 36 symbols
Searching through them all for /(^|[\s>+~])tr(\[[^\]]*\]|:{1,2}[\w-()]+|\.[\w-]+|#[\w-]+)*\s*/
Done
Parsing _buttons.scss
_buttons.scss has 69 symbols
Searching through them all for /(^|[\s>+~])tr(\[[^\]]*\]|:{1,2}[\w-()]+|\.[\w-]+|#[\w-]+)*\s*/
Done
Parsing _anytime.scss
_anytime.scss has 76 symbols
Searching through them all for /(^|[\s>+~])tr(\[[^\]]*\]|:{1,2}[\w-()]+|\.[\w-]+|#[\w-]+)*\s*/
Done
Parsing _media.scss
_media.scss has 13 symbols
Searching through them all for /(^|[\s>+~])tr(\[[^\]]*\]|:{1,2}[\w-()]+|\.[\w-]+|#[\w-]+)*\s*/
Done
Parsing _forms.scss
_forms.scss has 63 symbols
Searching through them all for /(^|[\s>+~])tr(\[[^\]]*\]|:{1,2}[\w-()]+|\.[\w-]+|#[\w-]+)*\s*/
Done
Parsing _noty.scss
_noty.scss has 43 symbols
Searching through them all for /(^|[\s>+~])tr(\[[^\]]*\]|:{1,2}[\w-()]+|\.[\w-]+|#[\w-]+)*\s*/
Done
Parsing _headroom.scss
_headroom.scss has 7 symbols
Searching through them all for /(^|[\s>+~])tr(\[[^\]]*\]|:{1,2}[\w-()]+|\.[\w-]+|#[\w-]+)*\s*/
Done
Parsing _tags-input.scss
_tags-input.scss has 11 symbols
Searching through them all for /(^|[\s>+~])tr(\[[^\]]*\]|:{1,2}[\w-()]+|\.[\w-]+|#[\w-]+)*\s*/
Done
Parsing _multiselect.scss
_multiselect.scss has 68 symbols
Searching through them all for /(^|[\s>+~])tr(\[[^\]]*\]|:{1,2}[\w-()]+|\.[\w-]+|#[\w-]+)*\s*/
Done
Parsing _image-cropper.scss
_image-cropper.scss has 57 symbols
Searching through them all for /(^|[\s>+~])tr(\[[^\]]*\]|:{1,2}[\w-()]+|\.[\w-]+|#[\w-]+)*\s*/
Done
Parsing _sweet-alerts.scss
_sweet-alerts.scss has 107 symbols
Searching through them all for /(^|[\s>+~])tr(\[[^\]]*\]|:{1,2}[\w-()]+|\.[\w-]+|#[\w-]+)*\s*/
Done
Parsing _jgrowl.scss
_jgrowl.scss has 18 symbols
Searching through them all for /(^|[\s>+~])tr(\[[^\]]*\]|:{1,2}[\w-()]+|\.[\w-]+|#[\w-]+)*\s*/
Done
Parsing _card.scss
_card.scss has 47 symbols
Searching through them all for /(^|[\s>+~])tr(\[[^\]]*\]|:{1,2}[\w-()]+|\.[\w-]+|#[\w-]+)*\s*/
Done
_alpaca.scss has 65 symbols
Searching through them all for /(^|[\s>+~])tr(\[[^\]]*\]|:{1,2}[\w-()]+|\.[\w-]+|#[\w-]+)*\s*/
Done
Parsing _fab.scss
_fab.scss has 101 symbols
Searching through them all for /(^|[\s>+~])tr(\[[^\]]*\]|:{1,2}[\w-()]+|\.[\w-]+|#[\w-]+)*\s*/
Done
Parsing _header-elements.scss
_header-elements.scss has 17 symbols
Searching through them all for /(^|[\s>+~])tr(\[[^\]]*\]|:{1,2}[\w-()]+|\.[\w-]+|#[\w-]+)*\s*/
Done
Parsing _pnotify.scss
_pnotify.scss has 76 symbols
Searching through them all for /(^|[\s>+~])tr(\[[^\]]*\]|:{1,2}[\w-()]+|\.[\w-]+|#[\w-]+)*\s*/
Done
Parsing _passy.scss
_passy.scss has 2 symbols
Searching through them all for /(^|[\s>+~])tr(\[[^\]]*\]|:{1,2}[\w-()]+|\.[\w-]+|#[\w-]+)*\s*/
Done
Parsing _trumbowyg.scss
_trumbowyg.scss has 79 symbols
Searching through them all for /(^|[\s>+~])tr(\[[^\]]*\]|:{1,2}[\w-()]+|\.[\w-]+|#[\w-]+)*\s*/
Done
Parsing _slinky.scss
_slinky.scss has 17 symbols
Searching through them all for /(^|[\s>+~])tr(\[[^\]]*\]|:{1,2}[\w-()]+|\.[\w-]+|#[\w-]+)*\s*/
Done
Parsing _typeahead.scss
_typeahead.scss has 11 symbols
Searching through them all for /(^|[\s>+~])tr(\[[^\]]*\]|:{1,2}[\w-()]+|\.[\w-]+|#[\w-]+)*\s*/
Done
Parsing _list-group.scss
_list-group.scss has 26 symbols
Searching through them all for /(^|[\s>+~])tr(\[[^\]]*\]|:{1,2}[\w-()]+|\.[\w-]+|#[\w-]+)*\s*/
Done
Parsing _prism.scss
_prism.scss has 57 symbols
Searching through them all for /(^|[\s>+~])tr(\[[^\]]*\]|:{1,2}[\w-()]+|\.[\w-]+|#[\w-]+)*\s*/
Done
Parsing _progress-buttons.scss
_progress-buttons.scss has 81 symbols
Searching through them all for /(^|[\s>+~])tr(\[[^\]]*\]|:{1,2}[\w-()]+|\.[\w-]+|#[\w-]+)*\s*/
Done
Parsing _close.scss
_close.scss has 1 symbols
Searching through them all for /(^|[\s>+~])tr(\[[^\]]*\]|:{1,2}[\w-()]+|\.[\w-]+|#[\w-]+)*\s*/
Done
Parsing _bootstrap-switch.scss
_bootstrap-switch.scss has 55 symbols
Searching through them all for /(^|[\s>+~])tr(\[[^\]]*\]|:{1,2}[\w-()]+|\.[\w-]+|#[\w-]+)*\s*/
Done
Parsing _dual-listbox.scss
_dual-listbox.scss has 41 symbols
Searching through them all for /(^|[\s>+~])tr(\[[^\]]*\]|:{1,2}[\w-()]+|\.[\w-]+|#[\w-]+)*\s*/
Done
Parsing _type.scss
_type.scss has 87 symbols
Searching through them all for /(^|[\s>+~])tr(\[[^\]]*\]|:{1,2}[\w-()]+|\.[\w-]+|#[\w-]+)*\s*/
Done
Parsing _ripple.scss
_ripple.scss has 34 symbols
Searching through them all for /(^|[\s>+~])tr(\[[^\]]*\]|:{1,2}[\w-()]+|\.[\w-]+|#[\w-]+)*\s*/
Done
Parsing _fancybox.scss
_fancybox.scss has 50 symbols
Searching through them all for /(^|[\s>+~])tr(\[[^\]]*\]|:{1,2}[\w-()]+|\.[\w-]+|#[\w-]+)*\s*/
Done
Parsing _perfect-scrollbar.scss
_perfect-scrollbar.scss has 18 symbols
Searching through them all for /(^|[\s>+~])tr(\[[^\]]*\]|:{1,2}[\w-()]+|\.[\w-]+|#[\w-]+)*\s*/
Done
_fullcalendar.scss has 285 symbols
Searching through them all for /(^|[\s>+~])tr(\[[^\]]*\]|:{1,2}[\w-()]+|\.[\w-]+|#[\w-]+)*\s*/
Done
Parsing _select2.scss
_select2.scss has 99 symbols
Searching through them all for /(^|[\s>+~])tr(\[[^\]]*\]|:{1,2}[\w-()]+|\.[\w-]+|#[\w-]+)*\s*/
Done
Parsing _pagination.scss
_pagination.scss has 37 symbols
Searching through them all for /(^|[\s>+~])tr(\[[^\]]*\]|:{1,2}[\w-()]+|\.[\w-]+|#[\w-]+)*\s*/
Done
_tables.scss has 136 symbols
Searching through them all for /(^|[\s>+~])tr(\[[^\]]*\]|:{1,2}[\w-()]+|\.[\w-]+|#[\w-]+)*\s*/
Done
Parsing _badge.scss
_badge.scss has 24 symbols
Searching through them all for /(^|[\s>+~])tr(\[[^\]]*\]|:{1,2}[\w-()]+|\.[\w-]+|#[\w-]+)*\s*/
Done
_fancytree.scss has 100 symbols
Searching through them all for /(^|[\s>+~])tr(\[[^\]]*\]|:{1,2}[\w-()]+|\.[\w-]+|#[\w-]+)*\s*/
Done
Parsing _spectrum.scss
_spectrum.scss has 121 symbols
Searching through them all for /(^|[\s>+~])tr(\[[^\]]*\]|:{1,2}[\w-()]+|\.[\w-]+|#[\w-]+)*\s*/
Done
Parsing _navbar.scss
_navbar.scss has 181 symbols
Searching through them all for /(^|[\s>+~])tr(\[[^\]]*\]|:{1,2}[\w-()]+|\.[\w-]+|#[\w-]+)*\s*/
Done
Parsing _wizard.scss
_wizard.scss has 46 symbols
Searching through them all for /(^|[\s>+~])tr(\[[^\]]*\]|:{1,2}[\w-()]+|\.[\w-]+|#[\w-]+)*\s*/
Done
_daterange.scss has 86 symbols
Searching through them all for /(^|[\s>+~])tr(\[[^\]]*\]|:{1,2}[\w-()]+|\.[\w-]+|#[\w-]+)*\s*/
Done
Parsing _plupload.scss
_plupload.scss has 74 symbols
Searching through them all for /(^|[\s>+~])tr(\[[^\]]*\]|:{1,2}[\w-()]+|\.[\w-]+|#[\w-]+)*\s*/
Done
Parsing _tokenfield.scss
_tokenfield.scss has 35 symbols
Searching through them all for /(^|[\s>+~])tr(\[[^\]]*\]|:{1,2}[\w-()]+|\.[\w-]+|#[\w-]+)*\s*/
Done
_date.scss has 49 symbols
Searching through them all for /(^|[\s>+~])tr(\[[^\]]*\]|:{1,2}[\w-()]+|\.[\w-]+|#[\w-]+)*\s*/
Done
Parsing _time.scss
_time.scss has 15 symbols
Searching through them all for /(^|[\s>+~])tr(\[[^\]]*\]|:{1,2}[\w-()]+|\.[\w-]+|#[\w-]+)*\s*/
Done
Parsing _alert.scss
_alert.scss has 31 symbols
Searching through them all for /(^|[\s>+~])tr(\[[^\]]*\]|:{1,2}[\w-()]+|\.[\w-]+|#[\w-]+)*\s*/
Done
Parsing _floating-labels.scss
_floating-labels.scss has 3 symbols
Searching through them all for /(^|[\s>+~])tr(\[[^\]]*\]|:{1,2}[\w-()]+|\.[\w-]+|#[\w-]+)*\s*/
Done
Parsing _buttons.scss
_buttons.scss has 11 symbols
Searching through them all for /(^|[\s>+~])tr(\[[^\]]*\]|:{1,2}[\w-()]+|\.[\w-]+|#[\w-]+)*\s*/
Done
Parsing _nav.scss
_nav.scss has 111 symbols
Searching through them all for /(^|[\s>+~])tr(\[[^\]]*\]|:{1,2}[\w-()]+|\.[\w-]+|#[\w-]+)*\s*/
Done
Parsing _custom-forms.scss
_custom-forms.scss has 21 symbols
Searching through them all for /(^|[\s>+~])tr(\[[^\]]*\]|:{1,2}[\w-()]+|\.[\w-]+|#[\w-]+)*\s*/
Done
Parsing _dropdown.scss
_dropdown.scss has 91 symbols
Searching through them all for /(^|[\s>+~])tr(\[[^\]]*\]|:{1,2}[\w-()]+|\.[\w-]+|#[\w-]+)*\s*/
Done
Parsing _button-group.scss
_button-group.scss has 11 symbols
Searching through them all for /(^|[\s>+~])tr(\[[^\]]*\]|:{1,2}[\w-()]+|\.[\w-]+|#[\w-]+)*\s*/
Done
Parsing _progress.scss
_progress.scss has 14 symbols
Searching through them all for /(^|[\s>+~])tr(\[[^\]]*\]|:{1,2}[\w-()]+|\.[\w-]+|#[\w-]+)*\s*/
Done
Parsing _file-input.scss
_file-input.scss has 79 symbols
Searching through them all for /(^|[\s>+~])tr(\[[^\]]*\]|:{1,2}[\w-()]+|\.[\w-]+|#[\w-]+)*\s*/
Done
Parsing _dropzone.scss
_dropzone.scss has 51 symbols
Searching through them all for /(^|[\s>+~])tr(\[[^\]]*\]|:{1,2}[\w-()]+|\.[\w-]+|#[\w-]+)*\s*/
Done
Parsing _uniform.scss
_uniform.scss has 80 symbols
Searching through them all for /(^|[\s>+~])tr(\[[^\]]*\]|:{1,2}[\w-()]+|\.[\w-]+|#[\w-]+)*\s*/
Done
Parsing _noui-slider.scss
_noui-slider.scss has 114 symbols
Searching through them all for /(^|[\s>+~])tr(\[[^\]]*\]|:{1,2}[\w-()]+|\.[\w-]+|#[\w-]+)*\s*/
Done
Parsing _interactions.scss
_interactions.scss has 42 symbols
Searching through them all for /(^|[\s>+~])tr(\[[^\]]*\]|:{1,2}[\w-()]+|\.[\w-]+|#[\w-]+)*\s*/
Done
Parsing _breadcrumb.scss
_breadcrumb.scss has 30 symbols
Searching through them all for /(^|[\s>+~])tr(\[[^\]]*\]|:{1,2}[\w-()]+|\.[\w-]+|#[\w-]+)*\s*/
Done
Parsing _ion-range-slider.scss
_ion-range-slider.scss has 42 symbols
Searching through them all for /(^|[\s>+~])tr(\[[^\]]*\]|:{1,2}[\w-()]+|\.[\w-]+|#[\w-]+)*\s*/
Done
Parsing _demo.scss
_demo.scss has 18 symbols
Searching through them all for /(^|[\s>+~])tr(\[[^\]]*\]|:{1,2}[\w-()]+|\.[\w-]+|#[\w-]+)*\s*/
Done
Parsing _slider-pips.scss
_slider-pips.scss has 23 symbols
Searching through them all for /(^|[\s>+~])tr(\[[^\]]*\]|:{1,2}[\w-()]+|\.[\w-]+|#[\w-]+)*\s*/
Done
_widgets.scss has 281 symbols
Searching through them all for /(^|[\s>+~])tr(\[[^\]]*\]|:{1,2}[\w-()]+|\.[\w-]+|#[\w-]+)*\s*/
Done
_handsontable.scss has 342 symbols
Searching through them all for /(^|[\s>+~])tr(\[[^\]]*\]|:{1,2}[\w-()]+|\.[\w-]+|#[\w-]+)*\s*/
Done
_footable.scss has 17 symbols
Searching through them all for /(^|[\s>+~])tr(\[[^\]]*\]|:{1,2}[\w-()]+|\.[\w-]+|#[\w-]+)*\s*/
Done
Parsing _colors.scss
_colors.scss has 36 symbols
Searching through them all for /(^|[\s>+~])tr(\[[^\]]*\]|:{1,2}[\w-()]+|\.[\w-]+|#[\w-]+)*\s*/
Done
Parsing _progress.scss
_progress.scss has 14 symbols
Searching through them all for /(^|[\s>+~])tr(\[[^\]]*\]|:{1,2}[\w-()]+|\.[\w-]+|#[\w-]+)*\s*/
Done
Parsing _datatable-autofill.scss
_datatable-autofill.scss has 15 symbols
Searching through them all for /(^|[\s>+~])tr(\[[^\]]*\]|:{1,2}[\w-()]+|\.[\w-]+|#[\w-]+)*\s*/
Done
Parsing _ion-range-slider.scss
_ion-range-slider.scss has 39 symbols
Searching through them all for /(^|[\s>+~])tr(\[[^\]]*\]|:{1,2}[\w-()]+|\.[\w-]+|#[\w-]+)*\s*/
Done
Parsing _navbar.scss
_navbar.scss has 191 symbols
Searching through them all for /(^|[\s>+~])tr(\[[^\]]*\]|:{1,2}[\w-()]+|\.[\w-]+|#[\w-]+)*\s*/
Done
_datatable-scroller.scss has 8 symbols
Searching through them all for /(^|[\s>+~])tr(\[[^\]]*\]|:{1,2}[\w-()]+|\.[\w-]+|#[\w-]+)*\s*/
Done
Parsing _pnotify.scss
_pnotify.scss has 76 symbols
Searching through them all for /(^|[\s>+~])tr(\[[^\]]*\]|:{1,2}[\w-()]+|\.[\w-]+|#[\w-]+)*\s*/
Done
_widgets.scss has 251 symbols
Searching through them all for /(^|[\s>+~])tr(\[[^\]]*\]|:{1,2}[\w-()]+|\.[\w-]+|#[\w-]+)*\s*/
Done
Parsing _noui-slider.scss
_noui-slider.scss has 88 symbols
Searching through them all for /(^|[\s>+~])tr(\[[^\]]*\]|:{1,2}[\w-()]+|\.[\w-]+|#[\w-]+)*\s*/
Done
_datatable-fixed-columns.scss has 21 symbols
Searching through them all for /(^|[\s>+~])tr(\[[^\]]*\]|:{1,2}[\w-()]+|\.[\w-]+|#[\w-]+)*\s*/
Done
Parsing _jgrowl.scss
_jgrowl.scss has 18 symbols
Searching through them all for /(^|[\s>+~])tr(\[[^\]]*\]|:{1,2}[\w-()]+|\.[\w-]+|#[\w-]+)*\s*/
Done
Parsing _datatable-select.scss
_datatable-select.scss has 14 symbols
Searching through them all for /(^|[\s>+~])tr(\[[^\]]*\]|:{1,2}[\w-()]+|\.[\w-]+|#[\w-]+)*\s*/
Done
Parsing _perfect-scrollbar.scss
_perfect-scrollbar.scss has 18 symbols
Searching through them all for /(^|[\s>+~])tr(\[[^\]]*\]|:{1,2}[\w-()]+|\.[\w-]+|#[\w-]+)*\s*/
Done
Parsing _noty.scss
_noty.scss has 43 symbols
Searching through them all for /(^|[\s>+~])tr(\[[^\]]*\]|:{1,2}[\w-()]+|\.[\w-]+|#[\w-]+)*\s*/
Done
Parsing _slider-pips.scss
_slider-pips.scss has 23 symbols
Searching through them all for /(^|[\s>+~])tr(\[[^\]]*\]|:{1,2}[\w-()]+|\.[\w-]+|#[\w-]+)*\s*/
Done
Parsing _close.scss
_close.scss has 1 symbols
Searching through them all for /(^|[\s>+~])tr(\[[^\]]*\]|:{1,2}[\w-()]+|\.[\w-]+|#[\w-]+)*\s*/
Done
Parsing _pagination.scss
_pagination.scss has 36 symbols
Searching through them all for /(^|[\s>+~])tr(\[[^\]]*\]|:{1,2}[\w-()]+|\.[\w-]+|#[\w-]+)*\s*/
Done
_datatable-keytable.scss has 8 symbols
Searching through them all for /(^|[\s>+~])tr(\[[^\]]*\]|:{1,2}[\w-()]+|\.[\w-]+|#[\w-]+)*\s*/
Done
Parsing _interactions.scss
_interactions.scss has 42 symbols
Searching through them all for /(^|[\s>+~])tr(\[[^\]]*\]|:{1,2}[\w-()]+|\.[\w-]+|#[\w-]+)*\s*/
Done
_datatables.scss has 133 symbols
Searching through them all for /(^|[\s>+~])tr(\[[^\]]*\]|:{1,2}[\w-()]+|\.[\w-]+|#[\w-]+)*\s*/
Done
Parsing _sweet-alerts.scss
_sweet-alerts.scss has 106 symbols
Searching through them all for /(^|[\s>+~])tr(\[[^\]]*\]|:{1,2}[\w-()]+|\.[\w-]+|#[\w-]+)*\s*/
Done
Parsing _prism.scss
_prism.scss has 57 symbols
Searching through them all for /(^|[\s>+~])tr(\[[^\]]*\]|:{1,2}[\w-()]+|\.[\w-]+|#[\w-]+)*\s*/
Done
Parsing _buttons.scss
_buttons.scss has 69 symbols
Searching through them all for /(^|[\s>+~])tr(\[[^\]]*\]|:{1,2}[\w-()]+|\.[\w-]+|#[\w-]+)*\s*/
Done
Parsing _datatable-buttons.scss
_datatable-buttons.scss has 24 symbols
Searching through them all for /(^|[\s>+~])tr(\[[^\]]*\]|:{1,2}[\w-()]+|\.[\w-]+|#[\w-]+)*\s*/
Done
Parsing _card.scss
_card.scss has 44 symbols
Searching through them all for /(^|[\s>+~])tr(\[[^\]]*\]|:{1,2}[\w-()]+|\.[\w-]+|#[\w-]+)*\s*/
Done
Parsing _header-elements.scss
_header-elements.scss has 17 symbols
Searching through them all for /(^|[\s>+~])tr(\[[^\]]*\]|:{1,2}[\w-()]+|\.[\w-]+|#[\w-]+)*\s*/
Done
Parsing _type.scss
_type.scss has 87 symbols
Searching through them all for /(^|[\s>+~])tr(\[[^\]]*\]|:{1,2}[\w-()]+|\.[\w-]+|#[\w-]+)*\s*/
Done
Parsing _slinky.scss
_slinky.scss has 17 symbols
Searching through them all for /(^|[\s>+~])tr(\[[^\]]*\]|:{1,2}[\w-()]+|\.[\w-]+|#[\w-]+)*\s*/
Done
Parsing _dropdown.scss
_dropdown.scss has 89 symbols
Searching through them all for /(^|[\s>+~])tr(\[[^\]]*\]|:{1,2}[\w-()]+|\.[\w-]+|#[\w-]+)*\s*/
Done
Parsing _bootstrap-switch.scss
_bootstrap-switch.scss has 55 symbols
Searching through them all for /(^|[\s>+~])tr(\[[^\]]*\]|:{1,2}[\w-()]+|\.[\w-]+|#[\w-]+)*\s*/
Done
_fullcalendar.scss has 285 symbols
Searching through them all for /(^|[\s>+~])tr(\[[^\]]*\]|:{1,2}[\w-()]+|\.[\w-]+|#[\w-]+)*\s*/
Done
Parsing _badge.scss
_badge.scss has 24 symbols
Searching through them all for /(^|[\s>+~])tr(\[[^\]]*\]|:{1,2}[\w-()]+|\.[\w-]+|#[\w-]+)*\s*/
Done
Parsing _fancybox.scss
_fancybox.scss has 50 symbols
Searching through them all for /(^|[\s>+~])tr(\[[^\]]*\]|:{1,2}[\w-()]+|\.[\w-]+|#[\w-]+)*\s*/
Done
_fancytree.scss has 100 symbols
Searching through them all for /(^|[\s>+~])tr(\[[^\]]*\]|:{1,2}[\w-()]+|\.[\w-]+|#[\w-]+)*\s*/
Done
Parsing _passy.scss
_passy.scss has 2 symbols
Searching through them all for /(^|[\s>+~])tr(\[[^\]]*\]|:{1,2}[\w-()]+|\.[\w-]+|#[\w-]+)*\s*/
Done
_tables.scss has 136 symbols
Searching through them all for /(^|[\s>+~])tr(\[[^\]]*\]|:{1,2}[\w-()]+|\.[\w-]+|#[\w-]+)*\s*/
Done
Parsing _select2.scss
_select2.scss has 120 symbols
Searching through them all for /(^|[\s>+~])tr(\[[^\]]*\]|:{1,2}[\w-()]+|\.[\w-]+|#[\w-]+)*\s*/
Done
Parsing _list-group.scss
_list-group.scss has 26 symbols
Searching through them all for /(^|[\s>+~])tr(\[[^\]]*\]|:{1,2}[\w-()]+|\.[\w-]+|#[\w-]+)*\s*/
Done
Parsing _headroom.scss
_headroom.scss has 7 symbols
Searching through them all for /(^|[\s>+~])tr(\[[^\]]*\]|:{1,2}[\w-()]+|\.[\w-]+|#[\w-]+)*\s*/
Done
Parsing _buttons.scss
_buttons.scss has 11 symbols
Searching through them all for /(^|[\s>+~])tr(\[[^\]]*\]|:{1,2}[\w-()]+|\.[\w-]+|#[\w-]+)*\s*/
Done
Parsing _progress-buttons.scss
_progress-buttons.scss has 81 symbols
Searching through them all for /(^|[\s>+~])tr(\[[^\]]*\]|:{1,2}[\w-()]+|\.[\w-]+|#[\w-]+)*\s*/
Done
Parsing _custom-forms.scss
_custom-forms.scss has 19 symbols
Searching through them all for /(^|[\s>+~])tr(\[[^\]]*\]|:{1,2}[\w-()]+|\.[\w-]+|#[\w-]+)*\s*/
Done
_alpaca.scss has 64 symbols
Searching through them all for /(^|[\s>+~])tr(\[[^\]]*\]|:{1,2}[\w-()]+|\.[\w-]+|#[\w-]+)*\s*/
Done
Parsing _media.scss
_media.scss has 13 symbols
Searching through them all for /(^|[\s>+~])tr(\[[^\]]*\]|:{1,2}[\w-()]+|\.[\w-]+|#[\w-]+)*\s*/
Done
_datatable-responsive.scss has 31 symbols
Searching through them all for /(^|[\s>+~])tr(\[[^\]]*\]|:{1,2}[\w-()]+|\.[\w-]+|#[\w-]+)*\s*/
Done
_datatable-rows-reorder.scss has 4 symbols
Searching through them all for /(^|[\s>+~])tr(\[[^\]]*\]|:{1,2}[\w-()]+|\.[\w-]+|#[\w-]+)*\s*/
Done
Parsing _trumbowyg.scss
_trumbowyg.scss has 79 symbols
Searching through them all for /(^|[\s>+~])tr(\[[^\]]*\]|:{1,2}[\w-()]+|\.[\w-]+|#[\w-]+)*\s*/
Done
Parsing _multiselect.scss
_multiselect.scss has 58 symbols
Searching through them all for /(^|[\s>+~])tr(\[[^\]]*\]|:{1,2}[\w-()]+|\.[\w-]+|#[\w-]+)*\s*/
Done
Parsing _alert.scss
_alert.scss has 30 symbols
Searching through them all for /(^|[\s>+~])tr(\[[^\]]*\]|:{1,2}[\w-()]+|\.[\w-]+|#[\w-]+)*\s*/
Done
Parsing _fab.scss
_fab.scss has 101 symbols
Searching through them all for /(^|[\s>+~])tr(\[[^\]]*\]|:{1,2}[\w-()]+|\.[\w-]+|#[\w-]+)*\s*/
Done
Parsing _tags-input.scss
_tags-input.scss has 9 symbols
Searching through them all for /(^|[\s>+~])tr(\[[^\]]*\]|:{1,2}[\w-()]+|\.[\w-]+|#[\w-]+)*\s*/
Done
Parsing _typeahead.scss
_typeahead.scss has 11 symbols
Searching through them all for /(^|[\s>+~])tr(\[[^\]]*\]|:{1,2}[\w-()]+|\.[\w-]+|#[\w-]+)*\s*/
Done
Parsing _image-cropper.scss
_image-cropper.scss has 57 symbols
Searching through them all for /(^|[\s>+~])tr(\[[^\]]*\]|:{1,2}[\w-()]+|\.[\w-]+|#[\w-]+)*\s*/
Done
Parsing _nav.scss
_nav.scss has 111 symbols
Searching through them all for /(^|[\s>+~])tr(\[[^\]]*\]|:{1,2}[\w-()]+|\.[\w-]+|#[\w-]+)*\s*/
Done
_footable.scss has 17 symbols
Searching through them all for /(^|[\s>+~])tr(\[[^\]]*\]|:{1,2}[\w-()]+|\.[\w-]+|#[\w-]+)*\s*/
Done
Parsing _dual-listbox.scss
_dual-listbox.scss has 37 symbols
Searching through them all for /(^|[\s>+~])tr(\[[^\]]*\]|:{1,2}[\w-()]+|\.[\w-]+|#[\w-]+)*\s*/
Done
Parsing _wizard.scss
_wizard.scss has 46 symbols
Searching through them all for /(^|[\s>+~])tr(\[[^\]]*\]|:{1,2}[\w-()]+|\.[\w-]+|#[\w-]+)*\s*/
Done
Parsing _button-group.scss
_button-group.scss has 11 symbols
Searching through them all for /(^|[\s>+~])tr(\[[^\]]*\]|:{1,2}[\w-()]+|\.[\w-]+|#[\w-]+)*\s*/
Done
_handsontable.scss has 342 symbols
Searching through them all for /(^|[\s>+~])tr(\[[^\]]*\]|:{1,2}[\w-()]+|\.[\w-]+|#[\w-]+)*\s*/
Done
_datatable-columns-reorder.scss has 4 symbols
Searching through them all for /(^|[\s>+~])tr(\[[^\]]*\]|:{1,2}[\w-()]+|\.[\w-]+|#[\w-]+)*\s*/
Done
Parsing _file-input.scss
_file-input.scss has 76 symbols
Searching through them all for /(^|[\s>+~])tr(\[[^\]]*\]|:{1,2}[\w-()]+|\.[\w-]+|#[\w-]+)*\s*/
Done
Parsing _dropzone.scss
_dropzone.scss has 51 symbols
Searching through them all for /(^|[\s>+~])tr(\[[^\]]*\]|:{1,2}[\w-()]+|\.[\w-]+|#[\w-]+)*\s*/
Done
Parsing _uniform.scss
_uniform.scss has 80 symbols
Searching through them all for /(^|[\s>+~])tr(\[[^\]]*\]|:{1,2}[\w-()]+|\.[\w-]+|#[\w-]+)*\s*/
Done
Parsing _spectrum.scss
_spectrum.scss has 122 symbols
Searching through them all for /(^|[\s>+~])tr(\[[^\]]*\]|:{1,2}[\w-()]+|\.[\w-]+|#[\w-]+)*\s*/
Done
Parsing _plupload.scss
_plupload.scss has 74 symbols
Searching through them all for /(^|[\s>+~])tr(\[[^\]]*\]|:{1,2}[\w-()]+|\.[\w-]+|#[\w-]+)*\s*/
Done
Parsing _floating-labels.scss
_floating-labels.scss has 3 symbols
Searching through them all for /(^|[\s>+~])tr(\[[^\]]*\]|:{1,2}[\w-()]+|\.[\w-]+|#[\w-]+)*\s*/
Done
_daterange.scss has 87 symbols
Searching through them all for /(^|[\s>+~])tr(\[[^\]]*\]|:{1,2}[\w-()]+|\.[\w-]+|#[\w-]+)*\s*/
Done
Parsing _breadcrumb.scss
_breadcrumb.scss has 37 symbols
Searching through them all for /(^|[\s>+~])tr(\[[^\]]*\]|:{1,2}[\w-()]+|\.[\w-]+|#[\w-]+)*\s*/
Done
_datatable-columns-reorder.scss has 4 symbols
Searching through them all for /(^|[\s>+~])tr(\[[^\]]*\]|:{1,2}[\w-()]+|\.[\w-]+|#[\w-]+)*\s*/
Done
Parsing _anytime.scss
_anytime.scss has 76 symbols
Searching through them all for /(^|[\s>+~])tr(\[[^\]]*\]|:{1,2}[\w-()]+|\.[\w-]+|#[\w-]+)*\s*/
Done
Parsing _tokenfield.scss
_tokenfield.scss has 35 symbols
Searching through them all for /(^|[\s>+~])tr(\[[^\]]*\]|:{1,2}[\w-()]+|\.[\w-]+|#[\w-]+)*\s*/
Done
Parsing _demo.scss
_demo.scss has 18 symbols
Searching through them all for /(^|[\s>+~])tr(\[[^\]]*\]|:{1,2}[\w-()]+|\.[\w-]+|#[\w-]+)*\s*/
Done
_datatable-rows-reorder.scss has 4 symbols
Searching through them all for /(^|[\s>+~])tr(\[[^\]]*\]|:{1,2}[\w-()]+|\.[\w-]+|#[\w-]+)*\s*/
Done
_datatable-responsive.scss has 31 symbols
Searching through them all for /(^|[\s>+~])tr(\[[^\]]*\]|:{1,2}[\w-()]+|\.[\w-]+|#[\w-]+)*\s*/
Done
_datatable-keytable.scss has 8 symbols
Searching through them all for /(^|[\s>+~])tr(\[[^\]]*\]|:{1,2}[\w-()]+|\.[\w-]+|#[\w-]+)*\s*/
Done
_date.scss has 49 symbols
Searching through them all for /(^|[\s>+~])tr(\[[^\]]*\]|:{1,2}[\w-()]+|\.[\w-]+|#[\w-]+)*\s*/
Done
_datatable-scroller.scss has 8 symbols
Searching through them all for /(^|[\s>+~])tr(\[[^\]]*\]|:{1,2}[\w-()]+|\.[\w-]+|#[\w-]+)*\s*/
Done
app.css has 3148 symbols
Searching through them all for /(^|[\s>+~])tr(\[[^\]]*\]|:{1,2}[\w-()]+|\.[\w-]+|#[\w-]+)*\s*/
Done
_datatable-fixed-columns.scss has 21 symbols
Searching through them all for /(^|[\s>+~])tr(\[[^\]]*\]|:{1,2}[\w-()]+|\.[\w-]+|#[\w-]+)*\s*/
Done
html.css has 163 symbols
Searching through them all for /(^|[\s>+~])tr(\[[^\]]*\]|:{1,2}[\w-()]+|\.[\w-]+|#[\w-]+)*\s*/
Done
Parsing _datatable-select.scss
_datatable-select.scss has 14 symbols
Searching through them all for /(^|[\s>+~])tr(\[[^\]]*\]|:{1,2}[\w-()]+|\.[\w-]+|#[\w-]+)*\s*/
Done
Parsing _time.scss
_time.scss has 15 symbols
Searching through them all for /(^|[\s>+~])tr(\[[^\]]*\]|:{1,2}[\w-()]+|\.[\w-]+|#[\w-]+)*\s*/
Done
Parsing _datatable-autofill.scss
_datatable-autofill.scss has 15 symbols
Searching through them all for /(^|[\s>+~])tr(\[[^\]]*\]|:{1,2}[\w-()]+|\.[\w-]+|#[\w-]+)*\s*/
Done
_datatables.scss has 132 symbols
Searching through them all for /(^|[\s>+~])tr(\[[^\]]*\]|:{1,2}[\w-()]+|\.[\w-]+|#[\w-]+)*\s*/
Done
Parsing _datatable-buttons.scss
_datatable-buttons.scss has 24 symbols
Searching through them all for /(^|[\s>+~])tr(\[[^\]]*\]|:{1,2}[\w-()]+|\.[\w-]+|#[\w-]+)*\s*/
Done
whoops.base.css has 120 symbols
Searching through them all for /(^|[\s>+~])tr(\[[^\]]*\]|:{1,2}[\w-()]+|\.[\w-]+|#[\w-]+)*\s*/
Done
style.css has 50 symbols
Searching through them all for /(^|[\s>+~])tr(\[[^\]]*\]|:{1,2}[\w-()]+|\.[\w-]+|#[\w-]+)*\s*/
Done
bootstrap.min.css has 3147 symbols
Searching through them all for /(^|[\s>+~])tr(\[[^\]]*\]|:{1,2}[\w-()]+|\.[\w-]+|#[\w-]+)*\s*/
Done
nv.d3.min.css has 135 symbols
Searching through them all for /(^|[\s>+~])tr(\[[^\]]*\]|:{1,2}[\w-()]+|\.[\w-]+|#[\w-]+)*\s*/
Done
dd($total_eleve); 4961
  script 54 60
  script 113 119
  script 122 128
  script 181 187
  table 191 196
  tbody 250 255
  tr 266 268
  td 283 285
  strong 287 293
  strong 300 306
  td 343 345
  td 398 400
  strong 402 408
  strong 430 436
  td 457 459
  td 474 476
  strong 478 484
  strong 494 500
  td 537 539
  tr 551 553
  tr 564 566
  td 581 583
  strong 585 591
  strong 616 622
  td 680 682
  td 697 699
  strong 701 707
  strong 727 733
  td 752 754
  td 769 771
  strong 773 779
  strong 786 792
  td 929 931
  tr 943 945
  tbody 954 959
  table 963 968
  table 973 978
  thead 1119 1124
  tr 1135 1137
  th 1152 1154
  th 1171 1173
  th 1188 1190
  th 1213 1215
  th 1230 1232
  br 1249 1251
  th 1258 1260
  th 1275 1277
  br 1294 1296
  th 1303 1305
  th 1320 1322
  br 1343 1345
  th 1352 1354
  th 1369 1371
  br 1398 1400
  th 1403 1405
  th 1490 1492
  br 1512 1514
  sup 1524 1527
  sup 1531 1534
  th 1547 1549
  th 1564 1566
  sup 1581 1584
  sup 1589 1592
  br 1595 1597
  th 1610 1612
  th 1627 1629
  sup 1644 1647
  sup 1651 1654
  br 1657 1659
  th 1672 1674
  th 1689 1691
  br 1716 1718
  sup 1722 1725
  sup 1730 1733
  sup 1739 1742
  sup 1746 1749
  sup 1755 1758
  sup 1762 1765
  th 1768 1770
  th 1785 1787
  th 1809 1811
  th 1851 1853
  th 1879 1881
  th 1896 1898
  th 1928 1930
  th 1945 1947
  th 1971 1973
  tr 1985 1987
  thead 1995 2000
  tbody 2008 2013
  tr 2065 2067
  td 2086 2088
  td 2113 2115
  td 2134 2136
  td 2155 2157
  td 2279 2281
  td 2304 2306
  td 2329 2331
  td 2354 2356
  td 2379 2381
  td 2405 2407
  td 2430 2432
  td 2913 2915
  td 3033 3035
  td 3060 3062
  td 3090 3092
  td 3171 3173
  td 3201 3203
  td 3282 3284
  td 3312 3314
  td 3338 3340
  td 3368 3370
  td 3398 3400
  td 3524 3526
  td 3558 3560
  td 3583 3585
  td 4193 4195
  td 4218 4220
  td 4266 4268
  tr 4312 4314
  tr 5005 5007
  td 5022 5024
  strong 5057 5063
  strong 5092 5098
  td 5101 5103
  td 5118 5120
  strong 5152 5158
  strong 5177 5183
  td 5186 5188
  td 5234 5236
  strong 5250 5256
  td 5309 5311
  td 5355 5357
  strong 5371 5377
  td 5431 5433
  tr 5475 5477
  tbody 5485 5490
  table 5494 5499
  script 5552 5558
  script 6352 6358
Invalid Selector
$rang 4818
  script 54 60
  script 113 119
  script 122 128
  script 181 187
  table 191 196
  tbody 250 255
  tr 266 268
  td 283 285
  strong 287 293
  strong 300 306
  td 343 345
  td 398 400
  strong 402 408
  strong 430 436
  td 457 459
  td 474 476
  strong 478 484
  strong 494 500
  td 537 539
  tr 551 553
  tr 564 566
  td 581 583
  strong 585 591
  strong 616 622
  td 680 682
  td 697 699
  strong 701 707
  strong 727 733
  td 752 754
  td 769 771
  strong 773 779
  strong 786 792
  td 929 931
  tr 943 945
  tbody 954 959
  table 963 968
  table 973 978
  thead 1119 1124
  tr 1135 1137
  th 1152 1154
  th 1171 1173
  th 1188 1190
  th 1213 1215
  th 1230 1232
  br 1249 1251
  th 1258 1260
  th 1275 1277
  br 1294 1296
  th 1303 1305
  th 1320 1322
  br 1343 1345
  th 1352 1354
  th 1369 1371
  br 1398 1400
  th 1403 1405
  th 1490 1492
  br 1512 1514
  sup 1524 1527
  sup 1531 1534
  th 1547 1549
  th 1564 1566
  sup 1581 1584
  sup 1589 1592
  br 1595 1597
  th 1610 1612
  th 1627 1629
  sup 1644 1647
  sup 1651 1654
  br 1657 1659
  th 1672 1674
  th 1689 1691
  br 1716 1718
  sup 1722 1725
  sup 1730 1733
  sup 1739 1742
  sup 1746 1749
  sup 1755 1758
  sup 1762 1765
  th 1768 1770
  th 1785 1787
  th 1809 1811
  th 1851 1853
  th 1879 1881
  th 1896 1898
  th 1928 1930
  th 1945 1947
  th 1971 1973
  tr 1985 1987
  thead 1995 2000
  tbody 2008 2013
  tr 2065 2067
  td 2086 2088
  td 2113 2115
  td 2134 2136
  td 2155 2157
  td 2279 2281
  td 2304 2306
  td 2329 2331
  td 2354 2356
  td 2379 2381
  td 2405 2407
  td 2430 2432
  td 2913 2915
  td 3033 3035
  td 3060 3062
  td 3090 3092
  td 3171 3173
  td 3201 3203
  td 3282 3284
  td 3312 3314
  td 3338 3340
  td 3368 3370
  td 3398 3400
  td 3524 3526
  td 3558 3560
  td 3583 3585
  td 4193 4195
  td 4218 4220
  td 4266 4268
  tr 4312 4314
  tr 5005 5007
  td 5022 5024
  strong 5057 5063
  strong 5092 5098
  td 5101 5103
  td 5118 5120
  strong 5152 5158
  strong 5177 5183
  td 5186 5188
  td 5234 5236
  strong 5250 5256
  td 5309 5311
  td 5355 5357
  strong 5371 5377
  td 5431 5433
  tr 5475 5477
  tbody 5485 5490
  table 5494 5499
  script 5552 5558
  script 6352 6358
Invalid Selector
$total_eleve 4700
  script 54 60
  script 113 119
  script 122 128
  script 181 187
  table 191 196
  tbody 250 255
  tr 266 268
  td 283 285
  strong 287 293
  strong 300 306
  td 343 345
  td 398 400
  strong 402 408
  strong 430 436
  td 457 459
  td 474 476
  strong 478 484
  strong 494 500
  td 537 539
  tr 551 553
  tr 564 566
  td 581 583
  strong 585 591
  strong 616 622
  td 680 682
  td 697 699
  strong 701 707
  strong 727 733
  td 752 754
  td 769 771
  strong 773 779
  strong 786 792
  td 929 931
  tr 943 945
  tbody 954 959
  table 963 968
  table 973 978
  thead 1119 1124
  tr 1135 1137
  th 1152 1154
  th 1171 1173
  th 1188 1190
  th 1213 1215
  th 1230 1232
  br 1249 1251
  th 1258 1260
  th 1275 1277
  br 1294 1296
  th 1303 1305
  th 1320 1322
  br 1343 1345
  th 1352 1354
  th 1369 1371
  br 1398 1400
  th 1403 1405
  th 1490 1492
  br 1512 1514
  sup 1524 1527
  sup 1531 1534
  th 1547 1549
  th 1564 1566
  sup 1581 1584
  sup 1589 1592
  br 1595 1597
  th 1610 1612
  th 1627 1629
  sup 1644 1647
  sup 1651 1654
  br 1657 1659
  th 1672 1674
  th 1689 1691
  br 1716 1718
  sup 1722 1725
  sup 1730 1733
  sup 1739 1742
  sup 1746 1749
  sup 1755 1758
  sup 1762 1765
  th 1768 1770
  th 1785 1787
  th 1809 1811
  th 1851 1853
  th 1879 1881
  th 1896 1898
  th 1928 1930
  th 1945 1947
  th 1971 1973
  tr 1985 1987
  thead 1995 2000
  tbody 2008 2013
  tr 2065 2067
  td 2086 2088
  td 2113 2115
  td 2134 2136
  td 2155 2157
  td 2279 2281
  td 2304 2306
  td 2329 2331
  td 2354 2356
  td 2379 2381
  td 2405 2407
  td 2430 2432
  td 2913 2915
  td 3033 3035
  td 3060 3062
  td 3090 3092
  td 3171 3173
  td 3201 3203
  td 3282 3284
  td 3312 3314
  td 3338 3340
  td 3368 3370
  td 3398 3400
  td 3524 3526
  td 3558 3560
  td 3583 3585
  td 4193 4195
  td 4218 4220
  td 4266 4268
  tr 4312 4314
  tr 5005 5007
  td 5022 5024
  strong 5057 5063
  strong 5092 5098
  td 5101 5103
  td 5118 5120
  strong 5152 5158
  strong 5177 5183
  td 5186 5188
  td 5234 5236
  strong 5250 5256
  td 5309 5311
  td 5355 5357
  strong 5371 5377
  td 5431 5433
  tr 5475 5477
  tbody 5485 5490
  table 5494 5499
  script 5552 5558
  script 6352 6358
Invalid Selector
$section 4645
  script 54 60
  script 113 119
  script 122 128
  script 181 187
  table 191 196
  tbody 250 255
  tr 266 268
  td 283 285
  strong 287 293
  strong 300 306
  td 343 345
  td 398 400
  strong 402 408
  strong 430 436
  td 457 459
  td 474 476
  strong 478 484
  strong 494 500
  td 537 539
  tr 551 553
  tr 564 566
  td 581 583
  strong 585 591
  strong 616 622
  td 680 682
  td 697 699
  strong 701 707
  strong 727 733
  td 752 754
  td 769 771
  strong 773 779
  strong 786 792
  td 929 931
  tr 943 945
  tbody 954 959
  table 963 968
  table 973 978
  thead 1119 1124
  tr 1135 1137
  th 1152 1154
  th 1171 1173
  th 1188 1190
  th 1213 1215
  th 1230 1232
  br 1249 1251
  th 1258 1260
  th 1275 1277
  br 1294 1296
  th 1303 1305
  th 1320 1322
  br 1343 1345
  th 1352 1354
  th 1369 1371
  br 1398 1400
  th 1403 1405
  th 1490 1492
  br 1512 1514
  sup 1524 1527
  sup 1531 1534
  th 1547 1549
  th 1564 1566
  sup 1581 1584
  sup 1589 1592
  br 1595 1597
  th 1610 1612
  th 1627 1629
  sup 1644 1647
  sup 1651 1654
  br 1657 1659
  th 1672 1674
  th 1689 1691
  br 1716 1718
  sup 1722 1725
  sup 1730 1733
  sup 1739 1742
  sup 1746 1749
  sup 1755 1758
  sup 1762 1765
  th 1768 1770
  th 1785 1787
  th 1809 1811
  th 1851 1853
  th 1879 1881
  th 1896 1898
  th 1928 1930
  th 1945 1947
  th 1971 1973
  tr 1985 1987
  thead 1995 2000
  tbody 2008 2013
  tr 2065 2067
  td 2086 2088
  td 2113 2115
  td 2134 2136
  td 2155 2157
  td 2279 2281
  td 2304 2306
  td 2329 2331
  td 2354 2356
  td 2379 2381
  td 2405 2407
  td 2430 2432
  td 2913 2915
  td 3033 3035
  td 3060 3062
  td 3090 3092
  td 3171 3173
  td 3201 3203
  td 3282 3284
  td 3312 3314
  td 3338 3340
  td 3368 3370
  td 3398 3400
  td 3524 3526
  td 3558 3560
  td 3583 3585
  td 4193 4195
  td 4218 4220
  td 4266 4268
  tr 4312 4314
  tr 5005 5007
  td 5022 5024
  strong 5057 5063
  strong 5092 5098
  td 5101 5103
  td 5118 5120
  strong 5152 5158
  strong 5177 5183
  td 5186 5188
  td 5234 5236
  strong 5250 5256
  td 5309 5311
  td 5355 5357
  strong 5371 5377
  td 5431 5433
  tr 5475 5477
  tbody 5485 5490
  table 5494 5499
  script 5552 5558
  script 6352 6358
Invalid Selector
