DEBUG     Checking PHPLS_ALLOW_XDEBUG
DEBUG     The Xdebug extension is not loaded

[Info  - 7:47:35 PM] OK!
[Info  - 7:47:35 PM] 7971 files total (unfiltered 7971)
[Info  - 7:47:35 PM] Indexing project for definitions and static references
Parsing file:///var/www/html/cpa/app/Models/TimeTable.php
Parsing file:///var/www/html/cpa/app/Models/Subject.php
Parsing file:///var/www/html/cpa/app/Models/Lga.php
Parsing file:///var/www/html/cpa/app/Models/PaymentRecord.php
Parsing file:///var/www/html/cpa/app/Models/BloodGroup.php
Parsing file:///var/www/html/cpa/app/Models/State.php
Parsing file:///var/www/html/cpa/app/Models/decaissement.php
Parsing file:///var/www/html/cpa/app/Models/ClassType.php
Parsing file:///var/www/html/cpa/app/Models/Setting.php
Parsing file:///var/www/html/cpa/app/Models/StaffRecord.php
Parsing file:///var/www/html/cpa/app/Models/Dorm.php
Parsing file:///var/www/html/cpa/app/Models/Payment.php
Parsing file:///var/www/html/cpa/app/Models/Pin.php
Parsing file:///var/www/html/cpa/app/Models/UserType.php
Parsing file:///var/www/html/cpa/app/Models/Nationality.php
Parsing file:///var/www/html/cpa/app/Models/Exam.php
Parsing file:///var/www/html/cpa/app/Models/Receipt.php
Parsing file:///var/www/html/cpa/app/Models/MyClass.php
Parsing file:///var/www/html/cpa/app/Models/ExamRecord.php
Parsing file:///var/www/html/cpa/app/Models/Mark.php
Parsing file:///var/www/html/cpa/app/Models/Skill.php
Parsing file:///var/www/html/cpa/app/Models/TimeTableRecord.php
Parsing file:///var/www/html/cpa/app/Models/TimeSlot.php
Parsing file:///var/www/html/cpa/app/Models/Grade.php
Parsing file:///var/www/html/cpa/app/Models/StudentRecord.php
Parsing file:///var/www/html/cpa/app/Models/Promotion.php
Parsing file:///var/www/html/cpa/app/Models/BookRequest.php
Parsing file:///var/www/html/cpa/app/Models/Section.php
Parsing file:///var/www/html/cpa/app/Models/Book.php
Parsing file:///var/www/html/cpa/app/Repositories/PinRepo.php
Parsing file:///var/www/html/cpa/app/Repositories/LocationRepo.php
Parsing file:///var/www/html/cpa/app/Repositories/MyClassRepo.php
Parsing file:///var/www/html/cpa/app/Repositories/DormRepo.php
Parsing file:///var/www/html/cpa/app/Repositories/PaymentRepo.php
Parsing file:///var/www/html/cpa/app/Repositories/ExamRepo.php
Parsing file:///var/www/html/cpa/app/Repositories/StudentRepo.php
Parsing file:///var/www/html/cpa/app/Repositories/MarkRepo.php
Parsing file:///var/www/html/cpa/app/Repositories/TimeTableRepo.php
Parsing file:///var/www/html/cpa/app/Repositories/SettingRepo.php
Parsing file:///var/www/html/cpa/app/Repositories/UserRepo.php
Parsing file:///var/www/html/cpa/app/User.php
Parsing file:///var/www/html/cpa/app/Helpers/Qs.php
Parsing file:///var/www/html/cpa/app/Helpers/Mk.php
Parsing file:///var/www/html/cpa/app/Helpers/Pay.php
Parsing file:///var/www/html/cpa/app/Exceptions/Handler.php
Parsing file:///var/www/html/cpa/app/Providers/AppServiceProvider.php
Parsing file:///var/www/html/cpa/app/Providers/AuthServiceProvider.php
Parsing file:///var/www/html/cpa/app/Providers/RouteServiceProvider.php
Parsing file:///var/www/html/cpa/app/Providers/BroadcastServiceProvider.php
Parsing file:///var/www/html/cpa/app/Providers/EventServiceProvider.php
Parsing file:///var/www/html/cpa/app/Http/Controllers/SuperAdmin/SettingController.php
Parsing file:///var/www/html/cpa/app/Http/Controllers/SupportTeam/GradeController.php
Parsing file:///var/www/html/cpa/app/Http/Controllers/SupportTeam/TimeTableController.php
Parsing file:///var/www/html/cpa/app/Http/Controllers/SupportTeam/BookRequestController.php
Parsing file:///var/www/html/cpa/app/Http/Controllers/SupportTeam/BookController.php
Parsing file:///var/www/html/cpa/app/Http/Controllers/SupportTeam/PromotionController.php
Parsing file:///var/www/html/cpa/app/Http/Controllers/SupportTeam/PaymentController.php
Parsing file:///var/www/html/cpa/app/Http/Controllers/SupportTeam/ExamController.php
Parsing file:///var/www/html/cpa/app/Http/Controllers/SupportTeam/DormController.php
Parsing file:///var/www/html/cpa/app/Http/Controllers/SupportTeam/PinController.php
Parsing file:///var/www/html/cpa/app/Http/Controllers/SupportTeam/UserController.php
Parsing file:///var/www/html/cpa/app/Http/Controllers/SupportTeam/StudentRecordController.php
Parsing file:///var/www/html/cpa/app/Http/Controllers/SupportTeam/MyClassController.php
Parsing file:///var/www/html/cpa/app/Http/Controllers/SupportTeam/MarkController.php
Parsing file:///var/www/html/cpa/app/Http/Controllers/SupportTeam/SectionController.php
Parsing file:///var/www/html/cpa/app/Http/Controllers/SupportTeam/SubjectController.php
Parsing file:///var/www/html/cpa/app/Http/Controllers/MyAccountController.php
Parsing file:///var/www/html/cpa/app/Http/Controllers/Auth/ForgotPasswordController.php
Parsing file:///var/www/html/cpa/app/Http/Controllers/Auth/ResetPasswordController.php
Parsing file:///var/www/html/cpa/app/Http/Controllers/Auth/LoginController.php
Parsing file:///var/www/html/cpa/app/Http/Controllers/Auth/VerificationController.php
Parsing file:///var/www/html/cpa/app/Http/Controllers/Auth/RegisterController.php
Parsing file:///var/www/html/cpa/app/Http/Controllers/Controller.php
Parsing file:///var/www/html/cpa/app/Http/Controllers/MyParent/MyController.php
Parsing file:///var/www/html/cpa/app/Http/Controllers/AjaxController.php
Parsing file:///var/www/html/cpa/app/Http/Controllers/TestController.php
Parsing file:///var/www/html/cpa/app/Http/Controllers/HomeController.php
Parsing file:///var/www/html/cpa/app/Http/Middleware/RedirectIfAuthenticated.php
Parsing file:///var/www/html/cpa/app/Http/Middleware/Custom/TeamSAT.php
Parsing file:///var/www/html/cpa/app/Http/Middleware/Custom/SuperAdmin.php
Parsing file:///var/www/html/cpa/app/Http/Middleware/Custom/MyParent.php
Parsing file:///var/www/html/cpa/app/Http/Middleware/Custom/Admin.php
Parsing file:///var/www/html/cpa/app/Http/Middleware/Custom/ExamIsLocked.php
Parsing file:///var/www/html/cpa/app/Http/Middleware/Custom/Student.php
Parsing file:///var/www/html/cpa/app/Http/Middleware/Custom/Teacher.php
Parsing file:///var/www/html/cpa/app/Http/Middleware/Custom/TeamAccount.php
Parsing file:///var/www/html/cpa/app/Http/Middleware/Custom/TeamSA.php
Parsing file:///var/www/html/cpa/app/Http/Middleware/CheckForMaintenanceMode.php
Parsing file:///var/www/html/cpa/app/Http/Middleware/TrimStrings.php
Parsing file:///var/www/html/cpa/app/Http/Middleware/EncryptCookies.php
Parsing file:///var/www/html/cpa/app/Http/Middleware/TrustProxies.php
Parsing file:///var/www/html/cpa/app/Http/Middleware/PreventRequestsDuringMaintenance.php
Parsing file:///var/www/html/cpa/app/Http/Middleware/VerifyCsrfToken.php
Parsing file:///var/www/html/cpa/app/Http/Middleware/Authenticate.php
Parsing file:///var/www/html/cpa/app/Http/Requests/Payment/PaymentUpdate.php
Parsing file:///var/www/html/cpa/app/Http/Requests/Payment/PaymentCreate.php
Parsing file:///var/www/html/cpa/app/Http/Requests/Student/StudentRecordCreate.php
Parsing file:///var/www/html/cpa/app/Http/Requests/Student/StudentRecordUpdate.php
Parsing file:///var/www/html/cpa/app/Http/Requests/MyClass/ClassUpdate.php
Parsing file:///var/www/html/cpa/app/Http/Requests/MyClass/ClassCreate.php
Parsing file:///var/www/html/cpa/app/Http/Requests/Pin/PinVerify.php
Parsing file:///var/www/html/cpa/app/Http/Requests/Pin/PinCreate.php
Parsing file:///var/www/html/cpa/app/Http/Requests/Section/SectionCreate.php
Parsing file:///var/www/html/cpa/app/Http/Requests/Section/SectionUpdate.php
Parsing file:///var/www/html/cpa/app/Http/Requests/Grade/GradeUpdate.php
Parsing file:///var/www/html/cpa/app/Http/Requests/Grade/GradeCreate.php
Parsing file:///var/www/html/cpa/app/Http/Requests/SettingUpdate.php
Parsing file:///var/www/html/cpa/app/Http/Requests/Dorm/DormCreate.php
Parsing file:///var/www/html/cpa/app/Http/Requests/Dorm/DormUpdate.php
Parsing file:///var/www/html/cpa/app/Http/Requests/TimeTable/TSRequest.php
Parsing file:///var/www/html/cpa/app/Http/Requests/TimeTable/TTRecordRequest.php
Parsing file:///var/www/html/cpa/app/Http/Requests/TimeTable/TTRequest.php
Parsing file:///var/www/html/cpa/app/Http/Requests/Subject/SubjectUpdate.php
Parsing file:///var/www/html/cpa/app/Http/Requests/Subject/SubjectCreate.php
Parsing file:///var/www/html/cpa/app/Http/Requests/UserRequest.php
Parsing file:///var/www/html/cpa/app/Http/Requests/Mark/MarkSelector.php
Parsing file:///var/www/html/cpa/app/Http/Requests/Mark/MarkUpdate.php
Parsing file:///var/www/html/cpa/app/Http/Requests/UserChangePass.php
Parsing file:///var/www/html/cpa/app/Http/Requests/UserUpdate.php
Parsing file:///var/www/html/cpa/app/Http/Requests/Exam/ExamCreate.php
Parsing file:///var/www/html/cpa/app/Http/Requests/Exam/ExamUpdate.php
Parsing file:///var/www/html/cpa/app/Http/Kernel.php
Parsing file:///var/www/html/cpa/app/Console/Kernel.php
Parsing file:///var/www/html/cpa/server.php
Parsing file:///var/www/html/cpa/tests/TestCase.php
Parsing file:///var/www/html/cpa/tests/CreatesApplication.php
Parsing file:///var/www/html/cpa/tests/Feature/ExampleTest.php
Parsing file:///var/www/html/cpa/tests/Unit/ExampleTest.php
Parsing file:///var/www/html/cpa/_ide_helper.php
[Info  - 7:47:36 PM] Ignoring file file:///var/www/html/cpa/_ide_helper.php because it exceeds size limit of 150000 bytes (718959)
Parsing file:///var/www/html/cpa/storage/framework/views/00869d39102d07145e7c9e5321f2192431899079.php
Parsing file:///var/www/html/cpa/storage/framework/views/495a5f6d9ca1532f7b646ad6a8602d2a8bdaeba3.php
Parsing file:///var/www/html/cpa/storage/framework/views/024537f60ef41f8ede3e63882e8f1f170c26dec7.php
Parsing file:///var/www/html/cpa/storage/framework/views/bbba8f45cef5e2ba5324473fbc68042ed7e99f8f.php
Parsing file:///var/www/html/cpa/storage/framework/views/f3b09fbc372545c19476e4934db89b9db8354d8e.php
Parsing file:///var/www/html/cpa/storage/framework/views/5c9be2b30857a69d6203af2c37858e8e8683eed8.php
Parsing file:///var/www/html/cpa/storage/framework/views/1352644be1b185f26c1a62da5a532ad0417dc64a.php
Parsing file:///var/www/html/cpa/storage/framework/views/120a3d627b7b871e62fdb6a1d526e8d60a92ac5f.php
Parsing file:///var/www/html/cpa/storage/framework/views/4368aaa351dbe5384c4d27001041ee645ea83136.php
Parsing file:///var/www/html/cpa/storage/framework/views/04768ac2f2f519327885c6a54fb8dcacc14183b6.php
Parsing file:///var/www/html/cpa/storage/framework/views/76f7db19378e14ef04e5797af9d32abc9750c3ab.php
Parsing file:///var/www/html/cpa/storage/framework/views/3723e2e1703412fba92bd32f7804f19530f18501.php
Parsing file:///var/www/html/cpa/storage/framework/views/b823d99c3b1df19aca72451c000fb15cb92bf266.php
Parsing file:///var/www/html/cpa/storage/framework/views/747829ef2f6a975848db938a542c738d4142755d.php
Parsing file:///var/www/html/cpa/storage/framework/views/d934a102a6868efebeaff0308d308885510c7226.php
Parsing file:///var/www/html/cpa/storage/framework/views/f04948b7672ab10f826f9dfc99a0063fac0d4b2c.php
Parsing file:///var/www/html/cpa/storage/framework/views/927d1f01f3bc3945a3002159cd36bda9cb0001f9.php
Parsing file:///var/www/html/cpa/storage/framework/views/6121611f7cfa6c33e6434c610105a506bc2ab209.php
Parsing file:///var/www/html/cpa/storage/framework/views/d26b427fba1ea5ca8238cffaad08d6c985c13510.php
Parsing file:///var/www/html/cpa/storage/framework/views/f5110fc3f129fdc8801d596127c26bceb981dacc.php
Parsing file:///var/www/html/cpa/storage/framework/views/f712a99757934334912106e8f7e625fb6e980c74.php
Parsing file:///var/www/html/cpa/storage/framework/views/dc815634256606f42b0b5a9dbb5c912c8d537447.php
Parsing file:///var/www/html/cpa/storage/framework/views/54a0c46c4e8c49bdc7fec956b0f805044b570d06.php
Parsing file:///var/www/html/cpa/storage/framework/views/0717d9dfe2575a0e06970e167042bac66dfd90f0.php
Parsing file:///var/www/html/cpa/storage/framework/views/e9f95e50ed9131ff9e42e14af5220ad889e06895.php
Parsing file:///var/www/html/cpa/storage/framework/views/3c810137b0f5e9d75fd433b09a358db4a747d670.php
Parsing file:///var/www/html/cpa/storage/framework/views/8bcb6a690928e2a3f01118880575cb8b4683ae16.php
Parsing file:///var/www/html/cpa/storage/framework/views/a1a2c9c514c92b5bee7aba0a13dfb6668ec04308.php
Parsing file:///var/www/html/cpa/storage/framework/views/fa2545852e57f3a1611e6fbe73db8ccf14a34101.php
Parsing file:///var/www/html/cpa/storage/framework/views/afaf1fb9991244e3fec3d367cfb12caee3515ea1.php
Parsing file:///var/www/html/cpa/storage/framework/views/58e8b226fad9232470991fb05c4b63e226954955.php
Parsing file:///var/www/html/cpa/storage/framework/views/b5d7201a988290a4b1c3892af6939edd2904a8eb.php
Parsing file:///var/www/html/cpa/storage/framework/views/77a0d4b8ae21ed410fbd0272ebf68b876d149b2b.php
Parsing file:///var/www/html/cpa/storage/framework/views/641313ef61110e153e4d972411e8c712ed98a02d.php
Parsing file:///var/www/html/cpa/storage/framework/views/c6bff106e2a8c54fff85e2579547ec1ddec9bdd7.php
Parsing file:///var/www/html/cpa/storage/framework/views/c661c8752db61fc4024ebb930c0dee3d8713b385.php
Parsing file:///var/www/html/cpa/storage/framework/views/cc625aa14bbead603d9b9020b7a818e5fbbc5ac4.php
Parsing file:///var/www/html/cpa/storage/framework/views/2c3df4a7ac88492522bb1e8fb5c5866014461ab3.php
Parsing file:///var/www/html/cpa/storage/framework/views/ecaa9bb48f61a8f9613968d618a8ad28f9d38bb2.php
Parsing file:///var/www/html/cpa/storage/framework/views/daaac15192a2a0611012e5b4c07452dcd5804ab3.php
Parsing file:///var/www/html/cpa/storage/framework/views/fe96e6120bb4eed81aca50fdccfa762ab2146de8.php
Parsing file:///var/www/html/cpa/storage/framework/views/6d26be5920ef38d2fe45802dd3cfa8d1f2a053a4.php
Parsing file:///var/www/html/cpa/storage/framework/views/57c0315559cd4b316b81caff8eaa697c2384e58a.php
Parsing file:///var/www/html/cpa/storage/framework/views/16dcb0d3faf512ffca15354e415aa0fee855e4b7.php
Parsing file:///var/www/html/cpa/storage/framework/views/1b3d51129564e4c71062bce9d01cad3256328d21.php
Parsing file:///var/www/html/cpa/storage/framework/views/ae64e7970817aaeacd1a5c6e7274599bf781a067.php
Parsing file:///var/www/html/cpa/storage/framework/views/9bcea49417e09ca5f051e7e4debcb6d269ea0bc7.php
Parsing file:///var/www/html/cpa/storage/framework/views/de34ca48d72283de31e84d8128a14a1ecdd475ce.php
Parsing file:///var/www/html/cpa/storage/framework/views/de860974e9b54e8c6664023e64eaf69a8d800f69.php
Parsing file:///var/www/html/cpa/storage/framework/views/eee47f61529e75704f9efdccdced518c42b863e5.php
Parsing file:///var/www/html/cpa/storage/framework/views/a30c7ddba34a10f3f2dfe33a676205e1ff3740a7.php
Parsing file:///var/www/html/cpa/storage/framework/views/81ccf80fd10ed1205ce1d90603d1f62e16d76f5f.php
Parsing file:///var/www/html/cpa/storage/framework/views/ee0b092020e7794a687aa713aa5791a4d712991e.php
Parsing file:///var/www/html/cpa/storage/framework/views/54301b93d550a3866aac9ae1d0ac14078b397c7d.php
Parsing file:///var/www/html/cpa/storage/framework/views/72e9c028482231eebaa3797aa3a768b98459ba1a.php
Parsing file:///var/www/html/cpa/storage/framework/views/a8f360e3bba9f1a7677890721c00ba0ee8ca209d.php
Parsing file:///var/www/html/cpa/storage/framework/views/c2be50e8f5f73fbd52f577ca7066fce9347dc627.php
Parsing file:///var/www/html/cpa/storage/framework/views/a3cfe28329c9a0076f87854afc9911070965c088.php
Parsing file:///var/www/html/cpa/storage/framework/views/9383a5288b878c4c928ca6d5ee76c57d0b29891f.php
Parsing file:///var/www/html/cpa/storage/framework/views/0305b4cc03cd1a1dc634ef084bef54422fe08164.php
Parsing file:///var/www/html/cpa/storage/framework/views/3cf7442bc823e2d4e325bcf401d5384c0a406770.php
Parsing file:///var/www/html/cpa/storage/framework/views/fb9ac34d0b9cbe3b17102356ef56d1ad1c6e8a12.php
Parsing file:///var/www/html/cpa/storage/framework/views/5f48e3f38be1c602d3f1258c95f4b7ad215997ba.php
Parsing file:///var/www/html/cpa/storage/framework/views/2a2cfc5bf09578d2d4197f561ee0896af8203dd6.php
Parsing file:///var/www/html/cpa/storage/framework/views/47cd747a7f3595bd70dbecc44071e528435a4947.php
Parsing file:///var/www/html/cpa/storage/framework/views/3720f1fff1251b7ae7fbe86087728e381ad965f3.php
Parsing file:///var/www/html/cpa/storage/framework/views/5486b03b52a68ef41c3b26664fdd7fd967fd86e9.php
Parsing file:///var/www/html/cpa/storage/framework/views/966ffd6efe66888140f91993e6f1bceb82deb65e.php
Parsing file:///var/www/html/cpa/storage/framework/views/c07dd60835950cf50f04132d5518d8f2ce35d819.php
Parsing file:///var/www/html/cpa/storage/framework/views/80ceca4176117a27dedaa95bec918178cfeede52.php
Parsing file:///var/www/html/cpa/storage/framework/views/9c8c6e058da9fce261487fc42d47dd9dcb212fcc.php
Parsing file:///var/www/html/cpa/storage/framework/views/fd7fba14b167397576277216613a25585da6fa0a.php
Parsing file:///var/www/html/cpa/storage/framework/views/f7f3be21c98d0376777d4b103beb0f8f02369609.php
Parsing file:///var/www/html/cpa/storage/framework/views/ca0ffa2c8dc885717823966f82d3a6203781d9d0.php
Parsing file:///var/www/html/cpa/storage/framework/views/2035348df8abb1e754549366c417333ffe6f3e47.php
Parsing file:///var/www/html/cpa/storage/framework/views/186dbca504c2ab90ff6c70b42a6246e14adce795.php
Parsing file:///var/www/html/cpa/storage/framework/views/1e8c0dec9870f3da728d3ccb3685aae867e27290.php
Parsing file:///var/www/html/cpa/storage/framework/views/e6e78ed7642f626e8c7454fa18eeb5d31100b6ee.php
Parsing file:///var/www/html/cpa/storage/framework/views/26a573e22b0efa3b33e6da14050ed04b8f83498b.php
Parsing file:///var/www/html/cpa/storage/framework/views/9dc66e664e3d52f68a0d3214ba9e6993f433c8da.php
Parsing file:///var/www/html/cpa/storage/framework/views/b6dbdbb2a084b51d864682c2354d09e127b44bb2.php
Parsing file:///var/www/html/cpa/bootstrap/cache/packages.php
Parsing file:///var/www/html/cpa/bootstrap/cache/services.php
Parsing file:///var/www/html/cpa/bootstrap/app.php
Parsing file:///var/www/html/cpa/config/mail.php
Parsing file:///var/www/html/cpa/config/auth.php
Parsing file:///var/www/html/cpa/config/services.php
Parsing file:///var/www/html/cpa/config/hashing.php
Parsing file:///var/www/html/cpa/config/filesystems.php
Parsing file:///var/www/html/cpa/config/view.php
Parsing file:///var/www/html/cpa/config/database.php
Parsing file:///var/www/html/cpa/config/queue.php
Parsing file:///var/www/html/cpa/config/session.php
Parsing file:///var/www/html/cpa/config/app.php
Parsing file:///var/www/html/cpa/config/logging.php
Parsing file:///var/www/html/cpa/config/broadcasting.php
Parsing file:///var/www/html/cpa/config/cache.php
Parsing file:///var/www/html/cpa/User/History/-4220ebc2/rwlz.php
Parsing file:///var/www/html/cpa/User/History/-4220ebc2/EGjg.php
Parsing file:///var/www/html/cpa/User/History/-4220ebc2/S8WU.php
Parsing file:///var/www/html/cpa/User/History/-4220ebc2/333J.php
Parsing file:///var/www/html/cpa/User/History/-4220ebc2/ZGfW.php
Parsing file:///var/www/html/cpa/User/History/-4220ebc2/laxT.php
Parsing file:///var/www/html/cpa/User/History/1ee7c829/oJcU.php
Parsing file:///var/www/html/cpa/User/History/1ee7c829/lnyf.php
Parsing file:///var/www/html/cpa/User/History/1ee7c829/dyx1.php
Parsing file:///var/www/html/cpa/User/History/1ee7c829/IKii.php
Parsing file:///var/www/html/cpa/User/History/1ee7c829/ZN6S.php
Parsing file:///var/www/html/cpa/User/History/1ee7c829/Qlqh.php
Parsing file:///var/www/html/cpa/User/History/1ee7c829/wZh1.php
Parsing file:///var/www/html/cpa/User/History/1ee7c829/STul.php
Parsing file:///var/www/html/cpa/User/History/1ee7c829/juDN.php
Parsing file:///var/www/html/cpa/User/History/1ee7c829/L1rp.php
Parsing file:///var/www/html/cpa/User/History/1ee7c829/Upm8.php
Parsing file:///var/www/html/cpa/User/History/36652d74/ZRIT.php
Parsing file:///var/www/html/cpa/User/History/-72caf77d/IPvT.php
Parsing file:///var/www/html/cpa/User/History/-72caf77d/yA9l.php
Parsing file:///var/www/html/cpa/User/History/449e03e0/Lfk7.php
Parsing file:///var/www/html/cpa/User/History/449e03e0/8CUY.php
Parsing file:///var/www/html/cpa/User/History/449e03e0/wW2i.php
Parsing file:///var/www/html/cpa/User/History/449e03e0/ufOh.php
Parsing file:///var/www/html/cpa/User/History/449e03e0/usUf.php
Parsing file:///var/www/html/cpa/User/History/734df662/uSQI.php
Parsing file:///var/www/html/cpa/User/History/734df662/e2Wf.php
Parsing file:///var/www/html/cpa/User/History/734df662/lrsp.php
Parsing file:///var/www/html/cpa/User/History/734df662/6rRU.php
Parsing file:///var/www/html/cpa/User/History/734df662/FH0b.php
Parsing file:///var/www/html/cpa/User/History/734df662/zoFY.php
Parsing file:///var/www/html/cpa/User/History/734df662/KFxE.php
Parsing file:///var/www/html/cpa/User/History/734df662/Rtgs.php
Parsing file:///var/www/html/cpa/User/History/734df662/dPoV.php
Parsing file:///var/www/html/cpa/User/History/734df662/VlVV.php
Parsing file:///var/www/html/cpa/User/History/734df662/3yuI.php
Parsing file:///var/www/html/cpa/User/History/734df662/9fQf.php
Parsing file:///var/www/html/cpa/User/History/734df662/oAGH.php
Parsing file:///var/www/html/cpa/User/History/734df662/j8jH.php
Parsing file:///var/www/html/cpa/User/History/734df662/410o.php
Parsing file:///var/www/html/cpa/User/History/734df662/xQVP.php
Parsing file:///var/www/html/cpa/User/History/734df662/lf26.php
Parsing file:///var/www/html/cpa/User/History/734df662/1ncQ.php
Parsing file:///var/www/html/cpa/User/History/52c77a54/mWJg.php
Parsing file:///var/www/html/cpa/User/History/52c77a54/rkXf.php
Parsing file:///var/www/html/cpa/User/History/52c77a54/0MZ9.php
Parsing file:///var/www/html/cpa/User/History/52c77a54/Fdda.php
Parsing file:///var/www/html/cpa/User/History/52c77a54/pwf2.php
Parsing file:///var/www/html/cpa/User/History/52c77a54/Rhsn.php
Parsing file:///var/www/html/cpa/User/History/52c77a54/v4G3.php
Parsing file:///var/www/html/cpa/User/History/52c77a54/OBmu.php
Parsing file:///var/www/html/cpa/User/History/52c77a54/kaz5.php
Parsing file:///var/www/html/cpa/User/History/52c77a54/uFhk.php
Parsing file:///var/www/html/cpa/User/History/52c77a54/Wyag.php
Parsing file:///var/www/html/cpa/User/History/52c77a54/WXbm.php
Parsing file:///var/www/html/cpa/User/History/52c77a54/AzKo.php
Parsing file:///var/www/html/cpa/User/History/52c77a54/eZix.php
Parsing file:///var/www/html/cpa/User/History/52c77a54/LS3B.php
Parsing file:///var/www/html/cpa/User/History/52c77a54/TsB0.php
Parsing file:///var/www/html/cpa/User/History/52c77a54/t6xv.php
Parsing file:///var/www/html/cpa/User/History/52c77a54/dXy7.php
Parsing file:///var/www/html/cpa/User/History/52c77a54/VWIK.php
Parsing file:///var/www/html/cpa/User/History/52c77a54/TmVS.php
Parsing file:///var/www/html/cpa/User/History/52c77a54/q7kh.php
Parsing file:///var/www/html/cpa/User/History/-6cba9845/f0Vr.php
Parsing file:///var/www/html/cpa/User/History/100fb291/ljwR.php
Parsing file:///var/www/html/cpa/User/History/100fb291/AnYf.php
Parsing file:///var/www/html/cpa/User/History/100fb291/uSyE.php
Parsing file:///var/www/html/cpa/User/History/100fb291/ta3R.php
Parsing file:///var/www/html/cpa/User/History/100fb291/oiq4.php
Parsing file:///var/www/html/cpa/User/History/100fb291/mjF6.php
Parsing file:///var/www/html/cpa/User/History/100fb291/8SF4.php
Parsing file:///var/www/html/cpa/User/History/100fb291/CeTy.php
Parsing file:///var/www/html/cpa/User/History/100fb291/HTQm.php
Parsing file:///var/www/html/cpa/User/History/100fb291/cm5b.php
Parsing file:///var/www/html/cpa/User/History/100fb291/nwRE.php
Parsing file:///var/www/html/cpa/User/History/100fb291/skd0.php
Parsing file:///var/www/html/cpa/User/History/100fb291/pXRz.php
Parsing file:///var/www/html/cpa/User/History/100fb291/xoS9.php
Parsing file:///var/www/html/cpa/User/History/100fb291/4G4Z.php
Parsing file:///var/www/html/cpa/User/History/100fb291/fza6.php
Parsing file:///var/www/html/cpa/User/History/100fb291/lU0F.php
Parsing file:///var/www/html/cpa/User/History/100fb291/8hEE.php
Parsing file:///var/www/html/cpa/User/History/100fb291/dN6B.php
Parsing file:///var/www/html/cpa/User/History/100fb291/cXh1.php
Parsing file:///var/www/html/cpa/User/History/100fb291/rIgR.php
Parsing file:///var/www/html/cpa/User/History/100fb291/X3Vp.php
Parsing file:///var/www/html/cpa/User/History/100fb291/532o.php
Parsing file:///var/www/html/cpa/User/History/100fb291/nys9.php
Parsing file:///var/www/html/cpa/User/History/100fb291/QeTS.php
Parsing file:///var/www/html/cpa/User/History/100fb291/Ejud.php
Parsing file:///var/www/html/cpa/User/History/100fb291/AK1q.php
Parsing file:///var/www/html/cpa/User/History/100fb291/qMEL.php
Parsing file:///var/www/html/cpa/User/History/100fb291/rxe1.php
Parsing file:///var/www/html/cpa/User/History/100fb291/kYij.php
Parsing file:///var/www/html/cpa/User/History/100fb291/Wahb.php
Parsing file:///var/www/html/cpa/User/History/100fb291/puLg.php
Parsing file:///var/www/html/cpa/User/History/100fb291/EWTK.php
Parsing file:///var/www/html/cpa/User/History/100fb291/wENU.php
Parsing file:///var/www/html/cpa/User/History/100fb291/2fqY.php
Parsing file:///var/www/html/cpa/User/History/100fb291/X6ln.php
Parsing file:///var/www/html/cpa/User/History/100fb291/BkHs.php
Parsing file:///var/www/html/cpa/User/History/100fb291/1mgo.php
Parsing file:///var/www/html/cpa/User/History/100fb291/3Kwy.php
Parsing file:///var/www/html/cpa/User/History/100fb291/CryP.php
Parsing file:///var/www/html/cpa/User/History/100fb291/8GEK.php
Parsing file:///var/www/html/cpa/User/History/100fb291/mLW9.php
Parsing file:///var/www/html/cpa/User/History/100fb291/8m1f.php
Parsing file:///var/www/html/cpa/User/History/100fb291/gZrr.php
Parsing file:///var/www/html/cpa/User/History/100fb291/TNqf.php
Parsing file:///var/www/html/cpa/User/History/100fb291/9iZU.php
Parsing file:///var/www/html/cpa/User/History/100fb291/VeCl.php
Parsing file:///var/www/html/cpa/User/History/100fb291/WrGh.php
Parsing file:///var/www/html/cpa/User/History/100fb291/QrKC.php
Parsing file:///var/www/html/cpa/User/History/100fb291/osX9.php
Parsing file:///var/www/html/cpa/User/History/1a12c5ab/aMon.php
Parsing file:///var/www/html/cpa/User/History/1a12c5ab/bbpi.php
Parsing file:///var/www/html/cpa/User/History/1a12c5ab/Wsz7.php
Parsing file:///var/www/html/cpa/User/History/1a12c5ab/XjAn.php
Parsing file:///var/www/html/cpa/User/History/1a12c5ab/UFs6.php
Parsing file:///var/www/html/cpa/User/History/1a12c5ab/eE4R.php
Parsing file:///var/www/html/cpa/User/History/1a12c5ab/lFin.php
Parsing file:///var/www/html/cpa/User/History/-7f2bc966/NsXE.php
Parsing file:///var/www/html/cpa/User/History/3dc00a44/xKcB.php
Parsing file:///var/www/html/cpa/User/History/3dc00a44/FlxD.php
Parsing file:///var/www/html/cpa/User/History/3dc00a44/QrjX.php
Parsing file:///var/www/html/cpa/User/History/251722a1/Z1D7.php
Parsing file:///var/www/html/cpa/User/History/251722a1/oWAO.php
Parsing file:///var/www/html/cpa/User/History/251722a1/HKUS.php
Parsing file:///var/www/html/cpa/User/History/251722a1/6rTW.php
Parsing file:///var/www/html/cpa/User/History/251722a1/q0Sa.php
Parsing file:///var/www/html/cpa/User/History/251722a1/ajr1.php
Parsing file:///var/www/html/cpa/User/History/251722a1/aAAc.php
Parsing file:///var/www/html/cpa/User/History/251722a1/IBEd.php
Parsing file:///var/www/html/cpa/User/History/251722a1/fJPT.php
Parsing file:///var/www/html/cpa/User/History/251722a1/pO4j.php
Parsing file:///var/www/html/cpa/User/History/251722a1/nzGT.php
Parsing file:///var/www/html/cpa/User/History/251722a1/ZWAY.php
Parsing file:///var/www/html/cpa/User/History/251722a1/DzWt.php
Parsing file:///var/www/html/cpa/User/History/251722a1/VqNW.php
Parsing file:///var/www/html/cpa/User/History/251722a1/7FPH.php
Parsing file:///var/www/html/cpa/User/History/251722a1/g7g5.php
Parsing file:///var/www/html/cpa/User/History/251722a1/i6An.php
Parsing file:///var/www/html/cpa/User/History/251722a1/bBQi.php
Parsing file:///var/www/html/cpa/User/History/251722a1/1lrg.php
Parsing file:///var/www/html/cpa/User/History/251722a1/g9U4.php
Parsing file:///var/www/html/cpa/User/History/251722a1/2QJe.php
Parsing file:///var/www/html/cpa/User/History/251722a1/YQG5.php
Parsing file:///var/www/html/cpa/User/History/251722a1/Cay4.php
Parsing file:///var/www/html/cpa/User/History/251722a1/1v5D.php
Parsing file:///var/www/html/cpa/User/History/251722a1/5ORe.php
Parsing file:///var/www/html/cpa/User/History/251722a1/bUSA.php
Parsing file:///var/www/html/cpa/User/History/251722a1/xR1c.php
Parsing file:///var/www/html/cpa/User/History/251722a1/YEk4.php
Parsing file:///var/www/html/cpa/User/History/251722a1/WDCv.php
Parsing file:///var/www/html/cpa/User/History/251722a1/TEst.php
Parsing file:///var/www/html/cpa/User/History/251722a1/vKfq.php
Parsing file:///var/www/html/cpa/User/History/251722a1/Qnn2.php
Parsing file:///var/www/html/cpa/User/History/251722a1/SZHA.php
Parsing file:///var/www/html/cpa/User/History/251722a1/UyDS.php
Parsing file:///var/www/html/cpa/User/History/251722a1/DPl5.php
Parsing file:///var/www/html/cpa/User/History/251722a1/LtEI.php
Parsing file:///var/www/html/cpa/User/History/251722a1/qGmn.php
Parsing file:///var/www/html/cpa/User/History/251722a1/V6R5.php
Parsing file:///var/www/html/cpa/User/History/251722a1/MngP.php
Parsing file:///var/www/html/cpa/User/History/251722a1/LlZ8.php
Parsing file:///var/www/html/cpa/User/History/251722a1/mick.php
Parsing file:///var/www/html/cpa/User/History/251722a1/iqWH.php
Parsing file:///var/www/html/cpa/User/History/251722a1/T2jk.php
Parsing file:///var/www/html/cpa/User/History/251722a1/cdh6.php
Parsing file:///var/www/html/cpa/User/History/251722a1/3wxF.php
Parsing file:///var/www/html/cpa/User/History/251722a1/YbKt.php
Parsing file:///var/www/html/cpa/User/History/251722a1/l2o6.php
Parsing file:///var/www/html/cpa/User/History/251722a1/iZcQ.php
Parsing file:///var/www/html/cpa/User/History/251722a1/SdrU.php
Parsing file:///var/www/html/cpa/User/History/251722a1/7nGG.php
Parsing file:///var/www/html/cpa/User/History/251722a1/CjXe.php
Parsing file:///var/www/html/cpa/User/History/-72c70ba9/pzM9.php
Parsing file:///var/www/html/cpa/User/History/-72c70ba9/we3t.php
Parsing file:///var/www/html/cpa/User/History/-72c70ba9/ABR1.php
Parsing file:///var/www/html/cpa/User/History/-72c70ba9/xrkI.php
Parsing file:///var/www/html/cpa/User/History/-72c70ba9/QJCf.php
Parsing file:///var/www/html/cpa/User/History/-72c70ba9/qaVE.php
Parsing file:///var/www/html/cpa/User/History/-72c70ba9/G3uh.php
Parsing file:///var/www/html/cpa/User/History/-72c70ba9/Iv2K.php
Parsing file:///var/www/html/cpa/User/History/-72c70ba9/Ne0w.php
Parsing file:///var/www/html/cpa/User/History/-72c70ba9/Immk.php
Parsing file:///var/www/html/cpa/User/History/-72c70ba9/MHUH.php
Parsing file:///var/www/html/cpa/User/History/-72c70ba9/Pje7.php
Parsing file:///var/www/html/cpa/User/History/-72c70ba9/PVA2.php
Parsing file:///var/www/html/cpa/User/History/-72c70ba9/4WA8.php
Parsing file:///var/www/html/cpa/User/History/-72c70ba9/M6XN.php
Parsing file:///var/www/html/cpa/User/History/-72c70ba9/ckcU.php
Parsing file:///var/www/html/cpa/User/History/-72c70ba9/7Yxz.php
Parsing file:///var/www/html/cpa/User/History/-72c70ba9/xoJn.php
Parsing file:///var/www/html/cpa/User/History/-72c70ba9/AvMn.php
Parsing file:///var/www/html/cpa/User/History/-72c70ba9/l9IT.php
Parsing file:///var/www/html/cpa/User/History/-72c70ba9/v4mS.php
Parsing file:///var/www/html/cpa/User/History/-72c70ba9/VDjw.php
Parsing file:///var/www/html/cpa/User/History/-72c70ba9/7mWY.php
Parsing file:///var/www/html/cpa/User/History/-72c70ba9/kifa.php
Parsing file:///var/www/html/cpa/User/History/-72c70ba9/FqjP.php
Parsing file:///var/www/html/cpa/User/History/-72c70ba9/pPk4.php
Parsing file:///var/www/html/cpa/User/History/-72c70ba9/UGaI.php
Parsing file:///var/www/html/cpa/User/History/-72c70ba9/2F5U.php
Parsing file:///var/www/html/cpa/User/History/-72c70ba9/2URO.php
Parsing file:///var/www/html/cpa/User/History/-72c70ba9/v3l0.php
Parsing file:///var/www/html/cpa/User/History/-72c70ba9/DPle.php
Parsing file:///var/www/html/cpa/User/History/-72c70ba9/BDtz.php
Parsing file:///var/www/html/cpa/User/History/-72c70ba9/LkIC.php
Parsing file:///var/www/html/cpa/User/History/-72c70ba9/z7MD.php
Parsing file:///var/www/html/cpa/User/History/-72c70ba9/Blf1.php
Parsing file:///var/www/html/cpa/User/History/-72c70ba9/QsBD.php
Parsing file:///var/www/html/cpa/User/History/-72c70ba9/hyOn.php
Parsing file:///var/www/html/cpa/User/History/-72c70ba9/VMts.php
Parsing file:///var/www/html/cpa/User/History/-72c70ba9/cub8.php
Parsing file:///var/www/html/cpa/User/History/-72c70ba9/INl3.php
Parsing file:///var/www/html/cpa/User/History/-72c70ba9/h5XX.php
Parsing file:///var/www/html/cpa/User/History/-38b0e0a3/1TAn.php
Parsing file:///var/www/html/cpa/User/History/-38b0e0a3/BN8v.php
Parsing file:///var/www/html/cpa/User/History/-38b0e0a3/b1I9.php
Parsing file:///var/www/html/cpa/User/History/-38b0e0a3/Cymp.php
Parsing file:///var/www/html/cpa/User/History/-38b0e0a3/4OB4.php
Parsing file:///var/www/html/cpa/User/History/-38b0e0a3/i9bs.php
Parsing file:///var/www/html/cpa/User/History/-38b0e0a3/Jpcy.php
Parsing file:///var/www/html/cpa/User/History/-38b0e0a3/JVMr.php
Parsing file:///var/www/html/cpa/User/History/-38b0e0a3/tRj8.php
Parsing file:///var/www/html/cpa/User/History/-38b0e0a3/pIZ8.php
Parsing file:///var/www/html/cpa/User/History/-38b0e0a3/NieF.php
Parsing file:///var/www/html/cpa/User/History/-38b0e0a3/1I91.php
Parsing file:///var/www/html/cpa/User/History/-38b0e0a3/Llka.php
Parsing file:///var/www/html/cpa/User/History/-38b0e0a3/jcrp.php
Parsing file:///var/www/html/cpa/User/History/-38b0e0a3/utRw.php
Parsing file:///var/www/html/cpa/User/History/-38b0e0a3/Rjig.php
Parsing file:///var/www/html/cpa/User/History/-38b0e0a3/hd7O.php
Parsing file:///var/www/html/cpa/User/History/-38b0e0a3/6bR9.php
Parsing file:///var/www/html/cpa/User/History/-38b0e0a3/8IJG.php
Parsing file:///var/www/html/cpa/User/History/-38b0e0a3/Omm8.php
Parsing file:///var/www/html/cpa/User/History/-38b0e0a3/K5tC.php
Parsing file:///var/www/html/cpa/User/History/-38b0e0a3/kXdG.php
Parsing file:///var/www/html/cpa/User/History/-38b0e0a3/e8y8.php
Parsing file:///var/www/html/cpa/User/History/-38b0e0a3/rfgY.php
Parsing file:///var/www/html/cpa/User/History/-38b0e0a3/9XN2.php
Parsing file:///var/www/html/cpa/User/History/-38b0e0a3/FDaF.php
Parsing file:///var/www/html/cpa/User/History/-38b0e0a3/ZyVM.php
Parsing file:///var/www/html/cpa/User/History/-38b0e0a3/SqYT.php
Parsing file:///var/www/html/cpa/User/History/-38b0e0a3/h2m8.php
Parsing file:///var/www/html/cpa/User/History/-38b0e0a3/vg4T.php
Parsing file:///var/www/html/cpa/User/History/-38b0e0a3/fFjA.php
Parsing file:///var/www/html/cpa/User/History/-38b0e0a3/9XE8.php
Parsing file:///var/www/html/cpa/User/History/-38b0e0a3/tzSD.php
Parsing file:///var/www/html/cpa/User/History/-38b0e0a3/uLf5.php
Parsing file:///var/www/html/cpa/User/History/-38b0e0a3/2yuI.php
Parsing file:///var/www/html/cpa/User/History/-38b0e0a3/9Rrj.php
Parsing file:///var/www/html/cpa/User/History/-38b0e0a3/7Uhm.php
Parsing file:///var/www/html/cpa/User/History/-38b0e0a3/fSmY.php
Parsing file:///var/www/html/cpa/User/History/-38b0e0a3/Andc.php
Parsing file:///var/www/html/cpa/User/History/-38b0e0a3/7x2x.php
Parsing file:///var/www/html/cpa/User/History/-38b0e0a3/w95E.php
Parsing file:///var/www/html/cpa/User/History/-38b0e0a3/u8xF.php
Parsing file:///var/www/html/cpa/User/History/-38b0e0a3/Yg3z.php
Parsing file:///var/www/html/cpa/User/History/-38b0e0a3/DqRj.php
Parsing file:///var/www/html/cpa/User/History/-38b0e0a3/dUZa.php
Parsing file:///var/www/html/cpa/User/History/-38b0e0a3/CdJ3.php
Parsing file:///var/www/html/cpa/User/History/-38b0e0a3/6Rh1.php
Parsing file:///var/www/html/cpa/User/History/-38b0e0a3/D0F3.php
Parsing file:///var/www/html/cpa/User/History/-38b0e0a3/yjt2.php
Parsing file:///var/www/html/cpa/User/History/-38b0e0a3/9OdL.php
Parsing file:///var/www/html/cpa/User/History/4a7b1fc7/D6W4.php
Parsing file:///var/www/html/cpa/User/History/4a7b1fc7/RJAP.php
Parsing file:///var/www/html/cpa/User/History/4a7b1fc7/12Ic.php
Parsing file:///var/www/html/cpa/User/History/4a7b1fc7/HXYk.php
Parsing file:///var/www/html/cpa/User/History/4a7b1fc7/gXcW.php
Parsing file:///var/www/html/cpa/User/History/4a7b1fc7/snBX.php
Parsing file:///var/www/html/cpa/User/History/4a7b1fc7/Oxkc.php
Parsing file:///var/www/html/cpa/User/History/4a7b1fc7/E18L.php
Parsing file:///var/www/html/cpa/User/History/4a7b1fc7/s6XS.php
Parsing file:///var/www/html/cpa/User/History/4a7b1fc7/GkFt.php
Parsing file:///var/www/html/cpa/User/History/4a7b1fc7/RXgi.php
Parsing file:///var/www/html/cpa/User/History/4a7b1fc7/WUDS.php
Parsing file:///var/www/html/cpa/User/History/4a7b1fc7/249P.php
Parsing file:///var/www/html/cpa/User/History/4a7b1fc7/dC3O.php
Parsing file:///var/www/html/cpa/User/History/4a7b1fc7/VjRm.php
Parsing file:///var/www/html/cpa/User/History/4a7b1fc7/atQx.php
Parsing file:///var/www/html/cpa/User/History/4a7b1fc7/hbLx.php
Parsing file:///var/www/html/cpa/User/History/4a7b1fc7/eS4c.php
Parsing file:///var/www/html/cpa/User/History/4a7b1fc7/eDvV.php
Parsing file:///var/www/html/cpa/User/History/4a7b1fc7/iZCO.php
Parsing file:///var/www/html/cpa/User/History/4a7b1fc7/WDEE.php
Parsing file:///var/www/html/cpa/User/History/4a7b1fc7/D6Cu.php
Parsing file:///var/www/html/cpa/User/History/4a7b1fc7/Sx99.php
Parsing file:///var/www/html/cpa/User/History/4a7b1fc7/hbu9.php
Parsing file:///var/www/html/cpa/User/History/4a7b1fc7/ntV8.php
Parsing file:///var/www/html/cpa/User/History/4a7b1fc7/tyoo.php
Parsing file:///var/www/html/cpa/User/History/4a7b1fc7/gPgj.php
Parsing file:///var/www/html/cpa/User/History/4a7b1fc7/6rPY.php
Parsing file:///var/www/html/cpa/User/History/4a7b1fc7/ZMrw.php
Parsing file:///var/www/html/cpa/User/History/4a7b1fc7/ciaR.php
Parsing file:///var/www/html/cpa/User/History/4a7b1fc7/T9tr.php
Parsing file:///var/www/html/cpa/User/History/4a7b1fc7/1jSj.php
Parsing file:///var/www/html/cpa/User/History/4a7b1fc7/pFfM.php
Parsing file:///var/www/html/cpa/User/History/4a7b1fc7/EgW5.php
Parsing file:///var/www/html/cpa/User/History/4a7b1fc7/YDHH.php
Parsing file:///var/www/html/cpa/User/History/4a7b1fc7/ttSf.php
Parsing file:///var/www/html/cpa/User/History/4a7b1fc7/GvHL.php
Parsing file:///var/www/html/cpa/User/History/4a7b1fc7/oXzm.php
Parsing file:///var/www/html/cpa/User/History/4a7b1fc7/BKGP.php
Parsing file:///var/www/html/cpa/User/History/4a7b1fc7/yPau.php
Parsing file:///var/www/html/cpa/User/History/4a7b1fc7/l29S.php
Parsing file:///var/www/html/cpa/User/History/4a7b1fc7/UE2O.php
Parsing file:///var/www/html/cpa/User/History/4a7b1fc7/TfFw.php
Parsing file:///var/www/html/cpa/User/History/4a7b1fc7/CT1K.php
Parsing file:///var/www/html/cpa/User/History/4a7b1fc7/nwtL.php
Parsing file:///var/www/html/cpa/User/History/4a7b1fc7/Gj4e.php
Parsing file:///var/www/html/cpa/User/History/4a7b1fc7/IQHa.php
Parsing file:///var/www/html/cpa/User/History/4a7b1fc7/qNkC.php
Parsing file:///var/www/html/cpa/User/History/4a7b1fc7/gUTu.php
Parsing file:///var/www/html/cpa/User/History/4a7b1fc7/arAP.php
Parsing file:///var/www/html/cpa/User/History/-4b5e1330/Hsby.php
Parsing file:///var/www/html/cpa/User/History/-4b5e1330/OFh9.php
Parsing file:///var/www/html/cpa/User/History/-4b5e1330/pAKe.php
Parsing file:///var/www/html/cpa/User/History/-4b5e1330/MYvX.php
Parsing file:///var/www/html/cpa/User/History/-4b5e1330/C8yz.php
Parsing file:///var/www/html/cpa/User/History/-4b5e1330/6MFu.php
Parsing file:///var/www/html/cpa/User/History/-4b5e1330/hO75.php
Parsing file:///var/www/html/cpa/User/History/-4b5e1330/oD4E.php
Parsing file:///var/www/html/cpa/User/History/-4b5e1330/t2C6.php
Parsing file:///var/www/html/cpa/User/History/-4b5e1330/Jmpu.php
Parsing file:///var/www/html/cpa/User/History/-4b5e1330/PS3p.php
Parsing file:///var/www/html/cpa/User/History/-4b5e1330/ssqj.php
Parsing file:///var/www/html/cpa/User/History/-4b5e1330/xYzX.php
Parsing file:///var/www/html/cpa/User/History/-4b5e1330/NcMc.php
Parsing file:///var/www/html/cpa/User/History/-4b5e1330/wnkp.php
Parsing file:///var/www/html/cpa/User/History/-4b5e1330/DCkK.php
Parsing file:///var/www/html/cpa/User/History/-4b5e1330/B8wA.php
Parsing file:///var/www/html/cpa/User/History/-4b5e1330/Znok.php
Parsing file:///var/www/html/cpa/User/History/-4b5e1330/Rwz1.php
Parsing file:///var/www/html/cpa/User/History/-4b5e1330/aOgU.php
Parsing file:///var/www/html/cpa/User/History/-4b5e1330/USMu.php
Parsing file:///var/www/html/cpa/User/History/-4b5e1330/koG6.php
Parsing file:///var/www/html/cpa/User/History/-4b5e1330/Qrgj.php
Parsing file:///var/www/html/cpa/User/History/-4b5e1330/dAYx.php
Parsing file:///var/www/html/cpa/User/History/-4b5e1330/kfRK.php
Parsing file:///var/www/html/cpa/User/History/-4b5e1330/bDl9.php
Parsing file:///var/www/html/cpa/User/History/-4b5e1330/XDmJ.php
Parsing file:///var/www/html/cpa/User/History/-4b5e1330/9fBc.php
Parsing file:///var/www/html/cpa/User/History/2264d0fd/OHOK.php
Parsing file:///var/www/html/cpa/User/History/2264d0fd/J2an.php
Parsing file:///var/www/html/cpa/User/History/2264d0fd/DoSx.php
Parsing file:///var/www/html/cpa/User/History/2264d0fd/eXHN.php
Parsing file:///var/www/html/cpa/database/factories/StudentRecordFactory.php
Parsing file:///var/www/html/cpa/database/factories/UserFactory.php
Parsing file:///var/www/html/cpa/database/migrations/2018_09_20_150906_create_class_types_table.php
Parsing file:///var/www/html/cpa/database/migrations/2018_09_26_124241_create_dorms_table.php
Parsing file:///var/www/html/cpa/database/migrations/2013_09_22_124806_create_lgas_table.php
Parsing file:///var/www/html/cpa/database/migrations/2018_09_22_151514_create_student_records_table.php
Parsing file:///var/www/html/cpa/database/migrations/2018_11_03_210817_create_payment_records_table.php
Parsing file:///var/www/html/cpa/database/migrations/2018_10_31_192540_create_book_requests_table.php
Parsing file:///var/www/html/cpa/database/migrations/2014_10_12_100000_create_password_resets_table.php
Parsing file:///var/www/html/cpa/database/migrations/2018_11_01_132115_create_staff_records_table.php
Parsing file:///var/www/html/cpa/database/migrations/2013_09_22_124750_create_states_table.php
Parsing file:///var/www/html/cpa/database/migrations/2018_09_22_073526_create_sections_table.php
Parsing file:///var/www/html/cpa/database/migrations/2018_10_06_224944_create_grades_table.php
Parsing file:///var/www/html/cpa/database/migrations/2018_11_27_180401_create_time_tables_table.php
Parsing file:///var/www/html/cpa/database/migrations/2014_10_12_000000_create_users_table.php
Parsing file:///var/www/html/cpa/database/migrations/2019_09_26_132227_create_promotions_table.php
Parsing file:///var/www/html/cpa/database/migrations/2018_09_22_081302_create_subjects_table.php
Parsing file:///var/www/html/cpa/database/migrations/2019_09_22_142514_create_fks.php
Parsing file:///var/www/html/cpa/database/migrations/2018_10_06_224846_create_marks_table.php
Parsing file:///var/www/html/cpa/database/migrations/2018_10_31_191358_create_books_table.php
Parsing file:///var/www/html/cpa/database/migrations/2018_09_22_073005_create_my_classes_table.php
Parsing file:///var/www/html/cpa/database/migrations/2018_10_18_205550_create_skills_table.php
Parsing file:///var/www/html/cpa/database/migrations/2018_10_06_225007_create_pins_table.php
Parsing file:///var/www/html/cpa/database/migrations/2018_10_18_205842_create_exam_records_table.php
Parsing file:///var/www/html/cpa/database/migrations/2018_11_06_083707_create_receipts_table.php
Parsing file:///var/www/html/cpa/database/migrations/2018_09_20_100249_create_user_types_table.php
Parsing file:///var/www/html/cpa/database/migrations/2023_09_21_100143_create_decaissements_table.php
Parsing file:///var/www/html/cpa/database/migrations/2013_09_20_121733_create_blood_groups_table.php
Parsing file:///var/www/html/cpa/database/migrations/2018_10_04_224910_create_exams_table.php
Parsing file:///var/www/html/cpa/database/migrations/2018_09_22_080555_create_settings_table.php
Parsing file:///var/www/html/cpa/database/migrations/2013_09_26_121148_create_nationalities_table.php
Parsing file:///var/www/html/cpa/database/migrations/2018_11_03_210758_create_payments_table.php
Parsing file:///var/www/html/cpa/database/sidbacky/MyClassesTableSeeder.php
Parsing file:///var/www/html/cpa/database/sidbacky/StatesTableSeeder.php
Parsing file:///var/www/html/cpa/database/sidbacky/LgasTableSeeder.php
Parsing file:///var/www/html/cpa/database/sidbacky/StudentRecordsTableSeeder.php
Parsing file:///var/www/html/cpa/database/sidbacky/DormitoriesTableSeeder.php
Parsing file:///var/www/html/cpa/database/sidbacky/UserTypesTableSeeder.php
Parsing file:///var/www/html/cpa/database/sidbacky/SettingsTableSeeder.php
Parsing file:///var/www/html/cpa/database/sidbacky/MyClassesTableSeeder%20copy.php
Parsing file:///var/www/html/cpa/database/sidbacky/UsersTableSeeder.php
Parsing file:///var/www/html/cpa/database/sidbacky/DatabaseSeeder.php
Parsing file:///var/www/html/cpa/database/sidbacky/NationalitiesTableSeeder.php
Parsing file:///var/www/html/cpa/database/sidbacky/DormsTableSeeder.php
Parsing file:///var/www/html/cpa/database/sidbacky/ClassTypesTableSeeder.php
Parsing file:///var/www/html/cpa/database/sidbacky/SkillsTableSeeder.php
Parsing file:///var/www/html/cpa/database/sidbacky/SectionsTableSeeder.php
Parsing file:///var/www/html/cpa/database/sidbacky/GradesTableSeeder.php
Parsing file:///var/www/html/cpa/database/sidbacky/SubjectsTableSeeder.php
Parsing file:///var/www/html/cpa/database/sidbacky/BloodGroupsTableSeeder.php
Parsing file:///var/www/html/cpa/database/seeders/UserTypesTableSeeder.php
Parsing file:///var/www/html/cpa/database/seeders/SettingsTableSeeder.php
Parsing file:///var/www/html/cpa/database/seeders/UsersTableSeeder.php
Parsing file:///var/www/html/cpa/database/seeders/DatabaseSeeder.php
Parsing file:///var/www/html/cpa/database/seeders/ClassTypesTableSeeder.php
Parsing file:///var/www/html/cpa/database/seeders/UsersTableSeeder%20copy.php
Parsing file:///var/www/html/cpa/public/index.php
Parsing file:///var/www/html/cpa/vendor/composer/autoload_namespaces.php
Parsing file:///var/www/html/cpa/vendor/composer/autoload_files.php
Parsing file:///var/www/html/cpa/vendor/composer/ClassLoader.php
Parsing file:///var/www/html/cpa/vendor/composer/autoload_psr4.php
Parsing file:///var/www/html/cpa/vendor/composer/platform_check.php
Parsing file:///var/www/html/cpa/vendor/composer/installed.php
Parsing file:///var/www/html/cpa/vendor/composer/autoload_classmap.php
[Info  - 7:47:55 PM] Ignoring file file:///var/www/html/cpa/vendor/composer/autoload_classmap.php because it exceeds size limit of 150000 bytes (729429)
Parsing file:///var/www/html/cpa/vendor/composer/autoload_static.php
[Info  - 7:47:55 PM] Ignoring file file:///var/www/html/cpa/vendor/composer/autoload_static.php because it exceeds size limit of 150000 bytes (803605)
Parsing file:///var/www/html/cpa/vendor/composer/InstalledVersions.php
Parsing file:///var/www/html/cpa/vendor/composer/autoload_real.php
Parsing file:///var/www/html/cpa/vendor/autoload.php
Parsing file:///var/www/html/cpa/routes/web.php
Parsing file:///var/www/html/cpa/routes/channels.php
Parsing file:///var/www/html/cpa/routes/api.php
Parsing file:///var/www/html/cpa/routes/console.php
Parsing file:///var/www/html/cpa/resources/views/auth/login.blade.php
Parsing file:///var/www/html/cpa/resources/views/auth/verify.blade.php
Parsing file:///var/www/html/cpa/resources/views/auth/passwords/reset.blade.php
Parsing file:///var/www/html/cpa/resources/views/auth/passwords/email.blade.php
Parsing file:///var/www/html/cpa/resources/views/auth/passwords/Dmail.blade.php
Parsing file:///var/www/html/cpa/resources/views/auth/register.blade.php
Parsing file:///var/www/html/cpa/resources/views/pages/support_team/grades/edit.blade.php
Parsing file:///var/www/html/cpa/resources/views/pages/support_team/grades/index.blade.php
Parsing file:///var/www/html/cpa/resources/views/pages/support_team/marks/bulk.blade.php
Parsing file:///var/www/html/cpa/resources/views/pages/support_team/marks/edit.blade.php
Parsing file:///var/www/html/cpa/resources/views/pages/support_team/marks/selector.blade.php
Parsing file:///var/www/html/cpa/resources/views/pages/support_team/marks/select_year.blade.php
Parsing file:///var/www/html/cpa/resources/views/pages/support_team/marks/index.blade.php
Parsing file:///var/www/html/cpa/resources/views/pages/support_team/marks/tabulation/index.blade%20copy.php
Parsing file:///var/www/html/cpa/resources/views/pages/support_team/marks/tabulation/index.blade.php
Parsing file:///var/www/html/cpa/resources/views/pages/support_team/marks/tabulation/print.blade.php
Parsing file:///var/www/html/cpa/resources/views/pages/support_team/marks/batch_fix.blade.php
Parsing file:///var/www/html/cpa/resources/views/pages/support_team/marks/random.blade.php
Parsing file:///var/www/html/cpa/resources/views/pages/support_team/marks/show/index.blade.php
Parsing file:///var/www/html/cpa/resources/views/pages/support_team/marks/show/sheetcopytaloha.blade.php
Parsing file:///var/www/html/cpa/resources/views/pages/support_team/marks/show/sheet.blade.php
Parsing file:///var/www/html/cpa/resources/views/pages/support_team/marks/show/sheet.blade%20copy.php
Parsing file:///var/www/html/cpa/resources/views/pages/support_team/marks/show/skills.blade.php
Parsing file:///var/www/html/cpa/resources/views/pages/support_team/marks/show/comments.blade.php
Parsing file:///var/www/html/cpa/resources/views/pages/support_team/marks/print/grading.blade.php
Parsing file:///var/www/html/cpa/resources/views/pages/support_team/marks/print/sheet.blade%20copy211223.php
Parsing file:///var/www/html/cpa/resources/views/pages/support_team/marks/print/index.blade.php
Parsing file:///var/www/html/cpa/resources/views/pages/support_team/marks/print/sheet.blade.php
Parsing file:///var/www/html/cpa/resources/views/pages/support_team/marks/print/sheet.blade%20copy.php
Parsing file:///var/www/html/cpa/resources/views/pages/support_team/marks/print/skills.blade.php
Parsing file:///var/www/html/cpa/resources/views/pages/support_team/marks/print/comments.blade.php
Parsing file:///var/www/html/cpa/resources/views/pages/support_team/marks/manage.blade.php
Parsing file:///var/www/html/cpa/resources/views/pages/support_team/pins/index.blade.php
Parsing file:///var/www/html/cpa/resources/views/pages/support_team/pins/create.blade.php
Parsing file:///var/www/html/cpa/resources/views/pages/support_team/pins/enter.blade.php
Parsing file:///var/www/html/cpa/resources/views/pages/support_team/exams/edit.blade.php
Parsing file:///var/www/html/cpa/resources/views/pages/support_team/exams/index.blade.php
Parsing file:///var/www/html/cpa/resources/views/pages/support_team/timetables/edit.blade.php
Parsing file:///var/www/html/cpa/resources/views/pages/support_team/timetables/index.blade.php
Parsing file:///var/www/html/cpa/resources/views/pages/support_team/timetables/show.blade.php
Parsing file:///var/www/html/cpa/resources/views/pages/support_team/timetables/subjects/edit.blade.php
Parsing file:///var/www/html/cpa/resources/views/pages/support_team/timetables/subjects/add.blade.php
Parsing file:///var/www/html/cpa/resources/views/pages/support_team/timetables/print.blade.php
Parsing file:///var/www/html/cpa/resources/views/pages/support_team/timetables/time_slots/edit.blade.php
Parsing file:///var/www/html/cpa/resources/views/pages/support_team/timetables/time_slots/index.blade.php
Parsing file:///var/www/html/cpa/resources/views/pages/support_team/timetables/time_slots/add.blade.php
Parsing file:///var/www/html/cpa/resources/views/pages/support_team/timetables/time_slots/manage.blade.php
Parsing file:///var/www/html/cpa/resources/views/pages/support_team/timetables/manage.blade.php
Parsing file:///var/www/html/cpa/resources/views/pages/support_team/sections/edit.blade.php
Parsing file:///var/www/html/cpa/resources/views/pages/support_team/sections/index.blade.php
Parsing file:///var/www/html/cpa/resources/views/pages/support_team/users/edit.blade.php
Parsing file:///var/www/html/cpa/resources/views/pages/support_team/users/index.blade.php
Parsing file:///var/www/html/cpa/resources/views/pages/support_team/users/show.blade.php
Parsing file:///var/www/html/cpa/resources/views/pages/support_team/my_account.blade.php
Parsing file:///var/www/html/cpa/resources/views/pages/support_team/students/edit.blade.php
Parsing file:///var/www/html/cpa/resources/views/pages/support_team/students/show.blade.php
Parsing file:///var/www/html/cpa/resources/views/pages/support_team/students/promotion/reset.blade.php
Parsing file:///var/www/html/cpa/resources/views/pages/support_team/students/promotion/selector.blade.php
Parsing file:///var/www/html/cpa/resources/views/pages/support_team/students/promotion/index.blade.php
Parsing file:///var/www/html/cpa/resources/views/pages/support_team/students/promotion/promote.blade.php
Parsing file:///var/www/html/cpa/resources/views/pages/support_team/students/list.blade.php
Parsing file:///var/www/html/cpa/resources/views/pages/support_team/students/add.blade.php
Parsing file:///var/www/html/cpa/resources/views/pages/support_team/students/graduated.blade.php
Parsing file:///var/www/html/cpa/resources/views/pages/support_team/classes/edit.blade.php
Parsing file:///var/www/html/cpa/resources/views/pages/support_team/classes/index.blade.php
Parsing file:///var/www/html/cpa/resources/views/pages/support_team/subjects/edit.blade.php
Parsing file:///var/www/html/cpa/resources/views/pages/support_team/subjects/index.blade.php
Parsing file:///var/www/html/cpa/resources/views/pages/support_team/dorms/edit.blade.php
Parsing file:///var/www/html/cpa/resources/views/pages/support_team/dorms/index.blade.php
Parsing file:///var/www/html/cpa/resources/views/pages/support_team/dashboard.blade.php
Parsing file:///var/www/html/cpa/resources/views/pages/support_team/payments/edit.blade.php
Parsing file:///var/www/html/cpa/resources/views/pages/support_team/payments/invoice.blade.php
Parsing file:///var/www/html/cpa/resources/views/pages/support_team/payments/caisse.blade.php
Parsing file:///var/www/html/cpa/resources/views/pages/support_team/payments/verified.blade.php
Parsing file:///var/www/html/cpa/resources/views/pages/support_team/payments/index.blade.php
Parsing file:///var/www/html/cpa/resources/views/pages/support_team/payments/create.blade.php
Parsing file:///var/www/html/cpa/resources/views/pages/support_team/payments/receipt.blade.php
Parsing file:///var/www/html/cpa/resources/views/pages/support_team/payments/filter.blade.php
Parsing file:///var/www/html/cpa/resources/views/pages/support_team/payments/manage.blade.php
Parsing file:///var/www/html/cpa/resources/views/pages/support_team/payments/decrecu.blade.php
Parsing file:///var/www/html/cpa/resources/views/pages/accountant/menu.blade.php
Parsing file:///var/www/html/cpa/resources/views/pages/teacher/menu.blade.php
Parsing file:///var/www/html/cpa/resources/views/pages/student/menu.blade.php
Parsing file:///var/www/html/cpa/resources/views/pages/librarian/menu.blade.php
Parsing file:///var/www/html/cpa/resources/views/pages/super_admin/menu.blade.php
Parsing file:///var/www/html/cpa/resources/views/pages/super_admin/settings.blade.php
Parsing file:///var/www/html/cpa/resources/views/pages/admin/menu.blade.php
Parsing file:///var/www/html/cpa/resources/views/pages/admin/dashboard.blade.php
Parsing file:///var/www/html/cpa/resources/views/pages/parent/children.blade.php
Parsing file:///var/www/html/cpa/resources/views/pages/parent/menu.blade.php
Parsing file:///var/www/html/cpa/resources/views/pages/other/privacy_policy.blade.php
Parsing file:///var/www/html/cpa/resources/views/pages/other/terms_of_use.blade.php
Parsing file:///var/www/html/cpa/resources/views/layouts/app.blade.php
Parsing file:///var/www/html/cpa/resources/views/layouts/login_master.blade.php
Parsing file:///var/www/html/cpa/resources/views/layouts/master.blade.php
Parsing file:///var/www/html/cpa/resources/views/partials/menu.blade%20copy.php
Parsing file:///var/www/html/cpa/resources/views/partials/top_menu.blade.php
Parsing file:///var/www/html/cpa/resources/views/partials/js/custom_js.blade.php
Parsing file:///var/www/html/cpa/resources/views/partials/inc_bottom.blade.php
Parsing file:///var/www/html/cpa/resources/views/partials/menu.blade.php
Parsing file:///var/www/html/cpa/resources/views/partials/login/footer.blade.php
Parsing file:///var/www/html/cpa/resources/views/partials/login/inc_top.blade.php
Parsing file:///var/www/html/cpa/resources/views/partials/login/header.blade.php
Parsing file:///var/www/html/cpa/resources/views/partials/inc_top.blade.php
Parsing file:///var/www/html/cpa/resources/views/partials/header.blade.php
Parsing file:///var/www/html/cpa/resources/views/test.blade.php
Parsing file:///var/www/html/cpa/resources/lang/en/auth.php
Parsing file:///var/www/html/cpa/resources/lang/en/pagination.php
Parsing file:///var/www/html/cpa/resources/lang/en/msg.php
Parsing file:///var/www/html/cpa/resources/lang/en/validation.php
Parsing file:///var/www/html/cpa/resources/lang/en/passwords.php
Parsing file:///var/www/html/cpa/resources/viewsbacks/auth/login.blade.php
Parsing file:///var/www/html/cpa/resources/viewsbacks/auth/verify.blade.php
Parsing file:///var/www/html/cpa/resources/viewsbacks/auth/passwords/reset.blade.php
Parsing file:///var/www/html/cpa/resources/viewsbacks/auth/passwords/email.blade.php
Parsing file:///var/www/html/cpa/resources/viewsbacks/auth/passwords/Dmail.blade.php
Parsing file:///var/www/html/cpa/resources/viewsbacks/auth/register.blade.php
Parsing file:///var/www/html/cpa/resources/viewsbacks/pages/support_team/grades/edit.blade.php
Parsing file:///var/www/html/cpa/resources/viewsbacks/pages/support_team/grades/index.blade.php
Parsing file:///var/www/html/cpa/resources/viewsbacks/pages/support_team/marks/bulk.blade.php
Parsing file:///var/www/html/cpa/resources/viewsbacks/pages/support_team/marks/edit.blade.php
Parsing file:///var/www/html/cpa/resources/viewsbacks/pages/support_team/marks/selector.blade.php
Parsing file:///var/www/html/cpa/resources/viewsbacks/pages/support_team/marks/select_year.blade.php
Parsing file:///var/www/html/cpa/resources/viewsbacks/pages/support_team/marks/index.blade.php
Parsing file:///var/www/html/cpa/resources/viewsbacks/pages/support_team/marks/tabulation/index.blade.php
Parsing file:///var/www/html/cpa/resources/viewsbacks/pages/support_team/marks/tabulation/print.blade.php
Parsing file:///var/www/html/cpa/resources/viewsbacks/pages/support_team/marks/batch_fix.blade.php
Parsing file:///var/www/html/cpa/resources/viewsbacks/pages/support_team/marks/random.blade.php
Parsing file:///var/www/html/cpa/resources/viewsbacks/pages/support_team/marks/show/index.blade.php
Parsing file:///var/www/html/cpa/resources/viewsbacks/pages/support_team/marks/show/sheet.blade.php
Parsing file:///var/www/html/cpa/resources/viewsbacks/pages/support_team/marks/show/skills.blade.php
Parsing file:///var/www/html/cpa/resources/viewsbacks/pages/support_team/marks/show/comments.blade.php
Parsing file:///var/www/html/cpa/resources/viewsbacks/pages/support_team/marks/print/grading.blade.php
Parsing file:///var/www/html/cpa/resources/viewsbacks/pages/support_team/marks/print/index.blade.php
Parsing file:///var/www/html/cpa/resources/viewsbacks/pages/support_team/marks/print/sheet.blade.php
Parsing file:///var/www/html/cpa/resources/viewsbacks/pages/support_team/marks/print/skills.blade.php
Parsing file:///var/www/html/cpa/resources/viewsbacks/pages/support_team/marks/print/comments.blade.php
Parsing file:///var/www/html/cpa/resources/viewsbacks/pages/support_team/marks/manage.blade.php
Parsing file:///var/www/html/cpa/resources/viewsbacks/pages/support_team/pins/index.blade.php
Parsing file:///var/www/html/cpa/resources/viewsbacks/pages/support_team/pins/create.blade.php
Parsing file:///var/www/html/cpa/resources/viewsbacks/pages/support_team/pins/enter.blade.php
Parsing file:///var/www/html/cpa/resources/viewsbacks/pages/support_team/exams/edit.blade.php
Parsing file:///var/www/html/cpa/resources/viewsbacks/pages/support_team/exams/index.blade.php
Parsing file:///var/www/html/cpa/resources/viewsbacks/pages/support_team/timetables/edit.blade.php
Parsing file:///var/www/html/cpa/resources/viewsbacks/pages/support_team/timetables/index.blade.php
Parsing file:///var/www/html/cpa/resources/viewsbacks/pages/support_team/timetables/show.blade.php
Parsing file:///var/www/html/cpa/resources/viewsbacks/pages/support_team/timetables/subjects/edit.blade.php
Parsing file:///var/www/html/cpa/resources/viewsbacks/pages/support_team/timetables/subjects/add.blade.php
Parsing file:///var/www/html/cpa/resources/viewsbacks/pages/support_team/timetables/print.blade.php
Parsing file:///var/www/html/cpa/resources/viewsbacks/pages/support_team/timetables/time_slots/edit.blade.php
Parsing file:///var/www/html/cpa/resources/viewsbacks/pages/support_team/timetables/time_slots/index.blade.php
Parsing file:///var/www/html/cpa/resources/viewsbacks/pages/support_team/timetables/time_slots/add.blade.php
Parsing file:///var/www/html/cpa/resources/viewsbacks/pages/support_team/timetables/time_slots/manage.blade.php
Parsing file:///var/www/html/cpa/resources/viewsbacks/pages/support_team/timetables/manage.blade.php
Parsing file:///var/www/html/cpa/resources/viewsbacks/pages/support_team/sections/edit.blade.php
Parsing file:///var/www/html/cpa/resources/viewsbacks/pages/support_team/sections/index.blade.php
Parsing file:///var/www/html/cpa/resources/viewsbacks/pages/support_team/users/edit.blade.php
Parsing file:///var/www/html/cpa/resources/viewsbacks/pages/support_team/users/index.blade.php
Parsing file:///var/www/html/cpa/resources/viewsbacks/pages/support_team/users/show.blade.php
Parsing file:///var/www/html/cpa/resources/viewsbacks/pages/support_team/my_account.blade.php
Parsing file:///var/www/html/cpa/resources/viewsbacks/pages/support_team/students/edit.blade.php
Parsing file:///var/www/html/cpa/resources/viewsbacks/pages/support_team/students/show.blade.php
Parsing file:///var/www/html/cpa/resources/viewsbacks/pages/support_team/students/promotion/reset.blade.php
Parsing file:///var/www/html/cpa/resources/viewsbacks/pages/support_team/students/promotion/selector.blade.php
Parsing file:///var/www/html/cpa/resources/viewsbacks/pages/support_team/students/promotion/index.blade.php
Parsing file:///var/www/html/cpa/resources/viewsbacks/pages/support_team/students/promotion/promote.blade.php
Parsing file:///var/www/html/cpa/resources/viewsbacks/pages/support_team/students/list.blade.php
Parsing file:///var/www/html/cpa/resources/viewsbacks/pages/support_team/students/add.blade.php
Parsing file:///var/www/html/cpa/resources/viewsbacks/pages/support_team/students/graduated.blade.php
Parsing file:///var/www/html/cpa/resources/viewsbacks/pages/support_team/classes/edit.blade.php
Parsing file:///var/www/html/cpa/resources/viewsbacks/pages/support_team/classes/index.blade.php
Parsing file:///var/www/html/cpa/resources/viewsbacks/pages/support_team/subjects/edit.blade.php
Parsing file:///var/www/html/cpa/resources/viewsbacks/pages/support_team/subjects/index.blade.php
Parsing file:///var/www/html/cpa/resources/viewsbacks/pages/support_team/dorms/edit.blade.php
Parsing file:///var/www/html/cpa/resources/viewsbacks/pages/support_team/dorms/index.blade.php
Parsing file:///var/www/html/cpa/resources/viewsbacks/pages/support_team/dashboard.blade.php
Parsing file:///var/www/html/cpa/resources/viewsbacks/pages/support_team/payments/edit.blade.php
Parsing file:///var/www/html/cpa/resources/viewsbacks/pages/support_team/payments/invoice.blade.php
Parsing file:///var/www/html/cpa/resources/viewsbacks/pages/support_team/payments/index.blade.php
Parsing file:///var/www/html/cpa/resources/viewsbacks/pages/support_team/payments/create.blade.php
Parsing file:///var/www/html/cpa/resources/viewsbacks/pages/support_team/payments/receipt.blade.php
Parsing file:///var/www/html/cpa/resources/viewsbacks/pages/support_team/payments/manage.blade.php
Parsing file:///var/www/html/cpa/resources/viewsbacks/pages/accountant/menu.blade.php
Parsing file:///var/www/html/cpa/resources/viewsbacks/pages/teacher/menu.blade.php
Parsing file:///var/www/html/cpa/resources/viewsbacks/pages/student/menu.blade.php
Parsing file:///var/www/html/cpa/resources/viewsbacks/pages/librarian/menu.blade.php
Parsing file:///var/www/html/cpa/resources/viewsbacks/pages/super_admin/menu.blade.php
Parsing file:///var/www/html/cpa/resources/viewsbacks/pages/super_admin/settings.blade.php
Parsing file:///var/www/html/cpa/resources/viewsbacks/pages/admin/menu.blade.php
Parsing file:///var/www/html/cpa/resources/viewsbacks/pages/admin/dashboard.blade.php
Parsing file:///var/www/html/cpa/resources/viewsbacks/pages/parent/children.blade.php
Parsing file:///var/www/html/cpa/resources/viewsbacks/pages/parent/menu.blade.php
Parsing file:///var/www/html/cpa/resources/viewsbacks/pages/other/privacy_policy.blade.php
Parsing file:///var/www/html/cpa/resources/viewsbacks/pages/other/terms_of_use.blade.php
Parsing file:///var/www/html/cpa/resources/viewsbacks/layouts/app.blade.php
Parsing file:///var/www/html/cpa/resources/viewsbacks/layouts/login_master.blade.php
Parsing file:///var/www/html/cpa/resources/viewsbacks/layouts/master.blade.php
Parsing file:///var/www/html/cpa/resources/viewsbacks/partials/top_menu.blade.php
Parsing file:///var/www/html/cpa/resources/viewsbacks/partials/js/custom_js.blade.php
Parsing file:///var/www/html/cpa/resources/viewsbacks/partials/inc_bottom.blade.php
Parsing file:///var/www/html/cpa/resources/viewsbacks/partials/menu.blade.php
Parsing file:///var/www/html/cpa/resources/viewsbacks/partials/login/footer.blade.php
Parsing file:///var/www/html/cpa/resources/viewsbacks/partials/login/inc_top.blade.php
Parsing file:///var/www/html/cpa/resources/viewsbacks/partials/login/header.blade.php
Parsing file:///var/www/html/cpa/resources/viewsbacks/partials/inc_top.blade.php
Parsing file:///var/www/html/cpa/resources/viewsbacks/partials/header.blade.php
Parsing file:///var/www/html/cpa/resources/viewsbacks/test.blade.php
[Info  - 7:47:55 PM] Indexing project for dynamic references
Parsing file:///var/www/html/cpa/app/Models/TimeTable.php
Parsing file:///var/www/html/cpa/app/Models/Subject.php
Parsing file:///var/www/html/cpa/app/Models/Lga.php
Parsing file:///var/www/html/cpa/app/Models/PaymentRecord.php
Parsing file:///var/www/html/cpa/app/Models/BloodGroup.php
Parsing file:///var/www/html/cpa/app/Models/State.php
Parsing file:///var/www/html/cpa/app/Models/decaissement.php
Parsing file:///var/www/html/cpa/app/Models/ClassType.php
Parsing file:///var/www/html/cpa/app/Models/Setting.php
Parsing file:///var/www/html/cpa/app/Models/StaffRecord.php
Parsing file:///var/www/html/cpa/app/Models/Dorm.php
Parsing file:///var/www/html/cpa/app/Models/Payment.php
Parsing file:///var/www/html/cpa/app/Models/Pin.php
Parsing file:///var/www/html/cpa/app/Models/UserType.php
Parsing file:///var/www/html/cpa/app/Models/Nationality.php
Parsing file:///var/www/html/cpa/app/Models/Exam.php
Parsing file:///var/www/html/cpa/app/Models/Receipt.php
Parsing file:///var/www/html/cpa/app/Models/MyClass.php
Parsing file:///var/www/html/cpa/app/Models/ExamRecord.php
Parsing file:///var/www/html/cpa/app/Models/Mark.php
Parsing file:///var/www/html/cpa/app/Models/Skill.php
Parsing file:///var/www/html/cpa/app/Models/TimeTableRecord.php
Parsing file:///var/www/html/cpa/app/Models/TimeSlot.php
Parsing file:///var/www/html/cpa/app/Models/Grade.php
Parsing file:///var/www/html/cpa/app/Models/StudentRecord.php
Parsing file:///var/www/html/cpa/app/Models/Promotion.php
Parsing file:///var/www/html/cpa/app/Models/BookRequest.php
Parsing file:///var/www/html/cpa/app/Models/Section.php
Parsing file:///var/www/html/cpa/app/Models/Book.php
Parsing file:///var/www/html/cpa/app/Repositories/PinRepo.php
Parsing file:///var/www/html/cpa/app/Repositories/LocationRepo.php
Parsing file:///var/www/html/cpa/app/Repositories/MyClassRepo.php
Parsing file:///var/www/html/cpa/app/Repositories/DormRepo.php
Parsing file:///var/www/html/cpa/app/Repositories/PaymentRepo.php
Parsing file:///var/www/html/cpa/app/Repositories/ExamRepo.php
Parsing file:///var/www/html/cpa/app/Repositories/StudentRepo.php
Parsing file:///var/www/html/cpa/app/Repositories/MarkRepo.php
Parsing file:///var/www/html/cpa/app/Repositories/TimeTableRepo.php
Parsing file:///var/www/html/cpa/app/Repositories/SettingRepo.php
Parsing file:///var/www/html/cpa/app/Repositories/UserRepo.php
Parsing file:///var/www/html/cpa/app/User.php
Parsing file:///var/www/html/cpa/app/Helpers/Qs.php
Parsing file:///var/www/html/cpa/app/Helpers/Mk.php
Parsing file:///var/www/html/cpa/app/Helpers/Pay.php
Parsing file:///var/www/html/cpa/app/Exceptions/Handler.php
Parsing file:///var/www/html/cpa/app/Providers/AppServiceProvider.php
Parsing file:///var/www/html/cpa/app/Providers/AuthServiceProvider.php
Parsing file:///var/www/html/cpa/app/Providers/RouteServiceProvider.php
Parsing file:///var/www/html/cpa/app/Providers/BroadcastServiceProvider.php
Parsing file:///var/www/html/cpa/app/Providers/EventServiceProvider.php
Parsing file:///var/www/html/cpa/app/Http/Controllers/SuperAdmin/SettingController.php
Parsing file:///var/www/html/cpa/app/Http/Controllers/SupportTeam/GradeController.php
Parsing file:///var/www/html/cpa/app/Http/Controllers/SupportTeam/TimeTableController.php
Parsing file:///var/www/html/cpa/app/Http/Controllers/SupportTeam/BookRequestController.php
Parsing file:///var/www/html/cpa/app/Http/Controllers/SupportTeam/BookController.php
Parsing file:///var/www/html/cpa/app/Http/Controllers/SupportTeam/PromotionController.php
Parsing file:///var/www/html/cpa/app/Http/Controllers/SupportTeam/PaymentController.php
Parsing file:///var/www/html/cpa/app/Http/Controllers/SupportTeam/ExamController.php
Parsing file:///var/www/html/cpa/app/Http/Controllers/SupportTeam/DormController.php
Parsing file:///var/www/html/cpa/app/Http/Controllers/SupportTeam/PinController.php
Parsing file:///var/www/html/cpa/app/Http/Controllers/SupportTeam/UserController.php
Parsing file:///var/www/html/cpa/app/Http/Controllers/SupportTeam/StudentRecordController.php
Parsing file:///var/www/html/cpa/app/Http/Controllers/SupportTeam/MyClassController.php
Parsing file:///var/www/html/cpa/app/Http/Controllers/SupportTeam/MarkController.php
Parsing file:///var/www/html/cpa/app/Http/Controllers/SupportTeam/SectionController.php
Parsing file:///var/www/html/cpa/app/Http/Controllers/SupportTeam/SubjectController.php
Parsing file:///var/www/html/cpa/app/Http/Controllers/MyAccountController.php
Parsing file:///var/www/html/cpa/app/Http/Controllers/Auth/ForgotPasswordController.php
Parsing file:///var/www/html/cpa/app/Http/Controllers/Auth/ResetPasswordController.php
Parsing file:///var/www/html/cpa/app/Http/Controllers/Auth/LoginController.php
Parsing file:///var/www/html/cpa/app/Http/Controllers/Auth/VerificationController.php
Parsing file:///var/www/html/cpa/app/Http/Controllers/Auth/RegisterController.php
Parsing file:///var/www/html/cpa/app/Http/Controllers/Controller.php
Parsing file:///var/www/html/cpa/app/Http/Controllers/MyParent/MyController.php
Parsing file:///var/www/html/cpa/app/Http/Controllers/AjaxController.php
Parsing file:///var/www/html/cpa/app/Http/Controllers/TestController.php
Parsing file:///var/www/html/cpa/app/Http/Controllers/HomeController.php
Parsing file:///var/www/html/cpa/app/Http/Middleware/RedirectIfAuthenticated.php
Parsing file:///var/www/html/cpa/app/Http/Middleware/Custom/TeamSAT.php
Parsing file:///var/www/html/cpa/app/Http/Middleware/Custom/SuperAdmin.php
Parsing file:///var/www/html/cpa/app/Http/Middleware/Custom/MyParent.php
Parsing file:///var/www/html/cpa/app/Http/Middleware/Custom/Admin.php
Parsing file:///var/www/html/cpa/app/Http/Middleware/Custom/ExamIsLocked.php
Parsing file:///var/www/html/cpa/app/Http/Middleware/Custom/Student.php
Parsing file:///var/www/html/cpa/app/Http/Middleware/Custom/Teacher.php
Parsing file:///var/www/html/cpa/app/Http/Middleware/Custom/TeamAccount.php
Parsing file:///var/www/html/cpa/app/Http/Middleware/Custom/TeamSA.php
Parsing file:///var/www/html/cpa/app/Http/Middleware/CheckForMaintenanceMode.php
Parsing file:///var/www/html/cpa/app/Http/Middleware/TrimStrings.php
Parsing file:///var/www/html/cpa/app/Http/Middleware/EncryptCookies.php
Parsing file:///var/www/html/cpa/app/Http/Middleware/TrustProxies.php
Parsing file:///var/www/html/cpa/app/Http/Middleware/PreventRequestsDuringMaintenance.php
Parsing file:///var/www/html/cpa/app/Http/Middleware/VerifyCsrfToken.php
Parsing file:///var/www/html/cpa/app/Http/Middleware/Authenticate.php
Parsing file:///var/www/html/cpa/app/Http/Requests/Payment/PaymentUpdate.php
Parsing file:///var/www/html/cpa/app/Http/Requests/Payment/PaymentCreate.php
Parsing file:///var/www/html/cpa/app/Http/Requests/Student/StudentRecordCreate.php
Parsing file:///var/www/html/cpa/app/Http/Requests/Student/StudentRecordUpdate.php
Parsing file:///var/www/html/cpa/app/Http/Requests/MyClass/ClassUpdate.php
Parsing file:///var/www/html/cpa/app/Http/Requests/MyClass/ClassCreate.php
Parsing file:///var/www/html/cpa/app/Http/Requests/Pin/PinVerify.php
Parsing file:///var/www/html/cpa/app/Http/Requests/Pin/PinCreate.php
Parsing file:///var/www/html/cpa/app/Http/Requests/Section/SectionCreate.php
Parsing file:///var/www/html/cpa/app/Http/Requests/Section/SectionUpdate.php
Parsing file:///var/www/html/cpa/app/Http/Requests/Grade/GradeUpdate.php
Parsing file:///var/www/html/cpa/app/Http/Requests/Grade/GradeCreate.php
Parsing file:///var/www/html/cpa/app/Http/Requests/SettingUpdate.php
Parsing file:///var/www/html/cpa/app/Http/Requests/Dorm/DormCreate.php
Parsing file:///var/www/html/cpa/app/Http/Requests/Dorm/DormUpdate.php
Parsing file:///var/www/html/cpa/app/Http/Requests/TimeTable/TSRequest.php
Parsing file:///var/www/html/cpa/app/Http/Requests/TimeTable/TTRecordRequest.php
Parsing file:///var/www/html/cpa/app/Http/Requests/TimeTable/TTRequest.php
Parsing file:///var/www/html/cpa/app/Http/Requests/Subject/SubjectUpdate.php
Parsing file:///var/www/html/cpa/app/Http/Requests/Subject/SubjectCreate.php
Parsing file:///var/www/html/cpa/app/Http/Requests/UserRequest.php
Parsing file:///var/www/html/cpa/app/Http/Requests/Mark/MarkSelector.php
Parsing file:///var/www/html/cpa/app/Http/Requests/Mark/MarkUpdate.php
Parsing file:///var/www/html/cpa/app/Http/Requests/UserChangePass.php
Parsing file:///var/www/html/cpa/app/Http/Requests/UserUpdate.php
Parsing file:///var/www/html/cpa/app/Http/Requests/Exam/ExamCreate.php
Parsing file:///var/www/html/cpa/app/Http/Requests/Exam/ExamUpdate.php
Parsing file:///var/www/html/cpa/app/Http/Kernel.php
Parsing file:///var/www/html/cpa/app/Console/Kernel.php
Parsing file:///var/www/html/cpa/server.php
Parsing file:///var/www/html/cpa/tests/TestCase.php
Parsing file:///var/www/html/cpa/tests/CreatesApplication.php
Parsing file:///var/www/html/cpa/tests/Feature/ExampleTest.php
Parsing file:///var/www/html/cpa/tests/Unit/ExampleTest.php
Parsing file:///var/www/html/cpa/_ide_helper.php
[Info  - 7:47:57 PM] Ignoring file file:///var/www/html/cpa/_ide_helper.php because it exceeds size limit of 150000 bytes (718959)
Parsing file:///var/www/html/cpa/storage/framework/views/00869d39102d07145e7c9e5321f2192431899079.php
Parsing file:///var/www/html/cpa/storage/framework/views/495a5f6d9ca1532f7b646ad6a8602d2a8bdaeba3.php
Parsing file:///var/www/html/cpa/storage/framework/views/024537f60ef41f8ede3e63882e8f1f170c26dec7.php
Parsing file:///var/www/html/cpa/storage/framework/views/bbba8f45cef5e2ba5324473fbc68042ed7e99f8f.php
Parsing file:///var/www/html/cpa/storage/framework/views/f3b09fbc372545c19476e4934db89b9db8354d8e.php
Parsing file:///var/www/html/cpa/storage/framework/views/5c9be2b30857a69d6203af2c37858e8e8683eed8.php
Parsing file:///var/www/html/cpa/storage/framework/views/1352644be1b185f26c1a62da5a532ad0417dc64a.php
Parsing file:///var/www/html/cpa/storage/framework/views/120a3d627b7b871e62fdb6a1d526e8d60a92ac5f.php
Parsing file:///var/www/html/cpa/storage/framework/views/4368aaa351dbe5384c4d27001041ee645ea83136.php
Parsing file:///var/www/html/cpa/storage/framework/views/04768ac2f2f519327885c6a54fb8dcacc14183b6.php
Parsing file:///var/www/html/cpa/storage/framework/views/76f7db19378e14ef04e5797af9d32abc9750c3ab.php
Parsing file:///var/www/html/cpa/storage/framework/views/3723e2e1703412fba92bd32f7804f19530f18501.php
Parsing file:///var/www/html/cpa/storage/framework/views/b823d99c3b1df19aca72451c000fb15cb92bf266.php
Parsing file:///var/www/html/cpa/storage/framework/views/747829ef2f6a975848db938a542c738d4142755d.php
Parsing file:///var/www/html/cpa/storage/framework/views/d934a102a6868efebeaff0308d308885510c7226.php
Parsing file:///var/www/html/cpa/storage/framework/views/f04948b7672ab10f826f9dfc99a0063fac0d4b2c.php
Parsing file:///var/www/html/cpa/storage/framework/views/927d1f01f3bc3945a3002159cd36bda9cb0001f9.php
Parsing file:///var/www/html/cpa/storage/framework/views/6121611f7cfa6c33e6434c610105a506bc2ab209.php
Parsing file:///var/www/html/cpa/storage/framework/views/d26b427fba1ea5ca8238cffaad08d6c985c13510.php
Parsing file:///var/www/html/cpa/storage/framework/views/f5110fc3f129fdc8801d596127c26bceb981dacc.php
Parsing file:///var/www/html/cpa/storage/framework/views/f712a99757934334912106e8f7e625fb6e980c74.php
Parsing file:///var/www/html/cpa/storage/framework/views/dc815634256606f42b0b5a9dbb5c912c8d537447.php
Parsing file:///var/www/html/cpa/storage/framework/views/54a0c46c4e8c49bdc7fec956b0f805044b570d06.php
Parsing file:///var/www/html/cpa/storage/framework/views/0717d9dfe2575a0e06970e167042bac66dfd90f0.php
Parsing file:///var/www/html/cpa/storage/framework/views/e9f95e50ed9131ff9e42e14af5220ad889e06895.php
Parsing file:///var/www/html/cpa/storage/framework/views/3c810137b0f5e9d75fd433b09a358db4a747d670.php
Parsing file:///var/www/html/cpa/storage/framework/views/8bcb6a690928e2a3f01118880575cb8b4683ae16.php
Parsing file:///var/www/html/cpa/storage/framework/views/a1a2c9c514c92b5bee7aba0a13dfb6668ec04308.php
Parsing file:///var/www/html/cpa/storage/framework/views/fa2545852e57f3a1611e6fbe73db8ccf14a34101.php
Parsing file:///var/www/html/cpa/storage/framework/views/afaf1fb9991244e3fec3d367cfb12caee3515ea1.php
Parsing file:///var/www/html/cpa/storage/framework/views/58e8b226fad9232470991fb05c4b63e226954955.php
Parsing file:///var/www/html/cpa/storage/framework/views/b5d7201a988290a4b1c3892af6939edd2904a8eb.php
Parsing file:///var/www/html/cpa/storage/framework/views/77a0d4b8ae21ed410fbd0272ebf68b876d149b2b.php
Parsing file:///var/www/html/cpa/storage/framework/views/641313ef61110e153e4d972411e8c712ed98a02d.php
Parsing file:///var/www/html/cpa/storage/framework/views/c6bff106e2a8c54fff85e2579547ec1ddec9bdd7.php
Parsing file:///var/www/html/cpa/storage/framework/views/c661c8752db61fc4024ebb930c0dee3d8713b385.php
Parsing file:///var/www/html/cpa/storage/framework/views/cc625aa14bbead603d9b9020b7a818e5fbbc5ac4.php
Parsing file:///var/www/html/cpa/storage/framework/views/2c3df4a7ac88492522bb1e8fb5c5866014461ab3.php
Parsing file:///var/www/html/cpa/storage/framework/views/ecaa9bb48f61a8f9613968d618a8ad28f9d38bb2.php
Parsing file:///var/www/html/cpa/storage/framework/views/daaac15192a2a0611012e5b4c07452dcd5804ab3.php
Parsing file:///var/www/html/cpa/storage/framework/views/fe96e6120bb4eed81aca50fdccfa762ab2146de8.php
Parsing file:///var/www/html/cpa/storage/framework/views/6d26be5920ef38d2fe45802dd3cfa8d1f2a053a4.php
Parsing file:///var/www/html/cpa/storage/framework/views/57c0315559cd4b316b81caff8eaa697c2384e58a.php
Parsing file:///var/www/html/cpa/storage/framework/views/16dcb0d3faf512ffca15354e415aa0fee855e4b7.php
Parsing file:///var/www/html/cpa/storage/framework/views/1b3d51129564e4c71062bce9d01cad3256328d21.php
Parsing file:///var/www/html/cpa/storage/framework/views/ae64e7970817aaeacd1a5c6e7274599bf781a067.php
Parsing file:///var/www/html/cpa/storage/framework/views/9bcea49417e09ca5f051e7e4debcb6d269ea0bc7.php
Parsing file:///var/www/html/cpa/storage/framework/views/de34ca48d72283de31e84d8128a14a1ecdd475ce.php
Parsing file:///var/www/html/cpa/storage/framework/views/de860974e9b54e8c6664023e64eaf69a8d800f69.php
Parsing file:///var/www/html/cpa/storage/framework/views/eee47f61529e75704f9efdccdced518c42b863e5.php
Parsing file:///var/www/html/cpa/storage/framework/views/a30c7ddba34a10f3f2dfe33a676205e1ff3740a7.php
Parsing file:///var/www/html/cpa/storage/framework/views/81ccf80fd10ed1205ce1d90603d1f62e16d76f5f.php
Parsing file:///var/www/html/cpa/storage/framework/views/ee0b092020e7794a687aa713aa5791a4d712991e.php
Parsing file:///var/www/html/cpa/storage/framework/views/54301b93d550a3866aac9ae1d0ac14078b397c7d.php
Parsing file:///var/www/html/cpa/storage/framework/views/72e9c028482231eebaa3797aa3a768b98459ba1a.php
Parsing file:///var/www/html/cpa/storage/framework/views/a8f360e3bba9f1a7677890721c00ba0ee8ca209d.php
Parsing file:///var/www/html/cpa/storage/framework/views/c2be50e8f5f73fbd52f577ca7066fce9347dc627.php
Parsing file:///var/www/html/cpa/storage/framework/views/a3cfe28329c9a0076f87854afc9911070965c088.php
Parsing file:///var/www/html/cpa/storage/framework/views/9383a5288b878c4c928ca6d5ee76c57d0b29891f.php
Parsing file:///var/www/html/cpa/storage/framework/views/0305b4cc03cd1a1dc634ef084bef54422fe08164.php
Parsing file:///var/www/html/cpa/storage/framework/views/3cf7442bc823e2d4e325bcf401d5384c0a406770.php
Parsing file:///var/www/html/cpa/storage/framework/views/fb9ac34d0b9cbe3b17102356ef56d1ad1c6e8a12.php
Parsing file:///var/www/html/cpa/storage/framework/views/5f48e3f38be1c602d3f1258c95f4b7ad215997ba.php
Parsing file:///var/www/html/cpa/storage/framework/views/2a2cfc5bf09578d2d4197f561ee0896af8203dd6.php
Parsing file:///var/www/html/cpa/storage/framework/views/47cd747a7f3595bd70dbecc44071e528435a4947.php
Parsing file:///var/www/html/cpa/storage/framework/views/3720f1fff1251b7ae7fbe86087728e381ad965f3.php
Parsing file:///var/www/html/cpa/storage/framework/views/5486b03b52a68ef41c3b26664fdd7fd967fd86e9.php
Parsing file:///var/www/html/cpa/storage/framework/views/966ffd6efe66888140f91993e6f1bceb82deb65e.php
Parsing file:///var/www/html/cpa/storage/framework/views/c07dd60835950cf50f04132d5518d8f2ce35d819.php
Parsing file:///var/www/html/cpa/storage/framework/views/80ceca4176117a27dedaa95bec918178cfeede52.php
Parsing file:///var/www/html/cpa/storage/framework/views/9c8c6e058da9fce261487fc42d47dd9dcb212fcc.php
Parsing file:///var/www/html/cpa/storage/framework/views/fd7fba14b167397576277216613a25585da6fa0a.php
Parsing file:///var/www/html/cpa/storage/framework/views/f7f3be21c98d0376777d4b103beb0f8f02369609.php
Parsing file:///var/www/html/cpa/storage/framework/views/ca0ffa2c8dc885717823966f82d3a6203781d9d0.php
Parsing file:///var/www/html/cpa/storage/framework/views/2035348df8abb1e754549366c417333ffe6f3e47.php
Parsing file:///var/www/html/cpa/storage/framework/views/186dbca504c2ab90ff6c70b42a6246e14adce795.php
Parsing file:///var/www/html/cpa/storage/framework/views/1e8c0dec9870f3da728d3ccb3685aae867e27290.php
Parsing file:///var/www/html/cpa/storage/framework/views/e6e78ed7642f626e8c7454fa18eeb5d31100b6ee.php
Parsing file:///var/www/html/cpa/storage/framework/views/26a573e22b0efa3b33e6da14050ed04b8f83498b.php
Parsing file:///var/www/html/cpa/storage/framework/views/9dc66e664e3d52f68a0d3214ba9e6993f433c8da.php
Parsing file:///var/www/html/cpa/storage/framework/views/b6dbdbb2a084b51d864682c2354d09e127b44bb2.php
Parsing file:///var/www/html/cpa/bootstrap/cache/packages.php
Parsing file:///var/www/html/cpa/bootstrap/cache/services.php
Parsing file:///var/www/html/cpa/bootstrap/app.php
Parsing file:///var/www/html/cpa/config/mail.php
Parsing file:///var/www/html/cpa/config/auth.php
Parsing file:///var/www/html/cpa/config/services.php
Parsing file:///var/www/html/cpa/config/hashing.php
Parsing file:///var/www/html/cpa/config/filesystems.php
Parsing file:///var/www/html/cpa/config/view.php
Parsing file:///var/www/html/cpa/config/database.php
Parsing file:///var/www/html/cpa/config/queue.php
Parsing file:///var/www/html/cpa/config/session.php
Parsing file:///var/www/html/cpa/config/app.php
Parsing file:///var/www/html/cpa/config/logging.php
Parsing file:///var/www/html/cpa/config/broadcasting.php
Parsing file:///var/www/html/cpa/config/cache.php
Parsing file:///var/www/html/cpa/User/History/-4220ebc2/rwlz.php
Parsing file:///var/www/html/cpa/User/History/-4220ebc2/EGjg.php
Parsing file:///var/www/html/cpa/User/History/-4220ebc2/S8WU.php
Parsing file:///var/www/html/cpa/User/History/-4220ebc2/333J.php
Parsing file:///var/www/html/cpa/User/History/-4220ebc2/ZGfW.php
Parsing file:///var/www/html/cpa/User/History/-4220ebc2/laxT.php
Parsing file:///var/www/html/cpa/User/History/1ee7c829/oJcU.php
Parsing file:///var/www/html/cpa/User/History/1ee7c829/lnyf.php
Parsing file:///var/www/html/cpa/User/History/1ee7c829/dyx1.php
Parsing file:///var/www/html/cpa/User/History/1ee7c829/IKii.php
Parsing file:///var/www/html/cpa/User/History/1ee7c829/ZN6S.php
Parsing file:///var/www/html/cpa/User/History/1ee7c829/Qlqh.php
Parsing file:///var/www/html/cpa/User/History/1ee7c829/wZh1.php
Parsing file:///var/www/html/cpa/User/History/1ee7c829/STul.php
Parsing file:///var/www/html/cpa/User/History/1ee7c829/juDN.php
Parsing file:///var/www/html/cpa/User/History/1ee7c829/L1rp.php
Parsing file:///var/www/html/cpa/User/History/1ee7c829/Upm8.php
Parsing file:///var/www/html/cpa/User/History/36652d74/ZRIT.php
Parsing file:///var/www/html/cpa/User/History/-72caf77d/IPvT.php
Parsing file:///var/www/html/cpa/User/History/-72caf77d/yA9l.php
Parsing file:///var/www/html/cpa/User/History/449e03e0/Lfk7.php
Parsing file:///var/www/html/cpa/User/History/449e03e0/8CUY.php
Parsing file:///var/www/html/cpa/User/History/449e03e0/wW2i.php
Parsing file:///var/www/html/cpa/User/History/449e03e0/ufOh.php
Parsing file:///var/www/html/cpa/User/History/449e03e0/usUf.php
Parsing file:///var/www/html/cpa/User/History/734df662/uSQI.php
Parsing file:///var/www/html/cpa/User/History/734df662/e2Wf.php
Parsing file:///var/www/html/cpa/User/History/734df662/lrsp.php
Parsing file:///var/www/html/cpa/User/History/734df662/6rRU.php
Parsing file:///var/www/html/cpa/User/History/734df662/FH0b.php
Parsing file:///var/www/html/cpa/User/History/734df662/zoFY.php
Parsing file:///var/www/html/cpa/User/History/734df662/KFxE.php
Parsing file:///var/www/html/cpa/User/History/734df662/Rtgs.php
Parsing file:///var/www/html/cpa/User/History/734df662/dPoV.php
Parsing file:///var/www/html/cpa/User/History/734df662/VlVV.php
Parsing file:///var/www/html/cpa/User/History/734df662/3yuI.php
Parsing file:///var/www/html/cpa/User/History/734df662/9fQf.php
Parsing file:///var/www/html/cpa/User/History/734df662/oAGH.php
Parsing file:///var/www/html/cpa/User/History/734df662/j8jH.php
Parsing file:///var/www/html/cpa/User/History/734df662/410o.php
Parsing file:///var/www/html/cpa/User/History/734df662/xQVP.php
Parsing file:///var/www/html/cpa/User/History/734df662/lf26.php
Parsing file:///var/www/html/cpa/User/History/734df662/1ncQ.php
Parsing file:///var/www/html/cpa/User/History/52c77a54/mWJg.php
Parsing file:///var/www/html/cpa/User/History/52c77a54/rkXf.php
Parsing file:///var/www/html/cpa/User/History/52c77a54/0MZ9.php
Parsing file:///var/www/html/cpa/User/History/52c77a54/Fdda.php
Parsing file:///var/www/html/cpa/User/History/52c77a54/pwf2.php
Parsing file:///var/www/html/cpa/User/History/52c77a54/Rhsn.php
Parsing file:///var/www/html/cpa/User/History/52c77a54/v4G3.php
Parsing file:///var/www/html/cpa/User/History/52c77a54/OBmu.php
Parsing file:///var/www/html/cpa/User/History/52c77a54/kaz5.php
Parsing file:///var/www/html/cpa/User/History/52c77a54/uFhk.php
Parsing file:///var/www/html/cpa/User/History/52c77a54/Wyag.php
Parsing file:///var/www/html/cpa/User/History/52c77a54/WXbm.php
Parsing file:///var/www/html/cpa/User/History/52c77a54/AzKo.php
Parsing file:///var/www/html/cpa/User/History/52c77a54/eZix.php
Parsing file:///var/www/html/cpa/User/History/52c77a54/LS3B.php
Parsing file:///var/www/html/cpa/User/History/52c77a54/TsB0.php
Parsing file:///var/www/html/cpa/User/History/52c77a54/t6xv.php
Parsing file:///var/www/html/cpa/User/History/52c77a54/dXy7.php
Parsing file:///var/www/html/cpa/User/History/52c77a54/VWIK.php
Parsing file:///var/www/html/cpa/User/History/52c77a54/TmVS.php
Parsing file:///var/www/html/cpa/User/History/52c77a54/q7kh.php
Parsing file:///var/www/html/cpa/User/History/-6cba9845/f0Vr.php
Parsing file:///var/www/html/cpa/User/History/100fb291/ljwR.php
Parsing file:///var/www/html/cpa/User/History/100fb291/AnYf.php
Parsing file:///var/www/html/cpa/User/History/100fb291/uSyE.php
Parsing file:///var/www/html/cpa/User/History/100fb291/ta3R.php
Parsing file:///var/www/html/cpa/User/History/100fb291/oiq4.php
Parsing file:///var/www/html/cpa/User/History/100fb291/mjF6.php
Parsing file:///var/www/html/cpa/User/History/100fb291/8SF4.php
Parsing file:///var/www/html/cpa/User/History/100fb291/CeTy.php
Parsing file:///var/www/html/cpa/User/History/100fb291/HTQm.php
Parsing file:///var/www/html/cpa/User/History/100fb291/cm5b.php
Parsing file:///var/www/html/cpa/User/History/100fb291/nwRE.php
Parsing file:///var/www/html/cpa/User/History/100fb291/skd0.php
Parsing file:///var/www/html/cpa/User/History/100fb291/pXRz.php
Parsing file:///var/www/html/cpa/User/History/100fb291/xoS9.php
Parsing file:///var/www/html/cpa/User/History/100fb291/4G4Z.php
Parsing file:///var/www/html/cpa/User/History/100fb291/fza6.php
Parsing file:///var/www/html/cpa/User/History/100fb291/lU0F.php
Parsing file:///var/www/html/cpa/User/History/100fb291/8hEE.php
Parsing file:///var/www/html/cpa/User/History/100fb291/dN6B.php
Parsing file:///var/www/html/cpa/User/History/100fb291/cXh1.php
Parsing file:///var/www/html/cpa/User/History/100fb291/rIgR.php
Parsing file:///var/www/html/cpa/User/History/100fb291/X3Vp.php
Parsing file:///var/www/html/cpa/User/History/100fb291/532o.php
Parsing file:///var/www/html/cpa/User/History/100fb291/nys9.php
Parsing file:///var/www/html/cpa/User/History/100fb291/QeTS.php
Parsing file:///var/www/html/cpa/User/History/100fb291/Ejud.php
Parsing file:///var/www/html/cpa/User/History/100fb291/AK1q.php
Parsing file:///var/www/html/cpa/User/History/100fb291/qMEL.php
Parsing file:///var/www/html/cpa/User/History/100fb291/rxe1.php
Parsing file:///var/www/html/cpa/User/History/100fb291/kYij.php
Parsing file:///var/www/html/cpa/User/History/100fb291/Wahb.php
Parsing file:///var/www/html/cpa/User/History/100fb291/puLg.php
Parsing file:///var/www/html/cpa/User/History/100fb291/EWTK.php
Parsing file:///var/www/html/cpa/User/History/100fb291/wENU.php
Parsing file:///var/www/html/cpa/User/History/100fb291/2fqY.php
Parsing file:///var/www/html/cpa/User/History/100fb291/X6ln.php
Parsing file:///var/www/html/cpa/User/History/100fb291/BkHs.php
Parsing file:///var/www/html/cpa/User/History/100fb291/1mgo.php
Parsing file:///var/www/html/cpa/User/History/100fb291/3Kwy.php
Parsing file:///var/www/html/cpa/User/History/100fb291/CryP.php
Parsing file:///var/www/html/cpa/User/History/100fb291/8GEK.php
Parsing file:///var/www/html/cpa/User/History/100fb291/mLW9.php
Parsing file:///var/www/html/cpa/User/History/100fb291/8m1f.php
Parsing file:///var/www/html/cpa/User/History/100fb291/gZrr.php
Parsing file:///var/www/html/cpa/User/History/100fb291/TNqf.php
Parsing file:///var/www/html/cpa/User/History/100fb291/9iZU.php
Parsing file:///var/www/html/cpa/User/History/100fb291/VeCl.php
Parsing file:///var/www/html/cpa/User/History/100fb291/WrGh.php
Parsing file:///var/www/html/cpa/User/History/100fb291/QrKC.php
Parsing file:///var/www/html/cpa/User/History/100fb291/osX9.php
Parsing file:///var/www/html/cpa/User/History/1a12c5ab/aMon.php
Parsing file:///var/www/html/cpa/User/History/1a12c5ab/bbpi.php
Parsing file:///var/www/html/cpa/User/History/1a12c5ab/Wsz7.php
Parsing file:///var/www/html/cpa/User/History/1a12c5ab/XjAn.php
Parsing file:///var/www/html/cpa/User/History/1a12c5ab/UFs6.php
Parsing file:///var/www/html/cpa/User/History/1a12c5ab/eE4R.php
Parsing file:///var/www/html/cpa/User/History/1a12c5ab/lFin.php
Parsing file:///var/www/html/cpa/User/History/-7f2bc966/NsXE.php
Parsing file:///var/www/html/cpa/User/History/3dc00a44/xKcB.php
Parsing file:///var/www/html/cpa/User/History/3dc00a44/FlxD.php
Parsing file:///var/www/html/cpa/User/History/3dc00a44/QrjX.php
Parsing file:///var/www/html/cpa/User/History/251722a1/Z1D7.php
Parsing file:///var/www/html/cpa/User/History/251722a1/oWAO.php
Parsing file:///var/www/html/cpa/User/History/251722a1/HKUS.php
Parsing file:///var/www/html/cpa/User/History/251722a1/6rTW.php
Parsing file:///var/www/html/cpa/User/History/251722a1/q0Sa.php
Parsing file:///var/www/html/cpa/User/History/251722a1/ajr1.php
Parsing file:///var/www/html/cpa/User/History/251722a1/aAAc.php
Parsing file:///var/www/html/cpa/User/History/251722a1/IBEd.php
Parsing file:///var/www/html/cpa/User/History/251722a1/fJPT.php
Parsing file:///var/www/html/cpa/User/History/251722a1/pO4j.php
Parsing file:///var/www/html/cpa/User/History/251722a1/nzGT.php
Parsing file:///var/www/html/cpa/User/History/251722a1/ZWAY.php
Parsing file:///var/www/html/cpa/User/History/251722a1/DzWt.php
Parsing file:///var/www/html/cpa/User/History/251722a1/VqNW.php
Parsing file:///var/www/html/cpa/User/History/251722a1/7FPH.php
Parsing file:///var/www/html/cpa/User/History/251722a1/g7g5.php
Parsing file:///var/www/html/cpa/User/History/251722a1/i6An.php
Parsing file:///var/www/html/cpa/User/History/251722a1/bBQi.php
Parsing file:///var/www/html/cpa/User/History/251722a1/1lrg.php
Parsing file:///var/www/html/cpa/User/History/251722a1/g9U4.php
Parsing file:///var/www/html/cpa/User/History/251722a1/2QJe.php
Parsing file:///var/www/html/cpa/User/History/251722a1/YQG5.php
Parsing file:///var/www/html/cpa/User/History/251722a1/Cay4.php
Parsing file:///var/www/html/cpa/User/History/251722a1/1v5D.php
Parsing file:///var/www/html/cpa/User/History/251722a1/5ORe.php
Parsing file:///var/www/html/cpa/User/History/251722a1/bUSA.php
Parsing file:///var/www/html/cpa/User/History/251722a1/xR1c.php
Parsing file:///var/www/html/cpa/User/History/251722a1/YEk4.php
Parsing file:///var/www/html/cpa/User/History/251722a1/WDCv.php
Parsing file:///var/www/html/cpa/User/History/251722a1/TEst.php
Parsing file:///var/www/html/cpa/User/History/251722a1/vKfq.php
Parsing file:///var/www/html/cpa/User/History/251722a1/Qnn2.php
Parsing file:///var/www/html/cpa/User/History/251722a1/SZHA.php
Parsing file:///var/www/html/cpa/User/History/251722a1/UyDS.php
Parsing file:///var/www/html/cpa/User/History/251722a1/DPl5.php
Parsing file:///var/www/html/cpa/User/History/251722a1/LtEI.php
Parsing file:///var/www/html/cpa/User/History/251722a1/qGmn.php
Parsing file:///var/www/html/cpa/User/History/251722a1/V6R5.php
Parsing file:///var/www/html/cpa/User/History/251722a1/MngP.php
Parsing file:///var/www/html/cpa/User/History/251722a1/LlZ8.php
Parsing file:///var/www/html/cpa/User/History/251722a1/mick.php
Parsing file:///var/www/html/cpa/User/History/251722a1/iqWH.php
Parsing file:///var/www/html/cpa/User/History/251722a1/T2jk.php
Parsing file:///var/www/html/cpa/User/History/251722a1/cdh6.php
Parsing file:///var/www/html/cpa/User/History/251722a1/3wxF.php
Parsing file:///var/www/html/cpa/User/History/251722a1/YbKt.php
Parsing file:///var/www/html/cpa/User/History/251722a1/l2o6.php
Parsing file:///var/www/html/cpa/User/History/251722a1/iZcQ.php
Parsing file:///var/www/html/cpa/User/History/251722a1/SdrU.php
Parsing file:///var/www/html/cpa/User/History/251722a1/7nGG.php
Parsing file:///var/www/html/cpa/User/History/251722a1/CjXe.php
Parsing file:///var/www/html/cpa/User/History/-72c70ba9/pzM9.php
Parsing file:///var/www/html/cpa/User/History/-72c70ba9/we3t.php
Parsing file:///var/www/html/cpa/User/History/-72c70ba9/ABR1.php
Parsing file:///var/www/html/cpa/User/History/-72c70ba9/xrkI.php
Parsing file:///var/www/html/cpa/User/History/-72c70ba9/QJCf.php
Parsing file:///var/www/html/cpa/User/History/-72c70ba9/qaVE.php
Parsing file:///var/www/html/cpa/User/History/-72c70ba9/G3uh.php
Parsing file:///var/www/html/cpa/User/History/-72c70ba9/Iv2K.php
Parsing file:///var/www/html/cpa/User/History/-72c70ba9/Ne0w.php
Parsing file:///var/www/html/cpa/User/History/-72c70ba9/Immk.php
Parsing file:///var/www/html/cpa/User/History/-72c70ba9/MHUH.php
Parsing file:///var/www/html/cpa/User/History/-72c70ba9/Pje7.php
Parsing file:///var/www/html/cpa/User/History/-72c70ba9/PVA2.php
Parsing file:///var/www/html/cpa/User/History/-72c70ba9/4WA8.php
Parsing file:///var/www/html/cpa/User/History/-72c70ba9/M6XN.php
Parsing file:///var/www/html/cpa/User/History/-72c70ba9/ckcU.php
Parsing file:///var/www/html/cpa/User/History/-72c70ba9/7Yxz.php
Parsing file:///var/www/html/cpa/User/History/-72c70ba9/xoJn.php
Parsing file:///var/www/html/cpa/User/History/-72c70ba9/AvMn.php
Parsing file:///var/www/html/cpa/User/History/-72c70ba9/l9IT.php
Parsing file:///var/www/html/cpa/User/History/-72c70ba9/v4mS.php
Parsing file:///var/www/html/cpa/User/History/-72c70ba9/VDjw.php
Parsing file:///var/www/html/cpa/User/History/-72c70ba9/7mWY.php
Parsing file:///var/www/html/cpa/User/History/-72c70ba9/kifa.php
Parsing file:///var/www/html/cpa/User/History/-72c70ba9/FqjP.php
Parsing file:///var/www/html/cpa/User/History/-72c70ba9/pPk4.php
Parsing file:///var/www/html/cpa/User/History/-72c70ba9/UGaI.php
Parsing file:///var/www/html/cpa/User/History/-72c70ba9/2F5U.php
Parsing file:///var/www/html/cpa/User/History/-72c70ba9/2URO.php
Parsing file:///var/www/html/cpa/User/History/-72c70ba9/v3l0.php
Parsing file:///var/www/html/cpa/User/History/-72c70ba9/DPle.php
Parsing file:///var/www/html/cpa/User/History/-72c70ba9/BDtz.php
Parsing file:///var/www/html/cpa/User/History/-72c70ba9/LkIC.php
Parsing file:///var/www/html/cpa/User/History/-72c70ba9/z7MD.php
Parsing file:///var/www/html/cpa/User/History/-72c70ba9/Blf1.php
Parsing file:///var/www/html/cpa/User/History/-72c70ba9/QsBD.php
Parsing file:///var/www/html/cpa/User/History/-72c70ba9/hyOn.php
Parsing file:///var/www/html/cpa/User/History/-72c70ba9/VMts.php
Parsing file:///var/www/html/cpa/User/History/-72c70ba9/cub8.php
Parsing file:///var/www/html/cpa/User/History/-72c70ba9/INl3.php
Parsing file:///var/www/html/cpa/User/History/-72c70ba9/h5XX.php
Parsing file:///var/www/html/cpa/User/History/-38b0e0a3/1TAn.php
Parsing file:///var/www/html/cpa/User/History/-38b0e0a3/BN8v.php
Parsing file:///var/www/html/cpa/User/History/-38b0e0a3/b1I9.php
Parsing file:///var/www/html/cpa/User/History/-38b0e0a3/Cymp.php
Parsing file:///var/www/html/cpa/User/History/-38b0e0a3/4OB4.php
Parsing file:///var/www/html/cpa/User/History/-38b0e0a3/i9bs.php
Parsing file:///var/www/html/cpa/User/History/-38b0e0a3/Jpcy.php
Parsing file:///var/www/html/cpa/User/History/-38b0e0a3/JVMr.php
Parsing file:///var/www/html/cpa/User/History/-38b0e0a3/tRj8.php
Parsing file:///var/www/html/cpa/User/History/-38b0e0a3/pIZ8.php
Parsing file:///var/www/html/cpa/User/History/-38b0e0a3/NieF.php
Parsing file:///var/www/html/cpa/User/History/-38b0e0a3/1I91.php
Parsing file:///var/www/html/cpa/User/History/-38b0e0a3/Llka.php
Parsing file:///var/www/html/cpa/User/History/-38b0e0a3/jcrp.php
Parsing file:///var/www/html/cpa/User/History/-38b0e0a3/utRw.php
Parsing file:///var/www/html/cpa/User/History/-38b0e0a3/Rjig.php
Parsing file:///var/www/html/cpa/User/History/-38b0e0a3/hd7O.php
Parsing file:///var/www/html/cpa/User/History/-38b0e0a3/6bR9.php
Parsing file:///var/www/html/cpa/User/History/-38b0e0a3/8IJG.php
Parsing file:///var/www/html/cpa/User/History/-38b0e0a3/Omm8.php
Parsing file:///var/www/html/cpa/User/History/-38b0e0a3/K5tC.php
Parsing file:///var/www/html/cpa/User/History/-38b0e0a3/kXdG.php
Parsing file:///var/www/html/cpa/User/History/-38b0e0a3/e8y8.php
Parsing file:///var/www/html/cpa/User/History/-38b0e0a3/rfgY.php
Parsing file:///var/www/html/cpa/User/History/-38b0e0a3/9XN2.php
Parsing file:///var/www/html/cpa/User/History/-38b0e0a3/FDaF.php
Parsing file:///var/www/html/cpa/User/History/-38b0e0a3/ZyVM.php
Parsing file:///var/www/html/cpa/User/History/-38b0e0a3/SqYT.php
Parsing file:///var/www/html/cpa/User/History/-38b0e0a3/h2m8.php
Parsing file:///var/www/html/cpa/User/History/-38b0e0a3/vg4T.php
Parsing file:///var/www/html/cpa/User/History/-38b0e0a3/fFjA.php
Parsing file:///var/www/html/cpa/User/History/-38b0e0a3/9XE8.php
Parsing file:///var/www/html/cpa/User/History/-38b0e0a3/tzSD.php
Parsing file:///var/www/html/cpa/User/History/-38b0e0a3/uLf5.php
Parsing file:///var/www/html/cpa/User/History/-38b0e0a3/2yuI.php
Parsing file:///var/www/html/cpa/User/History/-38b0e0a3/9Rrj.php
Parsing file:///var/www/html/cpa/User/History/-38b0e0a3/7Uhm.php
Parsing file:///var/www/html/cpa/User/History/-38b0e0a3/fSmY.php
Parsing file:///var/www/html/cpa/User/History/-38b0e0a3/Andc.php
Parsing file:///var/www/html/cpa/User/History/-38b0e0a3/7x2x.php
Parsing file:///var/www/html/cpa/User/History/-38b0e0a3/w95E.php
Parsing file:///var/www/html/cpa/User/History/-38b0e0a3/u8xF.php
Parsing file:///var/www/html/cpa/User/History/-38b0e0a3/Yg3z.php
Parsing file:///var/www/html/cpa/User/History/-38b0e0a3/DqRj.php
Parsing file:///var/www/html/cpa/User/History/-38b0e0a3/dUZa.php
Parsing file:///var/www/html/cpa/User/History/-38b0e0a3/CdJ3.php
Parsing file:///var/www/html/cpa/User/History/-38b0e0a3/6Rh1.php
Parsing file:///var/www/html/cpa/User/History/-38b0e0a3/D0F3.php
Parsing file:///var/www/html/cpa/User/History/-38b0e0a3/yjt2.php
Parsing file:///var/www/html/cpa/User/History/-38b0e0a3/9OdL.php
Parsing file:///var/www/html/cpa/User/History/4a7b1fc7/D6W4.php
Parsing file:///var/www/html/cpa/User/History/4a7b1fc7/RJAP.php
Parsing file:///var/www/html/cpa/User/History/4a7b1fc7/12Ic.php
Parsing file:///var/www/html/cpa/User/History/4a7b1fc7/HXYk.php
Parsing file:///var/www/html/cpa/User/History/4a7b1fc7/gXcW.php
Parsing file:///var/www/html/cpa/User/History/4a7b1fc7/snBX.php
Parsing file:///var/www/html/cpa/User/History/4a7b1fc7/Oxkc.php
Parsing file:///var/www/html/cpa/User/History/4a7b1fc7/E18L.php
Parsing file:///var/www/html/cpa/User/History/4a7b1fc7/s6XS.php
Parsing file:///var/www/html/cpa/User/History/4a7b1fc7/GkFt.php
Parsing file:///var/www/html/cpa/User/History/4a7b1fc7/RXgi.php
Parsing file:///var/www/html/cpa/User/History/4a7b1fc7/WUDS.php
Parsing file:///var/www/html/cpa/User/History/4a7b1fc7/249P.php
Parsing file:///var/www/html/cpa/User/History/4a7b1fc7/dC3O.php
Parsing file:///var/www/html/cpa/User/History/4a7b1fc7/VjRm.php
Parsing file:///var/www/html/cpa/User/History/4a7b1fc7/atQx.php
Parsing file:///var/www/html/cpa/User/History/4a7b1fc7/hbLx.php
Parsing file:///var/www/html/cpa/User/History/4a7b1fc7/eS4c.php
Parsing file:///var/www/html/cpa/User/History/4a7b1fc7/eDvV.php
Parsing file:///var/www/html/cpa/User/History/4a7b1fc7/iZCO.php
Parsing file:///var/www/html/cpa/User/History/4a7b1fc7/WDEE.php
Parsing file:///var/www/html/cpa/User/History/4a7b1fc7/D6Cu.php
Parsing file:///var/www/html/cpa/User/History/4a7b1fc7/Sx99.php
Parsing file:///var/www/html/cpa/User/History/4a7b1fc7/hbu9.php
Parsing file:///var/www/html/cpa/User/History/4a7b1fc7/ntV8.php
Parsing file:///var/www/html/cpa/User/History/4a7b1fc7/tyoo.php
Parsing file:///var/www/html/cpa/User/History/4a7b1fc7/gPgj.php
Parsing file:///var/www/html/cpa/User/History/4a7b1fc7/6rPY.php
Parsing file:///var/www/html/cpa/User/History/4a7b1fc7/ZMrw.php
Parsing file:///var/www/html/cpa/User/History/4a7b1fc7/ciaR.php
Parsing file:///var/www/html/cpa/User/History/4a7b1fc7/T9tr.php
Parsing file:///var/www/html/cpa/User/History/4a7b1fc7/1jSj.php
Parsing file:///var/www/html/cpa/User/History/4a7b1fc7/pFfM.php
Parsing file:///var/www/html/cpa/User/History/4a7b1fc7/EgW5.php
Parsing file:///var/www/html/cpa/User/History/4a7b1fc7/YDHH.php
Parsing file:///var/www/html/cpa/User/History/4a7b1fc7/ttSf.php
Parsing file:///var/www/html/cpa/User/History/4a7b1fc7/GvHL.php
Parsing file:///var/www/html/cpa/User/History/4a7b1fc7/oXzm.php
Parsing file:///var/www/html/cpa/User/History/4a7b1fc7/BKGP.php
Parsing file:///var/www/html/cpa/User/History/4a7b1fc7/yPau.php
Parsing file:///var/www/html/cpa/User/History/4a7b1fc7/l29S.php
Parsing file:///var/www/html/cpa/User/History/4a7b1fc7/UE2O.php
Parsing file:///var/www/html/cpa/User/History/4a7b1fc7/TfFw.php
Parsing file:///var/www/html/cpa/User/History/4a7b1fc7/CT1K.php
Parsing file:///var/www/html/cpa/User/History/4a7b1fc7/nwtL.php
Parsing file:///var/www/html/cpa/User/History/4a7b1fc7/Gj4e.php
Parsing file:///var/www/html/cpa/User/History/4a7b1fc7/IQHa.php
Parsing file:///var/www/html/cpa/User/History/4a7b1fc7/qNkC.php
Parsing file:///var/www/html/cpa/User/History/4a7b1fc7/gUTu.php
Parsing file:///var/www/html/cpa/User/History/4a7b1fc7/arAP.php
Parsing file:///var/www/html/cpa/User/History/-4b5e1330/Hsby.php
Parsing file:///var/www/html/cpa/User/History/-4b5e1330/OFh9.php
Parsing file:///var/www/html/cpa/User/History/-4b5e1330/pAKe.php
Parsing file:///var/www/html/cpa/User/History/-4b5e1330/MYvX.php
Parsing file:///var/www/html/cpa/User/History/-4b5e1330/C8yz.php
Parsing file:///var/www/html/cpa/User/History/-4b5e1330/6MFu.php
Parsing file:///var/www/html/cpa/User/History/-4b5e1330/hO75.php
Parsing file:///var/www/html/cpa/User/History/-4b5e1330/oD4E.php
Parsing file:///var/www/html/cpa/User/History/-4b5e1330/t2C6.php
Parsing file:///var/www/html/cpa/User/History/-4b5e1330/Jmpu.php
Parsing file:///var/www/html/cpa/User/History/-4b5e1330/PS3p.php
Parsing file:///var/www/html/cpa/User/History/-4b5e1330/ssqj.php
Parsing file:///var/www/html/cpa/User/History/-4b5e1330/xYzX.php
Parsing file:///var/www/html/cpa/User/History/-4b5e1330/NcMc.php
Parsing file:///var/www/html/cpa/User/History/-4b5e1330/wnkp.php
Parsing file:///var/www/html/cpa/User/History/-4b5e1330/DCkK.php
Parsing file:///var/www/html/cpa/User/History/-4b5e1330/B8wA.php
Parsing file:///var/www/html/cpa/User/History/-4b5e1330/Znok.php
Parsing file:///var/www/html/cpa/User/History/-4b5e1330/Rwz1.php
Parsing file:///var/www/html/cpa/User/History/-4b5e1330/aOgU.php
Parsing file:///var/www/html/cpa/User/History/-4b5e1330/USMu.php
Parsing file:///var/www/html/cpa/User/History/-4b5e1330/koG6.php
Parsing file:///var/www/html/cpa/User/History/-4b5e1330/Qrgj.php
Parsing file:///var/www/html/cpa/User/History/-4b5e1330/dAYx.php
Parsing file:///var/www/html/cpa/User/History/-4b5e1330/kfRK.php
Parsing file:///var/www/html/cpa/User/History/-4b5e1330/bDl9.php
Parsing file:///var/www/html/cpa/User/History/-4b5e1330/XDmJ.php
Parsing file:///var/www/html/cpa/User/History/-4b5e1330/9fBc.php
Parsing file:///var/www/html/cpa/User/History/2264d0fd/OHOK.php
Parsing file:///var/www/html/cpa/User/History/2264d0fd/J2an.php
Parsing file:///var/www/html/cpa/User/History/2264d0fd/DoSx.php
Parsing file:///var/www/html/cpa/User/History/2264d0fd/eXHN.php
Parsing file:///var/www/html/cpa/database/factories/StudentRecordFactory.php
Parsing file:///var/www/html/cpa/database/factories/UserFactory.php
Parsing file:///var/www/html/cpa/database/migrations/2018_09_20_150906_create_class_types_table.php
Parsing file:///var/www/html/cpa/database/migrations/2018_09_26_124241_create_dorms_table.php
Parsing file:///var/www/html/cpa/database/migrations/2013_09_22_124806_create_lgas_table.php
Parsing file:///var/www/html/cpa/database/migrations/2018_09_22_151514_create_student_records_table.php
Parsing file:///var/www/html/cpa/database/migrations/2018_11_03_210817_create_payment_records_table.php
Parsing file:///var/www/html/cpa/database/migrations/2018_10_31_192540_create_book_requests_table.php
Parsing file:///var/www/html/cpa/database/migrations/2014_10_12_100000_create_password_resets_table.php
Parsing file:///var/www/html/cpa/database/migrations/2018_11_01_132115_create_staff_records_table.php
Parsing file:///var/www/html/cpa/database/migrations/2013_09_22_124750_create_states_table.php
Parsing file:///var/www/html/cpa/database/migrations/2018_09_22_073526_create_sections_table.php
Parsing file:///var/www/html/cpa/database/migrations/2018_10_06_224944_create_grades_table.php
Parsing file:///var/www/html/cpa/database/migrations/2018_11_27_180401_create_time_tables_table.php
Parsing file:///var/www/html/cpa/database/migrations/2014_10_12_000000_create_users_table.php
Parsing file:///var/www/html/cpa/database/migrations/2019_09_26_132227_create_promotions_table.php
Parsing file:///var/www/html/cpa/database/migrations/2018_09_22_081302_create_subjects_table.php
Parsing file:///var/www/html/cpa/database/migrations/2019_09_22_142514_create_fks.php
Parsing file:///var/www/html/cpa/database/migrations/2018_10_06_224846_create_marks_table.php
Parsing file:///var/www/html/cpa/database/migrations/2018_10_31_191358_create_books_table.php
Parsing file:///var/www/html/cpa/database/migrations/2018_09_22_073005_create_my_classes_table.php
Parsing file:///var/www/html/cpa/database/migrations/2018_10_18_205550_create_skills_table.php
Parsing file:///var/www/html/cpa/database/migrations/2018_10_06_225007_create_pins_table.php
Parsing file:///var/www/html/cpa/database/migrations/2018_10_18_205842_create_exam_records_table.php
Parsing file:///var/www/html/cpa/database/migrations/2018_11_06_083707_create_receipts_table.php
Parsing file:///var/www/html/cpa/database/migrations/2018_09_20_100249_create_user_types_table.php
Parsing file:///var/www/html/cpa/database/migrations/2023_09_21_100143_create_decaissements_table.php
Parsing file:///var/www/html/cpa/database/migrations/2013_09_20_121733_create_blood_groups_table.php
Parsing file:///var/www/html/cpa/database/migrations/2018_10_04_224910_create_exams_table.php
Parsing file:///var/www/html/cpa/database/migrations/2018_09_22_080555_create_settings_table.php
Parsing file:///var/www/html/cpa/database/migrations/2013_09_26_121148_create_nationalities_table.php
Parsing file:///var/www/html/cpa/database/migrations/2018_11_03_210758_create_payments_table.php
Parsing file:///var/www/html/cpa/database/sidbacky/MyClassesTableSeeder.php
Parsing file:///var/www/html/cpa/database/sidbacky/StatesTableSeeder.php
Parsing file:///var/www/html/cpa/database/sidbacky/LgasTableSeeder.php
Parsing file:///var/www/html/cpa/database/sidbacky/StudentRecordsTableSeeder.php
Parsing file:///var/www/html/cpa/database/sidbacky/DormitoriesTableSeeder.php
Parsing file:///var/www/html/cpa/database/sidbacky/UserTypesTableSeeder.php
Parsing file:///var/www/html/cpa/database/sidbacky/SettingsTableSeeder.php
Parsing file:///var/www/html/cpa/database/sidbacky/MyClassesTableSeeder%20copy.php
Parsing file:///var/www/html/cpa/database/sidbacky/UsersTableSeeder.php
Parsing file:///var/www/html/cpa/database/sidbacky/DatabaseSeeder.php
Parsing file:///var/www/html/cpa/database/sidbacky/NationalitiesTableSeeder.php
Parsing file:///var/www/html/cpa/database/sidbacky/DormsTableSeeder.php
Parsing file:///var/www/html/cpa/database/sidbacky/ClassTypesTableSeeder.php
Parsing file:///var/www/html/cpa/database/sidbacky/SkillsTableSeeder.php
Parsing file:///var/www/html/cpa/database/sidbacky/SectionsTableSeeder.php
Parsing file:///var/www/html/cpa/database/sidbacky/GradesTableSeeder.php
Parsing file:///var/www/html/cpa/database/sidbacky/SubjectsTableSeeder.php
Parsing file:///var/www/html/cpa/database/sidbacky/BloodGroupsTableSeeder.php
Parsing file:///var/www/html/cpa/database/seeders/UserTypesTableSeeder.php
Parsing file:///var/www/html/cpa/database/seeders/SettingsTableSeeder.php
Parsing file:///var/www/html/cpa/database/seeders/UsersTableSeeder.php
Parsing file:///var/www/html/cpa/database/seeders/DatabaseSeeder.php
Parsing file:///var/www/html/cpa/database/seeders/ClassTypesTableSeeder.php
Parsing file:///var/www/html/cpa/database/seeders/UsersTableSeeder%20copy.php
Parsing file:///var/www/html/cpa/public/index.php
Parsing file:///var/www/html/cpa/vendor/composer/autoload_namespaces.php
Parsing file:///var/www/html/cpa/vendor/composer/autoload_files.php
Parsing file:///var/www/html/cpa/vendor/composer/ClassLoader.php
Parsing file:///var/www/html/cpa/vendor/composer/autoload_psr4.php
Parsing file:///var/www/html/cpa/vendor/composer/platform_check.php
Parsing file:///var/www/html/cpa/vendor/composer/installed.php
Parsing file:///var/www/html/cpa/vendor/composer/autoload_classmap.php
[Info  - 7:48:15 PM] Ignoring file file:///var/www/html/cpa/vendor/composer/autoload_classmap.php because it exceeds size limit of 150000 bytes (729429)
Parsing file:///var/www/html/cpa/vendor/composer/autoload_static.php
[Info  - 7:48:15 PM] Ignoring file file:///var/www/html/cpa/vendor/composer/autoload_static.php because it exceeds size limit of 150000 bytes (803605)
Parsing file:///var/www/html/cpa/vendor/composer/InstalledVersions.php
Parsing file:///var/www/html/cpa/vendor/composer/autoload_real.php
Parsing file:///var/www/html/cpa/vendor/autoload.php
Parsing file:///var/www/html/cpa/routes/web.php
Parsing file:///var/www/html/cpa/routes/channels.php
Parsing file:///var/www/html/cpa/routes/api.php
Parsing file:///var/www/html/cpa/routes/console.php
Parsing file:///var/www/html/cpa/resources/views/auth/login.blade.php
Parsing file:///var/www/html/cpa/resources/views/auth/verify.blade.php
Parsing file:///var/www/html/cpa/resources/views/auth/passwords/reset.blade.php
Parsing file:///var/www/html/cpa/resources/views/auth/passwords/email.blade.php
Parsing file:///var/www/html/cpa/resources/views/auth/passwords/Dmail.blade.php
Parsing file:///var/www/html/cpa/resources/views/auth/register.blade.php
Parsing file:///var/www/html/cpa/resources/views/pages/support_team/grades/edit.blade.php
Parsing file:///var/www/html/cpa/resources/views/pages/support_team/grades/index.blade.php
Parsing file:///var/www/html/cpa/resources/views/pages/support_team/marks/bulk.blade.php
Parsing file:///var/www/html/cpa/resources/views/pages/support_team/marks/edit.blade.php
Parsing file:///var/www/html/cpa/resources/views/pages/support_team/marks/selector.blade.php
Parsing file:///var/www/html/cpa/resources/views/pages/support_team/marks/select_year.blade.php
Parsing file:///var/www/html/cpa/resources/views/pages/support_team/marks/index.blade.php
Parsing file:///var/www/html/cpa/resources/views/pages/support_team/marks/tabulation/index.blade%20copy.php
Parsing file:///var/www/html/cpa/resources/views/pages/support_team/marks/tabulation/index.blade.php
Parsing file:///var/www/html/cpa/resources/views/pages/support_team/marks/tabulation/print.blade.php
Parsing file:///var/www/html/cpa/resources/views/pages/support_team/marks/batch_fix.blade.php
Parsing file:///var/www/html/cpa/resources/views/pages/support_team/marks/random.blade.php
Parsing file:///var/www/html/cpa/resources/views/pages/support_team/marks/show/index.blade.php
Parsing file:///var/www/html/cpa/resources/views/pages/support_team/marks/show/sheetcopytaloha.blade.php
Parsing file:///var/www/html/cpa/resources/views/pages/support_team/marks/show/sheet.blade.php
Parsing file:///var/www/html/cpa/resources/views/pages/support_team/marks/show/sheet.blade%20copy.php
Parsing file:///var/www/html/cpa/resources/views/pages/support_team/marks/show/skills.blade.php
Parsing file:///var/www/html/cpa/resources/views/pages/support_team/marks/show/comments.blade.php
Parsing file:///var/www/html/cpa/resources/views/pages/support_team/marks/print/grading.blade.php
Parsing file:///var/www/html/cpa/resources/views/pages/support_team/marks/print/sheet.blade%20copy211223.php
Parsing file:///var/www/html/cpa/resources/views/pages/support_team/marks/print/index.blade.php
Parsing file:///var/www/html/cpa/resources/views/pages/support_team/marks/print/sheet.blade.php
Parsing file:///var/www/html/cpa/resources/views/pages/support_team/marks/print/sheet.blade%20copy.php
Parsing file:///var/www/html/cpa/resources/views/pages/support_team/marks/print/skills.blade.php
Parsing file:///var/www/html/cpa/resources/views/pages/support_team/marks/print/comments.blade.php
Parsing file:///var/www/html/cpa/resources/views/pages/support_team/marks/manage.blade.php
Parsing file:///var/www/html/cpa/resources/views/pages/support_team/pins/index.blade.php
Parsing file:///var/www/html/cpa/resources/views/pages/support_team/pins/create.blade.php
Parsing file:///var/www/html/cpa/resources/views/pages/support_team/pins/enter.blade.php
Parsing file:///var/www/html/cpa/resources/views/pages/support_team/exams/edit.blade.php
Parsing file:///var/www/html/cpa/resources/views/pages/support_team/exams/index.blade.php
Parsing file:///var/www/html/cpa/resources/views/pages/support_team/timetables/edit.blade.php
Parsing file:///var/www/html/cpa/resources/views/pages/support_team/timetables/index.blade.php
Parsing file:///var/www/html/cpa/resources/views/pages/support_team/timetables/show.blade.php
Parsing file:///var/www/html/cpa/resources/views/pages/support_team/timetables/subjects/edit.blade.php
Parsing file:///var/www/html/cpa/resources/views/pages/support_team/timetables/subjects/add.blade.php
Parsing file:///var/www/html/cpa/resources/views/pages/support_team/timetables/print.blade.php
Parsing file:///var/www/html/cpa/resources/views/pages/support_team/timetables/time_slots/edit.blade.php
Parsing file:///var/www/html/cpa/resources/views/pages/support_team/timetables/time_slots/index.blade.php
Parsing file:///var/www/html/cpa/resources/views/pages/support_team/timetables/time_slots/add.blade.php
Parsing file:///var/www/html/cpa/resources/views/pages/support_team/timetables/time_slots/manage.blade.php
Parsing file:///var/www/html/cpa/resources/views/pages/support_team/timetables/manage.blade.php
Parsing file:///var/www/html/cpa/resources/views/pages/support_team/sections/edit.blade.php
Parsing file:///var/www/html/cpa/resources/views/pages/support_team/sections/index.blade.php
Parsing file:///var/www/html/cpa/resources/views/pages/support_team/users/edit.blade.php
Parsing file:///var/www/html/cpa/resources/views/pages/support_team/users/index.blade.php
Parsing file:///var/www/html/cpa/resources/views/pages/support_team/users/show.blade.php
Parsing file:///var/www/html/cpa/resources/views/pages/support_team/my_account.blade.php
Parsing file:///var/www/html/cpa/resources/views/pages/support_team/students/edit.blade.php
Parsing file:///var/www/html/cpa/resources/views/pages/support_team/students/show.blade.php
Parsing file:///var/www/html/cpa/resources/views/pages/support_team/students/promotion/reset.blade.php
Parsing file:///var/www/html/cpa/resources/views/pages/support_team/students/promotion/selector.blade.php
Parsing file:///var/www/html/cpa/resources/views/pages/support_team/students/promotion/index.blade.php
Parsing file:///var/www/html/cpa/resources/views/pages/support_team/students/promotion/promote.blade.php
Parsing file:///var/www/html/cpa/resources/views/pages/support_team/students/list.blade.php
Parsing file:///var/www/html/cpa/resources/views/pages/support_team/students/add.blade.php
Parsing file:///var/www/html/cpa/resources/views/pages/support_team/students/graduated.blade.php
Parsing file:///var/www/html/cpa/resources/views/pages/support_team/classes/edit.blade.php
Parsing file:///var/www/html/cpa/resources/views/pages/support_team/classes/index.blade.php
Parsing file:///var/www/html/cpa/resources/views/pages/support_team/subjects/edit.blade.php
Parsing file:///var/www/html/cpa/resources/views/pages/support_team/subjects/index.blade.php
Parsing file:///var/www/html/cpa/resources/views/pages/support_team/dorms/edit.blade.php
Parsing file:///var/www/html/cpa/resources/views/pages/support_team/dorms/index.blade.php
Parsing file:///var/www/html/cpa/resources/views/pages/support_team/dashboard.blade.php
Parsing file:///var/www/html/cpa/resources/views/pages/support_team/payments/edit.blade.php
Parsing file:///var/www/html/cpa/resources/views/pages/support_team/payments/invoice.blade.php
Parsing file:///var/www/html/cpa/resources/views/pages/support_team/payments/caisse.blade.php
Parsing file:///var/www/html/cpa/resources/views/pages/support_team/payments/verified.blade.php
Parsing file:///var/www/html/cpa/resources/views/pages/support_team/payments/index.blade.php
Parsing file:///var/www/html/cpa/resources/views/pages/support_team/payments/create.blade.php
Parsing file:///var/www/html/cpa/resources/views/pages/support_team/payments/receipt.blade.php
Parsing file:///var/www/html/cpa/resources/views/pages/support_team/payments/filter.blade.php
Parsing file:///var/www/html/cpa/resources/views/pages/support_team/payments/manage.blade.php
Parsing file:///var/www/html/cpa/resources/views/pages/support_team/payments/decrecu.blade.php
Parsing file:///var/www/html/cpa/resources/views/pages/accountant/menu.blade.php
Parsing file:///var/www/html/cpa/resources/views/pages/teacher/menu.blade.php
Parsing file:///var/www/html/cpa/resources/views/pages/student/menu.blade.php
Parsing file:///var/www/html/cpa/resources/views/pages/librarian/menu.blade.php
Parsing file:///var/www/html/cpa/resources/views/pages/super_admin/menu.blade.php
Parsing file:///var/www/html/cpa/resources/views/pages/super_admin/settings.blade.php
Parsing file:///var/www/html/cpa/resources/views/pages/admin/menu.blade.php
Parsing file:///var/www/html/cpa/resources/views/pages/admin/dashboard.blade.php
Parsing file:///var/www/html/cpa/resources/views/pages/parent/children.blade.php
Parsing file:///var/www/html/cpa/resources/views/pages/parent/menu.blade.php
Parsing file:///var/www/html/cpa/resources/views/pages/other/privacy_policy.blade.php
Parsing file:///var/www/html/cpa/resources/views/pages/other/terms_of_use.blade.php
Parsing file:///var/www/html/cpa/resources/views/layouts/app.blade.php
Parsing file:///var/www/html/cpa/resources/views/layouts/login_master.blade.php
Parsing file:///var/www/html/cpa/resources/views/layouts/master.blade.php
Parsing file:///var/www/html/cpa/resources/views/partials/menu.blade%20copy.php
Parsing file:///var/www/html/cpa/resources/views/partials/top_menu.blade.php
Parsing file:///var/www/html/cpa/resources/views/partials/js/custom_js.blade.php
Parsing file:///var/www/html/cpa/resources/views/partials/inc_bottom.blade.php
Parsing file:///var/www/html/cpa/resources/views/partials/menu.blade.php
Parsing file:///var/www/html/cpa/resources/views/partials/login/footer.blade.php
Parsing file:///var/www/html/cpa/resources/views/partials/login/inc_top.blade.php
Parsing file:///var/www/html/cpa/resources/views/partials/login/header.blade.php
Parsing file:///var/www/html/cpa/resources/views/partials/inc_top.blade.php
Parsing file:///var/www/html/cpa/resources/views/partials/header.blade.php
Parsing file:///var/www/html/cpa/resources/views/test.blade.php
Parsing file:///var/www/html/cpa/resources/lang/en/auth.php
Parsing file:///var/www/html/cpa/resources/lang/en/pagination.php
Parsing file:///var/www/html/cpa/resources/lang/en/msg.php
Parsing file:///var/www/html/cpa/resources/lang/en/validation.php
Parsing file:///var/www/html/cpa/resources/lang/en/passwords.php
Parsing file:///var/www/html/cpa/resources/viewsbacks/auth/login.blade.php
Parsing file:///var/www/html/cpa/resources/viewsbacks/auth/verify.blade.php
Parsing file:///var/www/html/cpa/resources/viewsbacks/auth/passwords/reset.blade.php
Parsing file:///var/www/html/cpa/resources/viewsbacks/auth/passwords/email.blade.php
Parsing file:///var/www/html/cpa/resources/viewsbacks/auth/passwords/Dmail.blade.php
Parsing file:///var/www/html/cpa/resources/viewsbacks/auth/register.blade.php
Parsing file:///var/www/html/cpa/resources/viewsbacks/pages/support_team/grades/edit.blade.php
Parsing file:///var/www/html/cpa/resources/viewsbacks/pages/support_team/grades/index.blade.php
Parsing file:///var/www/html/cpa/resources/viewsbacks/pages/support_team/marks/bulk.blade.php
Parsing file:///var/www/html/cpa/resources/viewsbacks/pages/support_team/marks/edit.blade.php
Parsing file:///var/www/html/cpa/resources/viewsbacks/pages/support_team/marks/selector.blade.php
Parsing file:///var/www/html/cpa/resources/viewsbacks/pages/support_team/marks/select_year.blade.php
Parsing file:///var/www/html/cpa/resources/viewsbacks/pages/support_team/marks/index.blade.php
Parsing file:///var/www/html/cpa/resources/viewsbacks/pages/support_team/marks/tabulation/index.blade.php
Parsing file:///var/www/html/cpa/resources/viewsbacks/pages/support_team/marks/tabulation/print.blade.php
Parsing file:///var/www/html/cpa/resources/viewsbacks/pages/support_team/marks/batch_fix.blade.php
Parsing file:///var/www/html/cpa/resources/viewsbacks/pages/support_team/marks/random.blade.php
Parsing file:///var/www/html/cpa/resources/viewsbacks/pages/support_team/marks/show/index.blade.php
Parsing file:///var/www/html/cpa/resources/viewsbacks/pages/support_team/marks/show/sheet.blade.php
Parsing file:///var/www/html/cpa/resources/viewsbacks/pages/support_team/marks/show/skills.blade.php
Parsing file:///var/www/html/cpa/resources/viewsbacks/pages/support_team/marks/show/comments.blade.php
Parsing file:///var/www/html/cpa/resources/viewsbacks/pages/support_team/marks/print/grading.blade.php
Parsing file:///var/www/html/cpa/resources/viewsbacks/pages/support_team/marks/print/index.blade.php
Parsing file:///var/www/html/cpa/resources/viewsbacks/pages/support_team/marks/print/sheet.blade.php
Parsing file:///var/www/html/cpa/resources/viewsbacks/pages/support_team/marks/print/skills.blade.php
Parsing file:///var/www/html/cpa/resources/viewsbacks/pages/support_team/marks/print/comments.blade.php
Parsing file:///var/www/html/cpa/resources/viewsbacks/pages/support_team/marks/manage.blade.php
Parsing file:///var/www/html/cpa/resources/viewsbacks/pages/support_team/pins/index.blade.php
Parsing file:///var/www/html/cpa/resources/viewsbacks/pages/support_team/pins/create.blade.php
Parsing file:///var/www/html/cpa/resources/viewsbacks/pages/support_team/pins/enter.blade.php
Parsing file:///var/www/html/cpa/resources/viewsbacks/pages/support_team/exams/edit.blade.php
Parsing file:///var/www/html/cpa/resources/viewsbacks/pages/support_team/exams/index.blade.php
Parsing file:///var/www/html/cpa/resources/viewsbacks/pages/support_team/timetables/edit.blade.php
Parsing file:///var/www/html/cpa/resources/viewsbacks/pages/support_team/timetables/index.blade.php
Parsing file:///var/www/html/cpa/resources/viewsbacks/pages/support_team/timetables/show.blade.php
Parsing file:///var/www/html/cpa/resources/viewsbacks/pages/support_team/timetables/subjects/edit.blade.php
Parsing file:///var/www/html/cpa/resources/viewsbacks/pages/support_team/timetables/subjects/add.blade.php
Parsing file:///var/www/html/cpa/resources/viewsbacks/pages/support_team/timetables/print.blade.php
Parsing file:///var/www/html/cpa/resources/viewsbacks/pages/support_team/timetables/time_slots/edit.blade.php
Parsing file:///var/www/html/cpa/resources/viewsbacks/pages/support_team/timetables/time_slots/index.blade.php
Parsing file:///var/www/html/cpa/resources/viewsbacks/pages/support_team/timetables/time_slots/add.blade.php
Parsing file:///var/www/html/cpa/resources/viewsbacks/pages/support_team/timetables/time_slots/manage.blade.php
Parsing file:///var/www/html/cpa/resources/viewsbacks/pages/support_team/timetables/manage.blade.php
Parsing file:///var/www/html/cpa/resources/viewsbacks/pages/support_team/sections/edit.blade.php
Parsing file:///var/www/html/cpa/resources/viewsbacks/pages/support_team/sections/index.blade.php
Parsing file:///var/www/html/cpa/resources/viewsbacks/pages/support_team/users/edit.blade.php
Parsing file:///var/www/html/cpa/resources/viewsbacks/pages/support_team/users/index.blade.php
Parsing file:///var/www/html/cpa/resources/viewsbacks/pages/support_team/users/show.blade.php
Parsing file:///var/www/html/cpa/resources/viewsbacks/pages/support_team/my_account.blade.php
Parsing file:///var/www/html/cpa/resources/viewsbacks/pages/support_team/students/edit.blade.php
Parsing file:///var/www/html/cpa/resources/viewsbacks/pages/support_team/students/show.blade.php
Parsing file:///var/www/html/cpa/resources/viewsbacks/pages/support_team/students/promotion/reset.blade.php
Parsing file:///var/www/html/cpa/resources/viewsbacks/pages/support_team/students/promotion/selector.blade.php
Parsing file:///var/www/html/cpa/resources/viewsbacks/pages/support_team/students/promotion/index.blade.php
Parsing file:///var/www/html/cpa/resources/viewsbacks/pages/support_team/students/promotion/promote.blade.php
Parsing file:///var/www/html/cpa/resources/viewsbacks/pages/support_team/students/list.blade.php
Parsing file:///var/www/html/cpa/resources/viewsbacks/pages/support_team/students/add.blade.php
Parsing file:///var/www/html/cpa/resources/viewsbacks/pages/support_team/students/graduated.blade.php
Parsing file:///var/www/html/cpa/resources/viewsbacks/pages/support_team/classes/edit.blade.php
Parsing file:///var/www/html/cpa/resources/viewsbacks/pages/support_team/classes/index.blade.php
Parsing file:///var/www/html/cpa/resources/viewsbacks/pages/support_team/subjects/edit.blade.php
Parsing file:///var/www/html/cpa/resources/viewsbacks/pages/support_team/subjects/index.blade.php
Parsing file:///var/www/html/cpa/resources/viewsbacks/pages/support_team/dorms/edit.blade.php
Parsing file:///var/www/html/cpa/resources/viewsbacks/pages/support_team/dorms/index.blade.php
Parsing file:///var/www/html/cpa/resources/viewsbacks/pages/support_team/dashboard.blade.php
Parsing file:///var/www/html/cpa/resources/viewsbacks/pages/support_team/payments/edit.blade.php
Parsing file:///var/www/html/cpa/resources/viewsbacks/pages/support_team/payments/invoice.blade.php
Parsing file:///var/www/html/cpa/resources/viewsbacks/pages/support_team/payments/index.blade.php
Parsing file:///var/www/html/cpa/resources/viewsbacks/pages/support_team/payments/create.blade.php
Parsing file:///var/www/html/cpa/resources/viewsbacks/pages/support_team/payments/receipt.blade.php
Parsing file:///var/www/html/cpa/resources/viewsbacks/pages/support_team/payments/manage.blade.php
Parsing file:///var/www/html/cpa/resources/viewsbacks/pages/accountant/menu.blade.php
Parsing file:///var/www/html/cpa/resources/viewsbacks/pages/teacher/menu.blade.php
Parsing file:///var/www/html/cpa/resources/viewsbacks/pages/student/menu.blade.php
Parsing file:///var/www/html/cpa/resources/viewsbacks/pages/librarian/menu.blade.php
Parsing file:///var/www/html/cpa/resources/viewsbacks/pages/super_admin/menu.blade.php
Parsing file:///var/www/html/cpa/resources/viewsbacks/pages/super_admin/settings.blade.php
Parsing file:///var/www/html/cpa/resources/viewsbacks/pages/admin/menu.blade.php
Parsing file:///var/www/html/cpa/resources/viewsbacks/pages/admin/dashboard.blade.php
Parsing file:///var/www/html/cpa/resources/viewsbacks/pages/parent/children.blade.php
Parsing file:///var/www/html/cpa/resources/viewsbacks/pages/parent/menu.blade.php
Parsing file:///var/www/html/cpa/resources/viewsbacks/pages/other/privacy_policy.blade.php
Parsing file:///var/www/html/cpa/resources/viewsbacks/pages/other/terms_of_use.blade.php
Parsing file:///var/www/html/cpa/resources/viewsbacks/layouts/app.blade.php
Parsing file:///var/www/html/cpa/resources/viewsbacks/layouts/login_master.blade.php
Parsing file:///var/www/html/cpa/resources/viewsbacks/layouts/master.blade.php
Parsing file:///var/www/html/cpa/resources/viewsbacks/partials/top_menu.blade.php
Parsing file:///var/www/html/cpa/resources/viewsbacks/partials/js/custom_js.blade.php
Parsing file:///var/www/html/cpa/resources/viewsbacks/partials/inc_bottom.blade.php
Parsing file:///var/www/html/cpa/resources/viewsbacks/partials/menu.blade.php
Parsing file:///var/www/html/cpa/resources/viewsbacks/partials/login/footer.blade.php
Parsing file:///var/www/html/cpa/resources/viewsbacks/partials/login/inc_top.blade.php
Parsing file:///var/www/html/cpa/resources/viewsbacks/partials/login/header.blade.php
Parsing file:///var/www/html/cpa/resources/viewsbacks/partials/inc_top.blade.php
Parsing file:///var/www/html/cpa/resources/viewsbacks/partials/header.blade.php
Parsing file:///var/www/html/cpa/resources/viewsbacks/test.blade.php
[Info  - 7:48:15 PM] 123 Packages
[Info  - 7:48:15 PM] Restored phpunit/phpunit:9.6.10 from cache
[Info  - 7:48:15 PM] Restored phpunit/php-code-coverage:9.2.27 from cache
[Info  - 7:48:15 PM] Restored phpunit/php-invoker:3.1.1 from cache
[Info  - 7:48:15 PM] Restored phpunit/php-file-iterator:3.0.6 from cache
[Info  - 7:48:15 PM] Restored phpunit/php-text-template:2.0.4 from cache
[Info  - 7:48:15 PM] Restored phpunit/php-timer:5.0.3 from cache
[Info  - 7:48:15 PM] Restored opis/closure:3.6.3 from cache
[Info  - 7:48:15 PM] Restored hamcrest/hamcrest-php:2.0.1 from cache
[Info  - 7:48:15 PM] Restored fakerphp/faker:1.23.0 from cache
[Info  - 7:48:15 PM] Restored mockery/mockery:1.6.4 from cache
[Info  - 7:48:15 PM] Restored phpstan/phpdoc-parser:1.23.1 from cache
[Info  - 7:48:15 PM] Restored composer/pcre:3.1.0 from cache
[Info  - 7:48:15 PM] Restored composer/class-map-generator:1.1.0 from cache
[Info  - 7:48:15 PM] Restored phpoption/phpoption:1.9.1 from cache
[Info  - 7:48:15 PM] Restored nikic/php-parser:4.16.0 from cache
[Info  - 7:48:15 PM] Restored swiftmailer/swiftmailer:6.3.0 from cache
[Info  - 7:48:15 PM] Restored tijsverkoyen/css-to-inline-styles:2.2.6 from cache
[Info  - 7:48:15 PM] Restored phar-io/version:3.2.1 from cache
[Info  - 7:48:15 PM] Restored phar-io/manifest:2.0.3 from cache
[Info  - 7:48:15 PM] Restored nesbot/carbon:2.68.1 from cache
[Info  - 7:48:15 PM] Restored voku/portable-ascii:1.6.1 from cache
[Info  - 7:48:15 PM] Restored phenx/php-font-lib:0.5.4 from cache
[Info  - 7:48:15 PM] Restored phenx/php-svg-lib:0.3.4 from cache
[Info  - 7:48:15 PM] Restored asm89/stack-cors:2.1.1 from cache
[Info  - 7:48:15 PM] Restored monolog/monolog:2.9.1 from cache
[Info  - 7:48:15 PM] Restored filp/whoops:2.15.3 from cache
[Info  - 7:48:15 PM] Restored dragonmantank/cron-expression:3.3.2 from cache
[Info  - 7:48:15 PM] Restored psy/psysh:0.11.20 from cache
[Info  - 7:48:16 PM] Restored dflydev/dot-access-data:3.0.2 from cache
[Info  - 7:48:16 PM] Restored nunomaduro/collision:5.11.0 from cache
[Info  - 7:48:16 PM] Restored brick/math:0.11.0 from cache
[Info  - 7:48:16 PM] Restored dompdf/dompdf:0.8.3 from cache
[Info  - 7:48:16 PM] Restored myclabs/deep-copy:1.11.1 from cache
[Info  - 7:48:16 PM] Restored webmozart/assert:1.11.0 from cache
[Info  - 7:48:16 PM] Restored ramsey/collection:2.0.0 from cache
[Info  - 7:48:16 PM] Restored ramsey/uuid:4.7.4 from cache
[Info  - 7:48:16 PM] Restored league/mime-type-detection:1.12.0 from cache
[Info  - 7:48:16 PM] Restored league/flysystem:1.1.10 from cache
[Info  - 7:48:16 PM] Restored league/commonmark:2.4.0 from cache
[Info  - 7:48:16 PM] Restored league/config:1.2.0 from cache
[Info  - 7:48:16 PM] Restored barryvdh/laravel-ide-helper:2.13.0 from cache
[Info  - 7:48:16 PM] Restored barryvdh/reflection-docblock:2.1.1 from cache
[Info  - 7:48:16 PM] Restored barryvdh/laravel-dompdf:0.8.7 from cache
[Info  - 7:48:16 PM] Restored sabberworm/php-css-parser:8.4.0 from cache
[Info  - 7:48:16 PM] Restored facade/ignition-contracts:1.0.2 from cache
[Info  - 7:48:16 PM] Restored facade/flare-client-php:1.10.0 from cache
[Info  - 7:48:16 PM] Restored facade/ignition:2.17.7 from cache
[Info  - 7:48:16 PM] Restored phpdocumentor/type-resolver:1.7.2 from cache
[Info  - 7:48:16 PM] Restored phpdocumentor/reflection-common:2.2.0 from cache
[Info  - 7:48:16 PM] Restored fideloper/proxy:4.4.2 from cache
[Info  - 7:48:16 PM] Restored graham-campbell/result-type:1.1.1 from cache
[Info  - 7:48:16 PM] Restored hashids/hashids:4.1.0 from cache
[Info  - 7:48:16 PM] Restored ralouphie/getallheaders:3.0.3 from cache
[Info  - 7:48:16 PM] Restored psr/http-message:2.0 from cache
[Info  - 7:48:16 PM] Restored psr/container:1.1.2 from cache
[Info  - 7:48:16 PM] Restored psr/cache:3.0.0 from cache
[Info  - 7:48:16 PM] Restored psr/http-client:1.0.2 from cache
[Info  - 7:48:16 PM] Restored psr/http-factory:1.0.2 from cache
[Info  - 7:48:16 PM] Restored psr/event-dispatcher:1.0.0 from cache
[Info  - 7:48:16 PM] Restored psr/log:2.0.0 from cache
[Info  - 7:48:16 PM] Restored psr/simple-cache:1.0.1 from cache
[Info  - 7:48:16 PM] Restored laravel/framework:8.83.27 from cache
[Info  - 7:48:16 PM] Restored laravel/tinker:2.8.1 from cache
[Info  - 7:48:16 PM] Restored laravel/serializable-closure:1.3.1 from cache
[Info  - 7:48:16 PM] Restored laravel/ui:3.4.6 from cache
[Info  - 7:48:16 PM] Restored nette/utils:4.0.1 from cache
[Info  - 7:48:16 PM] Restored nette/schema:1.2.3 from cache
[Info  - 7:48:16 PM] Restored vlucas/phpdotenv:5.5.0 from cache
[Info  - 7:48:16 PM] Restored doctrine/event-manager:2.0.0 from cache
[Info  - 7:48:16 PM] Restored doctrine/instantiator:2.0.0 from cache
[Info  - 7:48:16 PM] Restored doctrine/cache:2.2.0 from cache
[Info  - 7:48:16 PM] Restored doctrine/dbal:3.6.5 from cache
[Info  - 7:48:16 PM] Restored doctrine/inflector:2.0.8 from cache
[Info  - 7:48:16 PM] Restored doctrine/lexer:1.2.3 from cache
[Info  - 7:48:16 PM] Restored doctrine/deprecations:1.1.1 from cache
[Info  - 7:48:16 PM] Restored egulias/email-validator:2.1.25 from cache
[Info  - 7:48:16 PM] Restored theseer/tokenizer:1.2.1 from cache
[Info  - 7:48:16 PM] Restored fruitcake/laravel-cors:2.2.0 from cache
[Info  - 7:48:16 PM] Restored guzzlehttp/psr7:2.6.0 from cache
[Info  - 7:48:16 PM] Restored guzzlehttp/promises:2.0.1 from cache
[Info  - 7:48:16 PM] Restored guzzlehttp/guzzle:7.7.0 from cache
[Info  - 7:48:16 PM] Restored sebastian/comparator:4.0.8 from cache
[Info  - 7:48:16 PM] Restored sebastian/type:3.2.1 from cache
[Info  - 7:48:16 PM] Restored sebastian/version:3.0.2 from cache
[Info  - 7:48:16 PM] Restored sebastian/resource-operations:3.0.3 from cache
[Info  - 7:48:16 PM] Restored sebastian/code-unit:1.0.8 from cache
[Info  - 7:48:16 PM] Restored sebastian/diff:4.0.5 from cache
[Info  - 7:48:16 PM] Restored sebastian/code-unit-reverse-lookup:2.0.3 from cache
[Info  - 7:48:16 PM] Restored sebastian/environment:5.1.5 from cache
[Info  - 7:48:16 PM] Restored sebastian/global-state:5.0.6 from cache
[Info  - 7:48:16 PM] Restored sebastian/complexity:2.0.2 from cache
[Info  - 7:48:16 PM] Restored sebastian/recursion-context:4.0.5 from cache
[Info  - 7:48:16 PM] Restored sebastian/cli-parser:1.0.1 from cache
[Info  - 7:48:16 PM] Restored sebastian/object-reflector:2.0.4 from cache
[Info  - 7:48:16 PM] Restored sebastian/lines-of-code:1.0.3 from cache
[Info  - 7:48:16 PM] Restored sebastian/exporter:4.0.5 from cache
[Info  - 7:48:16 PM] Restored sebastian/object-enumerator:4.0.4 from cache
[Info  - 7:48:16 PM] Restored symfony/translation-contracts:3.3.0 from cache
[Info  - 7:48:16 PM] Restored symfony/polyfill-iconv:1.27.0 from cache
[Info  - 7:48:16 PM] Restored symfony/polyfill-intl-grapheme:1.27.0 from cache
[Info  - 7:48:16 PM] Restored symfony/http-foundation:5.4.26 from cache
[Info  - 7:48:16 PM] Restored symfony/mime:5.4.26 from cache
[Info  - 7:48:16 PM] Restored symfony/polyfill-php80:1.27.0 from cache
[Info  - 7:48:16 PM] Restored symfony/polyfill-php73:1.27.0 from cache
[Info  - 7:48:16 PM] Restored symfony/polyfill-intl-normalizer:1.27.0 from cache
[Info  - 7:48:16 PM] Restored symfony/routing:5.4.26 from cache
[Info  - 7:48:16 PM] Restored symfony/error-handler:5.4.26 from cache
[Info  - 7:48:16 PM] Restored symfony/event-dispatcher:6.3.2 from cache
[Info  - 7:48:16 PM] Restored symfony/deprecation-contracts:3.3.0 from cache
[Info  - 7:48:16 PM] Restored symfony/css-selector:6.3.2 from cache
[Info  - 7:48:16 PM] Restored symfony/console:5.4.26 from cache
[Info  - 7:48:16 PM] Restored symfony/finder:5.4.27 from cache
[Info  - 7:48:16 PM] Restored symfony/var-dumper:5.4.26 from cache
[Info  - 7:48:16 PM] Restored symfony/http-kernel:5.4.27 from cache
[Info  - 7:48:16 PM] Restored symfony/polyfill-intl-idn:1.27.0 from cache
[Info  - 7:48:16 PM] Restored symfony/polyfill-mbstring:1.27.0 from cache
[Info  - 7:48:16 PM] Restored symfony/polyfill-ctype:1.27.0 from cache
[Info  - 7:48:16 PM] Restored symfony/event-dispatcher-contracts:3.3.0 from cache
[Info  - 7:48:16 PM] Restored symfony/process:5.4.26 from cache
[Info  - 7:48:16 PM] Restored symfony/string:6.3.2 from cache
[Info  - 7:48:16 PM] Restored symfony/service-contracts:2.5.2 from cache
[Info  - 7:48:16 PM] Restored symfony/polyfill-php72:1.27.0 from cache
[Info  - 7:48:16 PM] Restored symfony/translation:6.3.3 from cache
[Info  - 7:48:16 PM] All 7971 PHP files parsed in 41 seconds. 570 MiB allocated.
