[Server(5033) cpa/] onInitialize
[Server(5033) cpa/] Number of style sheets - 548
[Server(5033) cpa/] setupInitialStylemap
strong 4962
  script 54 60
  script 113 119
  script 122 128
  script 181 187
  table 191 196
  tbody 250 255
  tr 266 268
  td 283 285
  strong 287 293
  strong 300 306
  td 343 345
  td 360 362
  strong 364 370
  strong 392 398
  td 419 421
  td 436 438
  strong 440 446
  strong 456 462
  td 499 501
  tr 513 515
  tr 526 528
  td 543 545
  strong 547 553
  strong 578 584
  td 642 644
  td 659 661
  strong 663 669
  strong 689 695
  td 714 716
  td 731 733
  strong 735 741
  strong 748 754
  td 891 893
  tr 905 907
  tbody 916 921
  table 925 930
  table 935 940
  thead 1081 1086
  tr 1097 1099
  th 1114 1116
  th 1133 1135
  th 1150 1152
  th 1175 1177
  th 1192 1194
  br 1211 1213
  th 1220 1222
  th 1237 1239
  br 1256 1258
  th 1265 1267
  th 1282 1284
  br 1305 1307
  th 1314 1316
  th 1331 1333
  br 1360 1362
  th 1365 1367
  th 1452 1454
  br 1474 1476
  sup 1486 1489
  sup 1493 1496
  th 1509 1511
  th 1526 1528
  sup 1543 1546
  sup 1551 1554
  br 1557 1559
  th 1572 1574
  th 1589 1591
  sup 1606 1609
  sup 1613 1616
  br 1619 1621
  th 1634 1636
  th 1651 1653
  br 1678 1680
  sup 1684 1687
  sup 1692 1695
  sup 1701 1704
  sup 1708 1711
  sup 1717 1720
  sup 1724 1727
  th 1730 1732
  th 1747 1749
  th 1771 1773
  th 1813 1815
  th 1841 1843
  th 1858 1860
  th 1890 1892
  th 1907 1909
  th 1933 1935
  tr 1947 1949
  thead 1957 1962
  tbody 1970 1975
  tr 2027 2029
  td 2048 2050
  td 2075 2077
  td 2096 2098
  td 2117 2119
  td 2241 2243
  td 2266 2268
  td 2291 2293
  td 2316 2318
  td 2341 2343
  td 2367 2369
  td 2392 2394
  td 2875 2877
  td 2995 2997
  td 3022 3024
  td 3052 3054
  td 3133 3135
  td 3163 3165
  td 3244 3246
  td 3274 3276
  td 3300 3302
  td 3330 3332
  td 3360 3362
  td 3486 3488
  td 3520 3522
  td 3545 3547
  td 4155 4157
  td 4180 4182
  td 4228 4230
  tr 4274 4276
  tr 4790 4792
  td 4807 4809
  strong 4842 4848
  strong 4877 4883
  td 4886 4888
  td 4903 4905
  strong 4937 4943
  strong 4962 4968
strong is a "html tag"
Parsing bootstrap.css
bootstrap.css has 2572 symbols
Searching through them all for /(^|[\s>+~])strong(\[[^\]]*\]|:{1,2}[\w-()]+|\.[\w-]+|#[\w-]+)*\s*/
Done
Parsing _d3.scss
_d3.scss has 72 symbols
Searching through them all for /(^|[\s>+~])strong(\[[^\]]*\]|:{1,2}[\w-()]+|\.[\w-]+|#[\w-]+)*\s*/
Done
Parsing _reboot.scss
_reboot.scss has 100 symbols
Searching through them all for /(^|[\s>+~])strong(\[[^\]]*\]|:{1,2}[\w-()]+|\.[\w-]+|#[\w-]+)*\s*/
Done
Parsing dialog_opera.css
dialog_opera.css has 160 symbols
Searching through them all for /(^|[\s>+~])strong(\[[^\]]*\]|:{1,2}[\w-()]+|\.[\w-]+|#[\w-]+)*\s*/
Done
Parsing dialog_opera.css
dialog_opera.css has 160 symbols
Searching through them all for /(^|[\s>+~])strong(\[[^\]]*\]|:{1,2}[\w-()]+|\.[\w-]+|#[\w-]+)*\s*/
Done
Parsing dialog_iequirks.css
dialog_iequirks.css has 158 symbols
Searching through them all for /(^|[\s>+~])strong(\[[^\]]*\]|:{1,2}[\w-()]+|\.[\w-]+|#[\w-]+)*\s*/
Done
Parsing dialog_ie.css
dialog_ie.css has 173 symbols
Searching through them all for /(^|[\s>+~])strong(\[[^\]]*\]|:{1,2}[\w-()]+|\.[\w-]+|#[\w-]+)*\s*/
Done
Parsing dialog_iequirks.css
dialog_iequirks.css has 158 symbols
Searching through them all for /(^|[\s>+~])strong(\[[^\]]*\]|:{1,2}[\w-()]+|\.[\w-]+|#[\w-]+)*\s*/
Done
Parsing dialog_ie.css
dialog_ie.css has 173 symbols
Searching through them all for /(^|[\s>+~])strong(\[[^\]]*\]|:{1,2}[\w-()]+|\.[\w-]+|#[\w-]+)*\s*/
Done
Parsing dialog_ie7.css
dialog_ie7.css has 172 symbols
Searching through them all for /(^|[\s>+~])strong(\[[^\]]*\]|:{1,2}[\w-()]+|\.[\w-]+|#[\w-]+)*\s*/
Done
Parsing dialog_ie8.css
dialog_ie8.css has 161 symbols
Searching through them all for /(^|[\s>+~])strong(\[[^\]]*\]|:{1,2}[\w-()]+|\.[\w-]+|#[\w-]+)*\s*/
Done
Parsing dialog_ie7.css
dialog_ie7.css has 172 symbols
Searching through them all for /(^|[\s>+~])strong(\[[^\]]*\]|:{1,2}[\w-()]+|\.[\w-]+|#[\w-]+)*\s*/
Done
Parsing dialog_ie8.css
dialog_ie8.css has 161 symbols
Searching through them all for /(^|[\s>+~])strong(\[[^\]]*\]|:{1,2}[\w-()]+|\.[\w-]+|#[\w-]+)*\s*/
Done
Parsing dialog.css
dialog.css has 159 symbols
Searching through them all for /(^|[\s>+~])strong(\[[^\]]*\]|:{1,2}[\w-()]+|\.[\w-]+|#[\w-]+)*\s*/
Done
Parsing dialog.scss
dialog.scss has 155 symbols
Searching through them all for /(^|[\s>+~])strong(\[[^\]]*\]|:{1,2}[\w-()]+|\.[\w-]+|#[\w-]+)*\s*/
Done
Parsing dialog.scss
dialog.scss has 155 symbols
Searching through them all for /(^|[\s>+~])strong(\[[^\]]*\]|:{1,2}[\w-()]+|\.[\w-]+|#[\w-]+)*\s*/
Done
Parsing dialog.css
dialog.css has 159 symbols
Searching through them all for /(^|[\s>+~])strong(\[[^\]]*\]|:{1,2}[\w-()]+|\.[\w-]+|#[\w-]+)*\s*/
Done
Parsing _buttons.scss
_buttons.scss has 69 symbols
Searching through them all for /(^|[\s>+~])strong(\[[^\]]*\]|:{1,2}[\w-()]+|\.[\w-]+|#[\w-]+)*\s*/
Done
Parsing _buttons.scss
_buttons.scss has 69 symbols
Searching through them all for /(^|[\s>+~])strong(\[[^\]]*\]|:{1,2}[\w-()]+|\.[\w-]+|#[\w-]+)*\s*/
Done
Parsing app.css
app.css has 3148 symbols
Searching through them all for /(^|[\s>+~])strong(\[[^\]]*\]|:{1,2}[\w-()]+|\.[\w-]+|#[\w-]+)*\s*/
Done
Parsing html.css
html.css has 163 symbols
Searching through them all for /(^|[\s>+~])strong(\[[^\]]*\]|:{1,2}[\w-()]+|\.[\w-]+|#[\w-]+)*\s*/
Done
OBTENUS 4866
  script 54 60
  script 113 119
  script 122 128
  script 181 187
  table 191 196
  tbody 250 255
  tr 266 268
  td 283 285
  strong 287 293
  strong 300 306
  td 343 345
  td 360 362
  strong 364 370
  strong 392 398
  td 419 421
  td 436 438
  strong 440 446
  strong 456 462
  td 499 501
  tr 513 515
  tr 526 528
  td 543 545
  strong 547 553
  strong 578 584
  td 642 644
  td 659 661
  strong 663 669
  strong 689 695
  td 714 716
  td 731 733
  strong 735 741
  strong 748 754
  td 891 893
  tr 905 907
  tbody 916 921
  table 925 930
  table 935 940
  thead 1081 1086
  tr 1097 1099
  th 1114 1116
  th 1133 1135
  th 1150 1152
  th 1175 1177
  th 1192 1194
  br 1211 1213
  th 1220 1222
  th 1237 1239
  br 1256 1258
  th 1265 1267
  th 1282 1284
  br 1305 1307
  th 1314 1316
  th 1331 1333
  br 1360 1362
  th 1365 1367
  th 1452 1454
  br 1474 1476
  sup 1486 1489
  sup 1493 1496
  th 1509 1511
  th 1526 1528
  sup 1543 1546
  sup 1551 1554
  br 1557 1559
  th 1572 1574
  th 1589 1591
  sup 1606 1609
  sup 1613 1616
  br 1619 1621
  th 1634 1636
  th 1651 1653
  br 1678 1680
  sup 1684 1687
  sup 1692 1695
  sup 1701 1704
  sup 1708 1711
  sup 1717 1720
  sup 1724 1727
  th 1730 1732
  th 1747 1749
  th 1771 1773
  th 1813 1815
  th 1841 1843
  th 1858 1860
  th 1890 1892
  th 1907 1909
  th 1933 1935
  tr 1947 1949
  thead 1957 1962
  tbody 1970 1975
  tr 2027 2029
  td 2048 2050
  td 2075 2077
  td 2096 2098
  td 2117 2119
  td 2241 2243
  td 2266 2268
  td 2291 2293
  td 2316 2318
  td 2341 2343
  td 2367 2369
  td 2392 2394
  td 2875 2877
  td 2995 2997
  td 3022 3024
  td 3052 3054
  td 3133 3135
  td 3163 3165
  td 3244 3246
  td 3274 3276
  td 3300 3302
  td 3330 3332
  td 3360 3362
  td 3486 3488
  td 3520 3522
  td 3545 3547
  td 4155 4157
  td 4180 4182
  td 4228 4230
  tr 4274 4276
  tr 4790 4792
  td 4807 4809
  strong 4842 4848
  strong 4877 4883
  td 4886 4888
  td 4903 4905
  strong 4937 4943
  strong 4962 4968
  td 4971 4973
  td 5019 5021
  strong 5035 5041
  td 5094 5096
  td 5140 5142
  strong 5156 5162
  td 5216 5218
  tr 5260 5262
  tbody 5270 5275
  table 5279 5284
  script 5337 5343
  script 6137 6143
Invalid Selector
student_id 4669
  script 54 60
  script 113 119
  script 122 128
  script 181 187
  table 191 196
  tbody 250 255
  tr 266 268
  td 283 285
  strong 287 293
  strong 300 306
  td 343 345
  td 360 362
  strong 364 370
  strong 392 398
  td 419 421
  td 436 438
  strong 440 446
  strong 456 462
  td 499 501
  tr 513 515
  tr 526 528
  td 543 545
  strong 547 553
  strong 578 584
  td 642 644
  td 659 661
  strong 663 669
  strong 689 695
  td 714 716
  td 731 733
  strong 735 741
  strong 748 754
  td 891 893
  tr 905 907
  tbody 916 921
  table 925 930
  table 935 940
  thead 1081 1086
  tr 1097 1099
  th 1114 1116
  th 1133 1135
  th 1150 1152
  th 1175 1177
  th 1192 1194
  br 1211 1213
  th 1220 1222
  th 1237 1239
  br 1256 1258
  th 1265 1267
  th 1282 1284
  br 1305 1307
  th 1314 1316
  th 1331 1333
  br 1360 1362
  th 1365 1367
  th 1452 1454
  br 1474 1476
  sup 1486 1489
  sup 1493 1496
  th 1509 1511
  th 1526 1528
  sup 1543 1546
  sup 1551 1554
  br 1557 1559
  th 1572 1574
  th 1589 1591
  sup 1606 1609
  sup 1613 1616
  br 1619 1621
  th 1634 1636
  th 1651 1653
  br 1678 1680
  sup 1684 1687
  sup 1692 1695
  sup 1701 1704
  sup 1708 1711
  sup 1717 1720
  sup 1724 1727
  th 1730 1732
  th 1747 1749
  th 1771 1773
  th 1813 1815
  th 1841 1843
  th 1858 1860
  th 1890 1892
  th 1907 1909
  th 1933 1935
  tr 1947 1949
  thead 1957 1962
  tbody 1970 1975
  tr 2027 2029
  td 2048 2050
  td 2075 2077
  td 2096 2098
  td 2117 2119
  td 2241 2243
  td 2266 2268
  td 2291 2293
  td 2316 2318
  td 2341 2343
  td 2367 2369
  td 2392 2394
  td 2875 2877
  td 2995 2997
  td 3022 3024
  td 3052 3054
  td 3133 3135
  td 3163 3165
  td 3244 3246
  td 3274 3276
  td 3300 3302
  td 3330 3332
  td 3360 3362
  td 3486 3488
  td 3520 3522
  td 3545 3547
  td 4155 4157
  td 4180 4182
  td 4228 4230
  tr 4274 4276
  tr 4790 4792
  td 4807 4809
  strong 4842 4848
  strong 4877 4883
  td 4886 4888
  td 4903 4905
  strong 4937 4943
  strong 4962 4968
  td 4971 4973
  td 5019 5021
  strong 5035 5041
  td 5094 5096
  td 5140 5142
  strong 5156 5162
  td 5216 5218
  tr 5260 5262
  tbody 5270 5275
  table 5279 5284
  script 5337 5343
  script 6137 6143
Invalid Selector
student_id 4669
  script 54 60
  script 113 119
  script 122 128
  script 181 187
  table 191 196
  tbody 250 255
  tr 266 268
  td 283 285
  strong 287 293
  strong 300 306
  td 343 345
  td 360 362
  strong 364 370
  strong 392 398
  td 419 421
  td 436 438
  strong 440 446
  strong 456 462
  td 499 501
  tr 513 515
  tr 526 528
  td 543 545
  strong 547 553
  strong 578 584
  td 642 644
  td 659 661
  strong 663 669
  strong 689 695
  td 714 716
  td 731 733
  strong 735 741
  strong 748 754
  td 891 893
  tr 905 907
  tbody 916 921
  table 925 930
  table 935 940
  thead 1081 1086
  tr 1097 1099
  th 1114 1116
  th 1133 1135
  th 1150 1152
  th 1175 1177
  th 1192 1194
  br 1211 1213
  th 1220 1222
  th 1237 1239
  br 1256 1258
  th 1265 1267
  th 1282 1284
  br 1305 1307
  th 1314 1316
  th 1331 1333
  br 1360 1362
  th 1365 1367
  th 1452 1454
  br 1474 1476
  sup 1486 1489
  sup 1493 1496
  th 1509 1511
  th 1526 1528
  sup 1543 1546
  sup 1551 1554
  br 1557 1559
  th 1572 1574
  th 1589 1591
  sup 1606 1609
  sup 1613 1616
  br 1619 1621
  th 1634 1636
  th 1651 1653
  br 1678 1680
  sup 1684 1687
  sup 1692 1695
  sup 1701 1704
  sup 1708 1711
  sup 1717 1720
  sup 1724 1727
  th 1730 1732
  th 1747 1749
  th 1771 1773
  th 1813 1815
  th 1841 1843
  th 1858 1860
  th 1890 1892
  th 1907 1909
  th 1933 1935
  tr 1947 1949
  thead 1957 1962
  tbody 1970 1975
  tr 2027 2029
  td 2048 2050
  td 2075 2077
  td 2096 2098
  td 2117 2119
  td 2241 2243
  td 2266 2268
  td 2291 2293
  td 2316 2318
  td 2341 2343
  td 2367 2369
  td 2392 2394
  td 2875 2877
  td 2995 2997
  td 3022 3024
  td 3052 3054
  td 3133 3135
  td 3163 3165
  td 3244 3246
  td 3274 3276
  td 3300 3302
  td 3330 3332
  td 3360 3362
  td 3486 3488
  td 3520 3522
  td 3545 3547
  td 4155 4157
  td 4180 4182
  td 4228 4230
  tr 4274 4276
  tr 4790 4792
  td 4807 4809
  strong 4842 4848
  strong 4877 4883
  td 4886 4888
  td 4903 4905
  strong 4937 4943
  strong 4962 4968
  td 4971 4973
  td 5019 5021
  strong 5035 5041
  td 5094 5096
  td 5140 5142
  strong 5156 5162
  td 5216 5218
  tr 5260 5262
  tbody 5270 5275
  table 5279 5284
  script 5337 5343
  script 6137 6143
Invalid Selector
student_id 4669
  script 54 60
  script 113 119
  script 122 128
  script 181 187
  table 191 196
  tbody 250 255
  tr 266 268
  td 283 285
  strong 287 293
  strong 300 306
  td 343 345
  td 360 362
  strong 364 370
  strong 392 398
  td 419 421
  td 436 438
  strong 440 446
  strong 456 462
  td 499 501
  tr 513 515
  tr 526 528
  td 543 545
  strong 547 553
  strong 578 584
  td 642 644
  td 659 661
  strong 663 669
  strong 689 695
  td 714 716
  td 731 733
  strong 735 741
  strong 748 754
  td 891 893
  tr 905 907
  tbody 916 921
  table 925 930
  table 935 940
  thead 1081 1086
  tr 1097 1099
  th 1114 1116
  th 1133 1135
  th 1150 1152
  th 1175 1177
  th 1192 1194
  br 1211 1213
  th 1220 1222
  th 1237 1239
  br 1256 1258
  th 1265 1267
  th 1282 1284
  br 1305 1307
  th 1314 1316
  th 1331 1333
  br 1360 1362
  th 1365 1367
  th 1452 1454
  br 1474 1476
  sup 1486 1489
  sup 1493 1496
  th 1509 1511
  th 1526 1528
  sup 1543 1546
  sup 1551 1554
  br 1557 1559
  th 1572 1574
  th 1589 1591
  sup 1606 1609
  sup 1613 1616
  br 1619 1621
  th 1634 1636
  th 1651 1653
  br 1678 1680
  sup 1684 1687
  sup 1692 1695
  sup 1701 1704
  sup 1708 1711
  sup 1717 1720
  sup 1724 1727
  th 1730 1732
  th 1747 1749
  th 1771 1773
  th 1813 1815
  th 1841 1843
  th 1858 1860
  th 1890 1892
  th 1907 1909
  th 1933 1935
  tr 1947 1949
  thead 1957 1962
  tbody 1970 1975
  tr 2027 2029
  td 2048 2050
  td 2075 2077
  td 2096 2098
  td 2117 2119
  td 2241 2243
  td 2266 2268
  td 2291 2293
  td 2316 2318
  td 2341 2343
  td 2367 2369
  td 2392 2394
  td 2875 2877
  td 2995 2997
  td 3022 3024
  td 3052 3054
  td 3133 3135
  td 3163 3165
  td 3244 3246
  td 3274 3276
  td 3300 3302
  td 3330 3332
  td 3360 3362
  td 3486 3488
  td 3520 3522
  td 3545 3547
  td 4155 4157
  td 4180 4182
  td 4228 4230
  tr 4274 4276
  tr 4790 4792
  td 4807 4809
  strong 4842 4848
  strong 4877 4883
  td 4886 4888
  td 4903 4905
  strong 4937 4943
  strong 4962 4968
  td 4971 4973
  td 5019 5021
  strong 5035 5041
  td 5094 5096
  td 5140 5142
  strong 5156 5162
  td 5216 5218
  tr 5260 5262
  tbody 5270 5275
  table 5279 5284
  script 5337 5343
  script 6137 6143
Invalid Selector
student_id 4669
  script 54 60
  script 113 119
  script 122 128
  script 181 187
  table 191 196
  tbody 250 255
  tr 266 268
  td 283 285
  strong 287 293
  strong 300 306
  td 343 345
  td 360 362
  strong 364 370
  strong 392 398
  td 419 421
  td 436 438
  strong 440 446
  strong 456 462
  td 499 501
  tr 513 515
  tr 526 528
  td 543 545
  strong 547 553
  strong 578 584
  td 642 644
  td 659 661
  strong 663 669
  strong 689 695
  td 714 716
  td 731 733
  strong 735 741
  strong 748 754
  td 891 893
  tr 905 907
  tbody 916 921
  table 925 930
  table 935 940
  thead 1081 1086
  tr 1097 1099
  th 1114 1116
  th 1133 1135
  th 1150 1152
  th 1175 1177
  th 1192 1194
  br 1211 1213
  th 1220 1222
  th 1237 1239
  br 1256 1258
  th 1265 1267
  th 1282 1284
  br 1305 1307
  th 1314 1316
  th 1331 1333
  br 1360 1362
  th 1365 1367
  th 1452 1454
  br 1474 1476
  sup 1486 1489
  sup 1493 1496
  th 1509 1511
  th 1526 1528
  sup 1543 1546
  sup 1551 1554
  br 1557 1559
  th 1572 1574
  th 1589 1591
  sup 1606 1609
  sup 1613 1616
  br 1619 1621
  th 1634 1636
  th 1651 1653
  br 1678 1680
  sup 1684 1687
  sup 1692 1695
  sup 1701 1704
  sup 1708 1711
  sup 1717 1720
  sup 1724 1727
  th 1730 1732
  th 1747 1749
  th 1771 1773
  th 1813 1815
  th 1841 1843
  th 1858 1860
  th 1890 1892
  th 1907 1909
  th 1933 1935
  tr 1947 1949
  thead 1957 1962
  tbody 1970 1975
  tr 2027 2029
  td 2048 2050
  td 2075 2077
  td 2096 2098
  td 2117 2119
  td 2241 2243
  td 2266 2268
  td 2291 2293
  td 2316 2318
  td 2341 2343
  td 2367 2369
  td 2392 2394
  td 2875 2877
  td 2995 2997
  td 3022 3024
  td 3052 3054
  td 3133 3135
  td 3163 3165
  td 3244 3246
  td 3274 3276
  td 3300 3302
  td 3330 3332
  td 3360 3362
  td 3486 3488
  td 3520 3522
  td 3545 3547
  td 4155 4157
  td 4180 4182
  td 4228 4230
  tr 4274 4276
  tr 4790 4792
  td 4807 4809
  strong 4842 4848
  strong 4877 4883
  td 4886 4888
  td 4903 4905
  strong 4937 4943
  strong 4962 4968
  td 4971 4973
  td 5019 5021
  strong 5035 5041
  td 5094 5096
  td 5140 5142
  strong 5156 5162
  td 5216 5218
  tr 5260 5262
  tbody 5270 5275
  table 5279 5284
  script 5337 5343
  script 6137 6143
Invalid Selector
OBTENUS 4866
  script 54 60
  script 113 119
  script 122 128
  script 181 187
  table 191 196
  tbody 250 255
  tr 266 268
  td 283 285
  strong 287 293
  strong 300 306
  td 343 345
  td 360 362
  strong 364 370
  strong 392 398
  td 419 421
  td 436 438
  strong 440 446
  strong 456 462
  td 499 501
  tr 513 515
  tr 526 528
  td 543 545
  strong 547 553
  strong 578 584
  td 642 644
  td 659 661
  strong 663 669
  strong 689 695
  td 714 716
  td 731 733
  strong 735 741
  strong 748 754
  td 891 893
  tr 905 907
  tbody 916 921
  table 925 930
  table 935 940
  thead 1081 1086
  tr 1097 1099
  th 1114 1116
  th 1133 1135
  th 1150 1152
  th 1175 1177
  th 1192 1194
  br 1211 1213
  th 1220 1222
  th 1237 1239
  br 1256 1258
  th 1265 1267
  th 1282 1284
  br 1305 1307
  th 1314 1316
  th 1331 1333
  br 1360 1362
  th 1365 1367
  th 1452 1454
  br 1474 1476
  sup 1486 1489
  sup 1493 1496
  th 1509 1511
  th 1526 1528
  sup 1543 1546
  sup 1551 1554
  br 1557 1559
  th 1572 1574
  th 1589 1591
  sup 1606 1609
  sup 1613 1616
  br 1619 1621
  th 1634 1636
  th 1651 1653
  br 1678 1680
  sup 1684 1687
  sup 1692 1695
  sup 1701 1704
  sup 1708 1711
  sup 1717 1720
  sup 1724 1727
  th 1730 1732
  th 1747 1749
  th 1771 1773
  th 1813 1815
  th 1841 1843
  th 1858 1860
  th 1890 1892
  th 1907 1909
  th 1933 1935
  tr 1947 1949
  thead 1957 1962
  tbody 1970 1975
  tr 2027 2029
  td 2048 2050
  td 2075 2077
  td 2096 2098
  td 2117 2119
  td 2241 2243
  td 2266 2268
  td 2291 2293
  td 2316 2318
  td 2341 2343
  td 2367 2369
  td 2392 2394
  td 2875 2877
  td 2995 2997
  td 3022 3024
  td 3052 3054
  td 3133 3135
  td 3163 3165
  td 3244 3246
  td 3274 3276
  td 3300 3302
  td 3330 3332
  td 3360 3362
  td 3486 3488
  td 3520 3522
  td 3545 3547
  td 4155 4157
  td 4180 4182
  td 4228 4230
  tr 4274 4276
  tr 4790 4792
  td 4807 4809
  strong 4842 4848
  strong 4877 4883
  td 4886 4888
  td 4903 4905
  strong 4937 4943
  strong 4962 4968
  td 4971 4973
  td 5019 5021
  strong 5035 5041
  td 5094 5096
  td 5140 5142
  strong 5156 5162
  td 5216 5218
  tr 5260 5262
  tbody 5270 5275
  table 5279 5284
  script 5337 5343
  script 6137 6143
Invalid Selector
$rang->pos 5173
  script 54 60
  script 113 119
  script 122 128
  script 181 187
  table 191 196
  tbody 250 255
  tr 266 268
  td 283 285
  strong 287 293
  strong 300 306
  td 343 345
  td 360 362
  strong 364 370
  strong 392 398
  td 419 421
  td 436 438
  strong 440 446
  strong 456 462
  td 499 501
  tr 513 515
  tr 526 528
  td 543 545
  strong 547 553
  strong 578 584
  td 642 644
  td 659 661
  strong 663 669
  strong 689 695
  td 714 716
  td 731 733
  strong 735 741
  strong 748 754
  td 891 893
  tr 905 907
  tbody 916 921
  table 925 930
  table 935 940
  thead 1081 1086
  tr 1097 1099
  th 1114 1116
  th 1133 1135
  th 1150 1152
  th 1175 1177
  th 1192 1194
  br 1211 1213
  th 1220 1222
  th 1237 1239
  br 1256 1258
  th 1265 1267
  th 1282 1284
  br 1305 1307
  th 1314 1316
  th 1331 1333
  br 1360 1362
  th 1365 1367
  th 1452 1454
  br 1474 1476
  sup 1486 1489
  sup 1493 1496
  th 1509 1511
  th 1526 1528
  sup 1543 1546
  sup 1551 1554
  br 1557 1559
  th 1572 1574
  th 1589 1591
  sup 1606 1609
  sup 1613 1616
  br 1619 1621
  th 1634 1636
  th 1651 1653
  br 1678 1680
  sup 1684 1687
  sup 1692 1695
  sup 1701 1704
  sup 1708 1711
  sup 1717 1720
  sup 1724 1727
  th 1730 1732
  th 1747 1749
  th 1771 1773
  th 1813 1815
  th 1841 1843
  th 1858 1860
  th 1890 1892
  th 1907 1909
  th 1933 1935
  tr 1947 1949
  thead 1957 1962
  tbody 1970 1975
  tr 2027 2029
  td 2048 2050
  td 2075 2077
  td 2096 2098
  td 2117 2119
  td 2241 2243
  td 2266 2268
  td 2291 2293
  td 2316 2318
  td 2341 2343
  td 2367 2369
  td 2392 2394
  td 2875 2877
  td 2995 2997
  td 3022 3024
  td 3052 3054
  td 3133 3135
  td 3163 3165
  td 3244 3246
  td 3274 3276
  td 3300 3302
  td 3330 3332
  td 3360 3362
  td 3486 3488
  td 3520 3522
  td 3545 3547
  td 4155 4157
  td 4180 4182
  td 4228 4230
  tr 4274 4276
  tr 4790 4792
  td 4807 4809
  strong 4842 4848
  strong 4877 4883
  td 4886 4888
  td 4903 4905
  strong 4937 4943
  strong 4962 4968
  td 4971 4973
  td 5019 5021
  strong 5035 5041
  td 5094 5096
  td 5140 5142
  strong 5156 5162
  td 5216 5218
  tr 5260 5262
  tbody 5270 5275
  table 5279 5284
  script 5337 5343
  script 6137 6143
Invalid Selector
TOTAL 5292
  script 54 60
  script 113 119
  script 122 128
  script 181 187
  table 191 196
  tbody 250 255
  tr 266 268
  td 283 285
  strong 287 293
  strong 300 306
  td 343 345
  td 360 362
  strong 364 370
  strong 392 398
  td 419 421
  td 436 438
  strong 440 446
  strong 456 462
  td 499 501
  tr 513 515
  tr 526 528
  td 543 545
  strong 547 553
  strong 578 584
  td 642 644
  td 659 661
  strong 663 669
  strong 689 695
  td 714 716
  td 731 733
  strong 735 741
  strong 748 754
  td 891 893
  tr 905 907
  tbody 916 921
  table 925 930
  table 935 940
  thead 1081 1086
  tr 1097 1099
  th 1114 1116
  th 1133 1135
  th 1150 1152
  th 1175 1177
  th 1192 1194
  br 1211 1213
  th 1220 1222
  th 1237 1239
  br 1256 1258
  th 1265 1267
  th 1282 1284
  br 1305 1307
  th 1314 1316
  th 1331 1333
  br 1360 1362
  th 1365 1367
  th 1452 1454
  br 1474 1476
  sup 1486 1489
  sup 1493 1496
  th 1509 1511
  th 1526 1528
  sup 1543 1546
  sup 1551 1554
  br 1557 1559
  th 1572 1574
  th 1589 1591
  sup 1606 1609
  sup 1613 1616
  br 1619 1621
  th 1634 1636
  th 1651 1653
  br 1678 1680
  sup 1684 1687
  sup 1692 1695
  sup 1701 1704
  sup 1708 1711
  sup 1717 1720
  sup 1724 1727
  th 1730 1732
  th 1747 1749
  th 1771 1773
  th 1813 1815
  th 1841 1843
  th 1858 1860
  th 1890 1892
  th 1907 1909
  th 1933 1935
  tr 1947 1949
  thead 1957 1962
  tbody 1970 1975
  tr 2027 2029
  td 2048 2050
  td 2075 2077
  td 2096 2098
  td 2117 2119
  td 2241 2243
  td 2266 2268
  td 2291 2293
  td 2316 2318
  td 2341 2343
  td 2367 2369
  td 2392 2394
  td 2875 2877
  td 2995 2997
  td 3022 3024
  td 3052 3054
  td 3133 3135
  td 3163 3165
  td 3244 3246
  td 3274 3276
  td 3300 3302
  td 3330 3332
  td 3360 3362
  td 3486 3488
  td 3520 3522
  td 3545 3547
  td 4155 4157
  td 4180 4182
  td 4228 4230
  tr 4274 4276
  tr 4790 4792
  td 4807 4809
  strong 4842 4848
  strong 4877 4883
  td 4886 4888
  td 4903 4905
  strong 4937 4943
  strong 4962 4968
  td 4971 4973
  td 5019 5021
  strong 5035 5041
  td 5094 5096
  td 5140 5142
  strong 5156 5162
  td 5216 5218
  tr 5260 5262
  tbody 5270 5275
  table 5279 5284
  script 5337 5343
  script 6137 6143
Invalid Selector
).each(function() 5484
  script 54 60
  script 113 119
  script 122 128
  script 181 187
  table 191 196
  tbody 250 255
  tr 266 268
  td 283 285
  strong 287 293
  strong 300 306
  td 343 345
  td 360 362
  strong 364 370
  strong 392 398
  td 419 421
  td 436 438
  strong 440 446
  strong 456 462
  td 499 501
  tr 513 515
  tr 526 528
  td 543 545
  strong 547 553
  strong 578 584
  td 642 644
  td 659 661
  strong 663 669
  strong 689 695
  td 714 716
  td 731 733
  strong 735 741
  strong 748 754
  td 891 893
  tr 905 907
  tbody 916 921
  table 925 930
  table 935 940
  thead 1081 1086
  tr 1097 1099
  th 1114 1116
  th 1133 1135
  th 1150 1152
  th 1175 1177
  th 1192 1194
  br 1211 1213
  th 1220 1222
  th 1237 1239
  br 1256 1258
  th 1265 1267
  th 1282 1284
  br 1305 1307
  th 1314 1316
  th 1331 1333
  br 1360 1362
  th 1365 1367
  th 1452 1454
  br 1474 1476
  sup 1486 1489
  sup 1493 1496
  th 1509 1511
  th 1526 1528
  sup 1543 1546
  sup 1551 1554
  br 1557 1559
  th 1572 1574
  th 1589 1591
  sup 1606 1609
  sup 1613 1616
  br 1619 1621
  th 1634 1636
  th 1651 1653
  br 1678 1680
  sup 1684 1687
  sup 1692 1695
  sup 1701 1704
  sup 1708 1711
  sup 1717 1720
  sup 1724 1727
  th 1730 1732
  th 1747 1749
  th 1771 1773
  th 1813 1815
  th 1841 1843
  th 1858 1860
  th 1890 1892
  th 1907 1909
  th 1933 1935
  tr 1947 1949
  thead 1957 1962
  tbody 1970 1975
  tr 2027 2029
  td 2048 2050
  td 2075 2077
  td 2096 2098
  td 2117 2119
  td 2241 2243
  td 2266 2268
  td 2291 2293
  td 2316 2318
  td 2341 2343
  td 2367 2369
  td 2392 2394
  td 2875 2877
  td 2995 2997
  td 3022 3024
  td 3052 3054
  td 3133 3135
  td 3163 3165
  td 3244 3246
  td 3274 3276
  td 3300 3302
  td 3330 3332
  td 3360 3362
  td 3486 3488
  td 3520 3522
  td 3545 3547
  td 4155 4157
  td 4180 4182
  td 4228 4230
  tr 4274 4276
  tr 4783 4785
  td 4800 4802
  strong 4835 4841
  strong 4870 4876
  td 4879 4881
  td 4896 4898
  strong 4930 4936
  strong 4955 4961
  td 4964 4966
  td 5012 5014
  strong 5028 5034
  td 5087 5089
  td 5133 5135
  strong 5149 5155
  td 5209 5211
  tr 5253 5255
  tbody 5263 5268
  table 5272 5277
  script 5330 5336
  script 6130 6136
Invalid Selector
).each(function() 5491
  script 54 60
  script 113 119
  script 122 128
  script 181 187
  table 191 196
  tbody 250 255
  tr 266 268
  td 283 285
  strong 287 293
  strong 300 306
  td 343 345
  td 360 362
  strong 364 370
  strong 392 398
  td 419 421
  td 436 438
  strong 440 446
  strong 456 462
  td 499 501
  tr 513 515
  tr 526 528
  td 543 545
  strong 547 553
  strong 578 584
  td 642 644
  td 659 661
  strong 663 669
  strong 689 695
  td 714 716
  td 731 733
  strong 735 741
  strong 748 754
  td 891 893
  tr 905 907
  tbody 916 921
  table 925 930
  table 935 940
  thead 1081 1086
  tr 1097 1099
  th 1114 1116
  th 1133 1135
  th 1150 1152
  th 1175 1177
  th 1192 1194
  br 1211 1213
  th 1220 1222
  th 1237 1239
  br 1256 1258
  th 1265 1267
  th 1282 1284
  br 1305 1307
  th 1314 1316
  th 1331 1333
  br 1360 1362
  th 1365 1367
  th 1452 1454
  br 1474 1476
  sup 1486 1489
  sup 1493 1496
  th 1509 1511
  th 1526 1528
  sup 1543 1546
  sup 1551 1554
  br 1557 1559
  th 1572 1574
  th 1589 1591
  sup 1606 1609
  sup 1613 1616
  br 1619 1621
  th 1634 1636
  th 1651 1653
  br 1678 1680
  sup 1684 1687
  sup 1692 1695
  sup 1701 1704
  sup 1708 1711
  sup 1717 1720
  sup 1724 1727
  th 1730 1732
  th 1747 1749
  th 1771 1773
  th 1813 1815
  th 1841 1843
  th 1858 1860
  th 1890 1892
  th 1907 1909
  th 1933 1935
  tr 1947 1949
  thead 1957 1962
  tbody 1970 1975
  tr 2027 2029
  td 2048 2050
  td 2075 2077
  td 2096 2098
  td 2117 2119
  td 2241 2243
  td 2266 2268
  td 2291 2293
  td 2316 2318
  td 2341 2343
  td 2367 2369
  td 2392 2394
  td 2875 2877
  td 2995 2997
  td 3022 3024
  td 3052 3054
  td 3133 3135
  td 3163 3165
  td 3244 3246
  td 3274 3276
  td 3300 3302
  td 3330 3332
  td 3360 3362
  td 3486 3488
  td 3520 3522
  td 3545 3547
  td 4155 4157
  td 4180 4182
  td 4228 4230
  tr 4274 4276
  tr 4790 4792
  td 4807 4809
  strong 4842 4848
  strong 4877 4883
  td 4886 4888
  td 4903 4905
  strong 4937 4943
  strong 4962 4968
  td 4971 4973
  td 5019 5021
  strong 5035 5041
  td 5094 5096
  td 5140 5142
  strong 5156 5162
  td 5216 5218
  tr 5260 5262
  tbody 5270 5275
  table 5279 5284
  script 5337 5343
  script 6137 6143
Invalid Selector
td 5216
  script 54 60
  script 113 119
  script 122 128
  script 181 187
  table 191 196
  tbody 250 255
  tr 266 268
  td 283 285
  strong 287 293
  strong 300 306
  td 343 345
  td 360 362
  strong 364 370
  strong 392 398
  td 419 421
  td 436 438
  strong 440 446
  strong 456 462
  td 499 501
  tr 513 515
  tr 526 528
  td 543 545
  strong 547 553
  strong 578 584
  td 642 644
  td 659 661
  strong 663 669
  strong 689 695
  td 714 716
  td 731 733
  strong 735 741
  strong 748 754
  td 891 893
  tr 905 907
  tbody 916 921
  table 925 930
  table 935 940
  thead 1081 1086
  tr 1097 1099
  th 1114 1116
  th 1133 1135
  th 1150 1152
  th 1175 1177
  th 1192 1194
  br 1211 1213
  th 1220 1222
  th 1237 1239
  br 1256 1258
  th 1265 1267
  th 1282 1284
  br 1305 1307
  th 1314 1316
  th 1331 1333
  br 1360 1362
  th 1365 1367
  th 1452 1454
  br 1474 1476
  sup 1486 1489
  sup 1493 1496
  th 1509 1511
  th 1526 1528
  sup 1543 1546
  sup 1551 1554
  br 1557 1559
  th 1572 1574
  th 1589 1591
  sup 1606 1609
  sup 1613 1616
  br 1619 1621
  th 1634 1636
  th 1651 1653
  br 1678 1680
  sup 1684 1687
  sup 1692 1695
  sup 1701 1704
  sup 1708 1711
  sup 1717 1720
  sup 1724 1727
  th 1730 1732
  th 1747 1749
  th 1771 1773
  th 1813 1815
  th 1841 1843
  th 1858 1860
  th 1890 1892
  th 1907 1909
  th 1933 1935
  tr 1947 1949
  thead 1957 1962
  tbody 1970 1975
  tr 2027 2029
  td 2048 2050
  td 2075 2077
  td 2096 2098
  td 2117 2119
  td 2241 2243
  td 2266 2268
  td 2291 2293
  td 2316 2318
  td 2341 2343
  td 2367 2369
  td 2392 2394
  td 2875 2877
  td 2995 2997
  td 3022 3024
  td 3052 3054
  td 3133 3135
  td 3163 3165
  td 3244 3246
  td 3274 3276
  td 3300 3302
  td 3330 3332
  td 3360 3362
  td 3486 3488
  td 3520 3522
  td 3545 3547
  td 4155 4157
  td 4180 4182
  td 4228 4230
  tr 4274 4276
  tr 4790 4792
  td 4807 4809
  strong 4842 4848
  strong 4877 4883
  td 4886 4888
  td 4903 4905
  strong 4937 4943
  strong 4962 4968
  td 4971 4973
  td 5019 5021
  strong 5035 5041
  td 5094 5096
  td 5140 5142
  strong 5156 5162
  td 5216 5218
td is a "html tag"
Parsing components.min.css
components.min.css has 4339 symbols
Searching through them all for /(^|[\s>+~])td(\[[^\]]*\]|:{1,2}[\w-()]+|\.[\w-]+|#[\w-]+)*\s*/
Done
Parsing bootstrap_limitless.css
bootstrap_limitless.css has 1198 symbols
Searching through them all for /(^|[\s>+~])td(\[[^\]]*\]|:{1,2}[\w-()]+|\.[\w-]+|#[\w-]+)*\s*/
Done
Parsing receipt.css
receipt.css has 17 symbols
Searching through them all for /(^|[\s>+~])td(\[[^\]]*\]|:{1,2}[\w-()]+|\.[\w-]+|#[\w-]+)*\s*/
Done
Parsing bootstrap_limitless.min.css
bootstrap_limitless.min.css has 1198 symbols
Searching through them all for /(^|[\s>+~])td(\[[^\]]*\]|:{1,2}[\w-()]+|\.[\w-]+|#[\w-]+)*\s*/
Done
Parsing print_tabulation.css
print_tabulation.css has 7 symbols
Searching through them all for /(^|[\s>+~])td(\[[^\]]*\]|:{1,2}[\w-()]+|\.[\w-]+|#[\w-]+)*\s*/
Done
Parsing my_print.css
my_print.css has 14 symbols
Searching through them all for /(^|[\s>+~])td(\[[^\]]*\]|:{1,2}[\w-()]+|\.[\w-]+|#[\w-]+)*\s*/
Done
Parsing bootstrap-datepicker.min.css
bootstrap-datepicker.min.css has 221 symbols
Searching through them all for /(^|[\s>+~])td(\[[^\]]*\]|:{1,2}[\w-()]+|\.[\w-]+|#[\w-]+)*\s*/
Done
Parsing bootstrap.min.css
bootstrap.min.css has 2572 symbols
Searching through them all for /(^|[\s>+~])td(\[[^\]]*\]|:{1,2}[\w-()]+|\.[\w-]+|#[\w-]+)*\s*/
Done
bootstrap.css has 2572 symbols
Searching through them all for /(^|[\s>+~])td(\[[^\]]*\]|:{1,2}[\w-()]+|\.[\w-]+|#[\w-]+)*\s*/
Done
Parsing _c3.scss
_c3.scss has 48 symbols
Searching through them all for /(^|[\s>+~])td(\[[^\]]*\]|:{1,2}[\w-()]+|\.[\w-]+|#[\w-]+)*\s*/
Done
Parsing _inbox.scss
_inbox.scss has 15 symbols
Searching through them all for /(^|[\s>+~])td(\[[^\]]*\]|:{1,2}[\w-()]+|\.[\w-]+|#[\w-]+)*\s*/
Done
_d3.scss has 72 symbols
Searching through them all for /(^|[\s>+~])td(\[[^\]]*\]|:{1,2}[\w-()]+|\.[\w-]+|#[\w-]+)*\s*/
Done
Parsing _print.scss
_print.scss has 34 symbols
Searching through them all for /(^|[\s>+~])td(\[[^\]]*\]|:{1,2}[\w-()]+|\.[\w-]+|#[\w-]+)*\s*/
Done
Parsing components.css
components.css has 4341 symbols
Searching through them all for /(^|[\s>+~])td(\[[^\]]*\]|:{1,2}[\w-()]+|\.[\w-]+|#[\w-]+)*\s*/
Done
_reboot.scss has 100 symbols
Searching through them all for /(^|[\s>+~])td(\[[^\]]*\]|:{1,2}[\w-()]+|\.[\w-]+|#[\w-]+)*\s*/
Done
Parsing _table-row.scss
_table-row.scss has 10 symbols
Searching through them all for /(^|[\s>+~])td(\[[^\]]*\]|:{1,2}[\w-()]+|\.[\w-]+|#[\w-]+)*\s*/
Done
dialog_opera.css has 160 symbols
Searching through them all for /(^|[\s>+~])td(\[[^\]]*\]|:{1,2}[\w-()]+|\.[\w-]+|#[\w-]+)*\s*/
Done
dialog_opera.css has 160 symbols
Searching through them all for /(^|[\s>+~])td(\[[^\]]*\]|:{1,2}[\w-()]+|\.[\w-]+|#[\w-]+)*\s*/
Done
dialog_iequirks.css has 158 symbols
Searching through them all for /(^|[\s>+~])td(\[[^\]]*\]|:{1,2}[\w-()]+|\.[\w-]+|#[\w-]+)*\s*/
Done
dialog_ie.css has 173 symbols
Searching through them all for /(^|[\s>+~])td(\[[^\]]*\]|:{1,2}[\w-()]+|\.[\w-]+|#[\w-]+)*\s*/
Done
dialog_iequirks.css has 158 symbols
Searching through them all for /(^|[\s>+~])td(\[[^\]]*\]|:{1,2}[\w-()]+|\.[\w-]+|#[\w-]+)*\s*/
Done
dialog_ie.css has 173 symbols
Searching through them all for /(^|[\s>+~])td(\[[^\]]*\]|:{1,2}[\w-()]+|\.[\w-]+|#[\w-]+)*\s*/
Done
dialog_ie7.css has 172 symbols
Searching through them all for /(^|[\s>+~])td(\[[^\]]*\]|:{1,2}[\w-()]+|\.[\w-]+|#[\w-]+)*\s*/
Done
dialog_ie8.css has 161 symbols
Searching through them all for /(^|[\s>+~])td(\[[^\]]*\]|:{1,2}[\w-()]+|\.[\w-]+|#[\w-]+)*\s*/
Done
dialog_ie7.css has 172 symbols
Searching through them all for /(^|[\s>+~])td(\[[^\]]*\]|:{1,2}[\w-()]+|\.[\w-]+|#[\w-]+)*\s*/
Done
Parsing wsc.css
wsc.css has 18 symbols
Searching through them all for /(^|[\s>+~])td(\[[^\]]*\]|:{1,2}[\w-()]+|\.[\w-]+|#[\w-]+)*\s*/
Done
dialog_ie8.css has 161 symbols
Searching through them all for /(^|[\s>+~])td(\[[^\]]*\]|:{1,2}[\w-()]+|\.[\w-]+|#[\w-]+)*\s*/
Done
dialog.css has 159 symbols
Searching through them all for /(^|[\s>+~])td(\[[^\]]*\]|:{1,2}[\w-()]+|\.[\w-]+|#[\w-]+)*\s*/
Done
dialog.scss has 155 symbols
Searching through them all for /(^|[\s>+~])td(\[[^\]]*\]|:{1,2}[\w-()]+|\.[\w-]+|#[\w-]+)*\s*/
Done
dialog.scss has 155 symbols
Searching through them all for /(^|[\s>+~])td(\[[^\]]*\]|:{1,2}[\w-()]+|\.[\w-]+|#[\w-]+)*\s*/
Done
Parsing _colorpanel.scss
_colorpanel.scss has 20 symbols
Searching through them all for /(^|[\s>+~])td(\[[^\]]*\]|:{1,2}[\w-()]+|\.[\w-]+|#[\w-]+)*\s*/
Done
dialog.css has 159 symbols
Searching through them all for /(^|[\s>+~])td(\[[^\]]*\]|:{1,2}[\w-()]+|\.[\w-]+|#[\w-]+)*\s*/
Done
Parsing dialog_opera.scss
dialog_opera.scss has 3 symbols
Searching through them all for /(^|[\s>+~])td(\[[^\]]*\]|:{1,2}[\w-()]+|\.[\w-]+|#[\w-]+)*\s*/
Done
Parsing _colorpanel.scss
_colorpanel.scss has 20 symbols
Searching through them all for /(^|[\s>+~])td(\[[^\]]*\]|:{1,2}[\w-()]+|\.[\w-]+|#[\w-]+)*\s*/
Done
Parsing dialog_opera.scss
dialog_opera.scss has 3 symbols
Searching through them all for /(^|[\s>+~])td(\[[^\]]*\]|:{1,2}[\w-()]+|\.[\w-]+|#[\w-]+)*\s*/
Done
Parsing _footable.scss
_footable.scss has 17 symbols
Searching through them all for /(^|[\s>+~])td(\[[^\]]*\]|:{1,2}[\w-()]+|\.[\w-]+|#[\w-]+)*\s*/
Done
Parsing _handsontable.scss
_handsontable.scss has 342 symbols
Searching through them all for /(^|[\s>+~])td(\[[^\]]*\]|:{1,2}[\w-()]+|\.[\w-]+|#[\w-]+)*\s*/
Done
Parsing _widgets.scss
_widgets.scss has 281 symbols
Searching through them all for /(^|[\s>+~])td(\[[^\]]*\]|:{1,2}[\w-()]+|\.[\w-]+|#[\w-]+)*\s*/
Done
Parsing _datatable-columns-reorder.scss
_datatable-columns-reorder.scss has 4 symbols
Searching through them all for /(^|[\s>+~])td(\[[^\]]*\]|:{1,2}[\w-()]+|\.[\w-]+|#[\w-]+)*\s*/
Done
Parsing _fancytree.scss
_fancytree.scss has 100 symbols
Searching through them all for /(^|[\s>+~])td(\[[^\]]*\]|:{1,2}[\w-()]+|\.[\w-]+|#[\w-]+)*\s*/
Done
Parsing _tables.scss
_tables.scss has 136 symbols
Searching through them all for /(^|[\s>+~])td(\[[^\]]*\]|:{1,2}[\w-()]+|\.[\w-]+|#[\w-]+)*\s*/
Done
Parsing _datatable-fixed-columns.scss
_datatable-fixed-columns.scss has 21 symbols
Searching through them all for /(^|[\s>+~])td(\[[^\]]*\]|:{1,2}[\w-()]+|\.[\w-]+|#[\w-]+)*\s*/
Done
Parsing _datatable-scroller.scss
_datatable-scroller.scss has 8 symbols
Searching through them all for /(^|[\s>+~])td(\[[^\]]*\]|:{1,2}[\w-()]+|\.[\w-]+|#[\w-]+)*\s*/
Done
Parsing _datatable-keytable.scss
_datatable-keytable.scss has 8 symbols
Searching through them all for /(^|[\s>+~])td(\[[^\]]*\]|:{1,2}[\w-()]+|\.[\w-]+|#[\w-]+)*\s*/
Done
Parsing _fullcalendar.scss
_fullcalendar.scss has 285 symbols
Searching through them all for /(^|[\s>+~])td(\[[^\]]*\]|:{1,2}[\w-()]+|\.[\w-]+|#[\w-]+)*\s*/
Done
Parsing _datatables.scss
_datatables.scss has 133 symbols
Searching through them all for /(^|[\s>+~])td(\[[^\]]*\]|:{1,2}[\w-()]+|\.[\w-]+|#[\w-]+)*\s*/
Done
Parsing _datatable-responsive.scss
_datatable-responsive.scss has 31 symbols
Searching through them all for /(^|[\s>+~])td(\[[^\]]*\]|:{1,2}[\w-()]+|\.[\w-]+|#[\w-]+)*\s*/
Done
_buttons.scss has 69 symbols
Searching through them all for /(^|[\s>+~])td(\[[^\]]*\]|:{1,2}[\w-()]+|\.[\w-]+|#[\w-]+)*\s*/
Done
Parsing _datatable-rows-reorder.scss
_datatable-rows-reorder.scss has 4 symbols
Searching through them all for /(^|[\s>+~])td(\[[^\]]*\]|:{1,2}[\w-()]+|\.[\w-]+|#[\w-]+)*\s*/
Done
Parsing _daterange.scss
_daterange.scss has 86 symbols
Searching through them all for /(^|[\s>+~])td(\[[^\]]*\]|:{1,2}[\w-()]+|\.[\w-]+|#[\w-]+)*\s*/
Done
Parsing _alpaca.scss
_alpaca.scss has 65 symbols
Searching through them all for /(^|[\s>+~])td(\[[^\]]*\]|:{1,2}[\w-()]+|\.[\w-]+|#[\w-]+)*\s*/
Done
Parsing _date.scss
_date.scss has 49 symbols
Searching through them all for /(^|[\s>+~])td(\[[^\]]*\]|:{1,2}[\w-()]+|\.[\w-]+|#[\w-]+)*\s*/
Done
Parsing _tables.scss
_tables.scss has 43 symbols
Searching through them all for /(^|[\s>+~])td(\[[^\]]*\]|:{1,2}[\w-()]+|\.[\w-]+|#[\w-]+)*\s*/
Done
Parsing _widgets.scss
_widgets.scss has 251 symbols
Searching through them all for /(^|[\s>+~])td(\[[^\]]*\]|:{1,2}[\w-()]+|\.[\w-]+|#[\w-]+)*\s*/
Done
Parsing _handsontable.scss
_handsontable.scss has 342 symbols
Searching through them all for /(^|[\s>+~])td(\[[^\]]*\]|:{1,2}[\w-()]+|\.[\w-]+|#[\w-]+)*\s*/
Done
Parsing _tables.scss
_tables.scss has 136 symbols
Searching through them all for /(^|[\s>+~])td(\[[^\]]*\]|:{1,2}[\w-()]+|\.[\w-]+|#[\w-]+)*\s*/
Done
Parsing _footable.scss
_footable.scss has 17 symbols
Searching through them all for /(^|[\s>+~])td(\[[^\]]*\]|:{1,2}[\w-()]+|\.[\w-]+|#[\w-]+)*\s*/
Done
Parsing _datatable-responsive.scss
_datatable-responsive.scss has 31 symbols
Searching through them all for /(^|[\s>+~])td(\[[^\]]*\]|:{1,2}[\w-()]+|\.[\w-]+|#[\w-]+)*\s*/
Done
Parsing _datatable-rows-reorder.scss
_datatable-rows-reorder.scss has 4 symbols
Searching through them all for /(^|[\s>+~])td(\[[^\]]*\]|:{1,2}[\w-()]+|\.[\w-]+|#[\w-]+)*\s*/
Done
Parsing _datatable-columns-reorder.scss
_datatable-columns-reorder.scss has 4 symbols
Searching through them all for /(^|[\s>+~])td(\[[^\]]*\]|:{1,2}[\w-()]+|\.[\w-]+|#[\w-]+)*\s*/
Done
Parsing _fullcalendar.scss
_fullcalendar.scss has 285 symbols
Searching through them all for /(^|[\s>+~])td(\[[^\]]*\]|:{1,2}[\w-()]+|\.[\w-]+|#[\w-]+)*\s*/
Done
Parsing _datatables.scss
_datatables.scss has 132 symbols
Searching through them all for /(^|[\s>+~])td(\[[^\]]*\]|:{1,2}[\w-()]+|\.[\w-]+|#[\w-]+)*\s*/
Done
Parsing _fancytree.scss
_fancytree.scss has 100 symbols
Searching through them all for /(^|[\s>+~])td(\[[^\]]*\]|:{1,2}[\w-()]+|\.[\w-]+|#[\w-]+)*\s*/
Done
Parsing _alpaca.scss
_alpaca.scss has 64 symbols
Searching through them all for /(^|[\s>+~])td(\[[^\]]*\]|:{1,2}[\w-()]+|\.[\w-]+|#[\w-]+)*\s*/
Done
Parsing _daterange.scss
_daterange.scss has 87 symbols
Searching through them all for /(^|[\s>+~])td(\[[^\]]*\]|:{1,2}[\w-()]+|\.[\w-]+|#[\w-]+)*\s*/
Done
Parsing _date.scss
_date.scss has 49 symbols
Searching through them all for /(^|[\s>+~])td(\[[^\]]*\]|:{1,2}[\w-()]+|\.[\w-]+|#[\w-]+)*\s*/
Done
Parsing _datatable-fixed-columns.scss
_datatable-fixed-columns.scss has 21 symbols
Searching through them all for /(^|[\s>+~])td(\[[^\]]*\]|:{1,2}[\w-()]+|\.[\w-]+|#[\w-]+)*\s*/
Done
Parsing _datatable-scroller.scss
_datatable-scroller.scss has 8 symbols
Searching through them all for /(^|[\s>+~])td(\[[^\]]*\]|:{1,2}[\w-()]+|\.[\w-]+|#[\w-]+)*\s*/
Done
Parsing _datatable-keytable.scss
_datatable-keytable.scss has 8 symbols
Searching through them all for /(^|[\s>+~])td(\[[^\]]*\]|:{1,2}[\w-()]+|\.[\w-]+|#[\w-]+)*\s*/
Done
_buttons.scss has 69 symbols
Searching through them all for /(^|[\s>+~])td(\[[^\]]*\]|:{1,2}[\w-()]+|\.[\w-]+|#[\w-]+)*\s*/
Done
app.css has 3148 symbols
Searching through them all for /(^|[\s>+~])td(\[[^\]]*\]|:{1,2}[\w-()]+|\.[\w-]+|#[\w-]+)*\s*/
Done
Parsing exception.css
exception.css has 214 symbols
Searching through them all for /(^|[\s>+~])td(\[[^\]]*\]|:{1,2}[\w-()]+|\.[\w-]+|#[\w-]+)*\s*/
Done
Parsing default.css
default.css has 45 symbols
Searching through them all for /(^|[\s>+~])td(\[[^\]]*\]|:{1,2}[\w-()]+|\.[\w-]+|#[\w-]+)*\s*/
Done
html.css has 163 symbols
Searching through them all for /(^|[\s>+~])td(\[[^\]]*\]|:{1,2}[\w-()]+|\.[\w-]+|#[\w-]+)*\s*/
Done
Parsing whoops.base.css
whoops.base.css has 120 symbols
Searching through them all for /(^|[\s>+~])td(\[[^\]]*\]|:{1,2}[\w-()]+|\.[\w-]+|#[\w-]+)*\s*/
Done
Parsing style.css
style.css has 50 symbols
Searching through them all for /(^|[\s>+~])td(\[[^\]]*\]|:{1,2}[\w-()]+|\.[\w-]+|#[\w-]+)*\s*/
Done
Parsing bootstrap.min.css
bootstrap.min.css has 3147 symbols
Searching through them all for /(^|[\s>+~])td(\[[^\]]*\]|:{1,2}[\w-()]+|\.[\w-]+|#[\w-]+)*\s*/
Done
Parsing nv.d3.min.css
nv.d3.min.css has 135 symbols
Searching through them all for /(^|[\s>+~])td(\[[^\]]*\]|:{1,2}[\w-()]+|\.[\w-]+|#[\w-]+)*\s*/
Done
td 5094
  script 54 60
  script 113 119
  script 122 128
  script 181 187
  table 191 196
  tbody 250 255
  tr 266 268
  td 283 285
  strong 287 293
  strong 300 306
  td 343 345
  td 360 362
  strong 364 370
  strong 392 398
  td 419 421
  td 436 438
  strong 440 446
  strong 456 462
  td 499 501
  tr 513 515
  tr 526 528
  td 543 545
  strong 547 553
  strong 578 584
  td 642 644
  td 659 661
  strong 663 669
  strong 689 695
  td 714 716
  td 731 733
  strong 735 741
  strong 748 754
  td 891 893
  tr 905 907
  tbody 916 921
  table 925 930
  table 935 940
  thead 1081 1086
  tr 1097 1099
  th 1114 1116
  th 1133 1135
  th 1150 1152
  th 1175 1177
  th 1192 1194
  br 1211 1213
  th 1220 1222
  th 1237 1239
  br 1256 1258
  th 1265 1267
  th 1282 1284
  br 1305 1307
  th 1314 1316
  th 1331 1333
  br 1360 1362
  th 1365 1367
  th 1452 1454
  br 1474 1476
  sup 1486 1489
  sup 1493 1496
  th 1509 1511
  th 1526 1528
  sup 1543 1546
  sup 1551 1554
  br 1557 1559
  th 1572 1574
  th 1589 1591
  sup 1606 1609
  sup 1613 1616
  br 1619 1621
  th 1634 1636
  th 1651 1653
  br 1678 1680
  sup 1684 1687
  sup 1692 1695
  sup 1701 1704
  sup 1708 1711
  sup 1717 1720
  sup 1724 1727
  th 1730 1732
  th 1747 1749
  th 1771 1773
  th 1813 1815
  th 1841 1843
  th 1858 1860
  th 1890 1892
  th 1907 1909
  th 1933 1935
  tr 1947 1949
  thead 1957 1962
  tbody 1970 1975
  tr 2027 2029
  td 2048 2050
  td 2075 2077
  td 2096 2098
  td 2117 2119
  td 2241 2243
  td 2266 2268
  td 2291 2293
  td 2316 2318
  td 2341 2343
  td 2367 2369
  td 2392 2394
  td 2875 2877
  td 2995 2997
  td 3022 3024
  td 3052 3054
  td 3133 3135
  td 3163 3165
  td 3244 3246
  td 3274 3276
  td 3300 3302
  td 3330 3332
  td 3360 3362
  td 3486 3488
  td 3520 3522
  td 3545 3547
  td 4155 4157
  td 4180 4182
  td 4228 4230
  tr 4274 4276
  tr 4790 4792
  td 4807 4809
  strong 4842 4848
  strong 4877 4883
  td 4886 4888
  td 4903 4905
  strong 4937 4943
  strong 4962 4968
  td 4971 4973
  td 5019 5021
  strong 5035 5041
  td 5094 5096
td is a "html tag"
components.min.css has 4339 symbols
Searching through them all for /(^|[\s>+~])td(\[[^\]]*\]|:{1,2}[\w-()]+|\.[\w-]+|#[\w-]+)*\s*/
Done
bootstrap_limitless.css has 1198 symbols
Searching through them all for /(^|[\s>+~])td(\[[^\]]*\]|:{1,2}[\w-()]+|\.[\w-]+|#[\w-]+)*\s*/
Done
receipt.css has 17 symbols
Searching through them all for /(^|[\s>+~])td(\[[^\]]*\]|:{1,2}[\w-()]+|\.[\w-]+|#[\w-]+)*\s*/
Done
bootstrap_limitless.min.css has 1198 symbols
Searching through them all for /(^|[\s>+~])td(\[[^\]]*\]|:{1,2}[\w-()]+|\.[\w-]+|#[\w-]+)*\s*/
Done
print_tabulation.css has 7 symbols
Searching through them all for /(^|[\s>+~])td(\[[^\]]*\]|:{1,2}[\w-()]+|\.[\w-]+|#[\w-]+)*\s*/
Done
my_print.css has 14 symbols
Searching through them all for /(^|[\s>+~])td(\[[^\]]*\]|:{1,2}[\w-()]+|\.[\w-]+|#[\w-]+)*\s*/
Done
bootstrap-datepicker.min.css has 221 symbols
Searching through them all for /(^|[\s>+~])td(\[[^\]]*\]|:{1,2}[\w-()]+|\.[\w-]+|#[\w-]+)*\s*/
Done
bootstrap.min.css has 2572 symbols
Searching through them all for /(^|[\s>+~])td(\[[^\]]*\]|:{1,2}[\w-()]+|\.[\w-]+|#[\w-]+)*\s*/
Done
bootstrap.css has 2572 symbols
Searching through them all for /(^|[\s>+~])td(\[[^\]]*\]|:{1,2}[\w-()]+|\.[\w-]+|#[\w-]+)*\s*/
Done
_c3.scss has 48 symbols
Searching through them all for /(^|[\s>+~])td(\[[^\]]*\]|:{1,2}[\w-()]+|\.[\w-]+|#[\w-]+)*\s*/
Done
_inbox.scss has 15 symbols
Searching through them all for /(^|[\s>+~])td(\[[^\]]*\]|:{1,2}[\w-()]+|\.[\w-]+|#[\w-]+)*\s*/
Done
_d3.scss has 72 symbols
Searching through them all for /(^|[\s>+~])td(\[[^\]]*\]|:{1,2}[\w-()]+|\.[\w-]+|#[\w-]+)*\s*/
Done
_print.scss has 34 symbols
Searching through them all for /(^|[\s>+~])td(\[[^\]]*\]|:{1,2}[\w-()]+|\.[\w-]+|#[\w-]+)*\s*/
Done
components.css has 4341 symbols
Searching through them all for /(^|[\s>+~])td(\[[^\]]*\]|:{1,2}[\w-()]+|\.[\w-]+|#[\w-]+)*\s*/
Done
_reboot.scss has 100 symbols
Searching through them all for /(^|[\s>+~])td(\[[^\]]*\]|:{1,2}[\w-()]+|\.[\w-]+|#[\w-]+)*\s*/
Done
_table-row.scss has 10 symbols
Searching through them all for /(^|[\s>+~])td(\[[^\]]*\]|:{1,2}[\w-()]+|\.[\w-]+|#[\w-]+)*\s*/
Done
dialog_opera.css has 160 symbols
Searching through them all for /(^|[\s>+~])td(\[[^\]]*\]|:{1,2}[\w-()]+|\.[\w-]+|#[\w-]+)*\s*/
Done
dialog_opera.css has 160 symbols
Searching through them all for /(^|[\s>+~])td(\[[^\]]*\]|:{1,2}[\w-()]+|\.[\w-]+|#[\w-]+)*\s*/
Done
dialog_iequirks.css has 158 symbols
Searching through them all for /(^|[\s>+~])td(\[[^\]]*\]|:{1,2}[\w-()]+|\.[\w-]+|#[\w-]+)*\s*/
Done
dialog_ie.css has 173 symbols
Searching through them all for /(^|[\s>+~])td(\[[^\]]*\]|:{1,2}[\w-()]+|\.[\w-]+|#[\w-]+)*\s*/
Done
dialog_iequirks.css has 158 symbols
Searching through them all for /(^|[\s>+~])td(\[[^\]]*\]|:{1,2}[\w-()]+|\.[\w-]+|#[\w-]+)*\s*/
Done
dialog_ie.css has 173 symbols
Searching through them all for /(^|[\s>+~])td(\[[^\]]*\]|:{1,2}[\w-()]+|\.[\w-]+|#[\w-]+)*\s*/
Done
dialog_ie7.css has 172 symbols
Searching through them all for /(^|[\s>+~])td(\[[^\]]*\]|:{1,2}[\w-()]+|\.[\w-]+|#[\w-]+)*\s*/
Done
dialog_ie8.css has 161 symbols
Searching through them all for /(^|[\s>+~])td(\[[^\]]*\]|:{1,2}[\w-()]+|\.[\w-]+|#[\w-]+)*\s*/
Done
dialog_ie7.css has 172 symbols
Searching through them all for /(^|[\s>+~])td(\[[^\]]*\]|:{1,2}[\w-()]+|\.[\w-]+|#[\w-]+)*\s*/
Done
wsc.css has 18 symbols
Searching through them all for /(^|[\s>+~])td(\[[^\]]*\]|:{1,2}[\w-()]+|\.[\w-]+|#[\w-]+)*\s*/
Done
dialog_ie8.css has 161 symbols
Searching through them all for /(^|[\s>+~])td(\[[^\]]*\]|:{1,2}[\w-()]+|\.[\w-]+|#[\w-]+)*\s*/
Done
dialog.css has 159 symbols
Searching through them all for /(^|[\s>+~])td(\[[^\]]*\]|:{1,2}[\w-()]+|\.[\w-]+|#[\w-]+)*\s*/
Done
dialog.scss has 155 symbols
Searching through them all for /(^|[\s>+~])td(\[[^\]]*\]|:{1,2}[\w-()]+|\.[\w-]+|#[\w-]+)*\s*/
Done
dialog.scss has 155 symbols
Searching through them all for /(^|[\s>+~])td(\[[^\]]*\]|:{1,2}[\w-()]+|\.[\w-]+|#[\w-]+)*\s*/
Done
_colorpanel.scss has 20 symbols
Searching through them all for /(^|[\s>+~])td(\[[^\]]*\]|:{1,2}[\w-()]+|\.[\w-]+|#[\w-]+)*\s*/
Done
dialog.css has 159 symbols
Searching through them all for /(^|[\s>+~])td(\[[^\]]*\]|:{1,2}[\w-()]+|\.[\w-]+|#[\w-]+)*\s*/
Done
dialog_opera.scss has 3 symbols
Searching through them all for /(^|[\s>+~])td(\[[^\]]*\]|:{1,2}[\w-()]+|\.[\w-]+|#[\w-]+)*\s*/
Done
_colorpanel.scss has 20 symbols
Searching through them all for /(^|[\s>+~])td(\[[^\]]*\]|:{1,2}[\w-()]+|\.[\w-]+|#[\w-]+)*\s*/
Done
dialog_opera.scss has 3 symbols
Searching through them all for /(^|[\s>+~])td(\[[^\]]*\]|:{1,2}[\w-()]+|\.[\w-]+|#[\w-]+)*\s*/
Done
_footable.scss has 17 symbols
Searching through them all for /(^|[\s>+~])td(\[[^\]]*\]|:{1,2}[\w-()]+|\.[\w-]+|#[\w-]+)*\s*/
Done
_handsontable.scss has 342 symbols
Searching through them all for /(^|[\s>+~])td(\[[^\]]*\]|:{1,2}[\w-()]+|\.[\w-]+|#[\w-]+)*\s*/
Done
_widgets.scss has 281 symbols
Searching through them all for /(^|[\s>+~])td(\[[^\]]*\]|:{1,2}[\w-()]+|\.[\w-]+|#[\w-]+)*\s*/
Done
_datatable-columns-reorder.scss has 4 symbols
Searching through them all for /(^|[\s>+~])td(\[[^\]]*\]|:{1,2}[\w-()]+|\.[\w-]+|#[\w-]+)*\s*/
Done
_fancytree.scss has 100 symbols
Searching through them all for /(^|[\s>+~])td(\[[^\]]*\]|:{1,2}[\w-()]+|\.[\w-]+|#[\w-]+)*\s*/
Done
_tables.scss has 136 symbols
Searching through them all for /(^|[\s>+~])td(\[[^\]]*\]|:{1,2}[\w-()]+|\.[\w-]+|#[\w-]+)*\s*/
Done
_datatable-fixed-columns.scss has 21 symbols
Searching through them all for /(^|[\s>+~])td(\[[^\]]*\]|:{1,2}[\w-()]+|\.[\w-]+|#[\w-]+)*\s*/
Done
_datatable-scroller.scss has 8 symbols
Searching through them all for /(^|[\s>+~])td(\[[^\]]*\]|:{1,2}[\w-()]+|\.[\w-]+|#[\w-]+)*\s*/
Done
_datatable-keytable.scss has 8 symbols
Searching through them all for /(^|[\s>+~])td(\[[^\]]*\]|:{1,2}[\w-()]+|\.[\w-]+|#[\w-]+)*\s*/
Done
_fullcalendar.scss has 285 symbols
Searching through them all for /(^|[\s>+~])td(\[[^\]]*\]|:{1,2}[\w-()]+|\.[\w-]+|#[\w-]+)*\s*/
Done
_datatables.scss has 133 symbols
Searching through them all for /(^|[\s>+~])td(\[[^\]]*\]|:{1,2}[\w-()]+|\.[\w-]+|#[\w-]+)*\s*/
Done
_datatable-responsive.scss has 31 symbols
Searching through them all for /(^|[\s>+~])td(\[[^\]]*\]|:{1,2}[\w-()]+|\.[\w-]+|#[\w-]+)*\s*/
Done
_buttons.scss has 69 symbols
Searching through them all for /(^|[\s>+~])td(\[[^\]]*\]|:{1,2}[\w-()]+|\.[\w-]+|#[\w-]+)*\s*/
Done
_datatable-rows-reorder.scss has 4 symbols
Searching through them all for /(^|[\s>+~])td(\[[^\]]*\]|:{1,2}[\w-()]+|\.[\w-]+|#[\w-]+)*\s*/
Done
_daterange.scss has 86 symbols
Searching through them all for /(^|[\s>+~])td(\[[^\]]*\]|:{1,2}[\w-()]+|\.[\w-]+|#[\w-]+)*\s*/
Done
_alpaca.scss has 65 symbols
Searching through them all for /(^|[\s>+~])td(\[[^\]]*\]|:{1,2}[\w-()]+|\.[\w-]+|#[\w-]+)*\s*/
Done
_date.scss has 49 symbols
Searching through them all for /(^|[\s>+~])td(\[[^\]]*\]|:{1,2}[\w-()]+|\.[\w-]+|#[\w-]+)*\s*/
Done
_tables.scss has 43 symbols
Searching through them all for /(^|[\s>+~])td(\[[^\]]*\]|:{1,2}[\w-()]+|\.[\w-]+|#[\w-]+)*\s*/
Done
_widgets.scss has 251 symbols
Searching through them all for /(^|[\s>+~])td(\[[^\]]*\]|:{1,2}[\w-()]+|\.[\w-]+|#[\w-]+)*\s*/
Done
_handsontable.scss has 342 symbols
Searching through them all for /(^|[\s>+~])td(\[[^\]]*\]|:{1,2}[\w-()]+|\.[\w-]+|#[\w-]+)*\s*/
Done
_tables.scss has 136 symbols
Searching through them all for /(^|[\s>+~])td(\[[^\]]*\]|:{1,2}[\w-()]+|\.[\w-]+|#[\w-]+)*\s*/
Done
_footable.scss has 17 symbols
Searching through them all for /(^|[\s>+~])td(\[[^\]]*\]|:{1,2}[\w-()]+|\.[\w-]+|#[\w-]+)*\s*/
Done
_datatable-responsive.scss has 31 symbols
Searching through them all for /(^|[\s>+~])td(\[[^\]]*\]|:{1,2}[\w-()]+|\.[\w-]+|#[\w-]+)*\s*/
Done
_datatable-rows-reorder.scss has 4 symbols
Searching through them all for /(^|[\s>+~])td(\[[^\]]*\]|:{1,2}[\w-()]+|\.[\w-]+|#[\w-]+)*\s*/
Done
_datatable-columns-reorder.scss has 4 symbols
Searching through them all for /(^|[\s>+~])td(\[[^\]]*\]|:{1,2}[\w-()]+|\.[\w-]+|#[\w-]+)*\s*/
Done
_fullcalendar.scss has 285 symbols
Searching through them all for /(^|[\s>+~])td(\[[^\]]*\]|:{1,2}[\w-()]+|\.[\w-]+|#[\w-]+)*\s*/
Done
_datatables.scss has 132 symbols
Searching through them all for /(^|[\s>+~])td(\[[^\]]*\]|:{1,2}[\w-()]+|\.[\w-]+|#[\w-]+)*\s*/
Done
_fancytree.scss has 100 symbols
Searching through them all for /(^|[\s>+~])td(\[[^\]]*\]|:{1,2}[\w-()]+|\.[\w-]+|#[\w-]+)*\s*/
Done
_alpaca.scss has 64 symbols
Searching through them all for /(^|[\s>+~])td(\[[^\]]*\]|:{1,2}[\w-()]+|\.[\w-]+|#[\w-]+)*\s*/
Done
_daterange.scss has 87 symbols
Searching through them all for /(^|[\s>+~])td(\[[^\]]*\]|:{1,2}[\w-()]+|\.[\w-]+|#[\w-]+)*\s*/
Done
_date.scss has 49 symbols
Searching through them all for /(^|[\s>+~])td(\[[^\]]*\]|:{1,2}[\w-()]+|\.[\w-]+|#[\w-]+)*\s*/
Done
_datatable-fixed-columns.scss has 21 symbols
Searching through them all for /(^|[\s>+~])td(\[[^\]]*\]|:{1,2}[\w-()]+|\.[\w-]+|#[\w-]+)*\s*/
Done
_datatable-scroller.scss has 8 symbols
Searching through them all for /(^|[\s>+~])td(\[[^\]]*\]|:{1,2}[\w-()]+|\.[\w-]+|#[\w-]+)*\s*/
Done
_datatable-keytable.scss has 8 symbols
Searching through them all for /(^|[\s>+~])td(\[[^\]]*\]|:{1,2}[\w-()]+|\.[\w-]+|#[\w-]+)*\s*/
Done
_buttons.scss has 69 symbols
Searching through them all for /(^|[\s>+~])td(\[[^\]]*\]|:{1,2}[\w-()]+|\.[\w-]+|#[\w-]+)*\s*/
Done
app.css has 3148 symbols
Searching through them all for /(^|[\s>+~])td(\[[^\]]*\]|:{1,2}[\w-()]+|\.[\w-]+|#[\w-]+)*\s*/
Done
exception.css has 214 symbols
Searching through them all for /(^|[\s>+~])td(\[[^\]]*\]|:{1,2}[\w-()]+|\.[\w-]+|#[\w-]+)*\s*/
Done
default.css has 45 symbols
Searching through them all for /(^|[\s>+~])td(\[[^\]]*\]|:{1,2}[\w-()]+|\.[\w-]+|#[\w-]+)*\s*/
Done
html.css has 163 symbols
Searching through them all for /(^|[\s>+~])td(\[[^\]]*\]|:{1,2}[\w-()]+|\.[\w-]+|#[\w-]+)*\s*/
Done
whoops.base.css has 120 symbols
Searching through them all for /(^|[\s>+~])td(\[[^\]]*\]|:{1,2}[\w-()]+|\.[\w-]+|#[\w-]+)*\s*/
Done
style.css has 50 symbols
Searching through them all for /(^|[\s>+~])td(\[[^\]]*\]|:{1,2}[\w-()]+|\.[\w-]+|#[\w-]+)*\s*/
Done
bootstrap.min.css has 3147 symbols
Searching through them all for /(^|[\s>+~])td(\[[^\]]*\]|:{1,2}[\w-()]+|\.[\w-]+|#[\w-]+)*\s*/
Done
nv.d3.min.css has 135 symbols
Searching through them all for /(^|[\s>+~])td(\[[^\]]*\]|:{1,2}[\w-()]+|\.[\w-]+|#[\w-]+)*\s*/
Done
student_id 4669
  script 54 60
  script 113 119
  script 122 128
  script 181 187
  table 191 196
  tbody 250 255
  tr 266 268
  td 283 285
  strong 287 293
  strong 300 306
  td 343 345
  td 360 362
  strong 364 370
  strong 392 398
  td 419 421
  td 436 438
  strong 440 446
  strong 456 462
  td 499 501
  tr 513 515
  tr 526 528
  td 543 545
  strong 547 553
  strong 578 584
  td 642 644
  td 659 661
  strong 663 669
  strong 689 695
  td 714 716
  td 731 733
  strong 735 741
  strong 748 754
  td 891 893
  tr 905 907
  tbody 916 921
  table 925 930
  table 935 940
  thead 1081 1086
  tr 1097 1099
  th 1114 1116
  th 1133 1135
  th 1150 1152
  th 1175 1177
  th 1192 1194
  br 1211 1213
  th 1220 1222
  th 1237 1239
  br 1256 1258
  th 1265 1267
  th 1282 1284
  br 1305 1307
  th 1314 1316
  th 1331 1333
  br 1360 1362
  th 1365 1367
  th 1452 1454
  br 1474 1476
  sup 1486 1489
  sup 1493 1496
  th 1509 1511
  th 1526 1528
  sup 1543 1546
  sup 1551 1554
  br 1557 1559
  th 1572 1574
  th 1589 1591
  sup 1606 1609
  sup 1613 1616
  br 1619 1621
  th 1634 1636
  th 1651 1653
  br 1678 1680
  sup 1684 1687
  sup 1692 1695
  sup 1701 1704
  sup 1708 1711
  sup 1717 1720
  sup 1724 1727
  th 1730 1732
  th 1747 1749
  th 1771 1773
  th 1813 1815
  th 1841 1843
  th 1858 1860
  th 1890 1892
  th 1907 1909
  th 1933 1935
  tr 1947 1949
  thead 1957 1962
  tbody 1970 1975
  tr 2027 2029
  td 2048 2050
  td 2075 2077
  td 2096 2098
  td 2117 2119
  td 2241 2243
  td 2266 2268
  td 2291 2293
  td 2316 2318
  td 2341 2343
  td 2367 2369
  td 2392 2394
  td 2875 2877
  td 2995 2997
  td 3022 3024
  td 3052 3054
  td 3133 3135
  td 3163 3165
  td 3244 3246
  td 3274 3276
  td 3300 3302
  td 3330 3332
  td 3360 3362
  td 3486 3488
  td 3520 3522
  td 3545 3547
  td 4155 4157
  td 4180 4182
  td 4228 4230
  tr 4274 4276
  tr 4790 4792
  td 4807 4809
  strong 4842 4848
  strong 4877 4883
  td 4886 4888
  td 4903 4905
  strong 4937 4943
  strong 4962 4968
  td 4971 4973
  td 5019 5021
  strong 5035 5041
  td 5094 5096
  td 5140 5142
  strong 5156 5162
  td 5216 5218
  tr 5260 5262
  tbody 5270 5275
  table 5279 5284
  script 5337 5343
  script 6137 6143
Invalid Selector
dd($rang- 4744
  script 54 60
  script 113 119
  script 122 128
  script 181 187
  table 191 196
  tbody 250 255
  tr 266 268
  td 283 285
  strong 287 293
  strong 300 306
  td 343 345
  td 360 362
  strong 364 370
  strong 392 398
  td 419 421
  td 436 438
  strong 440 446
  strong 456 462
  td 499 501
  tr 513 515
  tr 526 528
  td 543 545
  strong 547 553
  strong 578 584
  td 642 644
  td 659 661
  strong 663 669
  strong 689 695
  td 714 716
  td 731 733
  strong 735 741
  strong 748 754
  td 891 893
  tr 905 907
  tbody 916 921
  table 925 930
  table 935 940
  thead 1081 1086
  tr 1097 1099
  th 1114 1116
  th 1133 1135
  th 1150 1152
  th 1175 1177
  th 1192 1194
  br 1211 1213
  th 1220 1222
  th 1237 1239
  br 1256 1258
  th 1265 1267
  th 1282 1284
  br 1305 1307
  th 1314 1316
  th 1331 1333
  br 1360 1362
  th 1365 1367
  th 1452 1454
  br 1474 1476
  sup 1486 1489
  sup 1493 1496
  th 1509 1511
  th 1526 1528
  sup 1543 1546
  sup 1551 1554
  br 1557 1559
  th 1572 1574
  th 1589 1591
  sup 1606 1609
  sup 1613 1616
  br 1619 1621
  th 1634 1636
  th 1651 1653
  br 1678 1680
  sup 1684 1687
  sup 1692 1695
  sup 1701 1704
  sup 1708 1711
  sup 1717 1720
  sup 1724 1727
  th 1730 1732
  th 1747 1749
  th 1771 1773
  th 1813 1815
  th 1841 1843
  th 1858 1860
  th 1890 1892
  th 1907 1909
  th 1933 1935
  tr 1947 1949
  thead 1957 1962
  tbody 1970 1975
  tr 2027 2029
  td 2048 2050
  td 2075 2077
  td 2096 2098
  td 2117 2119
  td 2241 2243
  td 2266 2268
  td 2291 2293
  td 2316 2318
  td 2341 2343
  td 2367 2369
  td 2392 2394
  td 2875 2877
  td 2995 2997
  td 3022 3024
  td 3052 3054
  td 3133 3135
  td 3163 3165
  td 3244 3246
  td 3274 3276
  td 3300 3302
  td 3330 3332
  td 3360 3362
  td 3486 3488
  td 3520 3522
  td 3545 3547
  td 4155 4157
  td 4180 4182
  td 4228 4230
  tr 4274 4276
  tr 4786 4788
  td 4803 4805
  strong 4838 4844
  strong 4873 4879
  td 4882 4884
  td 4899 4901
  strong 4933 4939
  strong 4958 4964
  td 4967 4969
  td 5015 5017
  strong 5031 5037
  td 5090 5092
  td 5136 5138
  strong 5152 5158
  td 5212 5214
  tr 5256 5258
  tbody 5266 5271
  table 5275 5280
  script 5333 5339
  script 6133 6139
Invalid Selector
colspan= 4806
  script 54 60
  script 113 119
  script 122 128
  script 181 187
  table 191 196
  tbody 250 255
  tr 266 268
  td 283 285
  strong 287 293
  strong 300 306
  td 343 345
  td 360 362
  strong 364 370
  strong 392 398
  td 419 421
  td 436 438
  strong 440 446
  strong 456 462
  td 499 501
  tr 513 515
  tr 526 528
  td 543 545
  strong 547 553
  strong 578 584
  td 642 644
  td 659 661
  strong 663 669
  strong 689 695
  td 714 716
  td 731 733
  strong 735 741
  strong 748 754
  td 891 893
  tr 905 907
  tbody 916 921
  table 925 930
  table 935 940
  thead 1081 1086
  tr 1097 1099
  th 1114 1116
  th 1133 1135
  th 1150 1152
  th 1175 1177
  th 1192 1194
  br 1211 1213
  th 1220 1222
  th 1237 1239
  br 1256 1258
  th 1265 1267
  th 1282 1284
  br 1305 1307
  th 1314 1316
  th 1331 1333
  br 1360 1362
  th 1365 1367
  th 1452 1454
  br 1474 1476
  sup 1486 1489
  sup 1493 1496
  th 1509 1511
  th 1526 1528
  sup 1543 1546
  sup 1551 1554
  br 1557 1559
  th 1572 1574
  th 1589 1591
  sup 1606 1609
  sup 1613 1616
  br 1619 1621
  th 1634 1636
  th 1651 1653
  br 1678 1680
  sup 1684 1687
  sup 1692 1695
  sup 1701 1704
  sup 1708 1711
  sup 1717 1720
  sup 1724 1727
  th 1730 1732
  th 1747 1749
  th 1771 1773
  th 1813 1815
  th 1841 1843
  th 1858 1860
  th 1890 1892
  th 1907 1909
  th 1933 1935
  tr 1947 1949
  thead 1957 1962
  tbody 1970 1975
  tr 2027 2029
  td 2048 2050
  td 2075 2077
  td 2096 2098
  td 2117 2119
  td 2241 2243
  td 2266 2268
  td 2291 2293
  td 2316 2318
  td 2341 2343
  td 2367 2369
  td 2392 2394
  td 2875 2877
  td 2995 2997
  td 3022 3024
  td 3052 3054
  td 3133 3135
  td 3163 3165
  td 3244 3246
  td 3274 3276
  td 3300 3302
  td 3330 3332
  td 3360 3362
  td 3486 3488
  td 3520 3522
  td 3545 3547
  td 4155 4157
  td 4180 4182
  td 4228 4230
  tr 4274 4276
  tr 4786 4788
  td 4803 4805
  strong 4838 4844
  strong 4873 4879
  td 4882 4884
  td 4899 4901
  strong 4933 4939
  strong 4958 4964
  td 4967 4969
  td 5015 5017
  strong 5031 5037
  td 5090 5092
  td 5136 5138
  strong 5152 5158
  td 5212 5214
  tr 5256 5258
  tbody 5266 5271
  table 5275 5280
  script 5333 5339
  script 6133 6139
Invalid Selector
App\Models\ExamRecord; 4425
  script 54 60
  script 113 119
  script 122 128
  script 181 187
  table 191 196
  tbody 250 255
  tr 266 268
  td 283 285
  strong 287 293
  strong 300 306
  td 343 345
  td 360 362
  strong 364 370
  strong 392 398
  td 419 421
  td 436 438
  strong 440 446
  strong 456 462
  td 499 501
  tr 513 515
  tr 526 528
  td 543 545
  strong 547 553
  strong 578 584
  td 642 644
  td 659 661
  strong 663 669
  strong 689 695
  td 714 716
  td 731 733
  strong 735 741
  strong 748 754
  td 891 893
  tr 905 907
  tbody 916 921
  table 925 930
  table 935 940
  thead 1081 1086
  tr 1097 1099
  th 1114 1116
  th 1133 1135
  th 1150 1152
  th 1175 1177
  th 1192 1194
  br 1211 1213
  th 1220 1222
  th 1237 1239
  br 1256 1258
  th 1265 1267
  th 1282 1284
  br 1305 1307
  th 1314 1316
  th 1331 1333
  br 1360 1362
  th 1365 1367
  th 1452 1454
  br 1474 1476
  sup 1486 1489
  sup 1493 1496
  th 1509 1511
  th 1526 1528
  sup 1543 1546
  sup 1551 1554
  br 1557 1559
  th 1572 1574
  th 1589 1591
  sup 1606 1609
  sup 1613 1616
  br 1619 1621
  th 1634 1636
  th 1651 1653
  br 1678 1680
  sup 1684 1687
  sup 1692 1695
  sup 1701 1704
  sup 1708 1711
  sup 1717 1720
  sup 1724 1727
  th 1730 1732
  th 1747 1749
  th 1771 1773
  th 1813 1815
  th 1841 1843
  th 1858 1860
  th 1890 1892
  th 1907 1909
  th 1933 1935
  tr 1947 1949
  thead 1957 1962
  tbody 1970 1975
  tr 2027 2029
  td 2048 2050
  td 2075 2077
  td 2096 2098
  td 2117 2119
  td 2241 2243
  td 2266 2268
  td 2291 2293
  td 2316 2318
  td 2341 2343
  td 2367 2369
  td 2392 2394
  td 2875 2877
  td 2995 2997
  td 3022 3024
  td 3052 3054
  td 3133 3135
  td 3163 3165
  td 3244 3246
  td 3274 3276
  td 3300 3302
  td 3330 3332
  td 3360 3362
  td 3486 3488
  td 3520 3522
  td 3545 3547
  td 4155 4157
  td 4180 4182
  td 4228 4230
  tr 4274 4276
  tr 4788 4790
  td 4805 4807
  strong 4840 4846
  strong 4875 4881
  td 4884 4886
  td 4901 4903
  strong 4935 4941
  strong 4960 4966
  td 4969 4971
  td 5017 5019
  strong 5033 5039
  td 5092 5094
  td 5138 5140
  strong 5154 5160
  td 5214 5216
  tr 5258 5260
  tbody 5268 5273
  table 5277 5282
  script 5335 5341
  script 6135 6141
Invalid Selector
strong 624
  script 54 60
  script 113 119
  script 122 128
  script 181 187
  table 191 196
  tbody 250 255
  tr 266 268
  td 283 285
  strong 287 293
  strong 300 306
  td 343 345
  td 406 408
  strong 410 416
  strong 438 444
  td 465 467
  td 482 484
  strong 486 492
  strong 502 508
  td 545 547
  tr 559 561
  tr 572 574
  td 589 591
  strong 593 599
  strong 624 630
strong is a "html tag"
components.min.css has 4339 symbols
Searching through them all for /(^|[\s>+~])strong(\[[^\]]*\]|:{1,2}[\w-()]+|\.[\w-]+|#[\w-]+)*\s*/
Done
bootstrap_limitless.css has 1198 symbols
Searching through them all for /(^|[\s>+~])strong(\[[^\]]*\]|:{1,2}[\w-()]+|\.[\w-]+|#[\w-]+)*\s*/
Done
receipt.css has 17 symbols
Searching through them all for /(^|[\s>+~])strong(\[[^\]]*\]|:{1,2}[\w-()]+|\.[\w-]+|#[\w-]+)*\s*/
Done
bootstrap_limitless.min.css has 1198 symbols
Searching through them all for /(^|[\s>+~])strong(\[[^\]]*\]|:{1,2}[\w-()]+|\.[\w-]+|#[\w-]+)*\s*/
Done
print_tabulation.css has 7 symbols
Searching through them all for /(^|[\s>+~])strong(\[[^\]]*\]|:{1,2}[\w-()]+|\.[\w-]+|#[\w-]+)*\s*/
Done
my_print.css has 14 symbols
Searching through them all for /(^|[\s>+~])strong(\[[^\]]*\]|:{1,2}[\w-()]+|\.[\w-]+|#[\w-]+)*\s*/
Done
bootstrap-datepicker.min.css has 221 symbols
Searching through them all for /(^|[\s>+~])strong(\[[^\]]*\]|:{1,2}[\w-()]+|\.[\w-]+|#[\w-]+)*\s*/
Done
bootstrap.min.css has 2572 symbols
Searching through them all for /(^|[\s>+~])strong(\[[^\]]*\]|:{1,2}[\w-()]+|\.[\w-]+|#[\w-]+)*\s*/
Done
bootstrap.css has 2572 symbols
Searching through them all for /(^|[\s>+~])strong(\[[^\]]*\]|:{1,2}[\w-()]+|\.[\w-]+|#[\w-]+)*\s*/
Done
_c3.scss has 48 symbols
Searching through them all for /(^|[\s>+~])strong(\[[^\]]*\]|:{1,2}[\w-()]+|\.[\w-]+|#[\w-]+)*\s*/
Done
_inbox.scss has 15 symbols
Searching through them all for /(^|[\s>+~])strong(\[[^\]]*\]|:{1,2}[\w-()]+|\.[\w-]+|#[\w-]+)*\s*/
Done
_d3.scss has 72 symbols
Searching through them all for /(^|[\s>+~])strong(\[[^\]]*\]|:{1,2}[\w-()]+|\.[\w-]+|#[\w-]+)*\s*/
Done
_print.scss has 34 symbols
Searching through them all for /(^|[\s>+~])strong(\[[^\]]*\]|:{1,2}[\w-()]+|\.[\w-]+|#[\w-]+)*\s*/
Done
components.css has 4341 symbols
Searching through them all for /(^|[\s>+~])strong(\[[^\]]*\]|:{1,2}[\w-()]+|\.[\w-]+|#[\w-]+)*\s*/
Done
_reboot.scss has 100 symbols
Searching through them all for /(^|[\s>+~])strong(\[[^\]]*\]|:{1,2}[\w-()]+|\.[\w-]+|#[\w-]+)*\s*/
Done
_table-row.scss has 10 symbols
Searching through them all for /(^|[\s>+~])strong(\[[^\]]*\]|:{1,2}[\w-()]+|\.[\w-]+|#[\w-]+)*\s*/
Done
dialog_opera.css has 160 symbols
Searching through them all for /(^|[\s>+~])strong(\[[^\]]*\]|:{1,2}[\w-()]+|\.[\w-]+|#[\w-]+)*\s*/
Done
dialog_opera.css has 160 symbols
Searching through them all for /(^|[\s>+~])strong(\[[^\]]*\]|:{1,2}[\w-()]+|\.[\w-]+|#[\w-]+)*\s*/
Done
dialog_iequirks.css has 158 symbols
Searching through them all for /(^|[\s>+~])strong(\[[^\]]*\]|:{1,2}[\w-()]+|\.[\w-]+|#[\w-]+)*\s*/
Done
dialog_ie.css has 173 symbols
Searching through them all for /(^|[\s>+~])strong(\[[^\]]*\]|:{1,2}[\w-()]+|\.[\w-]+|#[\w-]+)*\s*/
Done
dialog_iequirks.css has 158 symbols
Searching through them all for /(^|[\s>+~])strong(\[[^\]]*\]|:{1,2}[\w-()]+|\.[\w-]+|#[\w-]+)*\s*/
Done
dialog_ie.css has 173 symbols
Searching through them all for /(^|[\s>+~])strong(\[[^\]]*\]|:{1,2}[\w-()]+|\.[\w-]+|#[\w-]+)*\s*/
Done
dialog_ie7.css has 172 symbols
Searching through them all for /(^|[\s>+~])strong(\[[^\]]*\]|:{1,2}[\w-()]+|\.[\w-]+|#[\w-]+)*\s*/
Done
dialog_ie8.css has 161 symbols
Searching through them all for /(^|[\s>+~])strong(\[[^\]]*\]|:{1,2}[\w-()]+|\.[\w-]+|#[\w-]+)*\s*/
Done
dialog_ie7.css has 172 symbols
Searching through them all for /(^|[\s>+~])strong(\[[^\]]*\]|:{1,2}[\w-()]+|\.[\w-]+|#[\w-]+)*\s*/
Done
wsc.css has 18 symbols
Searching through them all for /(^|[\s>+~])strong(\[[^\]]*\]|:{1,2}[\w-()]+|\.[\w-]+|#[\w-]+)*\s*/
Done
dialog_ie8.css has 161 symbols
Searching through them all for /(^|[\s>+~])strong(\[[^\]]*\]|:{1,2}[\w-()]+|\.[\w-]+|#[\w-]+)*\s*/
Done
dialog.css has 159 symbols
Searching through them all for /(^|[\s>+~])strong(\[[^\]]*\]|:{1,2}[\w-()]+|\.[\w-]+|#[\w-]+)*\s*/
Done
dialog.scss has 155 symbols
Searching through them all for /(^|[\s>+~])strong(\[[^\]]*\]|:{1,2}[\w-()]+|\.[\w-]+|#[\w-]+)*\s*/
Done
dialog.scss has 155 symbols
Searching through them all for /(^|[\s>+~])strong(\[[^\]]*\]|:{1,2}[\w-()]+|\.[\w-]+|#[\w-]+)*\s*/
Done
_colorpanel.scss has 20 symbols
Searching through them all for /(^|[\s>+~])strong(\[[^\]]*\]|:{1,2}[\w-()]+|\.[\w-]+|#[\w-]+)*\s*/
Done
dialog.css has 159 symbols
Searching through them all for /(^|[\s>+~])strong(\[[^\]]*\]|:{1,2}[\w-()]+|\.[\w-]+|#[\w-]+)*\s*/
Done
dialog_opera.scss has 3 symbols
Searching through them all for /(^|[\s>+~])strong(\[[^\]]*\]|:{1,2}[\w-()]+|\.[\w-]+|#[\w-]+)*\s*/
Done
_colorpanel.scss has 20 symbols
Searching through them all for /(^|[\s>+~])strong(\[[^\]]*\]|:{1,2}[\w-()]+|\.[\w-]+|#[\w-]+)*\s*/
Done
dialog_opera.scss has 3 symbols
Searching through them all for /(^|[\s>+~])strong(\[[^\]]*\]|:{1,2}[\w-()]+|\.[\w-]+|#[\w-]+)*\s*/
Done
_footable.scss has 17 symbols
Searching through them all for /(^|[\s>+~])strong(\[[^\]]*\]|:{1,2}[\w-()]+|\.[\w-]+|#[\w-]+)*\s*/
Done
_handsontable.scss has 342 symbols
Searching through them all for /(^|[\s>+~])strong(\[[^\]]*\]|:{1,2}[\w-()]+|\.[\w-]+|#[\w-]+)*\s*/
Done
_widgets.scss has 281 symbols
Searching through them all for /(^|[\s>+~])strong(\[[^\]]*\]|:{1,2}[\w-()]+|\.[\w-]+|#[\w-]+)*\s*/
Done
_datatable-columns-reorder.scss has 4 symbols
Searching through them all for /(^|[\s>+~])strong(\[[^\]]*\]|:{1,2}[\w-()]+|\.[\w-]+|#[\w-]+)*\s*/
Done
_fancytree.scss has 100 symbols
Searching through them all for /(^|[\s>+~])strong(\[[^\]]*\]|:{1,2}[\w-()]+|\.[\w-]+|#[\w-]+)*\s*/
Done
_tables.scss has 136 symbols
Searching through them all for /(^|[\s>+~])strong(\[[^\]]*\]|:{1,2}[\w-()]+|\.[\w-]+|#[\w-]+)*\s*/
Done
_datatable-fixed-columns.scss has 21 symbols
Searching through them all for /(^|[\s>+~])strong(\[[^\]]*\]|:{1,2}[\w-()]+|\.[\w-]+|#[\w-]+)*\s*/
Done
_datatable-scroller.scss has 8 symbols
Searching through them all for /(^|[\s>+~])strong(\[[^\]]*\]|:{1,2}[\w-()]+|\.[\w-]+|#[\w-]+)*\s*/
Done
_datatable-keytable.scss has 8 symbols
Searching through them all for /(^|[\s>+~])strong(\[[^\]]*\]|:{1,2}[\w-()]+|\.[\w-]+|#[\w-]+)*\s*/
Done
_fullcalendar.scss has 285 symbols
Searching through them all for /(^|[\s>+~])strong(\[[^\]]*\]|:{1,2}[\w-()]+|\.[\w-]+|#[\w-]+)*\s*/
Done
_datatables.scss has 133 symbols
Searching through them all for /(^|[\s>+~])strong(\[[^\]]*\]|:{1,2}[\w-()]+|\.[\w-]+|#[\w-]+)*\s*/
Done
_datatable-responsive.scss has 31 symbols
Searching through them all for /(^|[\s>+~])strong(\[[^\]]*\]|:{1,2}[\w-()]+|\.[\w-]+|#[\w-]+)*\s*/
Done
_buttons.scss has 69 symbols
Searching through them all for /(^|[\s>+~])strong(\[[^\]]*\]|:{1,2}[\w-()]+|\.[\w-]+|#[\w-]+)*\s*/
Done
_datatable-rows-reorder.scss has 4 symbols
Searching through them all for /(^|[\s>+~])strong(\[[^\]]*\]|:{1,2}[\w-()]+|\.[\w-]+|#[\w-]+)*\s*/
Done
_daterange.scss has 86 symbols
Searching through them all for /(^|[\s>+~])strong(\[[^\]]*\]|:{1,2}[\w-()]+|\.[\w-]+|#[\w-]+)*\s*/
Done
_alpaca.scss has 65 symbols
Searching through them all for /(^|[\s>+~])strong(\[[^\]]*\]|:{1,2}[\w-()]+|\.[\w-]+|#[\w-]+)*\s*/
Done
_date.scss has 49 symbols
Searching through them all for /(^|[\s>+~])strong(\[[^\]]*\]|:{1,2}[\w-()]+|\.[\w-]+|#[\w-]+)*\s*/
Done
_tables.scss has 43 symbols
Searching through them all for /(^|[\s>+~])strong(\[[^\]]*\]|:{1,2}[\w-()]+|\.[\w-]+|#[\w-]+)*\s*/
Done
_widgets.scss has 251 symbols
Searching through them all for /(^|[\s>+~])strong(\[[^\]]*\]|:{1,2}[\w-()]+|\.[\w-]+|#[\w-]+)*\s*/
Done
_handsontable.scss has 342 symbols
Searching through them all for /(^|[\s>+~])strong(\[[^\]]*\]|:{1,2}[\w-()]+|\.[\w-]+|#[\w-]+)*\s*/
Done
_tables.scss has 136 symbols
Searching through them all for /(^|[\s>+~])strong(\[[^\]]*\]|:{1,2}[\w-()]+|\.[\w-]+|#[\w-]+)*\s*/
Done
_footable.scss has 17 symbols
Searching through them all for /(^|[\s>+~])strong(\[[^\]]*\]|:{1,2}[\w-()]+|\.[\w-]+|#[\w-]+)*\s*/
Done
_datatable-responsive.scss has 31 symbols
Searching through them all for /(^|[\s>+~])strong(\[[^\]]*\]|:{1,2}[\w-()]+|\.[\w-]+|#[\w-]+)*\s*/
Done
_datatable-rows-reorder.scss has 4 symbols
Searching through them all for /(^|[\s>+~])strong(\[[^\]]*\]|:{1,2}[\w-()]+|\.[\w-]+|#[\w-]+)*\s*/
Done
_datatable-columns-reorder.scss has 4 symbols
Searching through them all for /(^|[\s>+~])strong(\[[^\]]*\]|:{1,2}[\w-()]+|\.[\w-]+|#[\w-]+)*\s*/
Done
_fullcalendar.scss has 285 symbols
Searching through them all for /(^|[\s>+~])strong(\[[^\]]*\]|:{1,2}[\w-()]+|\.[\w-]+|#[\w-]+)*\s*/
Done
_datatables.scss has 132 symbols
Searching through them all for /(^|[\s>+~])strong(\[[^\]]*\]|:{1,2}[\w-()]+|\.[\w-]+|#[\w-]+)*\s*/
Done
_fancytree.scss has 100 symbols
Searching through them all for /(^|[\s>+~])strong(\[[^\]]*\]|:{1,2}[\w-()]+|\.[\w-]+|#[\w-]+)*\s*/
Done
_alpaca.scss has 64 symbols
Searching through them all for /(^|[\s>+~])strong(\[[^\]]*\]|:{1,2}[\w-()]+|\.[\w-]+|#[\w-]+)*\s*/
Done
_daterange.scss has 87 symbols
Searching through them all for /(^|[\s>+~])strong(\[[^\]]*\]|:{1,2}[\w-()]+|\.[\w-]+|#[\w-]+)*\s*/
Done
_date.scss has 49 symbols
Searching through them all for /(^|[\s>+~])strong(\[[^\]]*\]|:{1,2}[\w-()]+|\.[\w-]+|#[\w-]+)*\s*/
Done
_datatable-fixed-columns.scss has 21 symbols
Searching through them all for /(^|[\s>+~])strong(\[[^\]]*\]|:{1,2}[\w-()]+|\.[\w-]+|#[\w-]+)*\s*/
Done
_datatable-scroller.scss has 8 symbols
Searching through them all for /(^|[\s>+~])strong(\[[^\]]*\]|:{1,2}[\w-()]+|\.[\w-]+|#[\w-]+)*\s*/
Done
_datatable-keytable.scss has 8 symbols
Searching through them all for /(^|[\s>+~])strong(\[[^\]]*\]|:{1,2}[\w-()]+|\.[\w-]+|#[\w-]+)*\s*/
Done
_buttons.scss has 69 symbols
Searching through them all for /(^|[\s>+~])strong(\[[^\]]*\]|:{1,2}[\w-()]+|\.[\w-]+|#[\w-]+)*\s*/
Done
app.css has 3148 symbols
Searching through them all for /(^|[\s>+~])strong(\[[^\]]*\]|:{1,2}[\w-()]+|\.[\w-]+|#[\w-]+)*\s*/
Done
exception.css has 214 symbols
Searching through them all for /(^|[\s>+~])strong(\[[^\]]*\]|:{1,2}[\w-()]+|\.[\w-]+|#[\w-]+)*\s*/
Done
default.css has 45 symbols
Searching through them all for /(^|[\s>+~])strong(\[[^\]]*\]|:{1,2}[\w-()]+|\.[\w-]+|#[\w-]+)*\s*/
Done
html.css has 163 symbols
Searching through them all for /(^|[\s>+~])strong(\[[^\]]*\]|:{1,2}[\w-()]+|\.[\w-]+|#[\w-]+)*\s*/
Done
whoops.base.css has 120 symbols
Searching through them all for /(^|[\s>+~])strong(\[[^\]]*\]|:{1,2}[\w-()]+|\.[\w-]+|#[\w-]+)*\s*/
Done
style.css has 50 symbols
Searching through them all for /(^|[\s>+~])strong(\[[^\]]*\]|:{1,2}[\w-()]+|\.[\w-]+|#[\w-]+)*\s*/
Done
bootstrap.min.css has 3147 symbols
Searching through them all for /(^|[\s>+~])strong(\[[^\]]*\]|:{1,2}[\w-()]+|\.[\w-]+|#[\w-]+)*\s*/
Done
nv.d3.min.css has 135 symbols
Searching through them all for /(^|[\s>+~])strong(\[[^\]]*\]|:{1,2}[\w-()]+|\.[\w-]+|#[\w-]+)*\s*/
Done
strong 624
  script 54 60
  script 113 119
  script 122 128
  script 181 187
  table 191 196
  tbody 250 255
  tr 266 268
  td 283 285
  strong 287 293
  strong 300 306
  td 343 345
  td 406 408
  strong 410 416
  strong 438 444
  td 465 467
  td 482 484
  strong 486 492
  strong 502 508
  td 545 547
  tr 559 561
  tr 572 574
  td 589 591
  strong 593 599
  strong 624 630
strong is a "html tag"
components.min.css has 4339 symbols
Searching through them all for /(^|[\s>+~])strong(\[[^\]]*\]|:{1,2}[\w-()]+|\.[\w-]+|#[\w-]+)*\s*/
Done
bootstrap_limitless.css has 1198 symbols
Searching through them all for /(^|[\s>+~])strong(\[[^\]]*\]|:{1,2}[\w-()]+|\.[\w-]+|#[\w-]+)*\s*/
Done
receipt.css has 17 symbols
Searching through them all for /(^|[\s>+~])strong(\[[^\]]*\]|:{1,2}[\w-()]+|\.[\w-]+|#[\w-]+)*\s*/
Done
bootstrap_limitless.min.css has 1198 symbols
Searching through them all for /(^|[\s>+~])strong(\[[^\]]*\]|:{1,2}[\w-()]+|\.[\w-]+|#[\w-]+)*\s*/
Done
print_tabulation.css has 7 symbols
Searching through them all for /(^|[\s>+~])strong(\[[^\]]*\]|:{1,2}[\w-()]+|\.[\w-]+|#[\w-]+)*\s*/
Done
my_print.css has 14 symbols
Searching through them all for /(^|[\s>+~])strong(\[[^\]]*\]|:{1,2}[\w-()]+|\.[\w-]+|#[\w-]+)*\s*/
Done
bootstrap-datepicker.min.css has 221 symbols
Searching through them all for /(^|[\s>+~])strong(\[[^\]]*\]|:{1,2}[\w-()]+|\.[\w-]+|#[\w-]+)*\s*/
Done
bootstrap.min.css has 2572 symbols
Searching through them all for /(^|[\s>+~])strong(\[[^\]]*\]|:{1,2}[\w-()]+|\.[\w-]+|#[\w-]+)*\s*/
Done
bootstrap.css has 2572 symbols
Searching through them all for /(^|[\s>+~])strong(\[[^\]]*\]|:{1,2}[\w-()]+|\.[\w-]+|#[\w-]+)*\s*/
Done
_c3.scss has 48 symbols
Searching through them all for /(^|[\s>+~])strong(\[[^\]]*\]|:{1,2}[\w-()]+|\.[\w-]+|#[\w-]+)*\s*/
Done
_inbox.scss has 15 symbols
Searching through them all for /(^|[\s>+~])strong(\[[^\]]*\]|:{1,2}[\w-()]+|\.[\w-]+|#[\w-]+)*\s*/
Done
_d3.scss has 72 symbols
Searching through them all for /(^|[\s>+~])strong(\[[^\]]*\]|:{1,2}[\w-()]+|\.[\w-]+|#[\w-]+)*\s*/
Done
_print.scss has 34 symbols
Searching through them all for /(^|[\s>+~])strong(\[[^\]]*\]|:{1,2}[\w-()]+|\.[\w-]+|#[\w-]+)*\s*/
Done
components.css has 4341 symbols
Searching through them all for /(^|[\s>+~])strong(\[[^\]]*\]|:{1,2}[\w-()]+|\.[\w-]+|#[\w-]+)*\s*/
Done
_reboot.scss has 100 symbols
Searching through them all for /(^|[\s>+~])strong(\[[^\]]*\]|:{1,2}[\w-()]+|\.[\w-]+|#[\w-]+)*\s*/
Done
_table-row.scss has 10 symbols
Searching through them all for /(^|[\s>+~])strong(\[[^\]]*\]|:{1,2}[\w-()]+|\.[\w-]+|#[\w-]+)*\s*/
Done
dialog_opera.css has 160 symbols
Searching through them all for /(^|[\s>+~])strong(\[[^\]]*\]|:{1,2}[\w-()]+|\.[\w-]+|#[\w-]+)*\s*/
Done
dialog_opera.css has 160 symbols
Searching through them all for /(^|[\s>+~])strong(\[[^\]]*\]|:{1,2}[\w-()]+|\.[\w-]+|#[\w-]+)*\s*/
Done
dialog_iequirks.css has 158 symbols
Searching through them all for /(^|[\s>+~])strong(\[[^\]]*\]|:{1,2}[\w-()]+|\.[\w-]+|#[\w-]+)*\s*/
Done
dialog_ie.css has 173 symbols
Searching through them all for /(^|[\s>+~])strong(\[[^\]]*\]|:{1,2}[\w-()]+|\.[\w-]+|#[\w-]+)*\s*/
Done
dialog_iequirks.css has 158 symbols
Searching through them all for /(^|[\s>+~])strong(\[[^\]]*\]|:{1,2}[\w-()]+|\.[\w-]+|#[\w-]+)*\s*/
Done
dialog_ie.css has 173 symbols
Searching through them all for /(^|[\s>+~])strong(\[[^\]]*\]|:{1,2}[\w-()]+|\.[\w-]+|#[\w-]+)*\s*/
Done
dialog_ie7.css has 172 symbols
Searching through them all for /(^|[\s>+~])strong(\[[^\]]*\]|:{1,2}[\w-()]+|\.[\w-]+|#[\w-]+)*\s*/
Done
dialog_ie8.css has 161 symbols
Searching through them all for /(^|[\s>+~])strong(\[[^\]]*\]|:{1,2}[\w-()]+|\.[\w-]+|#[\w-]+)*\s*/
Done
dialog_ie7.css has 172 symbols
Searching through them all for /(^|[\s>+~])strong(\[[^\]]*\]|:{1,2}[\w-()]+|\.[\w-]+|#[\w-]+)*\s*/
Done
wsc.css has 18 symbols
Searching through them all for /(^|[\s>+~])strong(\[[^\]]*\]|:{1,2}[\w-()]+|\.[\w-]+|#[\w-]+)*\s*/
Done
dialog_ie8.css has 161 symbols
Searching through them all for /(^|[\s>+~])strong(\[[^\]]*\]|:{1,2}[\w-()]+|\.[\w-]+|#[\w-]+)*\s*/
Done
dialog.css has 159 symbols
Searching through them all for /(^|[\s>+~])strong(\[[^\]]*\]|:{1,2}[\w-()]+|\.[\w-]+|#[\w-]+)*\s*/
Done
dialog.scss has 155 symbols
Searching through them all for /(^|[\s>+~])strong(\[[^\]]*\]|:{1,2}[\w-()]+|\.[\w-]+|#[\w-]+)*\s*/
Done
dialog.scss has 155 symbols
Searching through them all for /(^|[\s>+~])strong(\[[^\]]*\]|:{1,2}[\w-()]+|\.[\w-]+|#[\w-]+)*\s*/
Done
_colorpanel.scss has 20 symbols
Searching through them all for /(^|[\s>+~])strong(\[[^\]]*\]|:{1,2}[\w-()]+|\.[\w-]+|#[\w-]+)*\s*/
Done
dialog.css has 159 symbols
Searching through them all for /(^|[\s>+~])strong(\[[^\]]*\]|:{1,2}[\w-()]+|\.[\w-]+|#[\w-]+)*\s*/
Done
dialog_opera.scss has 3 symbols
Searching through them all for /(^|[\s>+~])strong(\[[^\]]*\]|:{1,2}[\w-()]+|\.[\w-]+|#[\w-]+)*\s*/
Done
_colorpanel.scss has 20 symbols
Searching through them all for /(^|[\s>+~])strong(\[[^\]]*\]|:{1,2}[\w-()]+|\.[\w-]+|#[\w-]+)*\s*/
Done
dialog_opera.scss has 3 symbols
Searching through them all for /(^|[\s>+~])strong(\[[^\]]*\]|:{1,2}[\w-()]+|\.[\w-]+|#[\w-]+)*\s*/
Done
_footable.scss has 17 symbols
Searching through them all for /(^|[\s>+~])strong(\[[^\]]*\]|:{1,2}[\w-()]+|\.[\w-]+|#[\w-]+)*\s*/
Done
_handsontable.scss has 342 symbols
Searching through them all for /(^|[\s>+~])strong(\[[^\]]*\]|:{1,2}[\w-()]+|\.[\w-]+|#[\w-]+)*\s*/
Done
_widgets.scss has 281 symbols
Searching through them all for /(^|[\s>+~])strong(\[[^\]]*\]|:{1,2}[\w-()]+|\.[\w-]+|#[\w-]+)*\s*/
Done
_datatable-columns-reorder.scss has 4 symbols
Searching through them all for /(^|[\s>+~])strong(\[[^\]]*\]|:{1,2}[\w-()]+|\.[\w-]+|#[\w-]+)*\s*/
Done
_fancytree.scss has 100 symbols
Searching through them all for /(^|[\s>+~])strong(\[[^\]]*\]|:{1,2}[\w-()]+|\.[\w-]+|#[\w-]+)*\s*/
Done
_tables.scss has 136 symbols
Searching through them all for /(^|[\s>+~])strong(\[[^\]]*\]|:{1,2}[\w-()]+|\.[\w-]+|#[\w-]+)*\s*/
Done
_datatable-fixed-columns.scss has 21 symbols
Searching through them all for /(^|[\s>+~])strong(\[[^\]]*\]|:{1,2}[\w-()]+|\.[\w-]+|#[\w-]+)*\s*/
Done
_datatable-scroller.scss has 8 symbols
Searching through them all for /(^|[\s>+~])strong(\[[^\]]*\]|:{1,2}[\w-()]+|\.[\w-]+|#[\w-]+)*\s*/
Done
_datatable-keytable.scss has 8 symbols
Searching through them all for /(^|[\s>+~])strong(\[[^\]]*\]|:{1,2}[\w-()]+|\.[\w-]+|#[\w-]+)*\s*/
Done
_fullcalendar.scss has 285 symbols
Searching through them all for /(^|[\s>+~])strong(\[[^\]]*\]|:{1,2}[\w-()]+|\.[\w-]+|#[\w-]+)*\s*/
Done
_datatables.scss has 133 symbols
Searching through them all for /(^|[\s>+~])strong(\[[^\]]*\]|:{1,2}[\w-()]+|\.[\w-]+|#[\w-]+)*\s*/
Done
_datatable-responsive.scss has 31 symbols
Searching through them all for /(^|[\s>+~])strong(\[[^\]]*\]|:{1,2}[\w-()]+|\.[\w-]+|#[\w-]+)*\s*/
Done
_buttons.scss has 69 symbols
Searching through them all for /(^|[\s>+~])strong(\[[^\]]*\]|:{1,2}[\w-()]+|\.[\w-]+|#[\w-]+)*\s*/
Done
_datatable-rows-reorder.scss has 4 symbols
Searching through them all for /(^|[\s>+~])strong(\[[^\]]*\]|:{1,2}[\w-()]+|\.[\w-]+|#[\w-]+)*\s*/
Done
_daterange.scss has 86 symbols
Searching through them all for /(^|[\s>+~])strong(\[[^\]]*\]|:{1,2}[\w-()]+|\.[\w-]+|#[\w-]+)*\s*/
Done
_alpaca.scss has 65 symbols
Searching through them all for /(^|[\s>+~])strong(\[[^\]]*\]|:{1,2}[\w-()]+|\.[\w-]+|#[\w-]+)*\s*/
Done
_date.scss has 49 symbols
Searching through them all for /(^|[\s>+~])strong(\[[^\]]*\]|:{1,2}[\w-()]+|\.[\w-]+|#[\w-]+)*\s*/
Done
_tables.scss has 43 symbols
Searching through them all for /(^|[\s>+~])strong(\[[^\]]*\]|:{1,2}[\w-()]+|\.[\w-]+|#[\w-]+)*\s*/
Done
_widgets.scss has 251 symbols
Searching through them all for /(^|[\s>+~])strong(\[[^\]]*\]|:{1,2}[\w-()]+|\.[\w-]+|#[\w-]+)*\s*/
Done
_handsontable.scss has 342 symbols
Searching through them all for /(^|[\s>+~])strong(\[[^\]]*\]|:{1,2}[\w-()]+|\.[\w-]+|#[\w-]+)*\s*/
Done
_tables.scss has 136 symbols
Searching through them all for /(^|[\s>+~])strong(\[[^\]]*\]|:{1,2}[\w-()]+|\.[\w-]+|#[\w-]+)*\s*/
Done
_footable.scss has 17 symbols
Searching through them all for /(^|[\s>+~])strong(\[[^\]]*\]|:{1,2}[\w-()]+|\.[\w-]+|#[\w-]+)*\s*/
Done
_datatable-responsive.scss has 31 symbols
Searching through them all for /(^|[\s>+~])strong(\[[^\]]*\]|:{1,2}[\w-()]+|\.[\w-]+|#[\w-]+)*\s*/
Done
_datatable-rows-reorder.scss has 4 symbols
Searching through them all for /(^|[\s>+~])strong(\[[^\]]*\]|:{1,2}[\w-()]+|\.[\w-]+|#[\w-]+)*\s*/
Done
_datatable-columns-reorder.scss has 4 symbols
Searching through them all for /(^|[\s>+~])strong(\[[^\]]*\]|:{1,2}[\w-()]+|\.[\w-]+|#[\w-]+)*\s*/
Done
_fullcalendar.scss has 285 symbols
Searching through them all for /(^|[\s>+~])strong(\[[^\]]*\]|:{1,2}[\w-()]+|\.[\w-]+|#[\w-]+)*\s*/
Done
_datatables.scss has 132 symbols
Searching through them all for /(^|[\s>+~])strong(\[[^\]]*\]|:{1,2}[\w-()]+|\.[\w-]+|#[\w-]+)*\s*/
Done
_fancytree.scss has 100 symbols
Searching through them all for /(^|[\s>+~])strong(\[[^\]]*\]|:{1,2}[\w-()]+|\.[\w-]+|#[\w-]+)*\s*/
Done
_alpaca.scss has 64 symbols
Searching through them all for /(^|[\s>+~])strong(\[[^\]]*\]|:{1,2}[\w-()]+|\.[\w-]+|#[\w-]+)*\s*/
Done
_daterange.scss has 87 symbols
Searching through them all for /(^|[\s>+~])strong(\[[^\]]*\]|:{1,2}[\w-()]+|\.[\w-]+|#[\w-]+)*\s*/
Done
_date.scss has 49 symbols
Searching through them all for /(^|[\s>+~])strong(\[[^\]]*\]|:{1,2}[\w-()]+|\.[\w-]+|#[\w-]+)*\s*/
Done
_datatable-fixed-columns.scss has 21 symbols
Searching through them all for /(^|[\s>+~])strong(\[[^\]]*\]|:{1,2}[\w-()]+|\.[\w-]+|#[\w-]+)*\s*/
Done
_datatable-scroller.scss has 8 symbols
Searching through them all for /(^|[\s>+~])strong(\[[^\]]*\]|:{1,2}[\w-()]+|\.[\w-]+|#[\w-]+)*\s*/
Done
_datatable-keytable.scss has 8 symbols
Searching through them all for /(^|[\s>+~])strong(\[[^\]]*\]|:{1,2}[\w-()]+|\.[\w-]+|#[\w-]+)*\s*/
Done
_buttons.scss has 69 symbols
Searching through them all for /(^|[\s>+~])strong(\[[^\]]*\]|:{1,2}[\w-()]+|\.[\w-]+|#[\w-]+)*\s*/
Done
app.css has 3148 symbols
Searching through them all for /(^|[\s>+~])strong(\[[^\]]*\]|:{1,2}[\w-()]+|\.[\w-]+|#[\w-]+)*\s*/
Done
exception.css has 214 symbols
Searching through them all for /(^|[\s>+~])strong(\[[^\]]*\]|:{1,2}[\w-()]+|\.[\w-]+|#[\w-]+)*\s*/
Done
default.css has 45 symbols
Searching through them all for /(^|[\s>+~])strong(\[[^\]]*\]|:{1,2}[\w-()]+|\.[\w-]+|#[\w-]+)*\s*/
Done
html.css has 163 symbols
Searching through them all for /(^|[\s>+~])strong(\[[^\]]*\]|:{1,2}[\w-()]+|\.[\w-]+|#[\w-]+)*\s*/
Done
whoops.base.css has 120 symbols
Searching through them all for /(^|[\s>+~])strong(\[[^\]]*\]|:{1,2}[\w-()]+|\.[\w-]+|#[\w-]+)*\s*/
Done
style.css has 50 symbols
Searching through them all for /(^|[\s>+~])strong(\[[^\]]*\]|:{1,2}[\w-()]+|\.[\w-]+|#[\w-]+)*\s*/
Done
bootstrap.min.css has 3147 symbols
Searching through them all for /(^|[\s>+~])strong(\[[^\]]*\]|:{1,2}[\w-()]+|\.[\w-]+|#[\w-]+)*\s*/
Done
nv.d3.min.css has 135 symbols
Searching through them all for /(^|[\s>+~])strong(\[[^\]]*\]|:{1,2}[\w-()]+|\.[\w-]+|#[\w-]+)*\s*/
Done
POUR</strong 618
  script 54 60
  script 113 119
  script 122 128
  script 181 187
  table 191 196
  tbody 250 255
  tr 266 268
  td 283 285
  strong 287 293
  strong 300 306
  td 343 345
  td 406 408
  strong 410 416
  strong 438 444
  td 465 467
  td 482 484
  strong 486 492
  strong 502 508
  td 545 547
  tr 559 561
  tr 572 574
  td 589 591
  strong 593 599
  strong 624 630
  td 688 690
  td 705 707
  strong 709 715
  strong 735 741
  td 760 762
  td 777 779
  strong 781 787
  strong 794 800
  td 937 939
  tr 951 953
  tbody 962 967
  table 971 976
  table 981 986
  thead 1127 1132
  tr 1143 1145
  th 1160 1162
  th 1179 1181
  th 1196 1198
  th 1221 1223
  th 1238 1240
  br 1257 1259
  th 1266 1268
  th 1283 1285
  br 1302 1304
  th 1311 1313
  th 1328 1330
  br 1351 1353
  th 1360 1362
  th 1377 1379
  br 1406 1408
  th 1411 1413
  th 1498 1500
  br 1520 1522
  sup 1532 1535
  sup 1539 1542
  th 1555 1557
  th 1572 1574
  sup 1589 1592
  sup 1597 1600
  br 1603 1605
  th 1618 1620
  th 1635 1637
  sup 1652 1655
  sup 1659 1662
  br 1665 1667
  th 1680 1682
  th 1697 1699
  br 1724 1726
  sup 1730 1733
  sup 1738 1741
  sup 1747 1750
  sup 1754 1757
  sup 1763 1766
  sup 1770 1773
  th 1776 1778
  th 1793 1795
  th 1817 1819
  th 1859 1861
  th 1887 1889
  th 1904 1906
  th 1936 1938
  th 1953 1955
  th 1979 1981
  tr 1993 1995
  thead 2003 2008
  tbody 2016 2021
  tr 2073 2075
  td 2094 2096
  td 2121 2123
  td 2142 2144
  td 2163 2165
  td 2287 2289
  td 2312 2314
  td 2337 2339
  td 2362 2364
  td 2387 2389
  td 2413 2415
  td 2438 2440
  td 2921 2923
  td 3041 3043
  td 3068 3070
  td 3098 3100
  td 3179 3181
  td 3209 3211
  td 3290 3292
  td 3320 3322
  td 3346 3348
  td 3376 3378
  td 3406 3408
  td 3532 3534
  td 3566 3568
  td 3591 3593
  td 4201 4203
  td 4226 4228
  td 4274 4276
  tr 4320 4322
  tr 4834 4836
  td 4851 4853
  strong 4886 4892
  strong 4921 4927
  td 4930 4932
  td 4947 4949
  strong 4981 4987
  strong 5006 5012
  td 5015 5017
  td 5063 5065
  strong 5079 5085
  td 5138 5140
  td 5184 5186
  strong 5200 5206
  td 5260 5262
  tr 5304 5306
  tbody 5314 5319
  table 5323 5328
  script 5381 5387
  script 6181 6187
Invalid Selector
NOTES 612
  script 54 60
  script 113 119
  script 122 128
  script 181 187
  table 191 196
  tbody 250 255
  tr 266 268
  td 283 285
  strong 287 293
  strong 300 306
  td 343 345
  td 406 408
  strong 410 416
  strong 438 444
  td 465 467
  td 482 484
  strong 486 492
  strong 502 508
  td 545 547
  tr 559 561
  tr 572 574
  td 589 591
  strong 593 599
  strong 624 630
  td 688 690
  td 705 707
  strong 709 715
  strong 735 741
  td 760 762
  td 777 779
  strong 781 787
  strong 794 800
  td 937 939
  tr 951 953
  tbody 962 967
  table 971 976
  table 981 986
  thead 1127 1132
  tr 1143 1145
  th 1160 1162
  th 1179 1181
  th 1196 1198
  th 1221 1223
  th 1238 1240
  br 1257 1259
  th 1266 1268
  th 1283 1285
  br 1302 1304
  th 1311 1313
  th 1328 1330
  br 1351 1353
  th 1360 1362
  th 1377 1379
  br 1406 1408
  th 1411 1413
  th 1498 1500
  br 1520 1522
  sup 1532 1535
  sup 1539 1542
  th 1555 1557
  th 1572 1574
  sup 1589 1592
  sup 1597 1600
  br 1603 1605
  th 1618 1620
  th 1635 1637
  sup 1652 1655
  sup 1659 1662
  br 1665 1667
  th 1680 1682
  th 1697 1699
  br 1724 1726
  sup 1730 1733
  sup 1738 1741
  sup 1747 1750
  sup 1754 1757
  sup 1763 1766
  sup 1770 1773
  th 1776 1778
  th 1793 1795
  th 1817 1819
  th 1859 1861
  th 1887 1889
  th 1904 1906
  th 1936 1938
  th 1953 1955
  th 1979 1981
  tr 1993 1995
  thead 2003 2008
  tbody 2016 2021
  tr 2073 2075
  td 2094 2096
  td 2121 2123
  td 2142 2144
  td 2163 2165
  td 2287 2289
  td 2312 2314
  td 2337 2339
  td 2362 2364
  td 2387 2389
  td 2413 2415
  td 2438 2440
  td 2921 2923
  td 3041 3043
  td 3068 3070
  td 3098 3100
  td 3179 3181
  td 3209 3211
  td 3290 3292
  td 3320 3322
  td 3346 3348
  td 3376 3378
  td 3406 3408
  td 3532 3534
  td 3566 3568
  td 3591 3593
  td 4201 4203
  td 4226 4228
  td 4274 4276
  tr 4320 4322
  tr 4834 4836
  td 4851 4853
  strong 4886 4892
  strong 4921 4927
  td 4930 4932
  td 4947 4949
  strong 4981 4987
  strong 5006 5012
  td 5015 5017
  td 5063 5065
  strong 5079 5085
  td 5138 5140
  td 5184 5186
  strong 5200 5206
  td 5260 5262
  tr 5304 5306
  tbody 5314 5319
  table 5323 5328
  script 5381 5387
  script 6181 6187
Invalid Selector
DE 609
  script 54 60
  script 113 119
  script 122 128
  script 181 187
  table 191 196
  tbody 250 255
  tr 266 268
  td 283 285
  strong 287 293
  strong 300 306
  td 343 345
  td 406 408
  strong 410 416
  strong 438 444
  td 465 467
  td 482 484
  strong 486 492
  strong 502 508
  td 545 547
  tr 559 561
  tr 572 574
  td 589 591
  strong 593 599
  strong 624 630
  td 688 690
  td 705 707
  strong 709 715
  strong 735 741
  td 760 762
  td 777 779
  strong 781 787
  strong 794 800
  td 937 939
  tr 951 953
  tbody 962 967
  table 971 976
  table 981 986
  thead 1127 1132
  tr 1143 1145
  th 1160 1162
  th 1179 1181
  th 1196 1198
  th 1221 1223
  th 1238 1240
  br 1257 1259
  th 1266 1268
  th 1283 1285
  br 1302 1304
  th 1311 1313
  th 1328 1330
  br 1351 1353
  th 1360 1362
  th 1377 1379
  br 1406 1408
  th 1411 1413
  th 1498 1500
  br 1520 1522
  sup 1532 1535
  sup 1539 1542
  th 1555 1557
  th 1572 1574
  sup 1589 1592
  sup 1597 1600
  br 1603 1605
  th 1618 1620
  th 1635 1637
  sup 1652 1655
  sup 1659 1662
  br 1665 1667
  th 1680 1682
  th 1697 1699
  br 1724 1726
  sup 1730 1733
  sup 1738 1741
  sup 1747 1750
  sup 1754 1757
  sup 1763 1766
  sup 1770 1773
  th 1776 1778
  th 1793 1795
  th 1817 1819
  th 1859 1861
  th 1887 1889
  th 1904 1906
  th 1936 1938
  th 1953 1955
  th 1979 1981
  tr 1993 1995
  thead 2003 2008
  tbody 2016 2021
  tr 2073 2075
  td 2094 2096
  td 2121 2123
  td 2142 2144
  td 2163 2165
  td 2287 2289
  td 2312 2314
  td 2337 2339
  td 2362 2364
  td 2387 2389
  td 2413 2415
  td 2438 2440
  td 2921 2923
  td 3041 3043
  td 3068 3070
  td 3098 3100
  td 3179 3181
  td 3209 3211
  td 3290 3292
  td 3320 3322
  td 3346 3348
  td 3376 3378
  td 3406 3408
  td 3532 3534
  td 3566 3568
  td 3591 3593
  td 4201 4203
  td 4226 4228
  td 4274 4276
  tr 4320 4322
  tr 4834 4836
  td 4851 4853
  strong 4886 4892
  strong 4921 4927
  td 4930 4932
  td 4947 4949
  strong 4981 4987
  strong 5006 5012
  td 5015 5017
  td 5063 5065
  strong 5079 5085
  td 5138 5140
  td 5184 5186
  strong 5200 5206
  td 5260 5262
  tr 5304 5306
  tbody 5314 5319
  table 5323 5328
  script 5381 5387
  script 6181 6187
Invalid Selector
strong 593
  script 54 60
  script 113 119
  script 122 128
  script 181 187
  table 191 196
  tbody 250 255
  tr 266 268
  td 283 285
  strong 287 293
  strong 300 306
  td 343 345
  td 406 408
  strong 410 416
  strong 438 444
  td 465 467
  td 482 484
  strong 486 492
  strong 502 508
  td 545 547
  tr 559 561
  tr 572 574
  td 589 591
  strong 593 599
strong is a "html tag"
components.min.css has 4339 symbols
Searching through them all for /(^|[\s>+~])strong(\[[^\]]*\]|:{1,2}[\w-()]+|\.[\w-]+|#[\w-]+)*\s*/
Done
bootstrap_limitless.css has 1198 symbols
Searching through them all for /(^|[\s>+~])strong(\[[^\]]*\]|:{1,2}[\w-()]+|\.[\w-]+|#[\w-]+)*\s*/
Done
receipt.css has 17 symbols
Searching through them all for /(^|[\s>+~])strong(\[[^\]]*\]|:{1,2}[\w-()]+|\.[\w-]+|#[\w-]+)*\s*/
Done
bootstrap_limitless.min.css has 1198 symbols
Searching through them all for /(^|[\s>+~])strong(\[[^\]]*\]|:{1,2}[\w-()]+|\.[\w-]+|#[\w-]+)*\s*/
Done
print_tabulation.css has 7 symbols
Searching through them all for /(^|[\s>+~])strong(\[[^\]]*\]|:{1,2}[\w-()]+|\.[\w-]+|#[\w-]+)*\s*/
Done
my_print.css has 14 symbols
Searching through them all for /(^|[\s>+~])strong(\[[^\]]*\]|:{1,2}[\w-()]+|\.[\w-]+|#[\w-]+)*\s*/
Done
bootstrap-datepicker.min.css has 221 symbols
Searching through them all for /(^|[\s>+~])strong(\[[^\]]*\]|:{1,2}[\w-()]+|\.[\w-]+|#[\w-]+)*\s*/
Done
bootstrap.min.css has 2572 symbols
Searching through them all for /(^|[\s>+~])strong(\[[^\]]*\]|:{1,2}[\w-()]+|\.[\w-]+|#[\w-]+)*\s*/
Done
bootstrap.css has 2572 symbols
Searching through them all for /(^|[\s>+~])strong(\[[^\]]*\]|:{1,2}[\w-()]+|\.[\w-]+|#[\w-]+)*\s*/
Done
_c3.scss has 48 symbols
Searching through them all for /(^|[\s>+~])strong(\[[^\]]*\]|:{1,2}[\w-()]+|\.[\w-]+|#[\w-]+)*\s*/
Done
_inbox.scss has 15 symbols
Searching through them all for /(^|[\s>+~])strong(\[[^\]]*\]|:{1,2}[\w-()]+|\.[\w-]+|#[\w-]+)*\s*/
Done
_d3.scss has 72 symbols
Searching through them all for /(^|[\s>+~])strong(\[[^\]]*\]|:{1,2}[\w-()]+|\.[\w-]+|#[\w-]+)*\s*/
Done
_print.scss has 34 symbols
Searching through them all for /(^|[\s>+~])strong(\[[^\]]*\]|:{1,2}[\w-()]+|\.[\w-]+|#[\w-]+)*\s*/
Done
components.css has 4341 symbols
Searching through them all for /(^|[\s>+~])strong(\[[^\]]*\]|:{1,2}[\w-()]+|\.[\w-]+|#[\w-]+)*\s*/
Done
_reboot.scss has 100 symbols
Searching through them all for /(^|[\s>+~])strong(\[[^\]]*\]|:{1,2}[\w-()]+|\.[\w-]+|#[\w-]+)*\s*/
Done
_table-row.scss has 10 symbols
Searching through them all for /(^|[\s>+~])strong(\[[^\]]*\]|:{1,2}[\w-()]+|\.[\w-]+|#[\w-]+)*\s*/
Done
dialog_opera.css has 160 symbols
Searching through them all for /(^|[\s>+~])strong(\[[^\]]*\]|:{1,2}[\w-()]+|\.[\w-]+|#[\w-]+)*\s*/
Done
dialog_opera.css has 160 symbols
Searching through them all for /(^|[\s>+~])strong(\[[^\]]*\]|:{1,2}[\w-()]+|\.[\w-]+|#[\w-]+)*\s*/
Done
dialog_iequirks.css has 158 symbols
Searching through them all for /(^|[\s>+~])strong(\[[^\]]*\]|:{1,2}[\w-()]+|\.[\w-]+|#[\w-]+)*\s*/
Done
dialog_ie.css has 173 symbols
Searching through them all for /(^|[\s>+~])strong(\[[^\]]*\]|:{1,2}[\w-()]+|\.[\w-]+|#[\w-]+)*\s*/
Done
dialog_iequirks.css has 158 symbols
Searching through them all for /(^|[\s>+~])strong(\[[^\]]*\]|:{1,2}[\w-()]+|\.[\w-]+|#[\w-]+)*\s*/
Done
dialog_ie.css has 173 symbols
Searching through them all for /(^|[\s>+~])strong(\[[^\]]*\]|:{1,2}[\w-()]+|\.[\w-]+|#[\w-]+)*\s*/
Done
dialog_ie7.css has 172 symbols
Searching through them all for /(^|[\s>+~])strong(\[[^\]]*\]|:{1,2}[\w-()]+|\.[\w-]+|#[\w-]+)*\s*/
Done
dialog_ie8.css has 161 symbols
Searching through them all for /(^|[\s>+~])strong(\[[^\]]*\]|:{1,2}[\w-()]+|\.[\w-]+|#[\w-]+)*\s*/
Done
dialog_ie7.css has 172 symbols
Searching through them all for /(^|[\s>+~])strong(\[[^\]]*\]|:{1,2}[\w-()]+|\.[\w-]+|#[\w-]+)*\s*/
Done
wsc.css has 18 symbols
Searching through them all for /(^|[\s>+~])strong(\[[^\]]*\]|:{1,2}[\w-()]+|\.[\w-]+|#[\w-]+)*\s*/
Done
dialog_ie8.css has 161 symbols
Searching through them all for /(^|[\s>+~])strong(\[[^\]]*\]|:{1,2}[\w-()]+|\.[\w-]+|#[\w-]+)*\s*/
Done
dialog.css has 159 symbols
Searching through them all for /(^|[\s>+~])strong(\[[^\]]*\]|:{1,2}[\w-()]+|\.[\w-]+|#[\w-]+)*\s*/
Done
dialog.scss has 155 symbols
Searching through them all for /(^|[\s>+~])strong(\[[^\]]*\]|:{1,2}[\w-()]+|\.[\w-]+|#[\w-]+)*\s*/
Done
dialog.scss has 155 symbols
Searching through them all for /(^|[\s>+~])strong(\[[^\]]*\]|:{1,2}[\w-()]+|\.[\w-]+|#[\w-]+)*\s*/
Done
_colorpanel.scss has 20 symbols
Searching through them all for /(^|[\s>+~])strong(\[[^\]]*\]|:{1,2}[\w-()]+|\.[\w-]+|#[\w-]+)*\s*/
Done
dialog.css has 159 symbols
Searching through them all for /(^|[\s>+~])strong(\[[^\]]*\]|:{1,2}[\w-()]+|\.[\w-]+|#[\w-]+)*\s*/
Done
dialog_opera.scss has 3 symbols
Searching through them all for /(^|[\s>+~])strong(\[[^\]]*\]|:{1,2}[\w-()]+|\.[\w-]+|#[\w-]+)*\s*/
Done
_colorpanel.scss has 20 symbols
Searching through them all for /(^|[\s>+~])strong(\[[^\]]*\]|:{1,2}[\w-()]+|\.[\w-]+|#[\w-]+)*\s*/
Done
dialog_opera.scss has 3 symbols
Searching through them all for /(^|[\s>+~])strong(\[[^\]]*\]|:{1,2}[\w-()]+|\.[\w-]+|#[\w-]+)*\s*/
Done
_footable.scss has 17 symbols
Searching through them all for /(^|[\s>+~])strong(\[[^\]]*\]|:{1,2}[\w-()]+|\.[\w-]+|#[\w-]+)*\s*/
Done
_handsontable.scss has 342 symbols
Searching through them all for /(^|[\s>+~])strong(\[[^\]]*\]|:{1,2}[\w-()]+|\.[\w-]+|#[\w-]+)*\s*/
Done
_widgets.scss has 281 symbols
Searching through them all for /(^|[\s>+~])strong(\[[^\]]*\]|:{1,2}[\w-()]+|\.[\w-]+|#[\w-]+)*\s*/
Done
_datatable-columns-reorder.scss has 4 symbols
Searching through them all for /(^|[\s>+~])strong(\[[^\]]*\]|:{1,2}[\w-()]+|\.[\w-]+|#[\w-]+)*\s*/
Done
_fancytree.scss has 100 symbols
Searching through them all for /(^|[\s>+~])strong(\[[^\]]*\]|:{1,2}[\w-()]+|\.[\w-]+|#[\w-]+)*\s*/
Done
_tables.scss has 136 symbols
Searching through them all for /(^|[\s>+~])strong(\[[^\]]*\]|:{1,2}[\w-()]+|\.[\w-]+|#[\w-]+)*\s*/
Done
_datatable-fixed-columns.scss has 21 symbols
Searching through them all for /(^|[\s>+~])strong(\[[^\]]*\]|:{1,2}[\w-()]+|\.[\w-]+|#[\w-]+)*\s*/
Done
_datatable-scroller.scss has 8 symbols
Searching through them all for /(^|[\s>+~])strong(\[[^\]]*\]|:{1,2}[\w-()]+|\.[\w-]+|#[\w-]+)*\s*/
Done
_datatable-keytable.scss has 8 symbols
Searching through them all for /(^|[\s>+~])strong(\[[^\]]*\]|:{1,2}[\w-()]+|\.[\w-]+|#[\w-]+)*\s*/
Done
_fullcalendar.scss has 285 symbols
Searching through them all for /(^|[\s>+~])strong(\[[^\]]*\]|:{1,2}[\w-()]+|\.[\w-]+|#[\w-]+)*\s*/
Done
_datatables.scss has 133 symbols
Searching through them all for /(^|[\s>+~])strong(\[[^\]]*\]|:{1,2}[\w-()]+|\.[\w-]+|#[\w-]+)*\s*/
Done
_datatable-responsive.scss has 31 symbols
Searching through them all for /(^|[\s>+~])strong(\[[^\]]*\]|:{1,2}[\w-()]+|\.[\w-]+|#[\w-]+)*\s*/
Done
_buttons.scss has 69 symbols
Searching through them all for /(^|[\s>+~])strong(\[[^\]]*\]|:{1,2}[\w-()]+|\.[\w-]+|#[\w-]+)*\s*/
Done
_datatable-rows-reorder.scss has 4 symbols
Searching through them all for /(^|[\s>+~])strong(\[[^\]]*\]|:{1,2}[\w-()]+|\.[\w-]+|#[\w-]+)*\s*/
Done
_daterange.scss has 86 symbols
Searching through them all for /(^|[\s>+~])strong(\[[^\]]*\]|:{1,2}[\w-()]+|\.[\w-]+|#[\w-]+)*\s*/
Done
_alpaca.scss has 65 symbols
Searching through them all for /(^|[\s>+~])strong(\[[^\]]*\]|:{1,2}[\w-()]+|\.[\w-]+|#[\w-]+)*\s*/
Done
_date.scss has 49 symbols
Searching through them all for /(^|[\s>+~])strong(\[[^\]]*\]|:{1,2}[\w-()]+|\.[\w-]+|#[\w-]+)*\s*/
Done
_tables.scss has 43 symbols
Searching through them all for /(^|[\s>+~])strong(\[[^\]]*\]|:{1,2}[\w-()]+|\.[\w-]+|#[\w-]+)*\s*/
Done
_widgets.scss has 251 symbols
Searching through them all for /(^|[\s>+~])strong(\[[^\]]*\]|:{1,2}[\w-()]+|\.[\w-]+|#[\w-]+)*\s*/
Done
_handsontable.scss has 342 symbols
Searching through them all for /(^|[\s>+~])strong(\[[^\]]*\]|:{1,2}[\w-()]+|\.[\w-]+|#[\w-]+)*\s*/
Done
_tables.scss has 136 symbols
Searching through them all for /(^|[\s>+~])strong(\[[^\]]*\]|:{1,2}[\w-()]+|\.[\w-]+|#[\w-]+)*\s*/
Done
_footable.scss has 17 symbols
Searching through them all for /(^|[\s>+~])strong(\[[^\]]*\]|:{1,2}[\w-()]+|\.[\w-]+|#[\w-]+)*\s*/
Done
_datatable-responsive.scss has 31 symbols
Searching through them all for /(^|[\s>+~])strong(\[[^\]]*\]|:{1,2}[\w-()]+|\.[\w-]+|#[\w-]+)*\s*/
Done
_datatable-rows-reorder.scss has 4 symbols
Searching through them all for /(^|[\s>+~])strong(\[[^\]]*\]|:{1,2}[\w-()]+|\.[\w-]+|#[\w-]+)*\s*/
Done
_datatable-columns-reorder.scss has 4 symbols
Searching through them all for /(^|[\s>+~])strong(\[[^\]]*\]|:{1,2}[\w-()]+|\.[\w-]+|#[\w-]+)*\s*/
Done
_fullcalendar.scss has 285 symbols
Searching through them all for /(^|[\s>+~])strong(\[[^\]]*\]|:{1,2}[\w-()]+|\.[\w-]+|#[\w-]+)*\s*/
Done
_datatables.scss has 132 symbols
Searching through them all for /(^|[\s>+~])strong(\[[^\]]*\]|:{1,2}[\w-()]+|\.[\w-]+|#[\w-]+)*\s*/
Done
_fancytree.scss has 100 symbols
Searching through them all for /(^|[\s>+~])strong(\[[^\]]*\]|:{1,2}[\w-()]+|\.[\w-]+|#[\w-]+)*\s*/
Done
_alpaca.scss has 64 symbols
Searching through them all for /(^|[\s>+~])strong(\[[^\]]*\]|:{1,2}[\w-()]+|\.[\w-]+|#[\w-]+)*\s*/
Done
_daterange.scss has 87 symbols
Searching through them all for /(^|[\s>+~])strong(\[[^\]]*\]|:{1,2}[\w-()]+|\.[\w-]+|#[\w-]+)*\s*/
Done
_date.scss has 49 symbols
Searching through them all for /(^|[\s>+~])strong(\[[^\]]*\]|:{1,2}[\w-()]+|\.[\w-]+|#[\w-]+)*\s*/
Done
_datatable-fixed-columns.scss has 21 symbols
Searching through them all for /(^|[\s>+~])strong(\[[^\]]*\]|:{1,2}[\w-()]+|\.[\w-]+|#[\w-]+)*\s*/
Done
_datatable-scroller.scss has 8 symbols
Searching through them all for /(^|[\s>+~])strong(\[[^\]]*\]|:{1,2}[\w-()]+|\.[\w-]+|#[\w-]+)*\s*/
Done
_datatable-keytable.scss has 8 symbols
Searching through them all for /(^|[\s>+~])strong(\[[^\]]*\]|:{1,2}[\w-()]+|\.[\w-]+|#[\w-]+)*\s*/
Done
_buttons.scss has 69 symbols
Searching through them all for /(^|[\s>+~])strong(\[[^\]]*\]|:{1,2}[\w-()]+|\.[\w-]+|#[\w-]+)*\s*/
Done
app.css has 3148 symbols
Searching through them all for /(^|[\s>+~])strong(\[[^\]]*\]|:{1,2}[\w-()]+|\.[\w-]+|#[\w-]+)*\s*/
Done
exception.css has 214 symbols
Searching through them all for /(^|[\s>+~])strong(\[[^\]]*\]|:{1,2}[\w-()]+|\.[\w-]+|#[\w-]+)*\s*/
Done
default.css has 45 symbols
Searching through them all for /(^|[\s>+~])strong(\[[^\]]*\]|:{1,2}[\w-()]+|\.[\w-]+|#[\w-]+)*\s*/
Done
html.css has 163 symbols
Searching through them all for /(^|[\s>+~])strong(\[[^\]]*\]|:{1,2}[\w-()]+|\.[\w-]+|#[\w-]+)*\s*/
Done
whoops.base.css has 120 symbols
Searching through them all for /(^|[\s>+~])strong(\[[^\]]*\]|:{1,2}[\w-()]+|\.[\w-]+|#[\w-]+)*\s*/
Done
style.css has 50 symbols
Searching through them all for /(^|[\s>+~])strong(\[[^\]]*\]|:{1,2}[\w-()]+|\.[\w-]+|#[\w-]+)*\s*/
Done
bootstrap.min.css has 3147 symbols
Searching through them all for /(^|[\s>+~])strong(\[[^\]]*\]|:{1,2}[\w-()]+|\.[\w-]+|#[\w-]+)*\s*/
Done
nv.d3.min.css has 135 symbols
Searching through them all for /(^|[\s>+~])strong(\[[^\]]*\]|:{1,2}[\w-()]+|\.[\w-]+|#[\w-]+)*\s*/
Done
td 589
  script 54 60
  script 113 119
  script 122 128
  script 181 187
  table 191 196
  tbody 250 255
  tr 266 268
  td 283 285
  strong 287 293
  strong 300 306
  td 343 345
  td 406 408
  strong 410 416
  strong 438 444
  td 465 467
  td 482 484
  strong 486 492
  strong 502 508
  td 545 547
  tr 559 561
  tr 572 574
  td 589 591
td is a "html tag"
components.min.css has 4339 symbols
Searching through them all for /(^|[\s>+~])td(\[[^\]]*\]|:{1,2}[\w-()]+|\.[\w-]+|#[\w-]+)*\s*/
Done
bootstrap_limitless.css has 1198 symbols
Searching through them all for /(^|[\s>+~])td(\[[^\]]*\]|:{1,2}[\w-()]+|\.[\w-]+|#[\w-]+)*\s*/
Done
receipt.css has 17 symbols
Searching through them all for /(^|[\s>+~])td(\[[^\]]*\]|:{1,2}[\w-()]+|\.[\w-]+|#[\w-]+)*\s*/
Done
bootstrap_limitless.min.css has 1198 symbols
Searching through them all for /(^|[\s>+~])td(\[[^\]]*\]|:{1,2}[\w-()]+|\.[\w-]+|#[\w-]+)*\s*/
Done
print_tabulation.css has 7 symbols
Searching through them all for /(^|[\s>+~])td(\[[^\]]*\]|:{1,2}[\w-()]+|\.[\w-]+|#[\w-]+)*\s*/
Done
my_print.css has 14 symbols
Searching through them all for /(^|[\s>+~])td(\[[^\]]*\]|:{1,2}[\w-()]+|\.[\w-]+|#[\w-]+)*\s*/
Done
bootstrap-datepicker.min.css has 221 symbols
Searching through them all for /(^|[\s>+~])td(\[[^\]]*\]|:{1,2}[\w-()]+|\.[\w-]+|#[\w-]+)*\s*/
Done
bootstrap.min.css has 2572 symbols
Searching through them all for /(^|[\s>+~])td(\[[^\]]*\]|:{1,2}[\w-()]+|\.[\w-]+|#[\w-]+)*\s*/
Done
bootstrap.css has 2572 symbols
Searching through them all for /(^|[\s>+~])td(\[[^\]]*\]|:{1,2}[\w-()]+|\.[\w-]+|#[\w-]+)*\s*/
Done
_c3.scss has 48 symbols
Searching through them all for /(^|[\s>+~])td(\[[^\]]*\]|:{1,2}[\w-()]+|\.[\w-]+|#[\w-]+)*\s*/
Done
_inbox.scss has 15 symbols
Searching through them all for /(^|[\s>+~])td(\[[^\]]*\]|:{1,2}[\w-()]+|\.[\w-]+|#[\w-]+)*\s*/
Done
_d3.scss has 72 symbols
Searching through them all for /(^|[\s>+~])td(\[[^\]]*\]|:{1,2}[\w-()]+|\.[\w-]+|#[\w-]+)*\s*/
Done
_print.scss has 34 symbols
Searching through them all for /(^|[\s>+~])td(\[[^\]]*\]|:{1,2}[\w-()]+|\.[\w-]+|#[\w-]+)*\s*/
Done
components.css has 4341 symbols
Searching through them all for /(^|[\s>+~])td(\[[^\]]*\]|:{1,2}[\w-()]+|\.[\w-]+|#[\w-]+)*\s*/
Done
_reboot.scss has 100 symbols
Searching through them all for /(^|[\s>+~])td(\[[^\]]*\]|:{1,2}[\w-()]+|\.[\w-]+|#[\w-]+)*\s*/
Done
_table-row.scss has 10 symbols
Searching through them all for /(^|[\s>+~])td(\[[^\]]*\]|:{1,2}[\w-()]+|\.[\w-]+|#[\w-]+)*\s*/
Done
dialog_opera.css has 160 symbols
Searching through them all for /(^|[\s>+~])td(\[[^\]]*\]|:{1,2}[\w-()]+|\.[\w-]+|#[\w-]+)*\s*/
Done
dialog_opera.css has 160 symbols
Searching through them all for /(^|[\s>+~])td(\[[^\]]*\]|:{1,2}[\w-()]+|\.[\w-]+|#[\w-]+)*\s*/
Done
dialog_iequirks.css has 158 symbols
Searching through them all for /(^|[\s>+~])td(\[[^\]]*\]|:{1,2}[\w-()]+|\.[\w-]+|#[\w-]+)*\s*/
Done
dialog_ie.css has 173 symbols
Searching through them all for /(^|[\s>+~])td(\[[^\]]*\]|:{1,2}[\w-()]+|\.[\w-]+|#[\w-]+)*\s*/
Done
dialog_iequirks.css has 158 symbols
Searching through them all for /(^|[\s>+~])td(\[[^\]]*\]|:{1,2}[\w-()]+|\.[\w-]+|#[\w-]+)*\s*/
Done
dialog_ie.css has 173 symbols
Searching through them all for /(^|[\s>+~])td(\[[^\]]*\]|:{1,2}[\w-()]+|\.[\w-]+|#[\w-]+)*\s*/
Done
dialog_ie7.css has 172 symbols
Searching through them all for /(^|[\s>+~])td(\[[^\]]*\]|:{1,2}[\w-()]+|\.[\w-]+|#[\w-]+)*\s*/
Done
dialog_ie8.css has 161 symbols
Searching through them all for /(^|[\s>+~])td(\[[^\]]*\]|:{1,2}[\w-()]+|\.[\w-]+|#[\w-]+)*\s*/
Done
dialog_ie7.css has 172 symbols
Searching through them all for /(^|[\s>+~])td(\[[^\]]*\]|:{1,2}[\w-()]+|\.[\w-]+|#[\w-]+)*\s*/
Done
wsc.css has 18 symbols
Searching through them all for /(^|[\s>+~])td(\[[^\]]*\]|:{1,2}[\w-()]+|\.[\w-]+|#[\w-]+)*\s*/
Done
dialog_ie8.css has 161 symbols
Searching through them all for /(^|[\s>+~])td(\[[^\]]*\]|:{1,2}[\w-()]+|\.[\w-]+|#[\w-]+)*\s*/
Done
dialog.css has 159 symbols
Searching through them all for /(^|[\s>+~])td(\[[^\]]*\]|:{1,2}[\w-()]+|\.[\w-]+|#[\w-]+)*\s*/
Done
dialog.scss has 155 symbols
Searching through them all for /(^|[\s>+~])td(\[[^\]]*\]|:{1,2}[\w-()]+|\.[\w-]+|#[\w-]+)*\s*/
Done
dialog.scss has 155 symbols
Searching through them all for /(^|[\s>+~])td(\[[^\]]*\]|:{1,2}[\w-()]+|\.[\w-]+|#[\w-]+)*\s*/
Done
_colorpanel.scss has 20 symbols
Searching through them all for /(^|[\s>+~])td(\[[^\]]*\]|:{1,2}[\w-()]+|\.[\w-]+|#[\w-]+)*\s*/
Done
dialog.css has 159 symbols
Searching through them all for /(^|[\s>+~])td(\[[^\]]*\]|:{1,2}[\w-()]+|\.[\w-]+|#[\w-]+)*\s*/
Done
dialog_opera.scss has 3 symbols
Searching through them all for /(^|[\s>+~])td(\[[^\]]*\]|:{1,2}[\w-()]+|\.[\w-]+|#[\w-]+)*\s*/
Done
_colorpanel.scss has 20 symbols
Searching through them all for /(^|[\s>+~])td(\[[^\]]*\]|:{1,2}[\w-()]+|\.[\w-]+|#[\w-]+)*\s*/
Done
dialog_opera.scss has 3 symbols
Searching through them all for /(^|[\s>+~])td(\[[^\]]*\]|:{1,2}[\w-()]+|\.[\w-]+|#[\w-]+)*\s*/
Done
_footable.scss has 17 symbols
Searching through them all for /(^|[\s>+~])td(\[[^\]]*\]|:{1,2}[\w-()]+|\.[\w-]+|#[\w-]+)*\s*/
Done
_handsontable.scss has 342 symbols
Searching through them all for /(^|[\s>+~])td(\[[^\]]*\]|:{1,2}[\w-()]+|\.[\w-]+|#[\w-]+)*\s*/
Done
_widgets.scss has 281 symbols
Searching through them all for /(^|[\s>+~])td(\[[^\]]*\]|:{1,2}[\w-()]+|\.[\w-]+|#[\w-]+)*\s*/
Done
_datatable-columns-reorder.scss has 4 symbols
Searching through them all for /(^|[\s>+~])td(\[[^\]]*\]|:{1,2}[\w-()]+|\.[\w-]+|#[\w-]+)*\s*/
Done
_fancytree.scss has 100 symbols
Searching through them all for /(^|[\s>+~])td(\[[^\]]*\]|:{1,2}[\w-()]+|\.[\w-]+|#[\w-]+)*\s*/
Done
_tables.scss has 136 symbols
Searching through them all for /(^|[\s>+~])td(\[[^\]]*\]|:{1,2}[\w-()]+|\.[\w-]+|#[\w-]+)*\s*/
Done
_datatable-fixed-columns.scss has 21 symbols
Searching through them all for /(^|[\s>+~])td(\[[^\]]*\]|:{1,2}[\w-()]+|\.[\w-]+|#[\w-]+)*\s*/
Done
_datatable-scroller.scss has 8 symbols
Searching through them all for /(^|[\s>+~])td(\[[^\]]*\]|:{1,2}[\w-()]+|\.[\w-]+|#[\w-]+)*\s*/
Done
_datatable-keytable.scss has 8 symbols
Searching through them all for /(^|[\s>+~])td(\[[^\]]*\]|:{1,2}[\w-()]+|\.[\w-]+|#[\w-]+)*\s*/
Done
_fullcalendar.scss has 285 symbols
Searching through them all for /(^|[\s>+~])td(\[[^\]]*\]|:{1,2}[\w-()]+|\.[\w-]+|#[\w-]+)*\s*/
Done
_datatables.scss has 133 symbols
Searching through them all for /(^|[\s>+~])td(\[[^\]]*\]|:{1,2}[\w-()]+|\.[\w-]+|#[\w-]+)*\s*/
Done
_datatable-responsive.scss has 31 symbols
Searching through them all for /(^|[\s>+~])td(\[[^\]]*\]|:{1,2}[\w-()]+|\.[\w-]+|#[\w-]+)*\s*/
Done
_buttons.scss has 69 symbols
Searching through them all for /(^|[\s>+~])td(\[[^\]]*\]|:{1,2}[\w-()]+|\.[\w-]+|#[\w-]+)*\s*/
Done
_datatable-rows-reorder.scss has 4 symbols
Searching through them all for /(^|[\s>+~])td(\[[^\]]*\]|:{1,2}[\w-()]+|\.[\w-]+|#[\w-]+)*\s*/
Done
_daterange.scss has 86 symbols
Searching through them all for /(^|[\s>+~])td(\[[^\]]*\]|:{1,2}[\w-()]+|\.[\w-]+|#[\w-]+)*\s*/
Done
_alpaca.scss has 65 symbols
Searching through them all for /(^|[\s>+~])td(\[[^\]]*\]|:{1,2}[\w-()]+|\.[\w-]+|#[\w-]+)*\s*/
Done
_date.scss has 49 symbols
Searching through them all for /(^|[\s>+~])td(\[[^\]]*\]|:{1,2}[\w-()]+|\.[\w-]+|#[\w-]+)*\s*/
Done
_tables.scss has 43 symbols
Searching through them all for /(^|[\s>+~])td(\[[^\]]*\]|:{1,2}[\w-()]+|\.[\w-]+|#[\w-]+)*\s*/
Done
_widgets.scss has 251 symbols
Searching through them all for /(^|[\s>+~])td(\[[^\]]*\]|:{1,2}[\w-()]+|\.[\w-]+|#[\w-]+)*\s*/
Done
_handsontable.scss has 342 symbols
Searching through them all for /(^|[\s>+~])td(\[[^\]]*\]|:{1,2}[\w-()]+|\.[\w-]+|#[\w-]+)*\s*/
Done
_tables.scss has 136 symbols
Searching through them all for /(^|[\s>+~])td(\[[^\]]*\]|:{1,2}[\w-()]+|\.[\w-]+|#[\w-]+)*\s*/
Done
_footable.scss has 17 symbols
Searching through them all for /(^|[\s>+~])td(\[[^\]]*\]|:{1,2}[\w-()]+|\.[\w-]+|#[\w-]+)*\s*/
Done
_datatable-responsive.scss has 31 symbols
Searching through them all for /(^|[\s>+~])td(\[[^\]]*\]|:{1,2}[\w-()]+|\.[\w-]+|#[\w-]+)*\s*/
Done
_datatable-rows-reorder.scss has 4 symbols
Searching through them all for /(^|[\s>+~])td(\[[^\]]*\]|:{1,2}[\w-()]+|\.[\w-]+|#[\w-]+)*\s*/
Done
_datatable-columns-reorder.scss has 4 symbols
Searching through them all for /(^|[\s>+~])td(\[[^\]]*\]|:{1,2}[\w-()]+|\.[\w-]+|#[\w-]+)*\s*/
Done
_fullcalendar.scss has 285 symbols
Searching through them all for /(^|[\s>+~])td(\[[^\]]*\]|:{1,2}[\w-()]+|\.[\w-]+|#[\w-]+)*\s*/
Done
_datatables.scss has 132 symbols
Searching through them all for /(^|[\s>+~])td(\[[^\]]*\]|:{1,2}[\w-()]+|\.[\w-]+|#[\w-]+)*\s*/
Done
_fancytree.scss has 100 symbols
Searching through them all for /(^|[\s>+~])td(\[[^\]]*\]|:{1,2}[\w-()]+|\.[\w-]+|#[\w-]+)*\s*/
Done
_alpaca.scss has 64 symbols
Searching through them all for /(^|[\s>+~])td(\[[^\]]*\]|:{1,2}[\w-()]+|\.[\w-]+|#[\w-]+)*\s*/
Done
_daterange.scss has 87 symbols
Searching through them all for /(^|[\s>+~])td(\[[^\]]*\]|:{1,2}[\w-()]+|\.[\w-]+|#[\w-]+)*\s*/
Done
_date.scss has 49 symbols
Searching through them all for /(^|[\s>+~])td(\[[^\]]*\]|:{1,2}[\w-()]+|\.[\w-]+|#[\w-]+)*\s*/
Done
_datatable-fixed-columns.scss has 21 symbols
Searching through them all for /(^|[\s>+~])td(\[[^\]]*\]|:{1,2}[\w-()]+|\.[\w-]+|#[\w-]+)*\s*/
Done
_datatable-scroller.scss has 8 symbols
Searching through them all for /(^|[\s>+~])td(\[[^\]]*\]|:{1,2}[\w-()]+|\.[\w-]+|#[\w-]+)*\s*/
Done
_datatable-keytable.scss has 8 symbols
Searching through them all for /(^|[\s>+~])td(\[[^\]]*\]|:{1,2}[\w-()]+|\.[\w-]+|#[\w-]+)*\s*/
Done
_buttons.scss has 69 symbols
Searching through them all for /(^|[\s>+~])td(\[[^\]]*\]|:{1,2}[\w-()]+|\.[\w-]+|#[\w-]+)*\s*/
Done
app.css has 3148 symbols
Searching through them all for /(^|[\s>+~])td(\[[^\]]*\]|:{1,2}[\w-()]+|\.[\w-]+|#[\w-]+)*\s*/
Done
exception.css has 214 symbols
Searching through them all for /(^|[\s>+~])td(\[[^\]]*\]|:{1,2}[\w-()]+|\.[\w-]+|#[\w-]+)*\s*/
Done
default.css has 45 symbols
Searching through them all for /(^|[\s>+~])td(\[[^\]]*\]|:{1,2}[\w-()]+|\.[\w-]+|#[\w-]+)*\s*/
Done
html.css has 163 symbols
Searching through them all for /(^|[\s>+~])td(\[[^\]]*\]|:{1,2}[\w-()]+|\.[\w-]+|#[\w-]+)*\s*/
Done
whoops.base.css has 120 symbols
Searching through them all for /(^|[\s>+~])td(\[[^\]]*\]|:{1,2}[\w-()]+|\.[\w-]+|#[\w-]+)*\s*/
Done
style.css has 50 symbols
Searching through them all for /(^|[\s>+~])td(\[[^\]]*\]|:{1,2}[\w-()]+|\.[\w-]+|#[\w-]+)*\s*/
Done
bootstrap.min.css has 3147 symbols
Searching through them all for /(^|[\s>+~])td(\[[^\]]*\]|:{1,2}[\w-()]+|\.[\w-]+|#[\w-]+)*\s*/
Done
nv.d3.min.css has 135 symbols
Searching through them all for /(^|[\s>+~])td(\[[^\]]*\]|:{1,2}[\w-()]+|\.[\w-]+|#[\w-]+)*\s*/
Done
strong 410
  script 54 60
  script 113 119
  script 122 128
  script 181 187
  table 191 196
  tbody 250 255
  tr 266 268
  td 283 285
  strong 287 293
  strong 300 306
  td 343 345
  td 406 408
  strong 410 416
strong is a "html tag"
components.min.css has 4339 symbols
Searching through them all for /(^|[\s>+~])strong(\[[^\]]*\]|:{1,2}[\w-()]+|\.[\w-]+|#[\w-]+)*\s*/
Done
bootstrap_limitless.css has 1198 symbols
Searching through them all for /(^|[\s>+~])strong(\[[^\]]*\]|:{1,2}[\w-()]+|\.[\w-]+|#[\w-]+)*\s*/
Done
receipt.css has 17 symbols
Searching through them all for /(^|[\s>+~])strong(\[[^\]]*\]|:{1,2}[\w-()]+|\.[\w-]+|#[\w-]+)*\s*/
Done
bootstrap_limitless.min.css has 1198 symbols
Searching through them all for /(^|[\s>+~])strong(\[[^\]]*\]|:{1,2}[\w-()]+|\.[\w-]+|#[\w-]+)*\s*/
Done
print_tabulation.css has 7 symbols
Searching through them all for /(^|[\s>+~])strong(\[[^\]]*\]|:{1,2}[\w-()]+|\.[\w-]+|#[\w-]+)*\s*/
Done
my_print.css has 14 symbols
Searching through them all for /(^|[\s>+~])strong(\[[^\]]*\]|:{1,2}[\w-()]+|\.[\w-]+|#[\w-]+)*\s*/
Done
bootstrap-datepicker.min.css has 221 symbols
Searching through them all for /(^|[\s>+~])strong(\[[^\]]*\]|:{1,2}[\w-()]+|\.[\w-]+|#[\w-]+)*\s*/
Done
bootstrap.min.css has 2572 symbols
Searching through them all for /(^|[\s>+~])strong(\[[^\]]*\]|:{1,2}[\w-()]+|\.[\w-]+|#[\w-]+)*\s*/
Done
bootstrap.css has 2572 symbols
Searching through them all for /(^|[\s>+~])strong(\[[^\]]*\]|:{1,2}[\w-()]+|\.[\w-]+|#[\w-]+)*\s*/
Done
_c3.scss has 48 symbols
Searching through them all for /(^|[\s>+~])strong(\[[^\]]*\]|:{1,2}[\w-()]+|\.[\w-]+|#[\w-]+)*\s*/
Done
_inbox.scss has 15 symbols
Searching through them all for /(^|[\s>+~])strong(\[[^\]]*\]|:{1,2}[\w-()]+|\.[\w-]+|#[\w-]+)*\s*/
Done
_d3.scss has 72 symbols
Searching through them all for /(^|[\s>+~])strong(\[[^\]]*\]|:{1,2}[\w-()]+|\.[\w-]+|#[\w-]+)*\s*/
Done
_print.scss has 34 symbols
Searching through them all for /(^|[\s>+~])strong(\[[^\]]*\]|:{1,2}[\w-()]+|\.[\w-]+|#[\w-]+)*\s*/
Done
components.css has 4341 symbols
Searching through them all for /(^|[\s>+~])strong(\[[^\]]*\]|:{1,2}[\w-()]+|\.[\w-]+|#[\w-]+)*\s*/
Done
_reboot.scss has 100 symbols
Searching through them all for /(^|[\s>+~])strong(\[[^\]]*\]|:{1,2}[\w-()]+|\.[\w-]+|#[\w-]+)*\s*/
Done
_table-row.scss has 10 symbols
Searching through them all for /(^|[\s>+~])strong(\[[^\]]*\]|:{1,2}[\w-()]+|\.[\w-]+|#[\w-]+)*\s*/
Done
dialog_opera.css has 160 symbols
Searching through them all for /(^|[\s>+~])strong(\[[^\]]*\]|:{1,2}[\w-()]+|\.[\w-]+|#[\w-]+)*\s*/
Done
dialog_opera.css has 160 symbols
Searching through them all for /(^|[\s>+~])strong(\[[^\]]*\]|:{1,2}[\w-()]+|\.[\w-]+|#[\w-]+)*\s*/
Done
dialog_iequirks.css has 158 symbols
Searching through them all for /(^|[\s>+~])strong(\[[^\]]*\]|:{1,2}[\w-()]+|\.[\w-]+|#[\w-]+)*\s*/
Done
dialog_ie.css has 173 symbols
Searching through them all for /(^|[\s>+~])strong(\[[^\]]*\]|:{1,2}[\w-()]+|\.[\w-]+|#[\w-]+)*\s*/
Done
dialog_iequirks.css has 158 symbols
Searching through them all for /(^|[\s>+~])strong(\[[^\]]*\]|:{1,2}[\w-()]+|\.[\w-]+|#[\w-]+)*\s*/
Done
dialog_ie.css has 173 symbols
Searching through them all for /(^|[\s>+~])strong(\[[^\]]*\]|:{1,2}[\w-()]+|\.[\w-]+|#[\w-]+)*\s*/
Done
dialog_ie7.css has 172 symbols
Searching through them all for /(^|[\s>+~])strong(\[[^\]]*\]|:{1,2}[\w-()]+|\.[\w-]+|#[\w-]+)*\s*/
Done
dialog_ie8.css has 161 symbols
Searching through them all for /(^|[\s>+~])strong(\[[^\]]*\]|:{1,2}[\w-()]+|\.[\w-]+|#[\w-]+)*\s*/
Done
dialog_ie7.css has 172 symbols
Searching through them all for /(^|[\s>+~])strong(\[[^\]]*\]|:{1,2}[\w-()]+|\.[\w-]+|#[\w-]+)*\s*/
Done
wsc.css has 18 symbols
Searching through them all for /(^|[\s>+~])strong(\[[^\]]*\]|:{1,2}[\w-()]+|\.[\w-]+|#[\w-]+)*\s*/
Done
dialog_ie8.css has 161 symbols
Searching through them all for /(^|[\s>+~])strong(\[[^\]]*\]|:{1,2}[\w-()]+|\.[\w-]+|#[\w-]+)*\s*/
Done
dialog.css has 159 symbols
Searching through them all for /(^|[\s>+~])strong(\[[^\]]*\]|:{1,2}[\w-()]+|\.[\w-]+|#[\w-]+)*\s*/
Done
dialog.scss has 155 symbols
Searching through them all for /(^|[\s>+~])strong(\[[^\]]*\]|:{1,2}[\w-()]+|\.[\w-]+|#[\w-]+)*\s*/
Done
dialog.scss has 155 symbols
Searching through them all for /(^|[\s>+~])strong(\[[^\]]*\]|:{1,2}[\w-()]+|\.[\w-]+|#[\w-]+)*\s*/
Done
_colorpanel.scss has 20 symbols
Searching through them all for /(^|[\s>+~])strong(\[[^\]]*\]|:{1,2}[\w-()]+|\.[\w-]+|#[\w-]+)*\s*/
Done
dialog.css has 159 symbols
Searching through them all for /(^|[\s>+~])strong(\[[^\]]*\]|:{1,2}[\w-()]+|\.[\w-]+|#[\w-]+)*\s*/
Done
dialog_opera.scss has 3 symbols
Searching through them all for /(^|[\s>+~])strong(\[[^\]]*\]|:{1,2}[\w-()]+|\.[\w-]+|#[\w-]+)*\s*/
Done
_colorpanel.scss has 20 symbols
Searching through them all for /(^|[\s>+~])strong(\[[^\]]*\]|:{1,2}[\w-()]+|\.[\w-]+|#[\w-]+)*\s*/
Done
dialog_opera.scss has 3 symbols
Searching through them all for /(^|[\s>+~])strong(\[[^\]]*\]|:{1,2}[\w-()]+|\.[\w-]+|#[\w-]+)*\s*/
Done
_footable.scss has 17 symbols
Searching through them all for /(^|[\s>+~])strong(\[[^\]]*\]|:{1,2}[\w-()]+|\.[\w-]+|#[\w-]+)*\s*/
Done
_handsontable.scss has 342 symbols
Searching through them all for /(^|[\s>+~])strong(\[[^\]]*\]|:{1,2}[\w-()]+|\.[\w-]+|#[\w-]+)*\s*/
Done
_widgets.scss has 281 symbols
Searching through them all for /(^|[\s>+~])strong(\[[^\]]*\]|:{1,2}[\w-()]+|\.[\w-]+|#[\w-]+)*\s*/
Done
_datatable-columns-reorder.scss has 4 symbols
Searching through them all for /(^|[\s>+~])strong(\[[^\]]*\]|:{1,2}[\w-()]+|\.[\w-]+|#[\w-]+)*\s*/
Done
_fancytree.scss has 100 symbols
Searching through them all for /(^|[\s>+~])strong(\[[^\]]*\]|:{1,2}[\w-()]+|\.[\w-]+|#[\w-]+)*\s*/
Done
_tables.scss has 136 symbols
Searching through them all for /(^|[\s>+~])strong(\[[^\]]*\]|:{1,2}[\w-()]+|\.[\w-]+|#[\w-]+)*\s*/
Done
_datatable-fixed-columns.scss has 21 symbols
Searching through them all for /(^|[\s>+~])strong(\[[^\]]*\]|:{1,2}[\w-()]+|\.[\w-]+|#[\w-]+)*\s*/
Done
_datatable-scroller.scss has 8 symbols
Searching through them all for /(^|[\s>+~])strong(\[[^\]]*\]|:{1,2}[\w-()]+|\.[\w-]+|#[\w-]+)*\s*/
Done
_datatable-keytable.scss has 8 symbols
Searching through them all for /(^|[\s>+~])strong(\[[^\]]*\]|:{1,2}[\w-()]+|\.[\w-]+|#[\w-]+)*\s*/
Done
_fullcalendar.scss has 285 symbols
Searching through them all for /(^|[\s>+~])strong(\[[^\]]*\]|:{1,2}[\w-()]+|\.[\w-]+|#[\w-]+)*\s*/
Done
_datatables.scss has 133 symbols
Searching through them all for /(^|[\s>+~])strong(\[[^\]]*\]|:{1,2}[\w-()]+|\.[\w-]+|#[\w-]+)*\s*/
Done
_datatable-responsive.scss has 31 symbols
Searching through them all for /(^|[\s>+~])strong(\[[^\]]*\]|:{1,2}[\w-()]+|\.[\w-]+|#[\w-]+)*\s*/
Done
_buttons.scss has 69 symbols
Searching through them all for /(^|[\s>+~])strong(\[[^\]]*\]|:{1,2}[\w-()]+|\.[\w-]+|#[\w-]+)*\s*/
Done
_datatable-rows-reorder.scss has 4 symbols
Searching through them all for /(^|[\s>+~])strong(\[[^\]]*\]|:{1,2}[\w-()]+|\.[\w-]+|#[\w-]+)*\s*/
Done
_daterange.scss has 86 symbols
Searching through them all for /(^|[\s>+~])strong(\[[^\]]*\]|:{1,2}[\w-()]+|\.[\w-]+|#[\w-]+)*\s*/
Done
_alpaca.scss has 65 symbols
Searching through them all for /(^|[\s>+~])strong(\[[^\]]*\]|:{1,2}[\w-()]+|\.[\w-]+|#[\w-]+)*\s*/
Done
_date.scss has 49 symbols
Searching through them all for /(^|[\s>+~])strong(\[[^\]]*\]|:{1,2}[\w-()]+|\.[\w-]+|#[\w-]+)*\s*/
Done
_tables.scss has 43 symbols
Searching through them all for /(^|[\s>+~])strong(\[[^\]]*\]|:{1,2}[\w-()]+|\.[\w-]+|#[\w-]+)*\s*/
Done
_widgets.scss has 251 symbols
Searching through them all for /(^|[\s>+~])strong(\[[^\]]*\]|:{1,2}[\w-()]+|\.[\w-]+|#[\w-]+)*\s*/
Done
_handsontable.scss has 342 symbols
Searching through them all for /(^|[\s>+~])strong(\[[^\]]*\]|:{1,2}[\w-()]+|\.[\w-]+|#[\w-]+)*\s*/
Done
_tables.scss has 136 symbols
Searching through them all for /(^|[\s>+~])strong(\[[^\]]*\]|:{1,2}[\w-()]+|\.[\w-]+|#[\w-]+)*\s*/
Done
_footable.scss has 17 symbols
Searching through them all for /(^|[\s>+~])strong(\[[^\]]*\]|:{1,2}[\w-()]+|\.[\w-]+|#[\w-]+)*\s*/
Done
_datatable-responsive.scss has 31 symbols
Searching through them all for /(^|[\s>+~])strong(\[[^\]]*\]|:{1,2}[\w-()]+|\.[\w-]+|#[\w-]+)*\s*/
Done
_datatable-rows-reorder.scss has 4 symbols
Searching through them all for /(^|[\s>+~])strong(\[[^\]]*\]|:{1,2}[\w-()]+|\.[\w-]+|#[\w-]+)*\s*/
Done
_datatable-columns-reorder.scss has 4 symbols
Searching through them all for /(^|[\s>+~])strong(\[[^\]]*\]|:{1,2}[\w-()]+|\.[\w-]+|#[\w-]+)*\s*/
Done
_fullcalendar.scss has 285 symbols
Searching through them all for /(^|[\s>+~])strong(\[[^\]]*\]|:{1,2}[\w-()]+|\.[\w-]+|#[\w-]+)*\s*/
Done
_datatables.scss has 132 symbols
Searching through them all for /(^|[\s>+~])strong(\[[^\]]*\]|:{1,2}[\w-()]+|\.[\w-]+|#[\w-]+)*\s*/
Done
_fancytree.scss has 100 symbols
Searching through them all for /(^|[\s>+~])strong(\[[^\]]*\]|:{1,2}[\w-()]+|\.[\w-]+|#[\w-]+)*\s*/
Done
_alpaca.scss has 64 symbols
Searching through them all for /(^|[\s>+~])strong(\[[^\]]*\]|:{1,2}[\w-()]+|\.[\w-]+|#[\w-]+)*\s*/
Done
_daterange.scss has 87 symbols
Searching through them all for /(^|[\s>+~])strong(\[[^\]]*\]|:{1,2}[\w-()]+|\.[\w-]+|#[\w-]+)*\s*/
Done
_date.scss has 49 symbols
Searching through them all for /(^|[\s>+~])strong(\[[^\]]*\]|:{1,2}[\w-()]+|\.[\w-]+|#[\w-]+)*\s*/
Done
_datatable-fixed-columns.scss has 21 symbols
Searching through them all for /(^|[\s>+~])strong(\[[^\]]*\]|:{1,2}[\w-()]+|\.[\w-]+|#[\w-]+)*\s*/
Done
_datatable-scroller.scss has 8 symbols
Searching through them all for /(^|[\s>+~])strong(\[[^\]]*\]|:{1,2}[\w-()]+|\.[\w-]+|#[\w-]+)*\s*/
Done
_datatable-keytable.scss has 8 symbols
Searching through them all for /(^|[\s>+~])strong(\[[^\]]*\]|:{1,2}[\w-()]+|\.[\w-]+|#[\w-]+)*\s*/
Done
_buttons.scss has 69 symbols
Searching through them all for /(^|[\s>+~])strong(\[[^\]]*\]|:{1,2}[\w-()]+|\.[\w-]+|#[\w-]+)*\s*/
Done
app.css has 3148 symbols
Searching through them all for /(^|[\s>+~])strong(\[[^\]]*\]|:{1,2}[\w-()]+|\.[\w-]+|#[\w-]+)*\s*/
Done
exception.css has 214 symbols
Searching through them all for /(^|[\s>+~])strong(\[[^\]]*\]|:{1,2}[\w-()]+|\.[\w-]+|#[\w-]+)*\s*/
Done
default.css has 45 symbols
Searching through them all for /(^|[\s>+~])strong(\[[^\]]*\]|:{1,2}[\w-()]+|\.[\w-]+|#[\w-]+)*\s*/
Done
html.css has 163 symbols
Searching through them all for /(^|[\s>+~])strong(\[[^\]]*\]|:{1,2}[\w-()]+|\.[\w-]+|#[\w-]+)*\s*/
Done
whoops.base.css has 120 symbols
Searching through them all for /(^|[\s>+~])strong(\[[^\]]*\]|:{1,2}[\w-()]+|\.[\w-]+|#[\w-]+)*\s*/
Done
style.css has 50 symbols
Searching through them all for /(^|[\s>+~])strong(\[[^\]]*\]|:{1,2}[\w-()]+|\.[\w-]+|#[\w-]+)*\s*/
Done
bootstrap.min.css has 3147 symbols
Searching through them all for /(^|[\s>+~])strong(\[[^\]]*\]|:{1,2}[\w-()]+|\.[\w-]+|#[\w-]+)*\s*/
Done
nv.d3.min.css has 135 symbols
Searching through them all for /(^|[\s>+~])strong(\[[^\]]*\]|:{1,2}[\w-()]+|\.[\w-]+|#[\w-]+)*\s*/
Done
strong 496
  script 54 60
  script 113 119
  script 122 128
  script 181 187
  table 191 196
  tbody 250 255
  tr 266 268
  td 283 285
  strong 287 293
  strong 300 306
  td 343 345
  td 416 418
  strong 420 426
  strong 448 454
  td 475 477
  td 492 494
  strong 496 502
strong is a "html tag"
components.min.css has 4339 symbols
Searching through them all for /(^|[\s>+~])strong(\[[^\]]*\]|:{1,2}[\w-()]+|\.[\w-]+|#[\w-]+)*\s*/
Done
bootstrap_limitless.css has 1198 symbols
Searching through them all for /(^|[\s>+~])strong(\[[^\]]*\]|:{1,2}[\w-()]+|\.[\w-]+|#[\w-]+)*\s*/
Done
receipt.css has 17 symbols
Searching through them all for /(^|[\s>+~])strong(\[[^\]]*\]|:{1,2}[\w-()]+|\.[\w-]+|#[\w-]+)*\s*/
Done
bootstrap_limitless.min.css has 1198 symbols
Searching through them all for /(^|[\s>+~])strong(\[[^\]]*\]|:{1,2}[\w-()]+|\.[\w-]+|#[\w-]+)*\s*/
Done
print_tabulation.css has 7 symbols
Searching through them all for /(^|[\s>+~])strong(\[[^\]]*\]|:{1,2}[\w-()]+|\.[\w-]+|#[\w-]+)*\s*/
Done
my_print.css has 14 symbols
Searching through them all for /(^|[\s>+~])strong(\[[^\]]*\]|:{1,2}[\w-()]+|\.[\w-]+|#[\w-]+)*\s*/
Done
bootstrap-datepicker.min.css has 221 symbols
Searching through them all for /(^|[\s>+~])strong(\[[^\]]*\]|:{1,2}[\w-()]+|\.[\w-]+|#[\w-]+)*\s*/
Done
bootstrap.min.css has 2572 symbols
Searching through them all for /(^|[\s>+~])strong(\[[^\]]*\]|:{1,2}[\w-()]+|\.[\w-]+|#[\w-]+)*\s*/
Done
bootstrap.css has 2572 symbols
Searching through them all for /(^|[\s>+~])strong(\[[^\]]*\]|:{1,2}[\w-()]+|\.[\w-]+|#[\w-]+)*\s*/
Done
_c3.scss has 48 symbols
Searching through them all for /(^|[\s>+~])strong(\[[^\]]*\]|:{1,2}[\w-()]+|\.[\w-]+|#[\w-]+)*\s*/
Done
_inbox.scss has 15 symbols
Searching through them all for /(^|[\s>+~])strong(\[[^\]]*\]|:{1,2}[\w-()]+|\.[\w-]+|#[\w-]+)*\s*/
Done
_d3.scss has 72 symbols
Searching through them all for /(^|[\s>+~])strong(\[[^\]]*\]|:{1,2}[\w-()]+|\.[\w-]+|#[\w-]+)*\s*/
Done
_print.scss has 34 symbols
Searching through them all for /(^|[\s>+~])strong(\[[^\]]*\]|:{1,2}[\w-()]+|\.[\w-]+|#[\w-]+)*\s*/
Done
components.css has 4341 symbols
Searching through them all for /(^|[\s>+~])strong(\[[^\]]*\]|:{1,2}[\w-()]+|\.[\w-]+|#[\w-]+)*\s*/
Done
_reboot.scss has 100 symbols
Searching through them all for /(^|[\s>+~])strong(\[[^\]]*\]|:{1,2}[\w-()]+|\.[\w-]+|#[\w-]+)*\s*/
Done
_table-row.scss has 10 symbols
Searching through them all for /(^|[\s>+~])strong(\[[^\]]*\]|:{1,2}[\w-()]+|\.[\w-]+|#[\w-]+)*\s*/
Done
dialog_opera.css has 160 symbols
Searching through them all for /(^|[\s>+~])strong(\[[^\]]*\]|:{1,2}[\w-()]+|\.[\w-]+|#[\w-]+)*\s*/
Done
dialog_opera.css has 160 symbols
Searching through them all for /(^|[\s>+~])strong(\[[^\]]*\]|:{1,2}[\w-()]+|\.[\w-]+|#[\w-]+)*\s*/
Done
dialog_iequirks.css has 158 symbols
Searching through them all for /(^|[\s>+~])strong(\[[^\]]*\]|:{1,2}[\w-()]+|\.[\w-]+|#[\w-]+)*\s*/
Done
dialog_ie.css has 173 symbols
Searching through them all for /(^|[\s>+~])strong(\[[^\]]*\]|:{1,2}[\w-()]+|\.[\w-]+|#[\w-]+)*\s*/
Done
dialog_iequirks.css has 158 symbols
Searching through them all for /(^|[\s>+~])strong(\[[^\]]*\]|:{1,2}[\w-()]+|\.[\w-]+|#[\w-]+)*\s*/
Done
dialog_ie.css has 173 symbols
Searching through them all for /(^|[\s>+~])strong(\[[^\]]*\]|:{1,2}[\w-()]+|\.[\w-]+|#[\w-]+)*\s*/
Done
dialog_ie7.css has 172 symbols
Searching through them all for /(^|[\s>+~])strong(\[[^\]]*\]|:{1,2}[\w-()]+|\.[\w-]+|#[\w-]+)*\s*/
Done
dialog_ie8.css has 161 symbols
Searching through them all for /(^|[\s>+~])strong(\[[^\]]*\]|:{1,2}[\w-()]+|\.[\w-]+|#[\w-]+)*\s*/
Done
dialog_ie7.css has 172 symbols
Searching through them all for /(^|[\s>+~])strong(\[[^\]]*\]|:{1,2}[\w-()]+|\.[\w-]+|#[\w-]+)*\s*/
Done
wsc.css has 18 symbols
Searching through them all for /(^|[\s>+~])strong(\[[^\]]*\]|:{1,2}[\w-()]+|\.[\w-]+|#[\w-]+)*\s*/
Done
dialog_ie8.css has 161 symbols
Searching through them all for /(^|[\s>+~])strong(\[[^\]]*\]|:{1,2}[\w-()]+|\.[\w-]+|#[\w-]+)*\s*/
Done
dialog.css has 159 symbols
Searching through them all for /(^|[\s>+~])strong(\[[^\]]*\]|:{1,2}[\w-()]+|\.[\w-]+|#[\w-]+)*\s*/
Done
dialog.scss has 155 symbols
Searching through them all for /(^|[\s>+~])strong(\[[^\]]*\]|:{1,2}[\w-()]+|\.[\w-]+|#[\w-]+)*\s*/
Done
dialog.scss has 155 symbols
Searching through them all for /(^|[\s>+~])strong(\[[^\]]*\]|:{1,2}[\w-()]+|\.[\w-]+|#[\w-]+)*\s*/
Done
_colorpanel.scss has 20 symbols
Searching through them all for /(^|[\s>+~])strong(\[[^\]]*\]|:{1,2}[\w-()]+|\.[\w-]+|#[\w-]+)*\s*/
Done
dialog.css has 159 symbols
Searching through them all for /(^|[\s>+~])strong(\[[^\]]*\]|:{1,2}[\w-()]+|\.[\w-]+|#[\w-]+)*\s*/
Done
dialog_opera.scss has 3 symbols
Searching through them all for /(^|[\s>+~])strong(\[[^\]]*\]|:{1,2}[\w-()]+|\.[\w-]+|#[\w-]+)*\s*/
Done
_colorpanel.scss has 20 symbols
Searching through them all for /(^|[\s>+~])strong(\[[^\]]*\]|:{1,2}[\w-()]+|\.[\w-]+|#[\w-]+)*\s*/
Done
dialog_opera.scss has 3 symbols
Searching through them all for /(^|[\s>+~])strong(\[[^\]]*\]|:{1,2}[\w-()]+|\.[\w-]+|#[\w-]+)*\s*/
Done
_footable.scss has 17 symbols
Searching through them all for /(^|[\s>+~])strong(\[[^\]]*\]|:{1,2}[\w-()]+|\.[\w-]+|#[\w-]+)*\s*/
Done
_handsontable.scss has 342 symbols
Searching through them all for /(^|[\s>+~])strong(\[[^\]]*\]|:{1,2}[\w-()]+|\.[\w-]+|#[\w-]+)*\s*/
Done
_widgets.scss has 281 symbols
Searching through them all for /(^|[\s>+~])strong(\[[^\]]*\]|:{1,2}[\w-()]+|\.[\w-]+|#[\w-]+)*\s*/
Done
_datatable-columns-reorder.scss has 4 symbols
Searching through them all for /(^|[\s>+~])strong(\[[^\]]*\]|:{1,2}[\w-()]+|\.[\w-]+|#[\w-]+)*\s*/
Done
_fancytree.scss has 100 symbols
Searching through them all for /(^|[\s>+~])strong(\[[^\]]*\]|:{1,2}[\w-()]+|\.[\w-]+|#[\w-]+)*\s*/
Done
_tables.scss has 136 symbols
Searching through them all for /(^|[\s>+~])strong(\[[^\]]*\]|:{1,2}[\w-()]+|\.[\w-]+|#[\w-]+)*\s*/
Done
_datatable-fixed-columns.scss has 21 symbols
Searching through them all for /(^|[\s>+~])strong(\[[^\]]*\]|:{1,2}[\w-()]+|\.[\w-]+|#[\w-]+)*\s*/
Done
_datatable-scroller.scss has 8 symbols
Searching through them all for /(^|[\s>+~])strong(\[[^\]]*\]|:{1,2}[\w-()]+|\.[\w-]+|#[\w-]+)*\s*/
Done
_datatable-keytable.scss has 8 symbols
Searching through them all for /(^|[\s>+~])strong(\[[^\]]*\]|:{1,2}[\w-()]+|\.[\w-]+|#[\w-]+)*\s*/
Done
_fullcalendar.scss has 285 symbols
Searching through them all for /(^|[\s>+~])strong(\[[^\]]*\]|:{1,2}[\w-()]+|\.[\w-]+|#[\w-]+)*\s*/
Done
_datatables.scss has 133 symbols
Searching through them all for /(^|[\s>+~])strong(\[[^\]]*\]|:{1,2}[\w-()]+|\.[\w-]+|#[\w-]+)*\s*/
Done
_datatable-responsive.scss has 31 symbols
Searching through them all for /(^|[\s>+~])strong(\[[^\]]*\]|:{1,2}[\w-()]+|\.[\w-]+|#[\w-]+)*\s*/
Done
_buttons.scss has 69 symbols
Searching through them all for /(^|[\s>+~])strong(\[[^\]]*\]|:{1,2}[\w-()]+|\.[\w-]+|#[\w-]+)*\s*/
Done
_datatable-rows-reorder.scss has 4 symbols
Searching through them all for /(^|[\s>+~])strong(\[[^\]]*\]|:{1,2}[\w-()]+|\.[\w-]+|#[\w-]+)*\s*/
Done
_daterange.scss has 86 symbols
Searching through them all for /(^|[\s>+~])strong(\[[^\]]*\]|:{1,2}[\w-()]+|\.[\w-]+|#[\w-]+)*\s*/
Done
_alpaca.scss has 65 symbols
Searching through them all for /(^|[\s>+~])strong(\[[^\]]*\]|:{1,2}[\w-()]+|\.[\w-]+|#[\w-]+)*\s*/
Done
_date.scss has 49 symbols
Searching through them all for /(^|[\s>+~])strong(\[[^\]]*\]|:{1,2}[\w-()]+|\.[\w-]+|#[\w-]+)*\s*/
Done
_tables.scss has 43 symbols
Searching through them all for /(^|[\s>+~])strong(\[[^\]]*\]|:{1,2}[\w-()]+|\.[\w-]+|#[\w-]+)*\s*/
Done
_widgets.scss has 251 symbols
Searching through them all for /(^|[\s>+~])strong(\[[^\]]*\]|:{1,2}[\w-()]+|\.[\w-]+|#[\w-]+)*\s*/
Done
_handsontable.scss has 342 symbols
Searching through them all for /(^|[\s>+~])strong(\[[^\]]*\]|:{1,2}[\w-()]+|\.[\w-]+|#[\w-]+)*\s*/
Done
_tables.scss has 136 symbols
Searching through them all for /(^|[\s>+~])strong(\[[^\]]*\]|:{1,2}[\w-()]+|\.[\w-]+|#[\w-]+)*\s*/
Done
_footable.scss has 17 symbols
Searching through them all for /(^|[\s>+~])strong(\[[^\]]*\]|:{1,2}[\w-()]+|\.[\w-]+|#[\w-]+)*\s*/
Done
_datatable-responsive.scss has 31 symbols
Searching through them all for /(^|[\s>+~])strong(\[[^\]]*\]|:{1,2}[\w-()]+|\.[\w-]+|#[\w-]+)*\s*/
Done
_datatable-rows-reorder.scss has 4 symbols
Searching through them all for /(^|[\s>+~])strong(\[[^\]]*\]|:{1,2}[\w-()]+|\.[\w-]+|#[\w-]+)*\s*/
Done
_datatable-columns-reorder.scss has 4 symbols
Searching through them all for /(^|[\s>+~])strong(\[[^\]]*\]|:{1,2}[\w-()]+|\.[\w-]+|#[\w-]+)*\s*/
Done
_fullcalendar.scss has 285 symbols
Searching through them all for /(^|[\s>+~])strong(\[[^\]]*\]|:{1,2}[\w-()]+|\.[\w-]+|#[\w-]+)*\s*/
Done
_datatables.scss has 132 symbols
Searching through them all for /(^|[\s>+~])strong(\[[^\]]*\]|:{1,2}[\w-()]+|\.[\w-]+|#[\w-]+)*\s*/
Done
_fancytree.scss has 100 symbols
Searching through them all for /(^|[\s>+~])strong(\[[^\]]*\]|:{1,2}[\w-()]+|\.[\w-]+|#[\w-]+)*\s*/
Done
_alpaca.scss has 64 symbols
Searching through them all for /(^|[\s>+~])strong(\[[^\]]*\]|:{1,2}[\w-()]+|\.[\w-]+|#[\w-]+)*\s*/
Done
_daterange.scss has 87 symbols
Searching through them all for /(^|[\s>+~])strong(\[[^\]]*\]|:{1,2}[\w-()]+|\.[\w-]+|#[\w-]+)*\s*/
Done
_date.scss has 49 symbols
Searching through them all for /(^|[\s>+~])strong(\[[^\]]*\]|:{1,2}[\w-()]+|\.[\w-]+|#[\w-]+)*\s*/
Done
_datatable-fixed-columns.scss has 21 symbols
Searching through them all for /(^|[\s>+~])strong(\[[^\]]*\]|:{1,2}[\w-()]+|\.[\w-]+|#[\w-]+)*\s*/
Done
_datatable-scroller.scss has 8 symbols
Searching through them all for /(^|[\s>+~])strong(\[[^\]]*\]|:{1,2}[\w-()]+|\.[\w-]+|#[\w-]+)*\s*/
Done
_datatable-keytable.scss has 8 symbols
Searching through them all for /(^|[\s>+~])strong(\[[^\]]*\]|:{1,2}[\w-()]+|\.[\w-]+|#[\w-]+)*\s*/
Done
_buttons.scss has 69 symbols
Searching through them all for /(^|[\s>+~])strong(\[[^\]]*\]|:{1,2}[\w-()]+|\.[\w-]+|#[\w-]+)*\s*/
Done
app.css has 3148 symbols
Searching through them all for /(^|[\s>+~])strong(\[[^\]]*\]|:{1,2}[\w-()]+|\.[\w-]+|#[\w-]+)*\s*/
Done
exception.css has 214 symbols
Searching through them all for /(^|[\s>+~])strong(\[[^\]]*\]|:{1,2}[\w-()]+|\.[\w-]+|#[\w-]+)*\s*/
Done
default.css has 45 symbols
Searching through them all for /(^|[\s>+~])strong(\[[^\]]*\]|:{1,2}[\w-()]+|\.[\w-]+|#[\w-]+)*\s*/
Done
html.css has 163 symbols
Searching through them all for /(^|[\s>+~])strong(\[[^\]]*\]|:{1,2}[\w-()]+|\.[\w-]+|#[\w-]+)*\s*/
Done
whoops.base.css has 120 symbols
Searching through them all for /(^|[\s>+~])strong(\[[^\]]*\]|:{1,2}[\w-()]+|\.[\w-]+|#[\w-]+)*\s*/
Done
style.css has 50 symbols
Searching through them all for /(^|[\s>+~])strong(\[[^\]]*\]|:{1,2}[\w-()]+|\.[\w-]+|#[\w-]+)*\s*/
Done
bootstrap.min.css has 3147 symbols
Searching through them all for /(^|[\s>+~])strong(\[[^\]]*\]|:{1,2}[\w-()]+|\.[\w-]+|#[\w-]+)*\s*/
Done
nv.d3.min.css has 135 symbols
Searching through them all for /(^|[\s>+~])strong(\[[^\]]*\]|:{1,2}[\w-()]+|\.[\w-]+|#[\w-]+)*\s*/
Done
td 947
  script 54 60
  script 113 119
  script 122 128
  script 181 187
  table 191 196
  tbody 250 255
  tr 266 268
  td 283 285
  strong 287 293
  strong 300 306
  td 343 345
  td 416 418
  strong 420 426
  strong 448 454
  td 475 477
  td 492 494
  strong 496 502
  strong 512 518
  td 555 557
  tr 569 571
  tr 582 584
  td 599 601
  strong 603 609
  strong 634 640
  td 698 700
  td 715 717
  strong 719 725
  strong 745 751
  td 770 772
  td 787 789
  strong 791 797
  strong 804 810
  td 947 949
td is a "html tag"
components.min.css has 4339 symbols
Searching through them all for /(^|[\s>+~])td(\[[^\]]*\]|:{1,2}[\w-()]+|\.[\w-]+|#[\w-]+)*\s*/
Done
bootstrap_limitless.css has 1198 symbols
Searching through them all for /(^|[\s>+~])td(\[[^\]]*\]|:{1,2}[\w-()]+|\.[\w-]+|#[\w-]+)*\s*/
Done
receipt.css has 17 symbols
Searching through them all for /(^|[\s>+~])td(\[[^\]]*\]|:{1,2}[\w-()]+|\.[\w-]+|#[\w-]+)*\s*/
Done
bootstrap_limitless.min.css has 1198 symbols
Searching through them all for /(^|[\s>+~])td(\[[^\]]*\]|:{1,2}[\w-()]+|\.[\w-]+|#[\w-]+)*\s*/
Done
print_tabulation.css has 7 symbols
Searching through them all for /(^|[\s>+~])td(\[[^\]]*\]|:{1,2}[\w-()]+|\.[\w-]+|#[\w-]+)*\s*/
Done
my_print.css has 14 symbols
Searching through them all for /(^|[\s>+~])td(\[[^\]]*\]|:{1,2}[\w-()]+|\.[\w-]+|#[\w-]+)*\s*/
Done
bootstrap-datepicker.min.css has 221 symbols
Searching through them all for /(^|[\s>+~])td(\[[^\]]*\]|:{1,2}[\w-()]+|\.[\w-]+|#[\w-]+)*\s*/
Done
bootstrap.min.css has 2572 symbols
Searching through them all for /(^|[\s>+~])td(\[[^\]]*\]|:{1,2}[\w-()]+|\.[\w-]+|#[\w-]+)*\s*/
Done
bootstrap.css has 2572 symbols
Searching through them all for /(^|[\s>+~])td(\[[^\]]*\]|:{1,2}[\w-()]+|\.[\w-]+|#[\w-]+)*\s*/
Done
_c3.scss has 48 symbols
Searching through them all for /(^|[\s>+~])td(\[[^\]]*\]|:{1,2}[\w-()]+|\.[\w-]+|#[\w-]+)*\s*/
Done
_inbox.scss has 15 symbols
Searching through them all for /(^|[\s>+~])td(\[[^\]]*\]|:{1,2}[\w-()]+|\.[\w-]+|#[\w-]+)*\s*/
Done
_d3.scss has 72 symbols
Searching through them all for /(^|[\s>+~])td(\[[^\]]*\]|:{1,2}[\w-()]+|\.[\w-]+|#[\w-]+)*\s*/
Done
_print.scss has 34 symbols
Searching through them all for /(^|[\s>+~])td(\[[^\]]*\]|:{1,2}[\w-()]+|\.[\w-]+|#[\w-]+)*\s*/
Done
components.css has 4341 symbols
Searching through them all for /(^|[\s>+~])td(\[[^\]]*\]|:{1,2}[\w-()]+|\.[\w-]+|#[\w-]+)*\s*/
Done
_reboot.scss has 100 symbols
Searching through them all for /(^|[\s>+~])td(\[[^\]]*\]|:{1,2}[\w-()]+|\.[\w-]+|#[\w-]+)*\s*/
Done
_table-row.scss has 10 symbols
Searching through them all for /(^|[\s>+~])td(\[[^\]]*\]|:{1,2}[\w-()]+|\.[\w-]+|#[\w-]+)*\s*/
Done
dialog_opera.css has 160 symbols
Searching through them all for /(^|[\s>+~])td(\[[^\]]*\]|:{1,2}[\w-()]+|\.[\w-]+|#[\w-]+)*\s*/
Done
dialog_opera.css has 160 symbols
Searching through them all for /(^|[\s>+~])td(\[[^\]]*\]|:{1,2}[\w-()]+|\.[\w-]+|#[\w-]+)*\s*/
Done
dialog_iequirks.css has 158 symbols
Searching through them all for /(^|[\s>+~])td(\[[^\]]*\]|:{1,2}[\w-()]+|\.[\w-]+|#[\w-]+)*\s*/
Done
dialog_ie.css has 173 symbols
Searching through them all for /(^|[\s>+~])td(\[[^\]]*\]|:{1,2}[\w-()]+|\.[\w-]+|#[\w-]+)*\s*/
Done
dialog_iequirks.css has 158 symbols
Searching through them all for /(^|[\s>+~])td(\[[^\]]*\]|:{1,2}[\w-()]+|\.[\w-]+|#[\w-]+)*\s*/
Done
dialog_ie.css has 173 symbols
Searching through them all for /(^|[\s>+~])td(\[[^\]]*\]|:{1,2}[\w-()]+|\.[\w-]+|#[\w-]+)*\s*/
Done
dialog_ie7.css has 172 symbols
Searching through them all for /(^|[\s>+~])td(\[[^\]]*\]|:{1,2}[\w-()]+|\.[\w-]+|#[\w-]+)*\s*/
Done
dialog_ie8.css has 161 symbols
Searching through them all for /(^|[\s>+~])td(\[[^\]]*\]|:{1,2}[\w-()]+|\.[\w-]+|#[\w-]+)*\s*/
Done
dialog_ie7.css has 172 symbols
Searching through them all for /(^|[\s>+~])td(\[[^\]]*\]|:{1,2}[\w-()]+|\.[\w-]+|#[\w-]+)*\s*/
Done
wsc.css has 18 symbols
Searching through them all for /(^|[\s>+~])td(\[[^\]]*\]|:{1,2}[\w-()]+|\.[\w-]+|#[\w-]+)*\s*/
Done
dialog_ie8.css has 161 symbols
Searching through them all for /(^|[\s>+~])td(\[[^\]]*\]|:{1,2}[\w-()]+|\.[\w-]+|#[\w-]+)*\s*/
Done
dialog.css has 159 symbols
Searching through them all for /(^|[\s>+~])td(\[[^\]]*\]|:{1,2}[\w-()]+|\.[\w-]+|#[\w-]+)*\s*/
Done
dialog.scss has 155 symbols
Searching through them all for /(^|[\s>+~])td(\[[^\]]*\]|:{1,2}[\w-()]+|\.[\w-]+|#[\w-]+)*\s*/
Done
dialog.scss has 155 symbols
Searching through them all for /(^|[\s>+~])td(\[[^\]]*\]|:{1,2}[\w-()]+|\.[\w-]+|#[\w-]+)*\s*/
Done
_colorpanel.scss has 20 symbols
Searching through them all for /(^|[\s>+~])td(\[[^\]]*\]|:{1,2}[\w-()]+|\.[\w-]+|#[\w-]+)*\s*/
Done
dialog.css has 159 symbols
Searching through them all for /(^|[\s>+~])td(\[[^\]]*\]|:{1,2}[\w-()]+|\.[\w-]+|#[\w-]+)*\s*/
Done
dialog_opera.scss has 3 symbols
Searching through them all for /(^|[\s>+~])td(\[[^\]]*\]|:{1,2}[\w-()]+|\.[\w-]+|#[\w-]+)*\s*/
Done
_colorpanel.scss has 20 symbols
Searching through them all for /(^|[\s>+~])td(\[[^\]]*\]|:{1,2}[\w-()]+|\.[\w-]+|#[\w-]+)*\s*/
Done
dialog_opera.scss has 3 symbols
Searching through them all for /(^|[\s>+~])td(\[[^\]]*\]|:{1,2}[\w-()]+|\.[\w-]+|#[\w-]+)*\s*/
Done
_footable.scss has 17 symbols
Searching through them all for /(^|[\s>+~])td(\[[^\]]*\]|:{1,2}[\w-()]+|\.[\w-]+|#[\w-]+)*\s*/
Done
_handsontable.scss has 342 symbols
Searching through them all for /(^|[\s>+~])td(\[[^\]]*\]|:{1,2}[\w-()]+|\.[\w-]+|#[\w-]+)*\s*/
Done
_widgets.scss has 281 symbols
Searching through them all for /(^|[\s>+~])td(\[[^\]]*\]|:{1,2}[\w-()]+|\.[\w-]+|#[\w-]+)*\s*/
Done
_datatable-columns-reorder.scss has 4 symbols
Searching through them all for /(^|[\s>+~])td(\[[^\]]*\]|:{1,2}[\w-()]+|\.[\w-]+|#[\w-]+)*\s*/
Done
_fancytree.scss has 100 symbols
Searching through them all for /(^|[\s>+~])td(\[[^\]]*\]|:{1,2}[\w-()]+|\.[\w-]+|#[\w-]+)*\s*/
Done
_tables.scss has 136 symbols
Searching through them all for /(^|[\s>+~])td(\[[^\]]*\]|:{1,2}[\w-()]+|\.[\w-]+|#[\w-]+)*\s*/
Done
_datatable-fixed-columns.scss has 21 symbols
Searching through them all for /(^|[\s>+~])td(\[[^\]]*\]|:{1,2}[\w-()]+|\.[\w-]+|#[\w-]+)*\s*/
Done
_datatable-scroller.scss has 8 symbols
Searching through them all for /(^|[\s>+~])td(\[[^\]]*\]|:{1,2}[\w-()]+|\.[\w-]+|#[\w-]+)*\s*/
Done
_datatable-keytable.scss has 8 symbols
Searching through them all for /(^|[\s>+~])td(\[[^\]]*\]|:{1,2}[\w-()]+|\.[\w-]+|#[\w-]+)*\s*/
Done
_fullcalendar.scss has 285 symbols
Searching through them all for /(^|[\s>+~])td(\[[^\]]*\]|:{1,2}[\w-()]+|\.[\w-]+|#[\w-]+)*\s*/
Done
_datatables.scss has 133 symbols
Searching through them all for /(^|[\s>+~])td(\[[^\]]*\]|:{1,2}[\w-()]+|\.[\w-]+|#[\w-]+)*\s*/
Done
_datatable-responsive.scss has 31 symbols
Searching through them all for /(^|[\s>+~])td(\[[^\]]*\]|:{1,2}[\w-()]+|\.[\w-]+|#[\w-]+)*\s*/
Done
_buttons.scss has 69 symbols
Searching through them all for /(^|[\s>+~])td(\[[^\]]*\]|:{1,2}[\w-()]+|\.[\w-]+|#[\w-]+)*\s*/
Done
_datatable-rows-reorder.scss has 4 symbols
Searching through them all for /(^|[\s>+~])td(\[[^\]]*\]|:{1,2}[\w-()]+|\.[\w-]+|#[\w-]+)*\s*/
Done
_daterange.scss has 86 symbols
Searching through them all for /(^|[\s>+~])td(\[[^\]]*\]|:{1,2}[\w-()]+|\.[\w-]+|#[\w-]+)*\s*/
Done
_alpaca.scss has 65 symbols
Searching through them all for /(^|[\s>+~])td(\[[^\]]*\]|:{1,2}[\w-()]+|\.[\w-]+|#[\w-]+)*\s*/
Done
_date.scss has 49 symbols
Searching through them all for /(^|[\s>+~])td(\[[^\]]*\]|:{1,2}[\w-()]+|\.[\w-]+|#[\w-]+)*\s*/
Done
_tables.scss has 43 symbols
Searching through them all for /(^|[\s>+~])td(\[[^\]]*\]|:{1,2}[\w-()]+|\.[\w-]+|#[\w-]+)*\s*/
Done
_widgets.scss has 251 symbols
Searching through them all for /(^|[\s>+~])td(\[[^\]]*\]|:{1,2}[\w-()]+|\.[\w-]+|#[\w-]+)*\s*/
Done
_handsontable.scss has 342 symbols
Searching through them all for /(^|[\s>+~])td(\[[^\]]*\]|:{1,2}[\w-()]+|\.[\w-]+|#[\w-]+)*\s*/
Done
_tables.scss has 136 symbols
Searching through them all for /(^|[\s>+~])td(\[[^\]]*\]|:{1,2}[\w-()]+|\.[\w-]+|#[\w-]+)*\s*/
Done
_footable.scss has 17 symbols
Searching through them all for /(^|[\s>+~])td(\[[^\]]*\]|:{1,2}[\w-()]+|\.[\w-]+|#[\w-]+)*\s*/
Done
_datatable-responsive.scss has 31 symbols
Searching through them all for /(^|[\s>+~])td(\[[^\]]*\]|:{1,2}[\w-()]+|\.[\w-]+|#[\w-]+)*\s*/
Done
_datatable-rows-reorder.scss has 4 symbols
Searching through them all for /(^|[\s>+~])td(\[[^\]]*\]|:{1,2}[\w-()]+|\.[\w-]+|#[\w-]+)*\s*/
Done
_datatable-columns-reorder.scss has 4 symbols
Searching through them all for /(^|[\s>+~])td(\[[^\]]*\]|:{1,2}[\w-()]+|\.[\w-]+|#[\w-]+)*\s*/
Done
_fullcalendar.scss has 285 symbols
Searching through them all for /(^|[\s>+~])td(\[[^\]]*\]|:{1,2}[\w-()]+|\.[\w-]+|#[\w-]+)*\s*/
Done
_datatables.scss has 132 symbols
Searching through them all for /(^|[\s>+~])td(\[[^\]]*\]|:{1,2}[\w-()]+|\.[\w-]+|#[\w-]+)*\s*/
Done
_fancytree.scss has 100 symbols
Searching through them all for /(^|[\s>+~])td(\[[^\]]*\]|:{1,2}[\w-()]+|\.[\w-]+|#[\w-]+)*\s*/
Done
_alpaca.scss has 64 symbols
Searching through them all for /(^|[\s>+~])td(\[[^\]]*\]|:{1,2}[\w-()]+|\.[\w-]+|#[\w-]+)*\s*/
Done
_daterange.scss has 87 symbols
Searching through them all for /(^|[\s>+~])td(\[[^\]]*\]|:{1,2}[\w-()]+|\.[\w-]+|#[\w-]+)*\s*/
Done
_date.scss has 49 symbols
Searching through them all for /(^|[\s>+~])td(\[[^\]]*\]|:{1,2}[\w-()]+|\.[\w-]+|#[\w-]+)*\s*/
Done
_datatable-fixed-columns.scss has 21 symbols
Searching through them all for /(^|[\s>+~])td(\[[^\]]*\]|:{1,2}[\w-()]+|\.[\w-]+|#[\w-]+)*\s*/
Done
_datatable-scroller.scss has 8 symbols
Searching through them all for /(^|[\s>+~])td(\[[^\]]*\]|:{1,2}[\w-()]+|\.[\w-]+|#[\w-]+)*\s*/
Done
_datatable-keytable.scss has 8 symbols
Searching through them all for /(^|[\s>+~])td(\[[^\]]*\]|:{1,2}[\w-()]+|\.[\w-]+|#[\w-]+)*\s*/
Done
_buttons.scss has 69 symbols
Searching through them all for /(^|[\s>+~])td(\[[^\]]*\]|:{1,2}[\w-()]+|\.[\w-]+|#[\w-]+)*\s*/
Done
app.css has 3148 symbols
Searching through them all for /(^|[\s>+~])td(\[[^\]]*\]|:{1,2}[\w-()]+|\.[\w-]+|#[\w-]+)*\s*/
Done
exception.css has 214 symbols
Searching through them all for /(^|[\s>+~])td(\[[^\]]*\]|:{1,2}[\w-()]+|\.[\w-]+|#[\w-]+)*\s*/
Done
default.css has 45 symbols
Searching through them all for /(^|[\s>+~])td(\[[^\]]*\]|:{1,2}[\w-()]+|\.[\w-]+|#[\w-]+)*\s*/
Done
html.css has 163 symbols
Searching through them all for /(^|[\s>+~])td(\[[^\]]*\]|:{1,2}[\w-()]+|\.[\w-]+|#[\w-]+)*\s*/
Done
whoops.base.css has 120 symbols
Searching through them all for /(^|[\s>+~])td(\[[^\]]*\]|:{1,2}[\w-()]+|\.[\w-]+|#[\w-]+)*\s*/
Done
style.css has 50 symbols
Searching through them all for /(^|[\s>+~])td(\[[^\]]*\]|:{1,2}[\w-()]+|\.[\w-]+|#[\w-]+)*\s*/
Done
bootstrap.min.css has 3147 symbols
Searching through them all for /(^|[\s>+~])td(\[[^\]]*\]|:{1,2}[\w-()]+|\.[\w-]+|#[\w-]+)*\s*/
Done
nv.d3.min.css has 135 symbols
Searching through them all for /(^|[\s>+~])td(\[[^\]]*\]|:{1,2}[\w-()]+|\.[\w-]+|#[\w-]+)*\s*/
Done
td 787
  script 54 60
  script 113 119
  script 122 128
  script 181 187
  table 191 196
  tbody 250 255
  tr 266 268
  td 283 285
  strong 287 293
  strong 300 306
  td 343 345
  td 416 418
  strong 420 426
  strong 448 454
  td 475 477
  td 492 494
  strong 496 502
  strong 512 518
  td 555 557
  tr 569 571
  tr 582 584
  td 599 601
  strong 603 609
  strong 634 640
  td 698 700
  td 715 717
  strong 719 725
  strong 745 751
  td 770 772
  td 787 789
td is a "html tag"
components.min.css has 4339 symbols
Searching through them all for /(^|[\s>+~])td(\[[^\]]*\]|:{1,2}[\w-()]+|\.[\w-]+|#[\w-]+)*\s*/
Done
bootstrap_limitless.css has 1198 symbols
Searching through them all for /(^|[\s>+~])td(\[[^\]]*\]|:{1,2}[\w-()]+|\.[\w-]+|#[\w-]+)*\s*/
Done
receipt.css has 17 symbols
Searching through them all for /(^|[\s>+~])td(\[[^\]]*\]|:{1,2}[\w-()]+|\.[\w-]+|#[\w-]+)*\s*/
Done
bootstrap_limitless.min.css has 1198 symbols
Searching through them all for /(^|[\s>+~])td(\[[^\]]*\]|:{1,2}[\w-()]+|\.[\w-]+|#[\w-]+)*\s*/
Done
print_tabulation.css has 7 symbols
Searching through them all for /(^|[\s>+~])td(\[[^\]]*\]|:{1,2}[\w-()]+|\.[\w-]+|#[\w-]+)*\s*/
Done
my_print.css has 14 symbols
Searching through them all for /(^|[\s>+~])td(\[[^\]]*\]|:{1,2}[\w-()]+|\.[\w-]+|#[\w-]+)*\s*/
Done
bootstrap-datepicker.min.css has 221 symbols
Searching through them all for /(^|[\s>+~])td(\[[^\]]*\]|:{1,2}[\w-()]+|\.[\w-]+|#[\w-]+)*\s*/
Done
bootstrap.min.css has 2572 symbols
Searching through them all for /(^|[\s>+~])td(\[[^\]]*\]|:{1,2}[\w-()]+|\.[\w-]+|#[\w-]+)*\s*/
Done
bootstrap.css has 2572 symbols
Searching through them all for /(^|[\s>+~])td(\[[^\]]*\]|:{1,2}[\w-()]+|\.[\w-]+|#[\w-]+)*\s*/
Done
_c3.scss has 48 symbols
Searching through them all for /(^|[\s>+~])td(\[[^\]]*\]|:{1,2}[\w-()]+|\.[\w-]+|#[\w-]+)*\s*/
Done
_inbox.scss has 15 symbols
Searching through them all for /(^|[\s>+~])td(\[[^\]]*\]|:{1,2}[\w-()]+|\.[\w-]+|#[\w-]+)*\s*/
Done
_d3.scss has 72 symbols
Searching through them all for /(^|[\s>+~])td(\[[^\]]*\]|:{1,2}[\w-()]+|\.[\w-]+|#[\w-]+)*\s*/
Done
_print.scss has 34 symbols
Searching through them all for /(^|[\s>+~])td(\[[^\]]*\]|:{1,2}[\w-()]+|\.[\w-]+|#[\w-]+)*\s*/
Done
components.css has 4341 symbols
Searching through them all for /(^|[\s>+~])td(\[[^\]]*\]|:{1,2}[\w-()]+|\.[\w-]+|#[\w-]+)*\s*/
Done
_reboot.scss has 100 symbols
Searching through them all for /(^|[\s>+~])td(\[[^\]]*\]|:{1,2}[\w-()]+|\.[\w-]+|#[\w-]+)*\s*/
Done
_table-row.scss has 10 symbols
Searching through them all for /(^|[\s>+~])td(\[[^\]]*\]|:{1,2}[\w-()]+|\.[\w-]+|#[\w-]+)*\s*/
Done
dialog_opera.css has 160 symbols
Searching through them all for /(^|[\s>+~])td(\[[^\]]*\]|:{1,2}[\w-()]+|\.[\w-]+|#[\w-]+)*\s*/
Done
dialog_opera.css has 160 symbols
Searching through them all for /(^|[\s>+~])td(\[[^\]]*\]|:{1,2}[\w-()]+|\.[\w-]+|#[\w-]+)*\s*/
Done
dialog_iequirks.css has 158 symbols
Searching through them all for /(^|[\s>+~])td(\[[^\]]*\]|:{1,2}[\w-()]+|\.[\w-]+|#[\w-]+)*\s*/
Done
dialog_ie.css has 173 symbols
Searching through them all for /(^|[\s>+~])td(\[[^\]]*\]|:{1,2}[\w-()]+|\.[\w-]+|#[\w-]+)*\s*/
Done
dialog_iequirks.css has 158 symbols
Searching through them all for /(^|[\s>+~])td(\[[^\]]*\]|:{1,2}[\w-()]+|\.[\w-]+|#[\w-]+)*\s*/
Done
dialog_ie.css has 173 symbols
Searching through them all for /(^|[\s>+~])td(\[[^\]]*\]|:{1,2}[\w-()]+|\.[\w-]+|#[\w-]+)*\s*/
Done
dialog_ie7.css has 172 symbols
Searching through them all for /(^|[\s>+~])td(\[[^\]]*\]|:{1,2}[\w-()]+|\.[\w-]+|#[\w-]+)*\s*/
Done
dialog_ie8.css has 161 symbols
Searching through them all for /(^|[\s>+~])td(\[[^\]]*\]|:{1,2}[\w-()]+|\.[\w-]+|#[\w-]+)*\s*/
Done
dialog_ie7.css has 172 symbols
Searching through them all for /(^|[\s>+~])td(\[[^\]]*\]|:{1,2}[\w-()]+|\.[\w-]+|#[\w-]+)*\s*/
Done
wsc.css has 18 symbols
Searching through them all for /(^|[\s>+~])td(\[[^\]]*\]|:{1,2}[\w-()]+|\.[\w-]+|#[\w-]+)*\s*/
Done
dialog_ie8.css has 161 symbols
Searching through them all for /(^|[\s>+~])td(\[[^\]]*\]|:{1,2}[\w-()]+|\.[\w-]+|#[\w-]+)*\s*/
Done
dialog.css has 159 symbols
Searching through them all for /(^|[\s>+~])td(\[[^\]]*\]|:{1,2}[\w-()]+|\.[\w-]+|#[\w-]+)*\s*/
Done
dialog.scss has 155 symbols
Searching through them all for /(^|[\s>+~])td(\[[^\]]*\]|:{1,2}[\w-()]+|\.[\w-]+|#[\w-]+)*\s*/
Done
dialog.scss has 155 symbols
Searching through them all for /(^|[\s>+~])td(\[[^\]]*\]|:{1,2}[\w-()]+|\.[\w-]+|#[\w-]+)*\s*/
Done
_colorpanel.scss has 20 symbols
Searching through them all for /(^|[\s>+~])td(\[[^\]]*\]|:{1,2}[\w-()]+|\.[\w-]+|#[\w-]+)*\s*/
Done
dialog.css has 159 symbols
Searching through them all for /(^|[\s>+~])td(\[[^\]]*\]|:{1,2}[\w-()]+|\.[\w-]+|#[\w-]+)*\s*/
Done
dialog_opera.scss has 3 symbols
Searching through them all for /(^|[\s>+~])td(\[[^\]]*\]|:{1,2}[\w-()]+|\.[\w-]+|#[\w-]+)*\s*/
Done
_colorpanel.scss has 20 symbols
Searching through them all for /(^|[\s>+~])td(\[[^\]]*\]|:{1,2}[\w-()]+|\.[\w-]+|#[\w-]+)*\s*/
Done
dialog_opera.scss has 3 symbols
Searching through them all for /(^|[\s>+~])td(\[[^\]]*\]|:{1,2}[\w-()]+|\.[\w-]+|#[\w-]+)*\s*/
Done
_footable.scss has 17 symbols
Searching through them all for /(^|[\s>+~])td(\[[^\]]*\]|:{1,2}[\w-()]+|\.[\w-]+|#[\w-]+)*\s*/
Done
_handsontable.scss has 342 symbols
Searching through them all for /(^|[\s>+~])td(\[[^\]]*\]|:{1,2}[\w-()]+|\.[\w-]+|#[\w-]+)*\s*/
Done
_widgets.scss has 281 symbols
Searching through them all for /(^|[\s>+~])td(\[[^\]]*\]|:{1,2}[\w-()]+|\.[\w-]+|#[\w-]+)*\s*/
Done
_datatable-columns-reorder.scss has 4 symbols
Searching through them all for /(^|[\s>+~])td(\[[^\]]*\]|:{1,2}[\w-()]+|\.[\w-]+|#[\w-]+)*\s*/
Done
_fancytree.scss has 100 symbols
Searching through them all for /(^|[\s>+~])td(\[[^\]]*\]|:{1,2}[\w-()]+|\.[\w-]+|#[\w-]+)*\s*/
Done
_tables.scss has 136 symbols
Searching through them all for /(^|[\s>+~])td(\[[^\]]*\]|:{1,2}[\w-()]+|\.[\w-]+|#[\w-]+)*\s*/
Done
_datatable-fixed-columns.scss has 21 symbols
Searching through them all for /(^|[\s>+~])td(\[[^\]]*\]|:{1,2}[\w-()]+|\.[\w-]+|#[\w-]+)*\s*/
Done
_datatable-scroller.scss has 8 symbols
Searching through them all for /(^|[\s>+~])td(\[[^\]]*\]|:{1,2}[\w-()]+|\.[\w-]+|#[\w-]+)*\s*/
Done
_datatable-keytable.scss has 8 symbols
Searching through them all for /(^|[\s>+~])td(\[[^\]]*\]|:{1,2}[\w-()]+|\.[\w-]+|#[\w-]+)*\s*/
Done
_fullcalendar.scss has 285 symbols
Searching through them all for /(^|[\s>+~])td(\[[^\]]*\]|:{1,2}[\w-()]+|\.[\w-]+|#[\w-]+)*\s*/
Done
_datatables.scss has 133 symbols
Searching through them all for /(^|[\s>+~])td(\[[^\]]*\]|:{1,2}[\w-()]+|\.[\w-]+|#[\w-]+)*\s*/
Done
_datatable-responsive.scss has 31 symbols
Searching through them all for /(^|[\s>+~])td(\[[^\]]*\]|:{1,2}[\w-()]+|\.[\w-]+|#[\w-]+)*\s*/
Done
_buttons.scss has 69 symbols
Searching through them all for /(^|[\s>+~])td(\[[^\]]*\]|:{1,2}[\w-()]+|\.[\w-]+|#[\w-]+)*\s*/
Done
_datatable-rows-reorder.scss has 4 symbols
Searching through them all for /(^|[\s>+~])td(\[[^\]]*\]|:{1,2}[\w-()]+|\.[\w-]+|#[\w-]+)*\s*/
Done
_daterange.scss has 86 symbols
Searching through them all for /(^|[\s>+~])td(\[[^\]]*\]|:{1,2}[\w-()]+|\.[\w-]+|#[\w-]+)*\s*/
Done
_alpaca.scss has 65 symbols
Searching through them all for /(^|[\s>+~])td(\[[^\]]*\]|:{1,2}[\w-()]+|\.[\w-]+|#[\w-]+)*\s*/
Done
_date.scss has 49 symbols
Searching through them all for /(^|[\s>+~])td(\[[^\]]*\]|:{1,2}[\w-()]+|\.[\w-]+|#[\w-]+)*\s*/
Done
_tables.scss has 43 symbols
Searching through them all for /(^|[\s>+~])td(\[[^\]]*\]|:{1,2}[\w-()]+|\.[\w-]+|#[\w-]+)*\s*/
Done
_widgets.scss has 251 symbols
Searching through them all for /(^|[\s>+~])td(\[[^\]]*\]|:{1,2}[\w-()]+|\.[\w-]+|#[\w-]+)*\s*/
Done
_handsontable.scss has 342 symbols
Searching through them all for /(^|[\s>+~])td(\[[^\]]*\]|:{1,2}[\w-()]+|\.[\w-]+|#[\w-]+)*\s*/
Done
_tables.scss has 136 symbols
Searching through them all for /(^|[\s>+~])td(\[[^\]]*\]|:{1,2}[\w-()]+|\.[\w-]+|#[\w-]+)*\s*/
Done
_footable.scss has 17 symbols
Searching through them all for /(^|[\s>+~])td(\[[^\]]*\]|:{1,2}[\w-()]+|\.[\w-]+|#[\w-]+)*\s*/
Done
_datatable-responsive.scss has 31 symbols
Searching through them all for /(^|[\s>+~])td(\[[^\]]*\]|:{1,2}[\w-()]+|\.[\w-]+|#[\w-]+)*\s*/
Done
_datatable-rows-reorder.scss has 4 symbols
Searching through them all for /(^|[\s>+~])td(\[[^\]]*\]|:{1,2}[\w-()]+|\.[\w-]+|#[\w-]+)*\s*/
Done
_datatable-columns-reorder.scss has 4 symbols
Searching through them all for /(^|[\s>+~])td(\[[^\]]*\]|:{1,2}[\w-()]+|\.[\w-]+|#[\w-]+)*\s*/
Done
_fullcalendar.scss has 285 symbols
Searching through them all for /(^|[\s>+~])td(\[[^\]]*\]|:{1,2}[\w-()]+|\.[\w-]+|#[\w-]+)*\s*/
Done
_datatables.scss has 132 symbols
Searching through them all for /(^|[\s>+~])td(\[[^\]]*\]|:{1,2}[\w-()]+|\.[\w-]+|#[\w-]+)*\s*/
Done
_fancytree.scss has 100 symbols
Searching through them all for /(^|[\s>+~])td(\[[^\]]*\]|:{1,2}[\w-()]+|\.[\w-]+|#[\w-]+)*\s*/
Done
_alpaca.scss has 64 symbols
Searching through them all for /(^|[\s>+~])td(\[[^\]]*\]|:{1,2}[\w-()]+|\.[\w-]+|#[\w-]+)*\s*/
Done
_daterange.scss has 87 symbols
Searching through them all for /(^|[\s>+~])td(\[[^\]]*\]|:{1,2}[\w-()]+|\.[\w-]+|#[\w-]+)*\s*/
Done
_date.scss has 49 symbols
Searching through them all for /(^|[\s>+~])td(\[[^\]]*\]|:{1,2}[\w-()]+|\.[\w-]+|#[\w-]+)*\s*/
Done
_datatable-fixed-columns.scss has 21 symbols
Searching through them all for /(^|[\s>+~])td(\[[^\]]*\]|:{1,2}[\w-()]+|\.[\w-]+|#[\w-]+)*\s*/
Done
_datatable-scroller.scss has 8 symbols
Searching through them all for /(^|[\s>+~])td(\[[^\]]*\]|:{1,2}[\w-()]+|\.[\w-]+|#[\w-]+)*\s*/
Done
_datatable-keytable.scss has 8 symbols
Searching through them all for /(^|[\s>+~])td(\[[^\]]*\]|:{1,2}[\w-()]+|\.[\w-]+|#[\w-]+)*\s*/
Done
_buttons.scss has 69 symbols
Searching through them all for /(^|[\s>+~])td(\[[^\]]*\]|:{1,2}[\w-()]+|\.[\w-]+|#[\w-]+)*\s*/
Done
app.css has 3148 symbols
Searching through them all for /(^|[\s>+~])td(\[[^\]]*\]|:{1,2}[\w-()]+|\.[\w-]+|#[\w-]+)*\s*/
Done
exception.css has 214 symbols
Searching through them all for /(^|[\s>+~])td(\[[^\]]*\]|:{1,2}[\w-()]+|\.[\w-]+|#[\w-]+)*\s*/
Done
default.css has 45 symbols
Searching through them all for /(^|[\s>+~])td(\[[^\]]*\]|:{1,2}[\w-()]+|\.[\w-]+|#[\w-]+)*\s*/
Done
html.css has 163 symbols
Searching through them all for /(^|[\s>+~])td(\[[^\]]*\]|:{1,2}[\w-()]+|\.[\w-]+|#[\w-]+)*\s*/
Done
whoops.base.css has 120 symbols
Searching through them all for /(^|[\s>+~])td(\[[^\]]*\]|:{1,2}[\w-()]+|\.[\w-]+|#[\w-]+)*\s*/
Done
style.css has 50 symbols
Searching through them all for /(^|[\s>+~])td(\[[^\]]*\]|:{1,2}[\w-()]+|\.[\w-]+|#[\w-]+)*\s*/
Done
bootstrap.min.css has 3147 symbols
Searching through them all for /(^|[\s>+~])td(\[[^\]]*\]|:{1,2}[\w-()]+|\.[\w-]+|#[\w-]+)*\s*/
Done
nv.d3.min.css has 135 symbols
Searching through them all for /(^|[\s>+~])td(\[[^\]]*\]|:{1,2}[\w-()]+|\.[\w-]+|#[\w-]+)*\s*/
Done
strong 603
  script 54 60
  script 113 119
  script 122 128
  script 181 187
  table 191 196
  tbody 250 255
  tr 266 268
  td 283 285
  strong 287 293
  strong 300 306
  td 343 345
  td 416 418
  strong 420 426
  strong 448 454
  td 475 477
  td 492 494
  strong 496 502
  strong 512 518
  td 555 557
  tr 569 571
  tr 582 584
  td 599 601
  strong 603 609
strong is a "html tag"
components.min.css has 4339 symbols
Searching through them all for /(^|[\s>+~])strong(\[[^\]]*\]|:{1,2}[\w-()]+|\.[\w-]+|#[\w-]+)*\s*/
Done
bootstrap_limitless.css has 1198 symbols
Searching through them all for /(^|[\s>+~])strong(\[[^\]]*\]|:{1,2}[\w-()]+|\.[\w-]+|#[\w-]+)*\s*/
Done
receipt.css has 17 symbols
Searching through them all for /(^|[\s>+~])strong(\[[^\]]*\]|:{1,2}[\w-()]+|\.[\w-]+|#[\w-]+)*\s*/
Done
bootstrap_limitless.min.css has 1198 symbols
Searching through them all for /(^|[\s>+~])strong(\[[^\]]*\]|:{1,2}[\w-()]+|\.[\w-]+|#[\w-]+)*\s*/
Done
print_tabulation.css has 7 symbols
Searching through them all for /(^|[\s>+~])strong(\[[^\]]*\]|:{1,2}[\w-()]+|\.[\w-]+|#[\w-]+)*\s*/
Done
my_print.css has 14 symbols
Searching through them all for /(^|[\s>+~])strong(\[[^\]]*\]|:{1,2}[\w-()]+|\.[\w-]+|#[\w-]+)*\s*/
Done
bootstrap-datepicker.min.css has 221 symbols
Searching through them all for /(^|[\s>+~])strong(\[[^\]]*\]|:{1,2}[\w-()]+|\.[\w-]+|#[\w-]+)*\s*/
Done
bootstrap.min.css has 2572 symbols
Searching through them all for /(^|[\s>+~])strong(\[[^\]]*\]|:{1,2}[\w-()]+|\.[\w-]+|#[\w-]+)*\s*/
Done
bootstrap.css has 2572 symbols
Searching through them all for /(^|[\s>+~])strong(\[[^\]]*\]|:{1,2}[\w-()]+|\.[\w-]+|#[\w-]+)*\s*/
Done
_c3.scss has 48 symbols
Searching through them all for /(^|[\s>+~])strong(\[[^\]]*\]|:{1,2}[\w-()]+|\.[\w-]+|#[\w-]+)*\s*/
Done
_inbox.scss has 15 symbols
Searching through them all for /(^|[\s>+~])strong(\[[^\]]*\]|:{1,2}[\w-()]+|\.[\w-]+|#[\w-]+)*\s*/
Done
_d3.scss has 72 symbols
Searching through them all for /(^|[\s>+~])strong(\[[^\]]*\]|:{1,2}[\w-()]+|\.[\w-]+|#[\w-]+)*\s*/
Done
_print.scss has 34 symbols
Searching through them all for /(^|[\s>+~])strong(\[[^\]]*\]|:{1,2}[\w-()]+|\.[\w-]+|#[\w-]+)*\s*/
Done
components.css has 4341 symbols
Searching through them all for /(^|[\s>+~])strong(\[[^\]]*\]|:{1,2}[\w-()]+|\.[\w-]+|#[\w-]+)*\s*/
Done
_reboot.scss has 100 symbols
Searching through them all for /(^|[\s>+~])strong(\[[^\]]*\]|:{1,2}[\w-()]+|\.[\w-]+|#[\w-]+)*\s*/
Done
_table-row.scss has 10 symbols
Searching through them all for /(^|[\s>+~])strong(\[[^\]]*\]|:{1,2}[\w-()]+|\.[\w-]+|#[\w-]+)*\s*/
Done
dialog_opera.css has 160 symbols
Searching through them all for /(^|[\s>+~])strong(\[[^\]]*\]|:{1,2}[\w-()]+|\.[\w-]+|#[\w-]+)*\s*/
Done
dialog_opera.css has 160 symbols
Searching through them all for /(^|[\s>+~])strong(\[[^\]]*\]|:{1,2}[\w-()]+|\.[\w-]+|#[\w-]+)*\s*/
Done
dialog_iequirks.css has 158 symbols
Searching through them all for /(^|[\s>+~])strong(\[[^\]]*\]|:{1,2}[\w-()]+|\.[\w-]+|#[\w-]+)*\s*/
Done
dialog_ie.css has 173 symbols
Searching through them all for /(^|[\s>+~])strong(\[[^\]]*\]|:{1,2}[\w-()]+|\.[\w-]+|#[\w-]+)*\s*/
Done
dialog_iequirks.css has 158 symbols
Searching through them all for /(^|[\s>+~])strong(\[[^\]]*\]|:{1,2}[\w-()]+|\.[\w-]+|#[\w-]+)*\s*/
Done
dialog_ie.css has 173 symbols
Searching through them all for /(^|[\s>+~])strong(\[[^\]]*\]|:{1,2}[\w-()]+|\.[\w-]+|#[\w-]+)*\s*/
Done
dialog_ie7.css has 172 symbols
Searching through them all for /(^|[\s>+~])strong(\[[^\]]*\]|:{1,2}[\w-()]+|\.[\w-]+|#[\w-]+)*\s*/
Done
dialog_ie8.css has 161 symbols
Searching through them all for /(^|[\s>+~])strong(\[[^\]]*\]|:{1,2}[\w-()]+|\.[\w-]+|#[\w-]+)*\s*/
Done
dialog_ie7.css has 172 symbols
Searching through them all for /(^|[\s>+~])strong(\[[^\]]*\]|:{1,2}[\w-()]+|\.[\w-]+|#[\w-]+)*\s*/
Done
wsc.css has 18 symbols
Searching through them all for /(^|[\s>+~])strong(\[[^\]]*\]|:{1,2}[\w-()]+|\.[\w-]+|#[\w-]+)*\s*/
Done
dialog_ie8.css has 161 symbols
Searching through them all for /(^|[\s>+~])strong(\[[^\]]*\]|:{1,2}[\w-()]+|\.[\w-]+|#[\w-]+)*\s*/
Done
dialog.css has 159 symbols
Searching through them all for /(^|[\s>+~])strong(\[[^\]]*\]|:{1,2}[\w-()]+|\.[\w-]+|#[\w-]+)*\s*/
Done
dialog.scss has 155 symbols
Searching through them all for /(^|[\s>+~])strong(\[[^\]]*\]|:{1,2}[\w-()]+|\.[\w-]+|#[\w-]+)*\s*/
Done
dialog.scss has 155 symbols
Searching through them all for /(^|[\s>+~])strong(\[[^\]]*\]|:{1,2}[\w-()]+|\.[\w-]+|#[\w-]+)*\s*/
Done
_colorpanel.scss has 20 symbols
Searching through them all for /(^|[\s>+~])strong(\[[^\]]*\]|:{1,2}[\w-()]+|\.[\w-]+|#[\w-]+)*\s*/
Done
dialog.css has 159 symbols
Searching through them all for /(^|[\s>+~])strong(\[[^\]]*\]|:{1,2}[\w-()]+|\.[\w-]+|#[\w-]+)*\s*/
Done
dialog_opera.scss has 3 symbols
Searching through them all for /(^|[\s>+~])strong(\[[^\]]*\]|:{1,2}[\w-()]+|\.[\w-]+|#[\w-]+)*\s*/
Done
_colorpanel.scss has 20 symbols
Searching through them all for /(^|[\s>+~])strong(\[[^\]]*\]|:{1,2}[\w-()]+|\.[\w-]+|#[\w-]+)*\s*/
Done
dialog_opera.scss has 3 symbols
Searching through them all for /(^|[\s>+~])strong(\[[^\]]*\]|:{1,2}[\w-()]+|\.[\w-]+|#[\w-]+)*\s*/
Done
_footable.scss has 17 symbols
Searching through them all for /(^|[\s>+~])strong(\[[^\]]*\]|:{1,2}[\w-()]+|\.[\w-]+|#[\w-]+)*\s*/
Done
_handsontable.scss has 342 symbols
Searching through them all for /(^|[\s>+~])strong(\[[^\]]*\]|:{1,2}[\w-()]+|\.[\w-]+|#[\w-]+)*\s*/
Done
_widgets.scss has 281 symbols
Searching through them all for /(^|[\s>+~])strong(\[[^\]]*\]|:{1,2}[\w-()]+|\.[\w-]+|#[\w-]+)*\s*/
Done
_datatable-columns-reorder.scss has 4 symbols
Searching through them all for /(^|[\s>+~])strong(\[[^\]]*\]|:{1,2}[\w-()]+|\.[\w-]+|#[\w-]+)*\s*/
Done
_fancytree.scss has 100 symbols
Searching through them all for /(^|[\s>+~])strong(\[[^\]]*\]|:{1,2}[\w-()]+|\.[\w-]+|#[\w-]+)*\s*/
Done
_tables.scss has 136 symbols
Searching through them all for /(^|[\s>+~])strong(\[[^\]]*\]|:{1,2}[\w-()]+|\.[\w-]+|#[\w-]+)*\s*/
Done
_datatable-fixed-columns.scss has 21 symbols
Searching through them all for /(^|[\s>+~])strong(\[[^\]]*\]|:{1,2}[\w-()]+|\.[\w-]+|#[\w-]+)*\s*/
Done
_datatable-scroller.scss has 8 symbols
Searching through them all for /(^|[\s>+~])strong(\[[^\]]*\]|:{1,2}[\w-()]+|\.[\w-]+|#[\w-]+)*\s*/
Done
_datatable-keytable.scss has 8 symbols
Searching through them all for /(^|[\s>+~])strong(\[[^\]]*\]|:{1,2}[\w-()]+|\.[\w-]+|#[\w-]+)*\s*/
Done
_fullcalendar.scss has 285 symbols
Searching through them all for /(^|[\s>+~])strong(\[[^\]]*\]|:{1,2}[\w-()]+|\.[\w-]+|#[\w-]+)*\s*/
Done
_datatables.scss has 133 symbols
Searching through them all for /(^|[\s>+~])strong(\[[^\]]*\]|:{1,2}[\w-()]+|\.[\w-]+|#[\w-]+)*\s*/
Done
_datatable-responsive.scss has 31 symbols
Searching through them all for /(^|[\s>+~])strong(\[[^\]]*\]|:{1,2}[\w-()]+|\.[\w-]+|#[\w-]+)*\s*/
Done
_buttons.scss has 69 symbols
Searching through them all for /(^|[\s>+~])strong(\[[^\]]*\]|:{1,2}[\w-()]+|\.[\w-]+|#[\w-]+)*\s*/
Done
_datatable-rows-reorder.scss has 4 symbols
Searching through them all for /(^|[\s>+~])strong(\[[^\]]*\]|:{1,2}[\w-()]+|\.[\w-]+|#[\w-]+)*\s*/
Done
_daterange.scss has 86 symbols
Searching through them all for /(^|[\s>+~])strong(\[[^\]]*\]|:{1,2}[\w-()]+|\.[\w-]+|#[\w-]+)*\s*/
Done
_alpaca.scss has 65 symbols
Searching through them all for /(^|[\s>+~])strong(\[[^\]]*\]|:{1,2}[\w-()]+|\.[\w-]+|#[\w-]+)*\s*/
Done
_date.scss has 49 symbols
Searching through them all for /(^|[\s>+~])strong(\[[^\]]*\]|:{1,2}[\w-()]+|\.[\w-]+|#[\w-]+)*\s*/
Done
_tables.scss has 43 symbols
Searching through them all for /(^|[\s>+~])strong(\[[^\]]*\]|:{1,2}[\w-()]+|\.[\w-]+|#[\w-]+)*\s*/
Done
_widgets.scss has 251 symbols
Searching through them all for /(^|[\s>+~])strong(\[[^\]]*\]|:{1,2}[\w-()]+|\.[\w-]+|#[\w-]+)*\s*/
Done
_handsontable.scss has 342 symbols
Searching through them all for /(^|[\s>+~])strong(\[[^\]]*\]|:{1,2}[\w-()]+|\.[\w-]+|#[\w-]+)*\s*/
Done
_tables.scss has 136 symbols
Searching through them all for /(^|[\s>+~])strong(\[[^\]]*\]|:{1,2}[\w-()]+|\.[\w-]+|#[\w-]+)*\s*/
Done
_footable.scss has 17 symbols
Searching through them all for /(^|[\s>+~])strong(\[[^\]]*\]|:{1,2}[\w-()]+|\.[\w-]+|#[\w-]+)*\s*/
Done
_datatable-responsive.scss has 31 symbols
Searching through them all for /(^|[\s>+~])strong(\[[^\]]*\]|:{1,2}[\w-()]+|\.[\w-]+|#[\w-]+)*\s*/
Done
_datatable-rows-reorder.scss has 4 symbols
Searching through them all for /(^|[\s>+~])strong(\[[^\]]*\]|:{1,2}[\w-()]+|\.[\w-]+|#[\w-]+)*\s*/
Done
_datatable-columns-reorder.scss has 4 symbols
Searching through them all for /(^|[\s>+~])strong(\[[^\]]*\]|:{1,2}[\w-()]+|\.[\w-]+|#[\w-]+)*\s*/
Done
_fullcalendar.scss has 285 symbols
Searching through them all for /(^|[\s>+~])strong(\[[^\]]*\]|:{1,2}[\w-()]+|\.[\w-]+|#[\w-]+)*\s*/
Done
_datatables.scss has 132 symbols
Searching through them all for /(^|[\s>+~])strong(\[[^\]]*\]|:{1,2}[\w-()]+|\.[\w-]+|#[\w-]+)*\s*/
Done
_fancytree.scss has 100 symbols
Searching through them all for /(^|[\s>+~])strong(\[[^\]]*\]|:{1,2}[\w-()]+|\.[\w-]+|#[\w-]+)*\s*/
Done
_alpaca.scss has 64 symbols
Searching through them all for /(^|[\s>+~])strong(\[[^\]]*\]|:{1,2}[\w-()]+|\.[\w-]+|#[\w-]+)*\s*/
Done
_daterange.scss has 87 symbols
Searching through them all for /(^|[\s>+~])strong(\[[^\]]*\]|:{1,2}[\w-()]+|\.[\w-]+|#[\w-]+)*\s*/
Done
_date.scss has 49 symbols
Searching through them all for /(^|[\s>+~])strong(\[[^\]]*\]|:{1,2}[\w-()]+|\.[\w-]+|#[\w-]+)*\s*/
Done
_datatable-fixed-columns.scss has 21 symbols
Searching through them all for /(^|[\s>+~])strong(\[[^\]]*\]|:{1,2}[\w-()]+|\.[\w-]+|#[\w-]+)*\s*/
Done
_datatable-scroller.scss has 8 symbols
Searching through them all for /(^|[\s>+~])strong(\[[^\]]*\]|:{1,2}[\w-()]+|\.[\w-]+|#[\w-]+)*\s*/
Done
_datatable-keytable.scss has 8 symbols
Searching through them all for /(^|[\s>+~])strong(\[[^\]]*\]|:{1,2}[\w-()]+|\.[\w-]+|#[\w-]+)*\s*/
Done
_buttons.scss has 69 symbols
Searching through them all for /(^|[\s>+~])strong(\[[^\]]*\]|:{1,2}[\w-()]+|\.[\w-]+|#[\w-]+)*\s*/
Done
app.css has 3148 symbols
Searching through them all for /(^|[\s>+~])strong(\[[^\]]*\]|:{1,2}[\w-()]+|\.[\w-]+|#[\w-]+)*\s*/
Done
exception.css has 214 symbols
Searching through them all for /(^|[\s>+~])strong(\[[^\]]*\]|:{1,2}[\w-()]+|\.[\w-]+|#[\w-]+)*\s*/
Done
default.css has 45 symbols
Searching through them all for /(^|[\s>+~])strong(\[[^\]]*\]|:{1,2}[\w-()]+|\.[\w-]+|#[\w-]+)*\s*/
Done
html.css has 163 symbols
Searching through them all for /(^|[\s>+~])strong(\[[^\]]*\]|:{1,2}[\w-()]+|\.[\w-]+|#[\w-]+)*\s*/
Done
whoops.base.css has 120 symbols
Searching through them all for /(^|[\s>+~])strong(\[[^\]]*\]|:{1,2}[\w-()]+|\.[\w-]+|#[\w-]+)*\s*/
Done
style.css has 50 symbols
Searching through them all for /(^|[\s>+~])strong(\[[^\]]*\]|:{1,2}[\w-()]+|\.[\w-]+|#[\w-]+)*\s*/
Done
bootstrap.min.css has 3147 symbols
Searching through them all for /(^|[\s>+~])strong(\[[^\]]*\]|:{1,2}[\w-()]+|\.[\w-]+|#[\w-]+)*\s*/
Done
nv.d3.min.css has 135 symbols
Searching through them all for /(^|[\s>+~])strong(\[[^\]]*\]|:{1,2}[\w-()]+|\.[\w-]+|#[\w-]+)*\s*/
Done
strong>NUMÉRO 421
  script 54 60
  script 113 119
  script 122 128
  script 181 187
  table 191 196
  tbody 250 255
  tr 266 268
  td 283 285
  strong 287 293
  strong 300 306
  td 343 345
  td 417 419
  strong 421 427
strong>NUMÉRO is a "html tag"
components.min.css has 4339 symbols
Searching through them all for /(^|[\s>+~])strong>NUMÉRO(\[[^\]]*\]|:{1,2}[\w-()]+|\.[\w-]+|#[\w-]+)*\s*/
Done
bootstrap_limitless.css has 1198 symbols
Searching through them all for /(^|[\s>+~])strong>NUMÉRO(\[[^\]]*\]|:{1,2}[\w-()]+|\.[\w-]+|#[\w-]+)*\s*/
Done
receipt.css has 17 symbols
Searching through them all for /(^|[\s>+~])strong>NUMÉRO(\[[^\]]*\]|:{1,2}[\w-()]+|\.[\w-]+|#[\w-]+)*\s*/
Done
bootstrap_limitless.min.css has 1198 symbols
Searching through them all for /(^|[\s>+~])strong>NUMÉRO(\[[^\]]*\]|:{1,2}[\w-()]+|\.[\w-]+|#[\w-]+)*\s*/
Done
print_tabulation.css has 7 symbols
Searching through them all for /(^|[\s>+~])strong>NUMÉRO(\[[^\]]*\]|:{1,2}[\w-()]+|\.[\w-]+|#[\w-]+)*\s*/
Done
my_print.css has 14 symbols
Searching through them all for /(^|[\s>+~])strong>NUMÉRO(\[[^\]]*\]|:{1,2}[\w-()]+|\.[\w-]+|#[\w-]+)*\s*/
Done
bootstrap-datepicker.min.css has 221 symbols
Searching through them all for /(^|[\s>+~])strong>NUMÉRO(\[[^\]]*\]|:{1,2}[\w-()]+|\.[\w-]+|#[\w-]+)*\s*/
Done
bootstrap.min.css has 2572 symbols
Searching through them all for /(^|[\s>+~])strong>NUMÉRO(\[[^\]]*\]|:{1,2}[\w-()]+|\.[\w-]+|#[\w-]+)*\s*/
Done
bootstrap.css has 2572 symbols
Searching through them all for /(^|[\s>+~])strong>NUMÉRO(\[[^\]]*\]|:{1,2}[\w-()]+|\.[\w-]+|#[\w-]+)*\s*/
Done
_c3.scss has 48 symbols
Searching through them all for /(^|[\s>+~])strong>NUMÉRO(\[[^\]]*\]|:{1,2}[\w-()]+|\.[\w-]+|#[\w-]+)*\s*/
Done
_inbox.scss has 15 symbols
Searching through them all for /(^|[\s>+~])strong>NUMÉRO(\[[^\]]*\]|:{1,2}[\w-()]+|\.[\w-]+|#[\w-]+)*\s*/
Done
_d3.scss has 72 symbols
Searching through them all for /(^|[\s>+~])strong>NUMÉRO(\[[^\]]*\]|:{1,2}[\w-()]+|\.[\w-]+|#[\w-]+)*\s*/
Done
_print.scss has 34 symbols
Searching through them all for /(^|[\s>+~])strong>NUMÉRO(\[[^\]]*\]|:{1,2}[\w-()]+|\.[\w-]+|#[\w-]+)*\s*/
Done
components.css has 4341 symbols
Searching through them all for /(^|[\s>+~])strong>NUMÉRO(\[[^\]]*\]|:{1,2}[\w-()]+|\.[\w-]+|#[\w-]+)*\s*/
Done
_reboot.scss has 100 symbols
Searching through them all for /(^|[\s>+~])strong>NUMÉRO(\[[^\]]*\]|:{1,2}[\w-()]+|\.[\w-]+|#[\w-]+)*\s*/
Done
_table-row.scss has 10 symbols
Searching through them all for /(^|[\s>+~])strong>NUMÉRO(\[[^\]]*\]|:{1,2}[\w-()]+|\.[\w-]+|#[\w-]+)*\s*/
Done
dialog_opera.css has 160 symbols
Searching through them all for /(^|[\s>+~])strong>NUMÉRO(\[[^\]]*\]|:{1,2}[\w-()]+|\.[\w-]+|#[\w-]+)*\s*/
Done
dialog_opera.css has 160 symbols
Searching through them all for /(^|[\s>+~])strong>NUMÉRO(\[[^\]]*\]|:{1,2}[\w-()]+|\.[\w-]+|#[\w-]+)*\s*/
Done
dialog_iequirks.css has 158 symbols
Searching through them all for /(^|[\s>+~])strong>NUMÉRO(\[[^\]]*\]|:{1,2}[\w-()]+|\.[\w-]+|#[\w-]+)*\s*/
Done
dialog_ie.css has 173 symbols
Searching through them all for /(^|[\s>+~])strong>NUMÉRO(\[[^\]]*\]|:{1,2}[\w-()]+|\.[\w-]+|#[\w-]+)*\s*/
Done
dialog_iequirks.css has 158 symbols
Searching through them all for /(^|[\s>+~])strong>NUMÉRO(\[[^\]]*\]|:{1,2}[\w-()]+|\.[\w-]+|#[\w-]+)*\s*/
Done
dialog_ie.css has 173 symbols
Searching through them all for /(^|[\s>+~])strong>NUMÉRO(\[[^\]]*\]|:{1,2}[\w-()]+|\.[\w-]+|#[\w-]+)*\s*/
Done
dialog_ie7.css has 172 symbols
Searching through them all for /(^|[\s>+~])strong>NUMÉRO(\[[^\]]*\]|:{1,2}[\w-()]+|\.[\w-]+|#[\w-]+)*\s*/
Done
dialog_ie8.css has 161 symbols
Searching through them all for /(^|[\s>+~])strong>NUMÉRO(\[[^\]]*\]|:{1,2}[\w-()]+|\.[\w-]+|#[\w-]+)*\s*/
Done
dialog_ie7.css has 172 symbols
Searching through them all for /(^|[\s>+~])strong>NUMÉRO(\[[^\]]*\]|:{1,2}[\w-()]+|\.[\w-]+|#[\w-]+)*\s*/
Done
wsc.css has 18 symbols
Searching through them all for /(^|[\s>+~])strong>NUMÉRO(\[[^\]]*\]|:{1,2}[\w-()]+|\.[\w-]+|#[\w-]+)*\s*/
Done
dialog_ie8.css has 161 symbols
Searching through them all for /(^|[\s>+~])strong>NUMÉRO(\[[^\]]*\]|:{1,2}[\w-()]+|\.[\w-]+|#[\w-]+)*\s*/
Done
dialog.css has 159 symbols
Searching through them all for /(^|[\s>+~])strong>NUMÉRO(\[[^\]]*\]|:{1,2}[\w-()]+|\.[\w-]+|#[\w-]+)*\s*/
Done
dialog.scss has 155 symbols
Searching through them all for /(^|[\s>+~])strong>NUMÉRO(\[[^\]]*\]|:{1,2}[\w-()]+|\.[\w-]+|#[\w-]+)*\s*/
Done
dialog.scss has 155 symbols
Searching through them all for /(^|[\s>+~])strong>NUMÉRO(\[[^\]]*\]|:{1,2}[\w-()]+|\.[\w-]+|#[\w-]+)*\s*/
Done
_colorpanel.scss has 20 symbols
Searching through them all for /(^|[\s>+~])strong>NUMÉRO(\[[^\]]*\]|:{1,2}[\w-()]+|\.[\w-]+|#[\w-]+)*\s*/
Done
dialog.css has 159 symbols
Searching through them all for /(^|[\s>+~])strong>NUMÉRO(\[[^\]]*\]|:{1,2}[\w-()]+|\.[\w-]+|#[\w-]+)*\s*/
Done
dialog_opera.scss has 3 symbols
Searching through them all for /(^|[\s>+~])strong>NUMÉRO(\[[^\]]*\]|:{1,2}[\w-()]+|\.[\w-]+|#[\w-]+)*\s*/
Done
_colorpanel.scss has 20 symbols
Searching through them all for /(^|[\s>+~])strong>NUMÉRO(\[[^\]]*\]|:{1,2}[\w-()]+|\.[\w-]+|#[\w-]+)*\s*/
Done
dialog_opera.scss has 3 symbols
Searching through them all for /(^|[\s>+~])strong>NUMÉRO(\[[^\]]*\]|:{1,2}[\w-()]+|\.[\w-]+|#[\w-]+)*\s*/
Done
_footable.scss has 17 symbols
Searching through them all for /(^|[\s>+~])strong>NUMÉRO(\[[^\]]*\]|:{1,2}[\w-()]+|\.[\w-]+|#[\w-]+)*\s*/
Done
_handsontable.scss has 342 symbols
Searching through them all for /(^|[\s>+~])strong>NUMÉRO(\[[^\]]*\]|:{1,2}[\w-()]+|\.[\w-]+|#[\w-]+)*\s*/
Done
_widgets.scss has 281 symbols
Searching through them all for /(^|[\s>+~])strong>NUMÉRO(\[[^\]]*\]|:{1,2}[\w-()]+|\.[\w-]+|#[\w-]+)*\s*/
Done
_datatable-columns-reorder.scss has 4 symbols
Searching through them all for /(^|[\s>+~])strong>NUMÉRO(\[[^\]]*\]|:{1,2}[\w-()]+|\.[\w-]+|#[\w-]+)*\s*/
Done
_fancytree.scss has 100 symbols
Searching through them all for /(^|[\s>+~])strong>NUMÉRO(\[[^\]]*\]|:{1,2}[\w-()]+|\.[\w-]+|#[\w-]+)*\s*/
Done
_tables.scss has 136 symbols
Searching through them all for /(^|[\s>+~])strong>NUMÉRO(\[[^\]]*\]|:{1,2}[\w-()]+|\.[\w-]+|#[\w-]+)*\s*/
Done
_datatable-fixed-columns.scss has 21 symbols
Searching through them all for /(^|[\s>+~])strong>NUMÉRO(\[[^\]]*\]|:{1,2}[\w-()]+|\.[\w-]+|#[\w-]+)*\s*/
Done
_datatable-scroller.scss has 8 symbols
Searching through them all for /(^|[\s>+~])strong>NUMÉRO(\[[^\]]*\]|:{1,2}[\w-()]+|\.[\w-]+|#[\w-]+)*\s*/
Done
_datatable-keytable.scss has 8 symbols
Searching through them all for /(^|[\s>+~])strong>NUMÉRO(\[[^\]]*\]|:{1,2}[\w-()]+|\.[\w-]+|#[\w-]+)*\s*/
Done
_fullcalendar.scss has 285 symbols
Searching through them all for /(^|[\s>+~])strong>NUMÉRO(\[[^\]]*\]|:{1,2}[\w-()]+|\.[\w-]+|#[\w-]+)*\s*/
Done
_datatables.scss has 133 symbols
Searching through them all for /(^|[\s>+~])strong>NUMÉRO(\[[^\]]*\]|:{1,2}[\w-()]+|\.[\w-]+|#[\w-]+)*\s*/
Done
_datatable-responsive.scss has 31 symbols
Searching through them all for /(^|[\s>+~])strong>NUMÉRO(\[[^\]]*\]|:{1,2}[\w-()]+|\.[\w-]+|#[\w-]+)*\s*/
Done
_buttons.scss has 69 symbols
Searching through them all for /(^|[\s>+~])strong>NUMÉRO(\[[^\]]*\]|:{1,2}[\w-()]+|\.[\w-]+|#[\w-]+)*\s*/
Done
_datatable-rows-reorder.scss has 4 symbols
Searching through them all for /(^|[\s>+~])strong>NUMÉRO(\[[^\]]*\]|:{1,2}[\w-()]+|\.[\w-]+|#[\w-]+)*\s*/
Done
_daterange.scss has 86 symbols
Searching through them all for /(^|[\s>+~])strong>NUMÉRO(\[[^\]]*\]|:{1,2}[\w-()]+|\.[\w-]+|#[\w-]+)*\s*/
Done
_alpaca.scss has 65 symbols
Searching through them all for /(^|[\s>+~])strong>NUMÉRO(\[[^\]]*\]|:{1,2}[\w-()]+|\.[\w-]+|#[\w-]+)*\s*/
Done
_date.scss has 49 symbols
Searching through them all for /(^|[\s>+~])strong>NUMÉRO(\[[^\]]*\]|:{1,2}[\w-()]+|\.[\w-]+|#[\w-]+)*\s*/
Done
_tables.scss has 43 symbols
Searching through them all for /(^|[\s>+~])strong>NUMÉRO(\[[^\]]*\]|:{1,2}[\w-()]+|\.[\w-]+|#[\w-]+)*\s*/
Done
_widgets.scss has 251 symbols
Searching through them all for /(^|[\s>+~])strong>NUMÉRO(\[[^\]]*\]|:{1,2}[\w-()]+|\.[\w-]+|#[\w-]+)*\s*/
Done
_handsontable.scss has 342 symbols
Searching through them all for /(^|[\s>+~])strong>NUMÉRO(\[[^\]]*\]|:{1,2}[\w-()]+|\.[\w-]+|#[\w-]+)*\s*/
Done
_tables.scss has 136 symbols
Searching through them all for /(^|[\s>+~])strong>NUMÉRO(\[[^\]]*\]|:{1,2}[\w-()]+|\.[\w-]+|#[\w-]+)*\s*/
Done
_footable.scss has 17 symbols
Searching through them all for /(^|[\s>+~])strong>NUMÉRO(\[[^\]]*\]|:{1,2}[\w-()]+|\.[\w-]+|#[\w-]+)*\s*/
Done
_datatable-responsive.scss has 31 symbols
Searching through them all for /(^|[\s>+~])strong>NUMÉRO(\[[^\]]*\]|:{1,2}[\w-()]+|\.[\w-]+|#[\w-]+)*\s*/
Done
_datatable-rows-reorder.scss has 4 symbols
Searching through them all for /(^|[\s>+~])strong>NUMÉRO(\[[^\]]*\]|:{1,2}[\w-()]+|\.[\w-]+|#[\w-]+)*\s*/
Done
_datatable-columns-reorder.scss has 4 symbols
Searching through them all for /(^|[\s>+~])strong>NUMÉRO(\[[^\]]*\]|:{1,2}[\w-()]+|\.[\w-]+|#[\w-]+)*\s*/
Done
_fullcalendar.scss has 285 symbols
Searching through them all for /(^|[\s>+~])strong>NUMÉRO(\[[^\]]*\]|:{1,2}[\w-()]+|\.[\w-]+|#[\w-]+)*\s*/
Done
_datatables.scss has 132 symbols
Searching through them all for /(^|[\s>+~])strong>NUMÉRO(\[[^\]]*\]|:{1,2}[\w-()]+|\.[\w-]+|#[\w-]+)*\s*/
Done
_fancytree.scss has 100 symbols
Searching through them all for /(^|[\s>+~])strong>NUMÉRO(\[[^\]]*\]|:{1,2}[\w-()]+|\.[\w-]+|#[\w-]+)*\s*/
Done
_alpaca.scss has 64 symbols
Searching through them all for /(^|[\s>+~])strong>NUMÉRO(\[[^\]]*\]|:{1,2}[\w-()]+|\.[\w-]+|#[\w-]+)*\s*/
Done
_daterange.scss has 87 symbols
Searching through them all for /(^|[\s>+~])strong>NUMÉRO(\[[^\]]*\]|:{1,2}[\w-()]+|\.[\w-]+|#[\w-]+)*\s*/
Done
_date.scss has 49 symbols
Searching through them all for /(^|[\s>+~])strong>NUMÉRO(\[[^\]]*\]|:{1,2}[\w-()]+|\.[\w-]+|#[\w-]+)*\s*/
Done
_datatable-fixed-columns.scss has 21 symbols
Searching through them all for /(^|[\s>+~])strong>NUMÉRO(\[[^\]]*\]|:{1,2}[\w-()]+|\.[\w-]+|#[\w-]+)*\s*/
Done
_datatable-scroller.scss has 8 symbols
Searching through them all for /(^|[\s>+~])strong>NUMÉRO(\[[^\]]*\]|:{1,2}[\w-()]+|\.[\w-]+|#[\w-]+)*\s*/
Done
_datatable-keytable.scss has 8 symbols
Searching through them all for /(^|[\s>+~])strong>NUMÉRO(\[[^\]]*\]|:{1,2}[\w-()]+|\.[\w-]+|#[\w-]+)*\s*/
Done
_buttons.scss has 69 symbols
Searching through them all for /(^|[\s>+~])strong>NUMÉRO(\[[^\]]*\]|:{1,2}[\w-()]+|\.[\w-]+|#[\w-]+)*\s*/
Done
app.css has 3148 symbols
Searching through them all for /(^|[\s>+~])strong>NUMÉRO(\[[^\]]*\]|:{1,2}[\w-()]+|\.[\w-]+|#[\w-]+)*\s*/
Done
exception.css has 214 symbols
Searching through them all for /(^|[\s>+~])strong>NUMÉRO(\[[^\]]*\]|:{1,2}[\w-()]+|\.[\w-]+|#[\w-]+)*\s*/
Done
default.css has 45 symbols
Searching through them all for /(^|[\s>+~])strong>NUMÉRO(\[[^\]]*\]|:{1,2}[\w-()]+|\.[\w-]+|#[\w-]+)*\s*/
Done
html.css has 163 symbols
Searching through them all for /(^|[\s>+~])strong>NUMÉRO(\[[^\]]*\]|:{1,2}[\w-()]+|\.[\w-]+|#[\w-]+)*\s*/
Done
whoops.base.css has 120 symbols
Searching through them all for /(^|[\s>+~])strong>NUMÉRO(\[[^\]]*\]|:{1,2}[\w-()]+|\.[\w-]+|#[\w-]+)*\s*/
Done
style.css has 50 symbols
Searching through them all for /(^|[\s>+~])strong>NUMÉRO(\[[^\]]*\]|:{1,2}[\w-()]+|\.[\w-]+|#[\w-]+)*\s*/
Done
bootstrap.min.css has 3147 symbols
Searching through them all for /(^|[\s>+~])strong>NUMÉRO(\[[^\]]*\]|:{1,2}[\w-()]+|\.[\w-]+|#[\w-]+)*\s*/
Done
nv.d3.min.css has 135 symbols
Searching through them all for /(^|[\s>+~])strong>NUMÉRO(\[[^\]]*\]|:{1,2}[\w-()]+|\.[\w-]+|#[\w-]+)*\s*/
Done
strong>CLASSE:</strong 497
  script 54 60
  script 113 119
  script 122 128
  script 181 187
  table 191 196
  tbody 250 255
  tr 266 268
  td 283 285
  strong 287 293
  strong 300 306
  td 343 345
  td 417 419
  strong 421 427
  strong 449 455
  td 476 478
  td 493 495
  strong 497 503
strong>CLASSE:</strong is a "html tag"
components.min.css has 4339 symbols
Searching through them all for /(^|[\s>+~])strong>CLASSE:</strong(\[[^\]]*\]|:{1,2}[\w-()]+|\.[\w-]+|#[\w-]+)*\s*/
Done
bootstrap_limitless.css has 1198 symbols
Searching through them all for /(^|[\s>+~])strong>CLASSE:</strong(\[[^\]]*\]|:{1,2}[\w-()]+|\.[\w-]+|#[\w-]+)*\s*/
Done
receipt.css has 17 symbols
Searching through them all for /(^|[\s>+~])strong>CLASSE:</strong(\[[^\]]*\]|:{1,2}[\w-()]+|\.[\w-]+|#[\w-]+)*\s*/
Done
bootstrap_limitless.min.css has 1198 symbols
Searching through them all for /(^|[\s>+~])strong>CLASSE:</strong(\[[^\]]*\]|:{1,2}[\w-()]+|\.[\w-]+|#[\w-]+)*\s*/
Done
print_tabulation.css has 7 symbols
Searching through them all for /(^|[\s>+~])strong>CLASSE:</strong(\[[^\]]*\]|:{1,2}[\w-()]+|\.[\w-]+|#[\w-]+)*\s*/
Done
my_print.css has 14 symbols
Searching through them all for /(^|[\s>+~])strong>CLASSE:</strong(\[[^\]]*\]|:{1,2}[\w-()]+|\.[\w-]+|#[\w-]+)*\s*/
Done
bootstrap-datepicker.min.css has 221 symbols
Searching through them all for /(^|[\s>+~])strong>CLASSE:</strong(\[[^\]]*\]|:{1,2}[\w-()]+|\.[\w-]+|#[\w-]+)*\s*/
Done
bootstrap.min.css has 2572 symbols
Searching through them all for /(^|[\s>+~])strong>CLASSE:</strong(\[[^\]]*\]|:{1,2}[\w-()]+|\.[\w-]+|#[\w-]+)*\s*/
Done
bootstrap.css has 2572 symbols
Searching through them all for /(^|[\s>+~])strong>CLASSE:</strong(\[[^\]]*\]|:{1,2}[\w-()]+|\.[\w-]+|#[\w-]+)*\s*/
Done
_c3.scss has 48 symbols
Searching through them all for /(^|[\s>+~])strong>CLASSE:</strong(\[[^\]]*\]|:{1,2}[\w-()]+|\.[\w-]+|#[\w-]+)*\s*/
Done
_inbox.scss has 15 symbols
Searching through them all for /(^|[\s>+~])strong>CLASSE:</strong(\[[^\]]*\]|:{1,2}[\w-()]+|\.[\w-]+|#[\w-]+)*\s*/
Done
_d3.scss has 72 symbols
Searching through them all for /(^|[\s>+~])strong>CLASSE:</strong(\[[^\]]*\]|:{1,2}[\w-()]+|\.[\w-]+|#[\w-]+)*\s*/
Done
_print.scss has 34 symbols
Searching through them all for /(^|[\s>+~])strong>CLASSE:</strong(\[[^\]]*\]|:{1,2}[\w-()]+|\.[\w-]+|#[\w-]+)*\s*/
Done
components.css has 4341 symbols
Searching through them all for /(^|[\s>+~])strong>CLASSE:</strong(\[[^\]]*\]|:{1,2}[\w-()]+|\.[\w-]+|#[\w-]+)*\s*/
Done
_reboot.scss has 100 symbols
Searching through them all for /(^|[\s>+~])strong>CLASSE:</strong(\[[^\]]*\]|:{1,2}[\w-()]+|\.[\w-]+|#[\w-]+)*\s*/
Done
_table-row.scss has 10 symbols
Searching through them all for /(^|[\s>+~])strong>CLASSE:</strong(\[[^\]]*\]|:{1,2}[\w-()]+|\.[\w-]+|#[\w-]+)*\s*/
Done
dialog_opera.css has 160 symbols
Searching through them all for /(^|[\s>+~])strong>CLASSE:</strong(\[[^\]]*\]|:{1,2}[\w-()]+|\.[\w-]+|#[\w-]+)*\s*/
Done
dialog_opera.css has 160 symbols
Searching through them all for /(^|[\s>+~])strong>CLASSE:</strong(\[[^\]]*\]|:{1,2}[\w-()]+|\.[\w-]+|#[\w-]+)*\s*/
Done
dialog_iequirks.css has 158 symbols
Searching through them all for /(^|[\s>+~])strong>CLASSE:</strong(\[[^\]]*\]|:{1,2}[\w-()]+|\.[\w-]+|#[\w-]+)*\s*/
Done
dialog_ie.css has 173 symbols
Searching through them all for /(^|[\s>+~])strong>CLASSE:</strong(\[[^\]]*\]|:{1,2}[\w-()]+|\.[\w-]+|#[\w-]+)*\s*/
Done
dialog_iequirks.css has 158 symbols
Searching through them all for /(^|[\s>+~])strong>CLASSE:</strong(\[[^\]]*\]|:{1,2}[\w-()]+|\.[\w-]+|#[\w-]+)*\s*/
Done
dialog_ie.css has 173 symbols
Searching through them all for /(^|[\s>+~])strong>CLASSE:</strong(\[[^\]]*\]|:{1,2}[\w-()]+|\.[\w-]+|#[\w-]+)*\s*/
Done
dialog_ie7.css has 172 symbols
Searching through them all for /(^|[\s>+~])strong>CLASSE:</strong(\[[^\]]*\]|:{1,2}[\w-()]+|\.[\w-]+|#[\w-]+)*\s*/
Done
dialog_ie8.css has 161 symbols
Searching through them all for /(^|[\s>+~])strong>CLASSE:</strong(\[[^\]]*\]|:{1,2}[\w-()]+|\.[\w-]+|#[\w-]+)*\s*/
Done
dialog_ie7.css has 172 symbols
Searching through them all for /(^|[\s>+~])strong>CLASSE:</strong(\[[^\]]*\]|:{1,2}[\w-()]+|\.[\w-]+|#[\w-]+)*\s*/
Done
wsc.css has 18 symbols
Searching through them all for /(^|[\s>+~])strong>CLASSE:</strong(\[[^\]]*\]|:{1,2}[\w-()]+|\.[\w-]+|#[\w-]+)*\s*/
Done
dialog_ie8.css has 161 symbols
Searching through them all for /(^|[\s>+~])strong>CLASSE:</strong(\[[^\]]*\]|:{1,2}[\w-()]+|\.[\w-]+|#[\w-]+)*\s*/
Done
dialog.css has 159 symbols
Searching through them all for /(^|[\s>+~])strong>CLASSE:</strong(\[[^\]]*\]|:{1,2}[\w-()]+|\.[\w-]+|#[\w-]+)*\s*/
Done
dialog.scss has 155 symbols
Searching through them all for /(^|[\s>+~])strong>CLASSE:</strong(\[[^\]]*\]|:{1,2}[\w-()]+|\.[\w-]+|#[\w-]+)*\s*/
Done
dialog.scss has 155 symbols
Searching through them all for /(^|[\s>+~])strong>CLASSE:</strong(\[[^\]]*\]|:{1,2}[\w-()]+|\.[\w-]+|#[\w-]+)*\s*/
Done
_colorpanel.scss has 20 symbols
Searching through them all for /(^|[\s>+~])strong>CLASSE:</strong(\[[^\]]*\]|:{1,2}[\w-()]+|\.[\w-]+|#[\w-]+)*\s*/
Done
dialog.css has 159 symbols
Searching through them all for /(^|[\s>+~])strong>CLASSE:</strong(\[[^\]]*\]|:{1,2}[\w-()]+|\.[\w-]+|#[\w-]+)*\s*/
Done
dialog_opera.scss has 3 symbols
Searching through them all for /(^|[\s>+~])strong>CLASSE:</strong(\[[^\]]*\]|:{1,2}[\w-()]+|\.[\w-]+|#[\w-]+)*\s*/
Done
_colorpanel.scss has 20 symbols
Searching through them all for /(^|[\s>+~])strong>CLASSE:</strong(\[[^\]]*\]|:{1,2}[\w-()]+|\.[\w-]+|#[\w-]+)*\s*/
Done
dialog_opera.scss has 3 symbols
Searching through them all for /(^|[\s>+~])strong>CLASSE:</strong(\[[^\]]*\]|:{1,2}[\w-()]+|\.[\w-]+|#[\w-]+)*\s*/
Done
_footable.scss has 17 symbols
Searching through them all for /(^|[\s>+~])strong>CLASSE:</strong(\[[^\]]*\]|:{1,2}[\w-()]+|\.[\w-]+|#[\w-]+)*\s*/
Done
_handsontable.scss has 342 symbols
Searching through them all for /(^|[\s>+~])strong>CLASSE:</strong(\[[^\]]*\]|:{1,2}[\w-()]+|\.[\w-]+|#[\w-]+)*\s*/
Done
_widgets.scss has 281 symbols
Searching through them all for /(^|[\s>+~])strong>CLASSE:</strong(\[[^\]]*\]|:{1,2}[\w-()]+|\.[\w-]+|#[\w-]+)*\s*/
Done
_datatable-columns-reorder.scss has 4 symbols
Searching through them all for /(^|[\s>+~])strong>CLASSE:</strong(\[[^\]]*\]|:{1,2}[\w-()]+|\.[\w-]+|#[\w-]+)*\s*/
Done
_fancytree.scss has 100 symbols
Searching through them all for /(^|[\s>+~])strong>CLASSE:</strong(\[[^\]]*\]|:{1,2}[\w-()]+|\.[\w-]+|#[\w-]+)*\s*/
Done
_tables.scss has 136 symbols
Searching through them all for /(^|[\s>+~])strong>CLASSE:</strong(\[[^\]]*\]|:{1,2}[\w-()]+|\.[\w-]+|#[\w-]+)*\s*/
Done
_datatable-fixed-columns.scss has 21 symbols
Searching through them all for /(^|[\s>+~])strong>CLASSE:</strong(\[[^\]]*\]|:{1,2}[\w-()]+|\.[\w-]+|#[\w-]+)*\s*/
Done
_datatable-scroller.scss has 8 symbols
Searching through them all for /(^|[\s>+~])strong>CLASSE:</strong(\[[^\]]*\]|:{1,2}[\w-()]+|\.[\w-]+|#[\w-]+)*\s*/
Done
_datatable-keytable.scss has 8 symbols
Searching through them all for /(^|[\s>+~])strong>CLASSE:</strong(\[[^\]]*\]|:{1,2}[\w-()]+|\.[\w-]+|#[\w-]+)*\s*/
Done
_fullcalendar.scss has 285 symbols
Searching through them all for /(^|[\s>+~])strong>CLASSE:</strong(\[[^\]]*\]|:{1,2}[\w-()]+|\.[\w-]+|#[\w-]+)*\s*/
Done
_datatables.scss has 133 symbols
Searching through them all for /(^|[\s>+~])strong>CLASSE:</strong(\[[^\]]*\]|:{1,2}[\w-()]+|\.[\w-]+|#[\w-]+)*\s*/
Done
_datatable-responsive.scss has 31 symbols
Searching through them all for /(^|[\s>+~])strong>CLASSE:</strong(\[[^\]]*\]|:{1,2}[\w-()]+|\.[\w-]+|#[\w-]+)*\s*/
Done
_buttons.scss has 69 symbols
Searching through them all for /(^|[\s>+~])strong>CLASSE:</strong(\[[^\]]*\]|:{1,2}[\w-()]+|\.[\w-]+|#[\w-]+)*\s*/
Done
_datatable-rows-reorder.scss has 4 symbols
Searching through them all for /(^|[\s>+~])strong>CLASSE:</strong(\[[^\]]*\]|:{1,2}[\w-()]+|\.[\w-]+|#[\w-]+)*\s*/
Done
_daterange.scss has 86 symbols
Searching through them all for /(^|[\s>+~])strong>CLASSE:</strong(\[[^\]]*\]|:{1,2}[\w-()]+|\.[\w-]+|#[\w-]+)*\s*/
Done
_alpaca.scss has 65 symbols
Searching through them all for /(^|[\s>+~])strong>CLASSE:</strong(\[[^\]]*\]|:{1,2}[\w-()]+|\.[\w-]+|#[\w-]+)*\s*/
Done
_date.scss has 49 symbols
Searching through them all for /(^|[\s>+~])strong>CLASSE:</strong(\[[^\]]*\]|:{1,2}[\w-()]+|\.[\w-]+|#[\w-]+)*\s*/
Done
_tables.scss has 43 symbols
Searching through them all for /(^|[\s>+~])strong>CLASSE:</strong(\[[^\]]*\]|:{1,2}[\w-()]+|\.[\w-]+|#[\w-]+)*\s*/
Done
_widgets.scss has 251 symbols
Searching through them all for /(^|[\s>+~])strong>CLASSE:</strong(\[[^\]]*\]|:{1,2}[\w-()]+|\.[\w-]+|#[\w-]+)*\s*/
Done
_handsontable.scss has 342 symbols
Searching through them all for /(^|[\s>+~])strong>CLASSE:</strong(\[[^\]]*\]|:{1,2}[\w-()]+|\.[\w-]+|#[\w-]+)*\s*/
Done
_tables.scss has 136 symbols
Searching through them all for /(^|[\s>+~])strong>CLASSE:</strong(\[[^\]]*\]|:{1,2}[\w-()]+|\.[\w-]+|#[\w-]+)*\s*/
Done
_footable.scss has 17 symbols
Searching through them all for /(^|[\s>+~])strong>CLASSE:</strong(\[[^\]]*\]|:{1,2}[\w-()]+|\.[\w-]+|#[\w-]+)*\s*/
Done
_datatable-responsive.scss has 31 symbols
Searching through them all for /(^|[\s>+~])strong>CLASSE:</strong(\[[^\]]*\]|:{1,2}[\w-()]+|\.[\w-]+|#[\w-]+)*\s*/
Done
_datatable-rows-reorder.scss has 4 symbols
Searching through them all for /(^|[\s>+~])strong>CLASSE:</strong(\[[^\]]*\]|:{1,2}[\w-()]+|\.[\w-]+|#[\w-]+)*\s*/
Done
_datatable-columns-reorder.scss has 4 symbols
Searching through them all for /(^|[\s>+~])strong>CLASSE:</strong(\[[^\]]*\]|:{1,2}[\w-()]+|\.[\w-]+|#[\w-]+)*\s*/
Done
_fullcalendar.scss has 285 symbols
Searching through them all for /(^|[\s>+~])strong>CLASSE:</strong(\[[^\]]*\]|:{1,2}[\w-()]+|\.[\w-]+|#[\w-]+)*\s*/
Done
_datatables.scss has 132 symbols
Searching through them all for /(^|[\s>+~])strong>CLASSE:</strong(\[[^\]]*\]|:{1,2}[\w-()]+|\.[\w-]+|#[\w-]+)*\s*/
Done
_fancytree.scss has 100 symbols
Searching through them all for /(^|[\s>+~])strong>CLASSE:</strong(\[[^\]]*\]|:{1,2}[\w-()]+|\.[\w-]+|#[\w-]+)*\s*/
Done
_alpaca.scss has 64 symbols
Searching through them all for /(^|[\s>+~])strong>CLASSE:</strong(\[[^\]]*\]|:{1,2}[\w-()]+|\.[\w-]+|#[\w-]+)*\s*/
Done
_daterange.scss has 87 symbols
Searching through them all for /(^|[\s>+~])strong>CLASSE:</strong(\[[^\]]*\]|:{1,2}[\w-()]+|\.[\w-]+|#[\w-]+)*\s*/
Done
_date.scss has 49 symbols
Searching through them all for /(^|[\s>+~])strong>CLASSE:</strong(\[[^\]]*\]|:{1,2}[\w-()]+|\.[\w-]+|#[\w-]+)*\s*/
Done
_datatable-fixed-columns.scss has 21 symbols
Searching through them all for /(^|[\s>+~])strong>CLASSE:</strong(\[[^\]]*\]|:{1,2}[\w-()]+|\.[\w-]+|#[\w-]+)*\s*/
Done
_datatable-scroller.scss has 8 symbols
Searching through them all for /(^|[\s>+~])strong>CLASSE:</strong(\[[^\]]*\]|:{1,2}[\w-()]+|\.[\w-]+|#[\w-]+)*\s*/
Done
_datatable-keytable.scss has 8 symbols
Searching through them all for /(^|[\s>+~])strong>CLASSE:</strong(\[[^\]]*\]|:{1,2}[\w-()]+|\.[\w-]+|#[\w-]+)*\s*/
Done
_buttons.scss has 69 symbols
Searching through them all for /(^|[\s>+~])strong>CLASSE:</strong(\[[^\]]*\]|:{1,2}[\w-()]+|\.[\w-]+|#[\w-]+)*\s*/
Done
app.css has 3148 symbols
Searching through them all for /(^|[\s>+~])strong>CLASSE:</strong(\[[^\]]*\]|:{1,2}[\w-()]+|\.[\w-]+|#[\w-]+)*\s*/
Done
exception.css has 214 symbols
Searching through them all for /(^|[\s>+~])strong>CLASSE:</strong(\[[^\]]*\]|:{1,2}[\w-()]+|\.[\w-]+|#[\w-]+)*\s*/
Done
default.css has 45 symbols
Searching through them all for /(^|[\s>+~])strong>CLASSE:</strong(\[[^\]]*\]|:{1,2}[\w-()]+|\.[\w-]+|#[\w-]+)*\s*/
Done
html.css has 163 symbols
Searching through them all for /(^|[\s>+~])strong>CLASSE:</strong(\[[^\]]*\]|:{1,2}[\w-()]+|\.[\w-]+|#[\w-]+)*\s*/
Done
whoops.base.css has 120 symbols
Searching through them all for /(^|[\s>+~])strong>CLASSE:</strong(\[[^\]]*\]|:{1,2}[\w-()]+|\.[\w-]+|#[\w-]+)*\s*/
Done
style.css has 50 symbols
Searching through them all for /(^|[\s>+~])strong>CLASSE:</strong(\[[^\]]*\]|:{1,2}[\w-()]+|\.[\w-]+|#[\w-]+)*\s*/
Done
bootstrap.min.css has 3147 symbols
Searching through them all for /(^|[\s>+~])strong>CLASSE:</strong(\[[^\]]*\]|:{1,2}[\w-()]+|\.[\w-]+|#[\w-]+)*\s*/
Done
nv.d3.min.css has 135 symbols
Searching through them all for /(^|[\s>+~])strong>CLASSE:</strong(\[[^\]]*\]|:{1,2}[\w-()]+|\.[\w-]+|#[\w-]+)*\s*/
Done
strong>BULLETIN 604
  script 54 60
  script 113 119
  script 122 128
  script 181 187
  table 191 196
  tbody 250 255
  tr 266 268
  td 283 285
  strong 287 293
  strong 300 306
  td 343 345
  td 417 419
  strong 421 427
  strong 449 455
  td 476 478
  td 493 495
  strong 497 503
  strong 513 519
  td 556 558
  tr 570 572
  tr 583 585
  td 600 602
  strong 604 610
strong>BULLETIN is a "html tag"
components.min.css has 4339 symbols
Searching through them all for /(^|[\s>+~])strong>BULLETIN(\[[^\]]*\]|:{1,2}[\w-()]+|\.[\w-]+|#[\w-]+)*\s*/
Done
bootstrap_limitless.css has 1198 symbols
Searching through them all for /(^|[\s>+~])strong>BULLETIN(\[[^\]]*\]|:{1,2}[\w-()]+|\.[\w-]+|#[\w-]+)*\s*/
Done
receipt.css has 17 symbols
Searching through them all for /(^|[\s>+~])strong>BULLETIN(\[[^\]]*\]|:{1,2}[\w-()]+|\.[\w-]+|#[\w-]+)*\s*/
Done
bootstrap_limitless.min.css has 1198 symbols
Searching through them all for /(^|[\s>+~])strong>BULLETIN(\[[^\]]*\]|:{1,2}[\w-()]+|\.[\w-]+|#[\w-]+)*\s*/
Done
print_tabulation.css has 7 symbols
Searching through them all for /(^|[\s>+~])strong>BULLETIN(\[[^\]]*\]|:{1,2}[\w-()]+|\.[\w-]+|#[\w-]+)*\s*/
Done
my_print.css has 14 symbols
Searching through them all for /(^|[\s>+~])strong>BULLETIN(\[[^\]]*\]|:{1,2}[\w-()]+|\.[\w-]+|#[\w-]+)*\s*/
Done
bootstrap-datepicker.min.css has 221 symbols
Searching through them all for /(^|[\s>+~])strong>BULLETIN(\[[^\]]*\]|:{1,2}[\w-()]+|\.[\w-]+|#[\w-]+)*\s*/
Done
bootstrap.min.css has 2572 symbols
Searching through them all for /(^|[\s>+~])strong>BULLETIN(\[[^\]]*\]|:{1,2}[\w-()]+|\.[\w-]+|#[\w-]+)*\s*/
Done
bootstrap.css has 2572 symbols
Searching through them all for /(^|[\s>+~])strong>BULLETIN(\[[^\]]*\]|:{1,2}[\w-()]+|\.[\w-]+|#[\w-]+)*\s*/
Done
_c3.scss has 48 symbols
Searching through them all for /(^|[\s>+~])strong>BULLETIN(\[[^\]]*\]|:{1,2}[\w-()]+|\.[\w-]+|#[\w-]+)*\s*/
Done
_inbox.scss has 15 symbols
Searching through them all for /(^|[\s>+~])strong>BULLETIN(\[[^\]]*\]|:{1,2}[\w-()]+|\.[\w-]+|#[\w-]+)*\s*/
Done
_d3.scss has 72 symbols
Searching through them all for /(^|[\s>+~])strong>BULLETIN(\[[^\]]*\]|:{1,2}[\w-()]+|\.[\w-]+|#[\w-]+)*\s*/
Done
_print.scss has 34 symbols
Searching through them all for /(^|[\s>+~])strong>BULLETIN(\[[^\]]*\]|:{1,2}[\w-()]+|\.[\w-]+|#[\w-]+)*\s*/
Done
components.css has 4341 symbols
Searching through them all for /(^|[\s>+~])strong>BULLETIN(\[[^\]]*\]|:{1,2}[\w-()]+|\.[\w-]+|#[\w-]+)*\s*/
Done
_reboot.scss has 100 symbols
Searching through them all for /(^|[\s>+~])strong>BULLETIN(\[[^\]]*\]|:{1,2}[\w-()]+|\.[\w-]+|#[\w-]+)*\s*/
Done
_table-row.scss has 10 symbols
Searching through them all for /(^|[\s>+~])strong>BULLETIN(\[[^\]]*\]|:{1,2}[\w-()]+|\.[\w-]+|#[\w-]+)*\s*/
Done
dialog_opera.css has 160 symbols
Searching through them all for /(^|[\s>+~])strong>BULLETIN(\[[^\]]*\]|:{1,2}[\w-()]+|\.[\w-]+|#[\w-]+)*\s*/
Done
dialog_opera.css has 160 symbols
Searching through them all for /(^|[\s>+~])strong>BULLETIN(\[[^\]]*\]|:{1,2}[\w-()]+|\.[\w-]+|#[\w-]+)*\s*/
Done
dialog_iequirks.css has 158 symbols
Searching through them all for /(^|[\s>+~])strong>BULLETIN(\[[^\]]*\]|:{1,2}[\w-()]+|\.[\w-]+|#[\w-]+)*\s*/
Done
dialog_ie.css has 173 symbols
Searching through them all for /(^|[\s>+~])strong>BULLETIN(\[[^\]]*\]|:{1,2}[\w-()]+|\.[\w-]+|#[\w-]+)*\s*/
Done
dialog_iequirks.css has 158 symbols
Searching through them all for /(^|[\s>+~])strong>BULLETIN(\[[^\]]*\]|:{1,2}[\w-()]+|\.[\w-]+|#[\w-]+)*\s*/
Done
dialog_ie.css has 173 symbols
Searching through them all for /(^|[\s>+~])strong>BULLETIN(\[[^\]]*\]|:{1,2}[\w-()]+|\.[\w-]+|#[\w-]+)*\s*/
Done
dialog_ie7.css has 172 symbols
Searching through them all for /(^|[\s>+~])strong>BULLETIN(\[[^\]]*\]|:{1,2}[\w-()]+|\.[\w-]+|#[\w-]+)*\s*/
Done
dialog_ie8.css has 161 symbols
Searching through them all for /(^|[\s>+~])strong>BULLETIN(\[[^\]]*\]|:{1,2}[\w-()]+|\.[\w-]+|#[\w-]+)*\s*/
Done
dialog_ie7.css has 172 symbols
Searching through them all for /(^|[\s>+~])strong>BULLETIN(\[[^\]]*\]|:{1,2}[\w-()]+|\.[\w-]+|#[\w-]+)*\s*/
Done
wsc.css has 18 symbols
Searching through them all for /(^|[\s>+~])strong>BULLETIN(\[[^\]]*\]|:{1,2}[\w-()]+|\.[\w-]+|#[\w-]+)*\s*/
Done
dialog_ie8.css has 161 symbols
Searching through them all for /(^|[\s>+~])strong>BULLETIN(\[[^\]]*\]|:{1,2}[\w-()]+|\.[\w-]+|#[\w-]+)*\s*/
Done
dialog.css has 159 symbols
Searching through them all for /(^|[\s>+~])strong>BULLETIN(\[[^\]]*\]|:{1,2}[\w-()]+|\.[\w-]+|#[\w-]+)*\s*/
Done
dialog.scss has 155 symbols
Searching through them all for /(^|[\s>+~])strong>BULLETIN(\[[^\]]*\]|:{1,2}[\w-()]+|\.[\w-]+|#[\w-]+)*\s*/
Done
dialog.scss has 155 symbols
Searching through them all for /(^|[\s>+~])strong>BULLETIN(\[[^\]]*\]|:{1,2}[\w-()]+|\.[\w-]+|#[\w-]+)*\s*/
Done
_colorpanel.scss has 20 symbols
Searching through them all for /(^|[\s>+~])strong>BULLETIN(\[[^\]]*\]|:{1,2}[\w-()]+|\.[\w-]+|#[\w-]+)*\s*/
Done
dialog.css has 159 symbols
Searching through them all for /(^|[\s>+~])strong>BULLETIN(\[[^\]]*\]|:{1,2}[\w-()]+|\.[\w-]+|#[\w-]+)*\s*/
Done
dialog_opera.scss has 3 symbols
Searching through them all for /(^|[\s>+~])strong>BULLETIN(\[[^\]]*\]|:{1,2}[\w-()]+|\.[\w-]+|#[\w-]+)*\s*/
Done
_colorpanel.scss has 20 symbols
Searching through them all for /(^|[\s>+~])strong>BULLETIN(\[[^\]]*\]|:{1,2}[\w-()]+|\.[\w-]+|#[\w-]+)*\s*/
Done
dialog_opera.scss has 3 symbols
Searching through them all for /(^|[\s>+~])strong>BULLETIN(\[[^\]]*\]|:{1,2}[\w-()]+|\.[\w-]+|#[\w-]+)*\s*/
Done
_footable.scss has 17 symbols
Searching through them all for /(^|[\s>+~])strong>BULLETIN(\[[^\]]*\]|:{1,2}[\w-()]+|\.[\w-]+|#[\w-]+)*\s*/
Done
_handsontable.scss has 342 symbols
Searching through them all for /(^|[\s>+~])strong>BULLETIN(\[[^\]]*\]|:{1,2}[\w-()]+|\.[\w-]+|#[\w-]+)*\s*/
Done
_widgets.scss has 281 symbols
Searching through them all for /(^|[\s>+~])strong>BULLETIN(\[[^\]]*\]|:{1,2}[\w-()]+|\.[\w-]+|#[\w-]+)*\s*/
Done
_datatable-columns-reorder.scss has 4 symbols
Searching through them all for /(^|[\s>+~])strong>BULLETIN(\[[^\]]*\]|:{1,2}[\w-()]+|\.[\w-]+|#[\w-]+)*\s*/
Done
_fancytree.scss has 100 symbols
Searching through them all for /(^|[\s>+~])strong>BULLETIN(\[[^\]]*\]|:{1,2}[\w-()]+|\.[\w-]+|#[\w-]+)*\s*/
Done
_tables.scss has 136 symbols
Searching through them all for /(^|[\s>+~])strong>BULLETIN(\[[^\]]*\]|:{1,2}[\w-()]+|\.[\w-]+|#[\w-]+)*\s*/
Done
_datatable-fixed-columns.scss has 21 symbols
Searching through them all for /(^|[\s>+~])strong>BULLETIN(\[[^\]]*\]|:{1,2}[\w-()]+|\.[\w-]+|#[\w-]+)*\s*/
Done
_datatable-scroller.scss has 8 symbols
Searching through them all for /(^|[\s>+~])strong>BULLETIN(\[[^\]]*\]|:{1,2}[\w-()]+|\.[\w-]+|#[\w-]+)*\s*/
Done
_datatable-keytable.scss has 8 symbols
Searching through them all for /(^|[\s>+~])strong>BULLETIN(\[[^\]]*\]|:{1,2}[\w-()]+|\.[\w-]+|#[\w-]+)*\s*/
Done
_fullcalendar.scss has 285 symbols
Searching through them all for /(^|[\s>+~])strong>BULLETIN(\[[^\]]*\]|:{1,2}[\w-()]+|\.[\w-]+|#[\w-]+)*\s*/
Done
_datatables.scss has 133 symbols
Searching through them all for /(^|[\s>+~])strong>BULLETIN(\[[^\]]*\]|:{1,2}[\w-()]+|\.[\w-]+|#[\w-]+)*\s*/
Done
_datatable-responsive.scss has 31 symbols
Searching through them all for /(^|[\s>+~])strong>BULLETIN(\[[^\]]*\]|:{1,2}[\w-()]+|\.[\w-]+|#[\w-]+)*\s*/
Done
_buttons.scss has 69 symbols
Searching through them all for /(^|[\s>+~])strong>BULLETIN(\[[^\]]*\]|:{1,2}[\w-()]+|\.[\w-]+|#[\w-]+)*\s*/
Done
_datatable-rows-reorder.scss has 4 symbols
Searching through them all for /(^|[\s>+~])strong>BULLETIN(\[[^\]]*\]|:{1,2}[\w-()]+|\.[\w-]+|#[\w-]+)*\s*/
Done
_daterange.scss has 86 symbols
Searching through them all for /(^|[\s>+~])strong>BULLETIN(\[[^\]]*\]|:{1,2}[\w-()]+|\.[\w-]+|#[\w-]+)*\s*/
Done
_alpaca.scss has 65 symbols
Searching through them all for /(^|[\s>+~])strong>BULLETIN(\[[^\]]*\]|:{1,2}[\w-()]+|\.[\w-]+|#[\w-]+)*\s*/
Done
_date.scss has 49 symbols
Searching through them all for /(^|[\s>+~])strong>BULLETIN(\[[^\]]*\]|:{1,2}[\w-()]+|\.[\w-]+|#[\w-]+)*\s*/
Done
_tables.scss has 43 symbols
Searching through them all for /(^|[\s>+~])strong>BULLETIN(\[[^\]]*\]|:{1,2}[\w-()]+|\.[\w-]+|#[\w-]+)*\s*/
Done
_widgets.scss has 251 symbols
Searching through them all for /(^|[\s>+~])strong>BULLETIN(\[[^\]]*\]|:{1,2}[\w-()]+|\.[\w-]+|#[\w-]+)*\s*/
Done
_handsontable.scss has 342 symbols
Searching through them all for /(^|[\s>+~])strong>BULLETIN(\[[^\]]*\]|:{1,2}[\w-()]+|\.[\w-]+|#[\w-]+)*\s*/
Done
_tables.scss has 136 symbols
Searching through them all for /(^|[\s>+~])strong>BULLETIN(\[[^\]]*\]|:{1,2}[\w-()]+|\.[\w-]+|#[\w-]+)*\s*/
Done
_footable.scss has 17 symbols
Searching through them all for /(^|[\s>+~])strong>BULLETIN(\[[^\]]*\]|:{1,2}[\w-()]+|\.[\w-]+|#[\w-]+)*\s*/
Done
_datatable-responsive.scss has 31 symbols
Searching through them all for /(^|[\s>+~])strong>BULLETIN(\[[^\]]*\]|:{1,2}[\w-()]+|\.[\w-]+|#[\w-]+)*\s*/
Done
_datatable-rows-reorder.scss has 4 symbols
Searching through them all for /(^|[\s>+~])strong>BULLETIN(\[[^\]]*\]|:{1,2}[\w-()]+|\.[\w-]+|#[\w-]+)*\s*/
Done
_datatable-columns-reorder.scss has 4 symbols
Searching through them all for /(^|[\s>+~])strong>BULLETIN(\[[^\]]*\]|:{1,2}[\w-()]+|\.[\w-]+|#[\w-]+)*\s*/
Done
_fullcalendar.scss has 285 symbols
Searching through them all for /(^|[\s>+~])strong>BULLETIN(\[[^\]]*\]|:{1,2}[\w-()]+|\.[\w-]+|#[\w-]+)*\s*/
Done
_datatables.scss has 132 symbols
Searching through them all for /(^|[\s>+~])strong>BULLETIN(\[[^\]]*\]|:{1,2}[\w-()]+|\.[\w-]+|#[\w-]+)*\s*/
Done
_fancytree.scss has 100 symbols
Searching through them all for /(^|[\s>+~])strong>BULLETIN(\[[^\]]*\]|:{1,2}[\w-()]+|\.[\w-]+|#[\w-]+)*\s*/
Done
_alpaca.scss has 64 symbols
Searching through them all for /(^|[\s>+~])strong>BULLETIN(\[[^\]]*\]|:{1,2}[\w-()]+|\.[\w-]+|#[\w-]+)*\s*/
Done
_daterange.scss has 87 symbols
Searching through them all for /(^|[\s>+~])strong>BULLETIN(\[[^\]]*\]|:{1,2}[\w-()]+|\.[\w-]+|#[\w-]+)*\s*/
Done
_date.scss has 49 symbols
Searching through them all for /(^|[\s>+~])strong>BULLETIN(\[[^\]]*\]|:{1,2}[\w-()]+|\.[\w-]+|#[\w-]+)*\s*/
Done
_datatable-fixed-columns.scss has 21 symbols
Searching through them all for /(^|[\s>+~])strong>BULLETIN(\[[^\]]*\]|:{1,2}[\w-()]+|\.[\w-]+|#[\w-]+)*\s*/
Done
_datatable-scroller.scss has 8 symbols
Searching through them all for /(^|[\s>+~])strong>BULLETIN(\[[^\]]*\]|:{1,2}[\w-()]+|\.[\w-]+|#[\w-]+)*\s*/
Done
_datatable-keytable.scss has 8 symbols
Searching through them all for /(^|[\s>+~])strong>BULLETIN(\[[^\]]*\]|:{1,2}[\w-()]+|\.[\w-]+|#[\w-]+)*\s*/
Done
_buttons.scss has 69 symbols
Searching through them all for /(^|[\s>+~])strong>BULLETIN(\[[^\]]*\]|:{1,2}[\w-()]+|\.[\w-]+|#[\w-]+)*\s*/
Done
app.css has 3148 symbols
Searching through them all for /(^|[\s>+~])strong>BULLETIN(\[[^\]]*\]|:{1,2}[\w-()]+|\.[\w-]+|#[\w-]+)*\s*/
Done
exception.css has 214 symbols
Searching through them all for /(^|[\s>+~])strong>BULLETIN(\[[^\]]*\]|:{1,2}[\w-()]+|\.[\w-]+|#[\w-]+)*\s*/
Done
default.css has 45 symbols
Searching through them all for /(^|[\s>+~])strong>BULLETIN(\[[^\]]*\]|:{1,2}[\w-()]+|\.[\w-]+|#[\w-]+)*\s*/
Done
html.css has 163 symbols
Searching through them all for /(^|[\s>+~])strong>BULLETIN(\[[^\]]*\]|:{1,2}[\w-()]+|\.[\w-]+|#[\w-]+)*\s*/
Done
whoops.base.css has 120 symbols
Searching through them all for /(^|[\s>+~])strong>BULLETIN(\[[^\]]*\]|:{1,2}[\w-()]+|\.[\w-]+|#[\w-]+)*\s*/
Done
style.css has 50 symbols
Searching through them all for /(^|[\s>+~])strong>BULLETIN(\[[^\]]*\]|:{1,2}[\w-()]+|\.[\w-]+|#[\w-]+)*\s*/
Done
bootstrap.min.css has 3147 symbols
Searching through them all for /(^|[\s>+~])strong>BULLETIN(\[[^\]]*\]|:{1,2}[\w-()]+|\.[\w-]+|#[\w-]+)*\s*/
Done
nv.d3.min.css has 135 symbols
Searching through them all for /(^|[\s>+~])strong>BULLETIN(\[[^\]]*\]|:{1,2}[\w-()]+|\.[\w-]+|#[\w-]+)*\s*/
Done
strong>ANNÉE 720
  script 54 60
  script 113 119
  script 122 128
  script 181 187
  table 191 196
  tbody 250 255
  tr 266 268
  td 283 285
  strong 287 293
  strong 300 306
  td 343 345
  td 417 419
  strong 421 427
  strong 449 455
  td 476 478
  td 493 495
  strong 497 503
  strong 513 519
  td 556 558
  tr 570 572
  tr 583 585
  td 600 602
  strong 604 610
  strong 635 641
  td 699 701
  td 716 718
  strong 720 726
strong>ANNÉE is a "html tag"
components.min.css has 4339 symbols
Searching through them all for /(^|[\s>+~])strong>ANNÉE(\[[^\]]*\]|:{1,2}[\w-()]+|\.[\w-]+|#[\w-]+)*\s*/
Done
bootstrap_limitless.css has 1198 symbols
Searching through them all for /(^|[\s>+~])strong>ANNÉE(\[[^\]]*\]|:{1,2}[\w-()]+|\.[\w-]+|#[\w-]+)*\s*/
Done
receipt.css has 17 symbols
Searching through them all for /(^|[\s>+~])strong>ANNÉE(\[[^\]]*\]|:{1,2}[\w-()]+|\.[\w-]+|#[\w-]+)*\s*/
Done
bootstrap_limitless.min.css has 1198 symbols
Searching through them all for /(^|[\s>+~])strong>ANNÉE(\[[^\]]*\]|:{1,2}[\w-()]+|\.[\w-]+|#[\w-]+)*\s*/
Done
print_tabulation.css has 7 symbols
Searching through them all for /(^|[\s>+~])strong>ANNÉE(\[[^\]]*\]|:{1,2}[\w-()]+|\.[\w-]+|#[\w-]+)*\s*/
Done
my_print.css has 14 symbols
Searching through them all for /(^|[\s>+~])strong>ANNÉE(\[[^\]]*\]|:{1,2}[\w-()]+|\.[\w-]+|#[\w-]+)*\s*/
Done
bootstrap-datepicker.min.css has 221 symbols
Searching through them all for /(^|[\s>+~])strong>ANNÉE(\[[^\]]*\]|:{1,2}[\w-()]+|\.[\w-]+|#[\w-]+)*\s*/
Done
bootstrap.min.css has 2572 symbols
Searching through them all for /(^|[\s>+~])strong>ANNÉE(\[[^\]]*\]|:{1,2}[\w-()]+|\.[\w-]+|#[\w-]+)*\s*/
Done
bootstrap.css has 2572 symbols
Searching through them all for /(^|[\s>+~])strong>ANNÉE(\[[^\]]*\]|:{1,2}[\w-()]+|\.[\w-]+|#[\w-]+)*\s*/
Done
_c3.scss has 48 symbols
Searching through them all for /(^|[\s>+~])strong>ANNÉE(\[[^\]]*\]|:{1,2}[\w-()]+|\.[\w-]+|#[\w-]+)*\s*/
Done
_inbox.scss has 15 symbols
Searching through them all for /(^|[\s>+~])strong>ANNÉE(\[[^\]]*\]|:{1,2}[\w-()]+|\.[\w-]+|#[\w-]+)*\s*/
Done
_d3.scss has 72 symbols
Searching through them all for /(^|[\s>+~])strong>ANNÉE(\[[^\]]*\]|:{1,2}[\w-()]+|\.[\w-]+|#[\w-]+)*\s*/
Done
_print.scss has 34 symbols
Searching through them all for /(^|[\s>+~])strong>ANNÉE(\[[^\]]*\]|:{1,2}[\w-()]+|\.[\w-]+|#[\w-]+)*\s*/
Done
components.css has 4341 symbols
Searching through them all for /(^|[\s>+~])strong>ANNÉE(\[[^\]]*\]|:{1,2}[\w-()]+|\.[\w-]+|#[\w-]+)*\s*/
Done
_reboot.scss has 100 symbols
Searching through them all for /(^|[\s>+~])strong>ANNÉE(\[[^\]]*\]|:{1,2}[\w-()]+|\.[\w-]+|#[\w-]+)*\s*/
Done
_table-row.scss has 10 symbols
Searching through them all for /(^|[\s>+~])strong>ANNÉE(\[[^\]]*\]|:{1,2}[\w-()]+|\.[\w-]+|#[\w-]+)*\s*/
Done
dialog_opera.css has 160 symbols
Searching through them all for /(^|[\s>+~])strong>ANNÉE(\[[^\]]*\]|:{1,2}[\w-()]+|\.[\w-]+|#[\w-]+)*\s*/
Done
dialog_opera.css has 160 symbols
Searching through them all for /(^|[\s>+~])strong>ANNÉE(\[[^\]]*\]|:{1,2}[\w-()]+|\.[\w-]+|#[\w-]+)*\s*/
Done
dialog_iequirks.css has 158 symbols
Searching through them all for /(^|[\s>+~])strong>ANNÉE(\[[^\]]*\]|:{1,2}[\w-()]+|\.[\w-]+|#[\w-]+)*\s*/
Done
dialog_ie.css has 173 symbols
Searching through them all for /(^|[\s>+~])strong>ANNÉE(\[[^\]]*\]|:{1,2}[\w-()]+|\.[\w-]+|#[\w-]+)*\s*/
Done
dialog_iequirks.css has 158 symbols
Searching through them all for /(^|[\s>+~])strong>ANNÉE(\[[^\]]*\]|:{1,2}[\w-()]+|\.[\w-]+|#[\w-]+)*\s*/
Done
dialog_ie.css has 173 symbols
Searching through them all for /(^|[\s>+~])strong>ANNÉE(\[[^\]]*\]|:{1,2}[\w-()]+|\.[\w-]+|#[\w-]+)*\s*/
Done
dialog_ie7.css has 172 symbols
Searching through them all for /(^|[\s>+~])strong>ANNÉE(\[[^\]]*\]|:{1,2}[\w-()]+|\.[\w-]+|#[\w-]+)*\s*/
Done
dialog_ie8.css has 161 symbols
Searching through them all for /(^|[\s>+~])strong>ANNÉE(\[[^\]]*\]|:{1,2}[\w-()]+|\.[\w-]+|#[\w-]+)*\s*/
Done
dialog_ie7.css has 172 symbols
Searching through them all for /(^|[\s>+~])strong>ANNÉE(\[[^\]]*\]|:{1,2}[\w-()]+|\.[\w-]+|#[\w-]+)*\s*/
Done
wsc.css has 18 symbols
Searching through them all for /(^|[\s>+~])strong>ANNÉE(\[[^\]]*\]|:{1,2}[\w-()]+|\.[\w-]+|#[\w-]+)*\s*/
Done
dialog_ie8.css has 161 symbols
Searching through them all for /(^|[\s>+~])strong>ANNÉE(\[[^\]]*\]|:{1,2}[\w-()]+|\.[\w-]+|#[\w-]+)*\s*/
Done
dialog.css has 159 symbols
Searching through them all for /(^|[\s>+~])strong>ANNÉE(\[[^\]]*\]|:{1,2}[\w-()]+|\.[\w-]+|#[\w-]+)*\s*/
Done
dialog.scss has 155 symbols
Searching through them all for /(^|[\s>+~])strong>ANNÉE(\[[^\]]*\]|:{1,2}[\w-()]+|\.[\w-]+|#[\w-]+)*\s*/
Done
dialog.scss has 155 symbols
Searching through them all for /(^|[\s>+~])strong>ANNÉE(\[[^\]]*\]|:{1,2}[\w-()]+|\.[\w-]+|#[\w-]+)*\s*/
Done
_colorpanel.scss has 20 symbols
Searching through them all for /(^|[\s>+~])strong>ANNÉE(\[[^\]]*\]|:{1,2}[\w-()]+|\.[\w-]+|#[\w-]+)*\s*/
Done
dialog.css has 159 symbols
Searching through them all for /(^|[\s>+~])strong>ANNÉE(\[[^\]]*\]|:{1,2}[\w-()]+|\.[\w-]+|#[\w-]+)*\s*/
Done
dialog_opera.scss has 3 symbols
Searching through them all for /(^|[\s>+~])strong>ANNÉE(\[[^\]]*\]|:{1,2}[\w-()]+|\.[\w-]+|#[\w-]+)*\s*/
Done
_colorpanel.scss has 20 symbols
Searching through them all for /(^|[\s>+~])strong>ANNÉE(\[[^\]]*\]|:{1,2}[\w-()]+|\.[\w-]+|#[\w-]+)*\s*/
Done
dialog_opera.scss has 3 symbols
Searching through them all for /(^|[\s>+~])strong>ANNÉE(\[[^\]]*\]|:{1,2}[\w-()]+|\.[\w-]+|#[\w-]+)*\s*/
Done
_footable.scss has 17 symbols
Searching through them all for /(^|[\s>+~])strong>ANNÉE(\[[^\]]*\]|:{1,2}[\w-()]+|\.[\w-]+|#[\w-]+)*\s*/
Done
_handsontable.scss has 342 symbols
Searching through them all for /(^|[\s>+~])strong>ANNÉE(\[[^\]]*\]|:{1,2}[\w-()]+|\.[\w-]+|#[\w-]+)*\s*/
Done
_widgets.scss has 281 symbols
Searching through them all for /(^|[\s>+~])strong>ANNÉE(\[[^\]]*\]|:{1,2}[\w-()]+|\.[\w-]+|#[\w-]+)*\s*/
Done
_datatable-columns-reorder.scss has 4 symbols
Searching through them all for /(^|[\s>+~])strong>ANNÉE(\[[^\]]*\]|:{1,2}[\w-()]+|\.[\w-]+|#[\w-]+)*\s*/
Done
_fancytree.scss has 100 symbols
Searching through them all for /(^|[\s>+~])strong>ANNÉE(\[[^\]]*\]|:{1,2}[\w-()]+|\.[\w-]+|#[\w-]+)*\s*/
Done
_tables.scss has 136 symbols
Searching through them all for /(^|[\s>+~])strong>ANNÉE(\[[^\]]*\]|:{1,2}[\w-()]+|\.[\w-]+|#[\w-]+)*\s*/
Done
_datatable-fixed-columns.scss has 21 symbols
Searching through them all for /(^|[\s>+~])strong>ANNÉE(\[[^\]]*\]|:{1,2}[\w-()]+|\.[\w-]+|#[\w-]+)*\s*/
Done
_datatable-scroller.scss has 8 symbols
Searching through them all for /(^|[\s>+~])strong>ANNÉE(\[[^\]]*\]|:{1,2}[\w-()]+|\.[\w-]+|#[\w-]+)*\s*/
Done
_datatable-keytable.scss has 8 symbols
Searching through them all for /(^|[\s>+~])strong>ANNÉE(\[[^\]]*\]|:{1,2}[\w-()]+|\.[\w-]+|#[\w-]+)*\s*/
Done
_fullcalendar.scss has 285 symbols
Searching through them all for /(^|[\s>+~])strong>ANNÉE(\[[^\]]*\]|:{1,2}[\w-()]+|\.[\w-]+|#[\w-]+)*\s*/
Done
_datatables.scss has 133 symbols
Searching through them all for /(^|[\s>+~])strong>ANNÉE(\[[^\]]*\]|:{1,2}[\w-()]+|\.[\w-]+|#[\w-]+)*\s*/
Done
_datatable-responsive.scss has 31 symbols
Searching through them all for /(^|[\s>+~])strong>ANNÉE(\[[^\]]*\]|:{1,2}[\w-()]+|\.[\w-]+|#[\w-]+)*\s*/
Done
_buttons.scss has 69 symbols
Searching through them all for /(^|[\s>+~])strong>ANNÉE(\[[^\]]*\]|:{1,2}[\w-()]+|\.[\w-]+|#[\w-]+)*\s*/
Done
_datatable-rows-reorder.scss has 4 symbols
Searching through them all for /(^|[\s>+~])strong>ANNÉE(\[[^\]]*\]|:{1,2}[\w-()]+|\.[\w-]+|#[\w-]+)*\s*/
Done
_daterange.scss has 86 symbols
Searching through them all for /(^|[\s>+~])strong>ANNÉE(\[[^\]]*\]|:{1,2}[\w-()]+|\.[\w-]+|#[\w-]+)*\s*/
Done
_alpaca.scss has 65 symbols
Searching through them all for /(^|[\s>+~])strong>ANNÉE(\[[^\]]*\]|:{1,2}[\w-()]+|\.[\w-]+|#[\w-]+)*\s*/
Done
_date.scss has 49 symbols
Searching through them all for /(^|[\s>+~])strong>ANNÉE(\[[^\]]*\]|:{1,2}[\w-()]+|\.[\w-]+|#[\w-]+)*\s*/
Done
_tables.scss has 43 symbols
Searching through them all for /(^|[\s>+~])strong>ANNÉE(\[[^\]]*\]|:{1,2}[\w-()]+|\.[\w-]+|#[\w-]+)*\s*/
Done
_widgets.scss has 251 symbols
Searching through them all for /(^|[\s>+~])strong>ANNÉE(\[[^\]]*\]|:{1,2}[\w-()]+|\.[\w-]+|#[\w-]+)*\s*/
Done
_handsontable.scss has 342 symbols
Searching through them all for /(^|[\s>+~])strong>ANNÉE(\[[^\]]*\]|:{1,2}[\w-()]+|\.[\w-]+|#[\w-]+)*\s*/
Done
_tables.scss has 136 symbols
Searching through them all for /(^|[\s>+~])strong>ANNÉE(\[[^\]]*\]|:{1,2}[\w-()]+|\.[\w-]+|#[\w-]+)*\s*/
Done
_footable.scss has 17 symbols
Searching through them all for /(^|[\s>+~])strong>ANNÉE(\[[^\]]*\]|:{1,2}[\w-()]+|\.[\w-]+|#[\w-]+)*\s*/
Done
_datatable-responsive.scss has 31 symbols
Searching through them all for /(^|[\s>+~])strong>ANNÉE(\[[^\]]*\]|:{1,2}[\w-()]+|\.[\w-]+|#[\w-]+)*\s*/
Done
_datatable-rows-reorder.scss has 4 symbols
Searching through them all for /(^|[\s>+~])strong>ANNÉE(\[[^\]]*\]|:{1,2}[\w-()]+|\.[\w-]+|#[\w-]+)*\s*/
Done
_datatable-columns-reorder.scss has 4 symbols
Searching through them all for /(^|[\s>+~])strong>ANNÉE(\[[^\]]*\]|:{1,2}[\w-()]+|\.[\w-]+|#[\w-]+)*\s*/
Done
_fullcalendar.scss has 285 symbols
Searching through them all for /(^|[\s>+~])strong>ANNÉE(\[[^\]]*\]|:{1,2}[\w-()]+|\.[\w-]+|#[\w-]+)*\s*/
Done
_datatables.scss has 132 symbols
Searching through them all for /(^|[\s>+~])strong>ANNÉE(\[[^\]]*\]|:{1,2}[\w-()]+|\.[\w-]+|#[\w-]+)*\s*/
Done
_fancytree.scss has 100 symbols
Searching through them all for /(^|[\s>+~])strong>ANNÉE(\[[^\]]*\]|:{1,2}[\w-()]+|\.[\w-]+|#[\w-]+)*\s*/
Done
_alpaca.scss has 64 symbols
Searching through them all for /(^|[\s>+~])strong>ANNÉE(\[[^\]]*\]|:{1,2}[\w-()]+|\.[\w-]+|#[\w-]+)*\s*/
Done
_daterange.scss has 87 symbols
Searching through them all for /(^|[\s>+~])strong>ANNÉE(\[[^\]]*\]|:{1,2}[\w-()]+|\.[\w-]+|#[\w-]+)*\s*/
Done
_date.scss has 49 symbols
Searching through them all for /(^|[\s>+~])strong>ANNÉE(\[[^\]]*\]|:{1,2}[\w-()]+|\.[\w-]+|#[\w-]+)*\s*/
Done
_datatable-fixed-columns.scss has 21 symbols
Searching through them all for /(^|[\s>+~])strong>ANNÉE(\[[^\]]*\]|:{1,2}[\w-()]+|\.[\w-]+|#[\w-]+)*\s*/
Done
_datatable-scroller.scss has 8 symbols
Searching through them all for /(^|[\s>+~])strong>ANNÉE(\[[^\]]*\]|:{1,2}[\w-()]+|\.[\w-]+|#[\w-]+)*\s*/
Done
_datatable-keytable.scss has 8 symbols
Searching through them all for /(^|[\s>+~])strong>ANNÉE(\[[^\]]*\]|:{1,2}[\w-()]+|\.[\w-]+|#[\w-]+)*\s*/
Done
_buttons.scss has 69 symbols
Searching through them all for /(^|[\s>+~])strong>ANNÉE(\[[^\]]*\]|:{1,2}[\w-()]+|\.[\w-]+|#[\w-]+)*\s*/
Done
app.css has 3148 symbols
Searching through them all for /(^|[\s>+~])strong>ANNÉE(\[[^\]]*\]|:{1,2}[\w-()]+|\.[\w-]+|#[\w-]+)*\s*/
Done
exception.css has 214 symbols
Searching through them all for /(^|[\s>+~])strong>ANNÉE(\[[^\]]*\]|:{1,2}[\w-()]+|\.[\w-]+|#[\w-]+)*\s*/
Done
default.css has 45 symbols
Searching through them all for /(^|[\s>+~])strong>ANNÉE(\[[^\]]*\]|:{1,2}[\w-()]+|\.[\w-]+|#[\w-]+)*\s*/
Done
html.css has 163 symbols
Searching through them all for /(^|[\s>+~])strong>ANNÉE(\[[^\]]*\]|:{1,2}[\w-()]+|\.[\w-]+|#[\w-]+)*\s*/
Done
whoops.base.css has 120 symbols
Searching through them all for /(^|[\s>+~])strong>ANNÉE(\[[^\]]*\]|:{1,2}[\w-()]+|\.[\w-]+|#[\w-]+)*\s*/
Done
style.css has 50 symbols
Searching through them all for /(^|[\s>+~])strong>ANNÉE(\[[^\]]*\]|:{1,2}[\w-()]+|\.[\w-]+|#[\w-]+)*\s*/
Done
bootstrap.min.css has 3147 symbols
Searching through them all for /(^|[\s>+~])strong>ANNÉE(\[[^\]]*\]|:{1,2}[\w-()]+|\.[\w-]+|#[\w-]+)*\s*/
Done
nv.d3.min.css has 135 symbols
Searching through them all for /(^|[\s>+~])strong>ANNÉE(\[[^\]]*\]|:{1,2}[\w-()]+|\.[\w-]+|#[\w-]+)*\s*/
Done
border-collapse:collapse; 1017
  script 54 60
  script 113 119
  script 122 128
  script 181 187
  table 191 196
  tbody 250 255
  tr 266 268
  td 283 285
  strong 287 293
  strong 300 306
  td 343 345
  td 417 419
  strong 421 427
  strong 449 455
  td 476 478
  td 493 495
  strong 497 503
  strong 513 519
  td 556 558
  tr 570 572
  tr 583 585
  td 600 602
  strong 604 610
  strong 635 641
  td 699 701
  td 716 718
  strong 720 726
  strong 746 752
  td 771 773
  td 788 790
  strong 792 798
  strong 805 811
  td 948 950
  tr 962 964
  tbody 973 978
  table 982 987
  table 992 997
  thead 1138 1143
  tr 1154 1156
  th 1171 1173
  th 1190 1192
  th 1207 1209
  th 1232 1234
  th 1249 1251
  br 1268 1270
  th 1277 1279
  th 1294 1296
  br 1313 1315
  th 1322 1324
  th 1339 1341
  br 1362 1364
  th 1371 1373
  th 1388 1390
  br 1417 1419
  th 1422 1424
  th 1509 1511
  br 1531 1533
  sup 1543 1546
  sup 1550 1553
  th 1566 1568
  th 1583 1585
  sup 1600 1603
  sup 1608 1611
  br 1614 1616
  th 1629 1631
  th 1646 1648
  sup 1663 1666
  sup 1670 1673
  br 1676 1678
  th 1691 1693
  th 1708 1710
  br 1735 1737
  sup 1741 1744
  sup 1749 1752
  sup 1758 1761
  sup 1765 1768
  sup 1774 1777
  sup 1781 1784
  th 1787 1789
  th 1804 1806
  th 1828 1830
  th 1870 1872
  th 1898 1900
  th 1915 1917
  th 1947 1949
  th 1964 1966
  th 1990 1992
  tr 2004 2006
  thead 2014 2019
  tbody 2027 2032
  tr 2084 2086
  td 2105 2107
  td 2132 2134
  td 2153 2155
  td 2174 2176
  td 2298 2300
  td 2323 2325
  td 2348 2350
  td 2373 2375
  td 2398 2400
  td 2424 2426
  td 2449 2451
  td 2932 2934
  td 3052 3054
  td 3079 3081
  td 3109 3111
  td 3190 3192
  td 3220 3222
  td 3301 3303
  td 3331 3333
  td 3357 3359
  td 3387 3389
  td 3417 3419
  td 3543 3545
  td 3577 3579
  td 3602 3604
  td 4212 4214
  td 4237 4239
  td 4285 4287
  tr 4331 4333
  tr 4845 4847
  td 4862 4864
  strong 4897 4903
  strong 4932 4938
  td 4941 4943
  td 4958 4960
  strong 4992 4998
  strong 5017 5023
  td 5026 5028
  td 5074 5076
  strong 5090 5096
  td 5149 5151
  td 5195 5197
  strong 5211 5217
  td 5271 5273
  tr 5315 5317
  tbody 5325 5330
  table 5334 5339
  script 5392 5398
  script 6192 6198
Invalid Selector
rowspan= 1342
  script 54 60
  script 113 119
  script 122 128
  script 181 187
  table 191 196
  tbody 250 255
  tr 266 268
  td 283 285
  strong 287 293
  strong 300 306
  td 343 345
  td 417 419
  strong 421 427
  strong 449 455
  td 476 478
  td 493 495
  strong 497 503
  strong 513 519
  td 556 558
  tr 570 572
  tr 583 585
  td 600 602
  strong 604 610
  strong 635 641
  td 699 701
  td 716 718
  strong 720 726
  strong 746 752
  td 771 773
  td 788 790
  strong 792 798
  strong 805 811
  td 948 950
  tr 962 964
  tbody 973 978
  table 982 987
  table 992 997
  thead 1138 1143
  tr 1154 1156
  th 1171 1173
  th 1190 1192
  th 1207 1209
  th 1232 1234
  th 1249 1251
  br 1268 1270
  th 1277 1279
  th 1294 1296
  br 1313 1315
  th 1322 1324
  th 1339 1341
  br 1362 1364
  th 1371 1373
  th 1388 1390
  br 1417 1419
  th 1422 1424
  th 1509 1511
  br 1531 1533
  sup 1543 1546
  sup 1550 1553
  th 1566 1568
  th 1583 1585
  sup 1600 1603
  sup 1608 1611
  br 1614 1616
  th 1629 1631
  th 1646 1648
  sup 1663 1666
  sup 1670 1673
  br 1676 1678
  th 1691 1693
  th 1708 1710
  br 1735 1737
  sup 1741 1744
  sup 1749 1752
  sup 1758 1761
  sup 1765 1768
  sup 1774 1777
  sup 1781 1784
  th 1787 1789
  th 1804 1806
  th 1828 1830
  th 1870 1872
  th 1898 1900
  th 1915 1917
  th 1947 1949
  th 1964 1966
  th 1990 1992
  tr 2004 2006
  thead 2014 2019
  tbody 2027 2032
  tr 2084 2086
  td 2105 2107
  td 2132 2134
  td 2153 2155
  td 2174 2176
  td 2298 2300
  td 2323 2325
  td 2348 2350
  td 2373 2375
  td 2398 2400
  td 2424 2426
  td 2449 2451
  td 2932 2934
  td 3052 3054
  td 3079 3081
  td 3109 3111
  td 3190 3192
  td 3220 3222
  td 3301 3303
  td 3331 3333
  td 3357 3359
  td 3387 3389
  td 3417 3419
  td 3543 3545
  td 3577 3579
  td 3602 3604
  td 4212 4214
  td 4237 4239
  td 4285 4287
  tr 4331 4333
  tr 4845 4847
  td 4862 4864
  strong 4897 4903
  strong 4932 4938
  td 4941 4943
  td 4958 4960
  strong 4992 4998
  strong 5017 5023
  td 5026 5028
  td 5074 5076
  strong 5090 5096
  td 5149 5151
  td 5195 5197
  strong 5211 5217
  td 5271 5273
  tr 5315 5317
  tbody 5325 5330
  table 5334 5339
  script 5392 5398
  script 6192 6198
Invalid Selector
rowspan= 1512
  script 54 60
  script 113 119
  script 122 128
  script 181 187
  table 191 196
  tbody 250 255
  tr 266 268
  td 283 285
  strong 287 293
  strong 300 306
  td 343 345
  td 417 419
  strong 421 427
  strong 449 455
  td 476 478
  td 493 495
  strong 497 503
  strong 513 519
  td 556 558
  tr 570 572
  tr 583 585
  td 600 602
  strong 604 610
  strong 635 641
  td 699 701
  td 716 718
  strong 720 726
  strong 746 752
  td 771 773
  td 788 790
  strong 792 798
  strong 805 811
  td 948 950
  tr 962 964
  tbody 973 978
  table 982 987
  table 992 997
  thead 1138 1143
  tr 1154 1156
  th 1171 1173
  th 1190 1192
  th 1207 1209
  th 1232 1234
  th 1249 1251
  br 1268 1270
  th 1277 1279
  th 1294 1296
  br 1313 1315
  th 1322 1324
  th 1339 1341
  br 1362 1364
  th 1371 1373
  th 1388 1390
  br 1417 1419
  th 1422 1424
  th 1509 1511
  br 1531 1533
  sup 1543 1546
  sup 1550 1553
  th 1566 1568
  th 1583 1585
  sup 1600 1603
  sup 1608 1611
  br 1614 1616
  th 1629 1631
  th 1646 1648
  sup 1663 1666
  sup 1670 1673
  br 1676 1678
  th 1691 1693
  th 1708 1710
  br 1735 1737
  sup 1741 1744
  sup 1749 1752
  sup 1758 1761
  sup 1765 1768
  sup 1774 1777
  sup 1781 1784
  th 1787 1789
  th 1804 1806
  th 1828 1830
  th 1870 1872
  th 1898 1900
  th 1915 1917
  th 1947 1949
  th 1964 1966
  th 1990 1992
  tr 2004 2006
  thead 2014 2019
  tbody 2027 2032
  tr 2084 2086
  td 2105 2107
  td 2132 2134
  td 2153 2155
  td 2174 2176
  td 2298 2300
  td 2323 2325
  td 2348 2350
  td 2373 2375
  td 2398 2400
  td 2424 2426
  td 2449 2451
  td 2932 2934
  td 3052 3054
  td 3079 3081
  td 3109 3111
  td 3190 3192
  td 3220 3222
  td 3301 3303
  td 3331 3333
  td 3357 3359
  td 3387 3389
  td 3417 3419
  td 3543 3545
  td 3577 3579
  td 3602 3604
  td 4212 4214
  td 4237 4239
  td 4285 4287
  tr 4331 4333
  tr 4845 4847
  td 4862 4864
  strong 4897 4903
  strong 4932 4938
  td 4941 4943
  td 4958 4960
  strong 4992 4998
  strong 5017 5023
  td 5026 5028
  td 5074 5076
  strong 5090 5096
  td 5149 5151
  td 5195 5197
  strong 5211 5217
  td 5271 5273
  tr 5315 5317
  tbody 5325 5330
  table 5334 5339
  script 5392 5398
  script 6192 6198
Invalid Selector
--}} 1851
  script 54 60
  script 113 119
  script 122 128
  script 181 187
  table 191 196
  tbody 250 255
  tr 266 268
  td 283 285
  strong 287 293
  strong 300 306
  td 343 345
  td 417 419
  strong 421 427
  strong 449 455
  td 476 478
  td 493 495
  strong 497 503
  strong 513 519
  td 556 558
  tr 570 572
  tr 583 585
  td 600 602
  strong 604 610
  strong 635 641
  td 699 701
  td 716 718
  strong 720 726
  strong 746 752
  td 771 773
  td 788 790
  strong 792 798
  strong 805 811
  td 948 950
  tr 962 964
  tbody 973 978
  table 982 987
  table 992 997
  thead 1138 1143
  tr 1154 1156
  th 1171 1173
  th 1190 1192
  th 1207 1209
  th 1232 1234
  th 1249 1251
  br 1268 1270
  th 1277 1279
  th 1294 1296
  br 1313 1315
  th 1322 1324
  th 1339 1341
  br 1362 1364
  th 1371 1373
  th 1388 1390
  br 1417 1419
  th 1422 1424
  th 1509 1511
  br 1531 1533
  sup 1543 1546
  sup 1550 1553
  th 1566 1568
  th 1583 1585
  sup 1600 1603
  sup 1608 1611
  br 1614 1616
  th 1629 1631
  th 1646 1648
  sup 1663 1666
  sup 1670 1673
  br 1676 1678
  th 1691 1693
  th 1708 1710
  br 1735 1737
  sup 1741 1744
  sup 1749 1752
  sup 1758 1761
  sup 1765 1768
  sup 1774 1777
  sup 1781 1784
  th 1787 1789
  th 1804 1806
  th 1828 1830
  th 1870 1872
  th 1898 1900
  th 1915 1917
  th 1947 1949
  th 1964 1966
  th 1990 1992
  tr 2004 2006
  thead 2014 2019
  tbody 2027 2032
  tr 2084 2086
  td 2105 2107
  td 2132 2134
  td 2153 2155
  td 2174 2176
  td 2298 2300
  td 2323 2325
  td 2348 2350
  td 2373 2375
  td 2398 2400
  td 2424 2426
  td 2449 2451
  td 2932 2934
  td 3052 3054
  td 3079 3081
  td 3109 3111
  td 3190 3192
  td 3220 3222
  td 3301 3303
  td 3331 3333
  td 3357 3359
  td 3387 3389
  td 3417 3419
  td 3543 3545
  td 3577 3579
  td 3602 3604
  td 4212 4214
  td 4237 4239
  td 4285 4287
  tr 4331 4333
  tr 4845 4847
  td 4862 4864
  strong 4897 4903
  strong 4932 4938
  td 4941 4943
  td 4958 4960
  strong 4992 4998
  strong 5017 5023
  td 5026 5028
  td 5074 5076
  strong 5090 5096
  td 5149 5151
  td 5195 5197
  strong 5211 5217
  td 5271 5273
  tr 5315 5317
  tbody 5325 5330
  table 5334 5339
  script 5392 5398
  script 6192 6198
Invalid Selector
rowspan= 1873
  script 54 60
  script 113 119
  script 122 128
  script 181 187
  table 191 196
  tbody 250 255
  tr 266 268
  td 283 285
  strong 287 293
  strong 300 306
  td 343 345
  td 417 419
  strong 421 427
  strong 449 455
  td 476 478
  td 493 495
  strong 497 503
  strong 513 519
  td 556 558
  tr 570 572
  tr 583 585
  td 600 602
  strong 604 610
  strong 635 641
  td 699 701
  td 716 718
  strong 720 726
  strong 746 752
  td 771 773
  td 788 790
  strong 792 798
  strong 805 811
  td 948 950
  tr 962 964
  tbody 973 978
  table 982 987
  table 992 997
  thead 1138 1143
  tr 1154 1156
  th 1171 1173
  th 1190 1192
  th 1207 1209
  th 1232 1234
  th 1249 1251
  br 1268 1270
  th 1277 1279
  th 1294 1296
  br 1313 1315
  th 1322 1324
  th 1339 1341
  br 1362 1364
  th 1371 1373
  th 1388 1390
  br 1417 1419
  th 1422 1424
  th 1509 1511
  br 1531 1533
  sup 1543 1546
  sup 1550 1553
  th 1566 1568
  th 1583 1585
  sup 1600 1603
  sup 1608 1611
  br 1614 1616
  th 1629 1631
  th 1646 1648
  sup 1663 1666
  sup 1670 1673
  br 1676 1678
  th 1691 1693
  th 1708 1710
  br 1735 1737
  sup 1741 1744
  sup 1749 1752
  sup 1758 1761
  sup 1765 1768
  sup 1774 1777
  sup 1781 1784
  th 1787 1789
  th 1804 1806
  th 1828 1830
  th 1870 1872
  th 1898 1900
  th 1915 1917
  th 1947 1949
  th 1964 1966
  th 1990 1992
  tr 2004 2006
  thead 2014 2019
  tbody 2027 2032
  tr 2084 2086
  td 2105 2107
  td 2132 2134
  td 2153 2155
  td 2174 2176
  td 2298 2300
  td 2323 2325
  td 2348 2350
  td 2373 2375
  td 2398 2400
  td 2424 2426
  td 2449 2451
  td 2932 2934
  td 3052 3054
  td 3079 3081
  td 3109 3111
  td 3190 3192
  td 3220 3222
  td 3301 3303
  td 3331 3333
  td 3357 3359
  td 3387 3389
  td 3417 3419
  td 3543 3545
  td 3577 3579
  td 3602 3604
  td 4212 4214
  td 4237 4239
  td 4285 4287
  tr 4331 4333
  tr 4845 4847
  td 4862 4864
  strong 4897 4903
  strong 4932 4938
  td 4941 4943
  td 4958 4960
  strong 4992 4998
  strong 5017 5023
  td 5026 5028
  td 5074 5076
  strong 5090 5096
  td 5149 5151
  td 5195 5197
  strong 5211 5217
  td 5271 5273
  tr 5315 5317
  tbody 5325 5330
  table 5334 5339
  script 5392 5398
  script 6192 6198
Invalid Selector
ACADÉMIQUE:</strong 732
  script 54 60
  script 113 119
  script 122 128
  script 181 187
  table 191 196
  tbody 250 255
  tr 266 268
  td 283 285
  strong 287 293
  strong 300 306
  td 343 345
  td 416 418
  strong 420 426
  strong 448 454
  td 475 477
  td 492 494
  strong 496 502
  strong 512 518
  td 555 557
  tr 569 571
  tr 582 584
  td 599 601
  strong 603 609
  strong 634 640
  td 698 700
  td 715 717
  strong 719 725
  strong 745 751
  td 770 772
  td 787 789
  strong 791 797
  strong 804 810
  td 947 949
  tr 961 963
  tbody 972 977
  table 981 986
  table 991 996
  thead 1137 1142
  tr 1153 1155
  th 1170 1172
  th 1189 1191
  th 1206 1208
  th 1231 1233
  th 1248 1250
  br 1267 1269
  th 1276 1278
  th 1293 1295
  br 1312 1314
  th 1321 1323
  th 1338 1340
  br 1361 1363
  th 1370 1372
  th 1387 1389
  br 1416 1418
  th 1421 1423
  th 1508 1510
  br 1530 1532
  sup 1542 1545
  sup 1549 1552
  th 1565 1567
  th 1582 1584
  sup 1599 1602
  sup 1607 1610
  br 1613 1615
  th 1628 1630
  th 1645 1647
  sup 1662 1665
  sup 1669 1672
  br 1675 1677
  th 1690 1692
  th 1707 1709
  br 1734 1736
  sup 1740 1743
  sup 1748 1751
  sup 1757 1760
  sup 1764 1767
  sup 1773 1776
  sup 1780 1783
  th 1786 1788
  th 1803 1805
  th 1827 1829
  th 1869 1871
  th 1897 1899
  th 1914 1916
  th 1946 1948
  th 1963 1965
  th 1989 1991
  tr 2003 2005
  thead 2013 2018
  tbody 2026 2031
  tr 2083 2085
  td 2104 2106
  td 2131 2133
  td 2152 2154
  td 2173 2175
  td 2297 2299
  td 2322 2324
  td 2347 2349
  td 2372 2374
  td 2397 2399
  td 2423 2425
  td 2448 2450
  td 2931 2933
  td 3051 3053
  td 3078 3080
  td 3108 3110
  td 3189 3191
  td 3219 3221
  td 3300 3302
  td 3330 3332
  td 3356 3358
  td 3386 3388
  td 3416 3418
  td 3542 3544
  td 3576 3578
  td 3601 3603
  td 4211 4213
  td 4236 4238
  td 4284 4286
  tr 4330 4332
  tr 4844 4846
  td 4861 4863
  strong 4896 4902
  strong 4931 4937
  td 4940 4942
  td 4957 4959
  strong 4991 4997
  strong 5016 5022
  td 5025 5027
  td 5073 5075
  strong 5089 5095
  td 5148 5150
  td 5194 5196
  strong 5210 5216
  td 5270 5272
  tr 5314 5316
  tbody 5324 5329
  table 5333 5338
  script 5391 5397
  script 6191 6197
Invalid Selector
ACADÉMIQUE:</strong 732
  script 54 60
  script 113 119
  script 122 128
  script 181 187
  table 191 196
  tbody 250 255
  tr 266 268
  td 283 285
  strong 287 293
  strong 300 306
  td 343 345
  td 416 418
  strong 420 426
  strong 448 454
  td 475 477
  td 492 494
  strong 496 502
  strong 512 518
  td 555 557
  tr 569 571
  tr 582 584
  td 599 601
  strong 603 609
  strong 634 640
  td 698 700
  td 715 717
  strong 719 725
  strong 745 751
  td 770 772
  td 787 789
  strong 791 797
  strong 804 810
  td 947 949
  tr 961 963
  tbody 972 977
  table 981 986
  table 991 996
  thead 1137 1142
  tr 1153 1155
  th 1170 1172
  th 1189 1191
  th 1206 1208
  th 1231 1233
  th 1248 1250
  br 1267 1269
  th 1276 1278
  th 1293 1295
  br 1312 1314
  th 1321 1323
  th 1338 1340
  br 1361 1363
  th 1370 1372
  th 1387 1389
  br 1416 1418
  th 1421 1423
  th 1508 1510
  br 1530 1532
  sup 1542 1545
  sup 1549 1552
  th 1565 1567
  th 1582 1584
  sup 1599 1602
  sup 1607 1610
  br 1613 1615
  th 1628 1630
  th 1645 1647
  sup 1662 1665
  sup 1669 1672
  br 1675 1677
  th 1690 1692
  th 1707 1709
  br 1734 1736
  sup 1740 1743
  sup 1748 1751
  sup 1757 1760
  sup 1764 1767
  sup 1773 1776
  sup 1780 1783
  th 1786 1788
  th 1803 1805
  th 1827 1829
  th 1869 1871
  th 1897 1899
  th 1914 1916
  th 1946 1948
  th 1963 1965
  th 1989 1991
  tr 2003 2005
  thead 2013 2018
  tbody 2026 2031
  tr 2083 2085
  td 2104 2106
  td 2131 2133
  td 2152 2154
  td 2173 2175
  td 2297 2299
  td 2322 2324
  td 2347 2349
  td 2372 2374
  td 2397 2399
  td 2423 2425
  td 2448 2450
  td 2931 2933
  td 3051 3053
  td 3078 3080
  td 3108 3110
  td 3189 3191
  td 3219 3221
  td 3300 3302
  td 3330 3332
  td 3356 3358
  td 3386 3388
  td 3416 3418
  td 3542 3544
  td 3576 3578
  td 3601 3603
  td 4211 4213
  td 4236 4238
  td 4284 4286
  tr 4330 4332
  tr 4844 4846
  td 4861 4863
  strong 4896 4902
  strong 4931 4937
  td 4940 4942
  td 4957 4959
  strong 4991 4997
  strong 5016 5022
  td 5025 5027
  td 5073 5075
  strong 5089 5095
  td 5148 5150
  td 5194 5196
  strong 5210 5216
  td 5270 5272
  tr 5314 5316
  tbody 5324 5329
  table 5333 5338
  script 5391 5397
  script 6191 6197
Invalid Selector
strong 804
  script 54 60
  script 113 119
  script 122 128
  script 181 187
  table 191 196
  tbody 250 255
  tr 266 268
  td 283 285
  strong 287 293
  strong 300 306
  td 343 345
  td 416 418
  strong 420 426
  strong 448 454
  td 475 477
  td 492 494
  strong 496 502
  strong 512 518
  td 555 557
  tr 569 571
  tr 582 584
  td 599 601
  strong 603 609
  strong 634 640
  td 698 700
  td 715 717
  strong 719 725
  strong 745 751
  td 770 772
  td 787 789
  strong 791 797
  strong 804 810
strong is a "html tag"
components.min.css has 4339 symbols
Searching through them all for /(^|[\s>+~])strong(\[[^\]]*\]|:{1,2}[\w-()]+|\.[\w-]+|#[\w-]+)*\s*/
Done
bootstrap_limitless.css has 1198 symbols
Searching through them all for /(^|[\s>+~])strong(\[[^\]]*\]|:{1,2}[\w-()]+|\.[\w-]+|#[\w-]+)*\s*/
Done
receipt.css has 17 symbols
Searching through them all for /(^|[\s>+~])strong(\[[^\]]*\]|:{1,2}[\w-()]+|\.[\w-]+|#[\w-]+)*\s*/
Done
bootstrap_limitless.min.css has 1198 symbols
Searching through them all for /(^|[\s>+~])strong(\[[^\]]*\]|:{1,2}[\w-()]+|\.[\w-]+|#[\w-]+)*\s*/
Done
print_tabulation.css has 7 symbols
Searching through them all for /(^|[\s>+~])strong(\[[^\]]*\]|:{1,2}[\w-()]+|\.[\w-]+|#[\w-]+)*\s*/
Done
my_print.css has 14 symbols
Searching through them all for /(^|[\s>+~])strong(\[[^\]]*\]|:{1,2}[\w-()]+|\.[\w-]+|#[\w-]+)*\s*/
Done
bootstrap-datepicker.min.css has 221 symbols
Searching through them all for /(^|[\s>+~])strong(\[[^\]]*\]|:{1,2}[\w-()]+|\.[\w-]+|#[\w-]+)*\s*/
Done
bootstrap.min.css has 2572 symbols
Searching through them all for /(^|[\s>+~])strong(\[[^\]]*\]|:{1,2}[\w-()]+|\.[\w-]+|#[\w-]+)*\s*/
Done
bootstrap.css has 2572 symbols
Searching through them all for /(^|[\s>+~])strong(\[[^\]]*\]|:{1,2}[\w-()]+|\.[\w-]+|#[\w-]+)*\s*/
Done
_c3.scss has 48 symbols
Searching through them all for /(^|[\s>+~])strong(\[[^\]]*\]|:{1,2}[\w-()]+|\.[\w-]+|#[\w-]+)*\s*/
Done
_inbox.scss has 15 symbols
Searching through them all for /(^|[\s>+~])strong(\[[^\]]*\]|:{1,2}[\w-()]+|\.[\w-]+|#[\w-]+)*\s*/
Done
_d3.scss has 72 symbols
Searching through them all for /(^|[\s>+~])strong(\[[^\]]*\]|:{1,2}[\w-()]+|\.[\w-]+|#[\w-]+)*\s*/
Done
_print.scss has 34 symbols
Searching through them all for /(^|[\s>+~])strong(\[[^\]]*\]|:{1,2}[\w-()]+|\.[\w-]+|#[\w-]+)*\s*/
Done
components.css has 4341 symbols
Searching through them all for /(^|[\s>+~])strong(\[[^\]]*\]|:{1,2}[\w-()]+|\.[\w-]+|#[\w-]+)*\s*/
Done
_reboot.scss has 100 symbols
Searching through them all for /(^|[\s>+~])strong(\[[^\]]*\]|:{1,2}[\w-()]+|\.[\w-]+|#[\w-]+)*\s*/
Done
_table-row.scss has 10 symbols
Searching through them all for /(^|[\s>+~])strong(\[[^\]]*\]|:{1,2}[\w-()]+|\.[\w-]+|#[\w-]+)*\s*/
Done
dialog_opera.css has 160 symbols
Searching through them all for /(^|[\s>+~])strong(\[[^\]]*\]|:{1,2}[\w-()]+|\.[\w-]+|#[\w-]+)*\s*/
Done
dialog_opera.css has 160 symbols
Searching through them all for /(^|[\s>+~])strong(\[[^\]]*\]|:{1,2}[\w-()]+|\.[\w-]+|#[\w-]+)*\s*/
Done
dialog_iequirks.css has 158 symbols
Searching through them all for /(^|[\s>+~])strong(\[[^\]]*\]|:{1,2}[\w-()]+|\.[\w-]+|#[\w-]+)*\s*/
Done
dialog_ie.css has 173 symbols
Searching through them all for /(^|[\s>+~])strong(\[[^\]]*\]|:{1,2}[\w-()]+|\.[\w-]+|#[\w-]+)*\s*/
Done
dialog_iequirks.css has 158 symbols
Searching through them all for /(^|[\s>+~])strong(\[[^\]]*\]|:{1,2}[\w-()]+|\.[\w-]+|#[\w-]+)*\s*/
Done
dialog_ie.css has 173 symbols
Searching through them all for /(^|[\s>+~])strong(\[[^\]]*\]|:{1,2}[\w-()]+|\.[\w-]+|#[\w-]+)*\s*/
Done
dialog_ie7.css has 172 symbols
Searching through them all for /(^|[\s>+~])strong(\[[^\]]*\]|:{1,2}[\w-()]+|\.[\w-]+|#[\w-]+)*\s*/
Done
dialog_ie8.css has 161 symbols
Searching through them all for /(^|[\s>+~])strong(\[[^\]]*\]|:{1,2}[\w-()]+|\.[\w-]+|#[\w-]+)*\s*/
Done
dialog_ie7.css has 172 symbols
Searching through them all for /(^|[\s>+~])strong(\[[^\]]*\]|:{1,2}[\w-()]+|\.[\w-]+|#[\w-]+)*\s*/
Done
wsc.css has 18 symbols
Searching through them all for /(^|[\s>+~])strong(\[[^\]]*\]|:{1,2}[\w-()]+|\.[\w-]+|#[\w-]+)*\s*/
Done
dialog_ie8.css has 161 symbols
Searching through them all for /(^|[\s>+~])strong(\[[^\]]*\]|:{1,2}[\w-()]+|\.[\w-]+|#[\w-]+)*\s*/
Done
dialog.css has 159 symbols
Searching through them all for /(^|[\s>+~])strong(\[[^\]]*\]|:{1,2}[\w-()]+|\.[\w-]+|#[\w-]+)*\s*/
Done
dialog.scss has 155 symbols
Searching through them all for /(^|[\s>+~])strong(\[[^\]]*\]|:{1,2}[\w-()]+|\.[\w-]+|#[\w-]+)*\s*/
Done
dialog.scss has 155 symbols
Searching through them all for /(^|[\s>+~])strong(\[[^\]]*\]|:{1,2}[\w-()]+|\.[\w-]+|#[\w-]+)*\s*/
Done
_colorpanel.scss has 20 symbols
Searching through them all for /(^|[\s>+~])strong(\[[^\]]*\]|:{1,2}[\w-()]+|\.[\w-]+|#[\w-]+)*\s*/
Done
dialog.css has 159 symbols
Searching through them all for /(^|[\s>+~])strong(\[[^\]]*\]|:{1,2}[\w-()]+|\.[\w-]+|#[\w-]+)*\s*/
Done
dialog_opera.scss has 3 symbols
Searching through them all for /(^|[\s>+~])strong(\[[^\]]*\]|:{1,2}[\w-()]+|\.[\w-]+|#[\w-]+)*\s*/
Done
_colorpanel.scss has 20 symbols
Searching through them all for /(^|[\s>+~])strong(\[[^\]]*\]|:{1,2}[\w-()]+|\.[\w-]+|#[\w-]+)*\s*/
Done
dialog_opera.scss has 3 symbols
Searching through them all for /(^|[\s>+~])strong(\[[^\]]*\]|:{1,2}[\w-()]+|\.[\w-]+|#[\w-]+)*\s*/
Done
_footable.scss has 17 symbols
Searching through them all for /(^|[\s>+~])strong(\[[^\]]*\]|:{1,2}[\w-()]+|\.[\w-]+|#[\w-]+)*\s*/
Done
_handsontable.scss has 342 symbols
Searching through them all for /(^|[\s>+~])strong(\[[^\]]*\]|:{1,2}[\w-()]+|\.[\w-]+|#[\w-]+)*\s*/
Done
_widgets.scss has 281 symbols
Searching through them all for /(^|[\s>+~])strong(\[[^\]]*\]|:{1,2}[\w-()]+|\.[\w-]+|#[\w-]+)*\s*/
Done
_datatable-columns-reorder.scss has 4 symbols
Searching through them all for /(^|[\s>+~])strong(\[[^\]]*\]|:{1,2}[\w-()]+|\.[\w-]+|#[\w-]+)*\s*/
Done
_fancytree.scss has 100 symbols
Searching through them all for /(^|[\s>+~])strong(\[[^\]]*\]|:{1,2}[\w-()]+|\.[\w-]+|#[\w-]+)*\s*/
Done
_tables.scss has 136 symbols
Searching through them all for /(^|[\s>+~])strong(\[[^\]]*\]|:{1,2}[\w-()]+|\.[\w-]+|#[\w-]+)*\s*/
Done
_datatable-fixed-columns.scss has 21 symbols
Searching through them all for /(^|[\s>+~])strong(\[[^\]]*\]|:{1,2}[\w-()]+|\.[\w-]+|#[\w-]+)*\s*/
Done
_datatable-scroller.scss has 8 symbols
Searching through them all for /(^|[\s>+~])strong(\[[^\]]*\]|:{1,2}[\w-()]+|\.[\w-]+|#[\w-]+)*\s*/
Done
_datatable-keytable.scss has 8 symbols
Searching through them all for /(^|[\s>+~])strong(\[[^\]]*\]|:{1,2}[\w-()]+|\.[\w-]+|#[\w-]+)*\s*/
Done
_fullcalendar.scss has 285 symbols
Searching through them all for /(^|[\s>+~])strong(\[[^\]]*\]|:{1,2}[\w-()]+|\.[\w-]+|#[\w-]+)*\s*/
Done
_datatables.scss has 133 symbols
Searching through them all for /(^|[\s>+~])strong(\[[^\]]*\]|:{1,2}[\w-()]+|\.[\w-]+|#[\w-]+)*\s*/
Done
_datatable-responsive.scss has 31 symbols
Searching through them all for /(^|[\s>+~])strong(\[[^\]]*\]|:{1,2}[\w-()]+|\.[\w-]+|#[\w-]+)*\s*/
Done
_buttons.scss has 69 symbols
Searching through them all for /(^|[\s>+~])strong(\[[^\]]*\]|:{1,2}[\w-()]+|\.[\w-]+|#[\w-]+)*\s*/
Done
_datatable-rows-reorder.scss has 4 symbols
Searching through them all for /(^|[\s>+~])strong(\[[^\]]*\]|:{1,2}[\w-()]+|\.[\w-]+|#[\w-]+)*\s*/
Done
_daterange.scss has 86 symbols
Searching through them all for /(^|[\s>+~])strong(\[[^\]]*\]|:{1,2}[\w-()]+|\.[\w-]+|#[\w-]+)*\s*/
Done
_alpaca.scss has 65 symbols
Searching through them all for /(^|[\s>+~])strong(\[[^\]]*\]|:{1,2}[\w-()]+|\.[\w-]+|#[\w-]+)*\s*/
Done
_date.scss has 49 symbols
Searching through them all for /(^|[\s>+~])strong(\[[^\]]*\]|:{1,2}[\w-()]+|\.[\w-]+|#[\w-]+)*\s*/
Done
_tables.scss has 43 symbols
Searching through them all for /(^|[\s>+~])strong(\[[^\]]*\]|:{1,2}[\w-()]+|\.[\w-]+|#[\w-]+)*\s*/
Done
_widgets.scss has 251 symbols
Searching through them all for /(^|[\s>+~])strong(\[[^\]]*\]|:{1,2}[\w-()]+|\.[\w-]+|#[\w-]+)*\s*/
Done
_handsontable.scss has 342 symbols
Searching through them all for /(^|[\s>+~])strong(\[[^\]]*\]|:{1,2}[\w-()]+|\.[\w-]+|#[\w-]+)*\s*/
Done
_tables.scss has 136 symbols
Searching through them all for /(^|[\s>+~])strong(\[[^\]]*\]|:{1,2}[\w-()]+|\.[\w-]+|#[\w-]+)*\s*/
Done
_footable.scss has 17 symbols
Searching through them all for /(^|[\s>+~])strong(\[[^\]]*\]|:{1,2}[\w-()]+|\.[\w-]+|#[\w-]+)*\s*/
Done
_datatable-responsive.scss has 31 symbols
Searching through them all for /(^|[\s>+~])strong(\[[^\]]*\]|:{1,2}[\w-()]+|\.[\w-]+|#[\w-]+)*\s*/
Done
_datatable-rows-reorder.scss has 4 symbols
Searching through them all for /(^|[\s>+~])strong(\[[^\]]*\]|:{1,2}[\w-()]+|\.[\w-]+|#[\w-]+)*\s*/
Done
_datatable-columns-reorder.scss has 4 symbols
Searching through them all for /(^|[\s>+~])strong(\[[^\]]*\]|:{1,2}[\w-()]+|\.[\w-]+|#[\w-]+)*\s*/
Done
_fullcalendar.scss has 285 symbols
Searching through them all for /(^|[\s>+~])strong(\[[^\]]*\]|:{1,2}[\w-()]+|\.[\w-]+|#[\w-]+)*\s*/
Done
_datatables.scss has 132 symbols
Searching through them all for /(^|[\s>+~])strong(\[[^\]]*\]|:{1,2}[\w-()]+|\.[\w-]+|#[\w-]+)*\s*/
Done
_fancytree.scss has 100 symbols
Searching through them all for /(^|[\s>+~])strong(\[[^\]]*\]|:{1,2}[\w-()]+|\.[\w-]+|#[\w-]+)*\s*/
Done
_alpaca.scss has 64 symbols
Searching through them all for /(^|[\s>+~])strong(\[[^\]]*\]|:{1,2}[\w-()]+|\.[\w-]+|#[\w-]+)*\s*/
Done
_daterange.scss has 87 symbols
Searching through them all for /(^|[\s>+~])strong(\[[^\]]*\]|:{1,2}[\w-()]+|\.[\w-]+|#[\w-]+)*\s*/
Done
_date.scss has 49 symbols
Searching through them all for /(^|[\s>+~])strong(\[[^\]]*\]|:{1,2}[\w-()]+|\.[\w-]+|#[\w-]+)*\s*/
Done
_datatable-fixed-columns.scss has 21 symbols
Searching through them all for /(^|[\s>+~])strong(\[[^\]]*\]|:{1,2}[\w-()]+|\.[\w-]+|#[\w-]+)*\s*/
Done
_datatable-scroller.scss has 8 symbols
Searching through them all for /(^|[\s>+~])strong(\[[^\]]*\]|:{1,2}[\w-()]+|\.[\w-]+|#[\w-]+)*\s*/
Done
_datatable-keytable.scss has 8 symbols
Searching through them all for /(^|[\s>+~])strong(\[[^\]]*\]|:{1,2}[\w-()]+|\.[\w-]+|#[\w-]+)*\s*/
Done
_buttons.scss has 69 symbols
Searching through them all for /(^|[\s>+~])strong(\[[^\]]*\]|:{1,2}[\w-()]+|\.[\w-]+|#[\w-]+)*\s*/
Done
app.css has 3148 symbols
Searching through them all for /(^|[\s>+~])strong(\[[^\]]*\]|:{1,2}[\w-()]+|\.[\w-]+|#[\w-]+)*\s*/
Done
exception.css has 214 symbols
Searching through them all for /(^|[\s>+~])strong(\[[^\]]*\]|:{1,2}[\w-()]+|\.[\w-]+|#[\w-]+)*\s*/
Done
default.css has 45 symbols
Searching through them all for /(^|[\s>+~])strong(\[[^\]]*\]|:{1,2}[\w-()]+|\.[\w-]+|#[\w-]+)*\s*/
Done
html.css has 163 symbols
Searching through them all for /(^|[\s>+~])strong(\[[^\]]*\]|:{1,2}[\w-()]+|\.[\w-]+|#[\w-]+)*\s*/
Done
whoops.base.css has 120 symbols
Searching through them all for /(^|[\s>+~])strong(\[[^\]]*\]|:{1,2}[\w-()]+|\.[\w-]+|#[\w-]+)*\s*/
Done
style.css has 50 symbols
Searching through them all for /(^|[\s>+~])strong(\[[^\]]*\]|:{1,2}[\w-()]+|\.[\w-]+|#[\w-]+)*\s*/
Done
bootstrap.min.css has 3147 symbols
Searching through them all for /(^|[\s>+~])strong(\[[^\]]*\]|:{1,2}[\w-()]+|\.[\w-]+|#[\w-]+)*\s*/
Done
nv.d3.min.css has 135 symbols
Searching through them all for /(^|[\s>+~])strong(\[[^\]]*\]|:{1,2}[\w-()]+|\.[\w-]+|#[\w-]+)*\s*/
Done
($sr- 843
  script 54 60
  script 113 119
  script 122 128
  script 181 187
  table 191 196
  tbody 250 255
  tr 266 268
  td 283 285
  strong 287 293
  strong 300 306
  td 343 345
  td 416 418
  strong 420 426
  strong 448 454
  td 475 477
  td 492 494
  strong 496 502
  strong 512 518
  td 555 557
  tr 569 571
  tr 582 584
  td 599 601
  strong 603 609
  strong 634 640
  td 698 700
  td 715 717
  strong 719 725
  strong 745 751
  td 770 772
  td 787 789
  strong 791 797
  strong 804 810
  td 947 949
  tr 961 963
  tbody 972 977
  table 981 986
  table 991 996
  thead 1137 1142
  tr 1153 1155
  th 1170 1172
  th 1189 1191
  th 1206 1208
  th 1231 1233
  th 1248 1250
  br 1267 1269
  th 1276 1278
  th 1293 1295
  br 1312 1314
  th 1321 1323
  th 1338 1340
  br 1361 1363
  th 1370 1372
  th 1387 1389
  br 1416 1418
  th 1421 1423
  th 1508 1510
  br 1530 1532
  sup 1542 1545
  sup 1549 1552
  th 1565 1567
  th 1582 1584
  sup 1599 1602
  sup 1607 1610
  br 1613 1615
  th 1628 1630
  th 1645 1647
  sup 1662 1665
  sup 1669 1672
  br 1675 1677
  th 1690 1692
  th 1707 1709
  br 1734 1736
  sup 1740 1743
  sup 1748 1751
  sup 1757 1760
  sup 1764 1767
  sup 1773 1776
  sup 1780 1783
  th 1786 1788
  th 1803 1805
  th 1827 1829
  th 1869 1871
  th 1897 1899
  th 1914 1916
  th 1946 1948
  th 1963 1965
  th 1989 1991
  tr 2003 2005
  thead 2013 2018
  tbody 2026 2031
  tr 2083 2085
  td 2104 2106
  td 2131 2133
  td 2152 2154
  td 2173 2175
  td 2297 2299
  td 2322 2324
  td 2347 2349
  td 2372 2374
  td 2397 2399
  td 2423 2425
  td 2448 2450
  td 2931 2933
  td 3051 3053
  td 3078 3080
  td 3108 3110
  td 3189 3191
  td 3219 3221
  td 3300 3302
  td 3330 3332
  td 3356 3358
  td 3386 3388
  td 3416 3418
  td 3542 3544
  td 3576 3578
  td 3601 3603
  td 4211 4213
  td 4236 4238
  td 4284 4286
  tr 4330 4332
  tr 4844 4846
  td 4861 4863
  strong 4896 4902
  strong 4931 4937
  td 4940 4942
  td 4957 4959
  strong 4991 4997
  strong 5016 5022
  td 5025 5027
  td 5073 5075
  strong 5089 5095
  td 5148 5150
  td 5194 5196
  strong 5210 5216
  td 5270 5272
  tr 5314 5316
  tbody 5324 5329
  table 5333 5338
  script 5391 5397
  script 6191 6197
Invalid Selector
>MATIÈRES</th 1220
  script 54 60
  script 113 119
  script 122 128
  script 181 187
  table 191 196
  tbody 250 255
  tr 266 268
  td 283 285
  strong 287 293
  strong 300 306
  td 343 345
  td 416 418
  strong 420 426
  strong 448 454
  td 475 477
  td 492 494
  strong 496 502
  strong 512 518
  td 555 557
  tr 569 571
  tr 582 584
  td 599 601
  strong 603 609
  strong 634 640
  td 698 700
  td 715 717
  strong 719 725
  strong 745 751
  td 770 772
  td 787 789
  strong 791 797
  strong 804 810
  td 947 949
  tr 961 963
  tbody 972 977
  table 981 986
  table 991 996
  thead 1137 1142
  tr 1153 1155
  th 1170 1172
  th 1189 1191
  th 1206 1208
  th 1231 1233
  th 1248 1250
  br 1267 1269
  th 1276 1278
  th 1293 1295
  br 1312 1314
  th 1321 1323
  th 1338 1340
  br 1361 1363
  th 1370 1372
  th 1387 1389
  br 1416 1418
  th 1421 1423
  th 1508 1510
  br 1530 1532
  sup 1542 1545
  sup 1549 1552
  th 1565 1567
  th 1582 1584
  sup 1599 1602
  sup 1607 1610
  br 1613 1615
  th 1628 1630
  th 1645 1647
  sup 1662 1665
  sup 1669 1672
  br 1675 1677
  th 1690 1692
  th 1707 1709
  br 1734 1736
  sup 1740 1743
  sup 1748 1751
  sup 1757 1760
  sup 1764 1767
  sup 1773 1776
  sup 1780 1783
  th 1786 1788
  th 1803 1805
  th 1827 1829
  th 1869 1871
  th 1897 1899
  th 1914 1916
  th 1946 1948
  th 1963 1965
  th 1989 1991
  tr 2003 2005
  thead 2013 2018
  tbody 2026 2031
  tr 2083 2085
  td 2104 2106
  td 2131 2133
  td 2152 2154
  td 2173 2175
  td 2297 2299
  td 2322 2324
  td 2347 2349
  td 2372 2374
  td 2397 2399
  td 2423 2425
  td 2448 2450
  td 2931 2933
  td 3051 3053
  td 3078 3080
  td 3108 3110
  td 3189 3191
  td 3219 3221
  td 3300 3302
  td 3330 3332
  td 3356 3358
  td 3386 3388
  td 3416 3418
  td 3542 3544
  td 3576 3578
  td 3601 3603
  td 4211 4213
  td 4236 4238
  td 4284 4286
  tr 4330 4332
  tr 4844 4846
  td 4861 4863
  strong 4896 4902
  strong 4931 4937
  td 4940 4942
  td 4957 4959
  strong 4991 4997
  strong 5016 5022
  td 5025 5027
  td 5073 5075
  strong 5089 5095
  td 5148 5150
  td 5194 5196
  strong 5210 5216
  td 5270 5272
  tr 5314 5316
  tbody 5324 5329
  table 5333 5338
  script 5391 5397
  script 6191 6197
Invalid Selector
2 1719
  script 54 60
  script 113 119
  script 122 128
  script 181 187
  table 191 196
  tbody 250 255
  tr 266 268
  td 283 285
  strong 287 293
  strong 300 306
  td 343 345
  td 416 418
  strong 420 426
  strong 448 454
  td 475 477
  td 492 494
  strong 496 502
  strong 512 518
  td 555 557
  tr 569 571
  tr 582 584
  td 599 601
  strong 603 609
  strong 634 640
  td 698 700
  td 715 717
  strong 719 725
  strong 745 751
  td 770 772
  td 787 789
  strong 791 797
  strong 804 810
  td 947 949
  tr 961 963
  tbody 972 977
  table 981 986
  table 991 996
  thead 1137 1142
  tr 1153 1155
  th 1170 1172
  th 1189 1191
  th 1206 1208
  th 1231 1233
  th 1248 1250
  br 1267 1269
  th 1276 1278
  th 1293 1295
  br 1312 1314
  th 1321 1323
  th 1338 1340
  br 1361 1363
  th 1370 1372
  th 1387 1389
  br 1416 1418
  th 1421 1423
  th 1508 1510
  br 1530 1532
  sup 1542 1545
  sup 1549 1552
  th 1565 1567
  th 1582 1584
  sup 1599 1602
  sup 1607 1610
  br 1613 1615
  th 1628 1630
  th 1645 1647
  sup 1662 1665
  sup 1669 1672
  br 1675 1677
  th 1690 1692
  th 1707 1709
  br 1734 1736
  sup 1740 1743
  sup 1748 1751
  sup 1757 1760
  sup 1764 1767
  sup 1773 1776
  sup 1780 1783
  th 1786 1788
  th 1803 1805
  th 1827 1829
  th 1869 1871
  th 1897 1899
  th 1914 1916
  th 1946 1948
  th 1963 1965
  th 1989 1991
  tr 2003 2005
  thead 2013 2018
  tbody 2026 2031
  tr 2083 2085
  td 2104 2106
  td 2131 2133
  td 2152 2154
  td 2173 2175
  td 2297 2299
  td 2322 2324
  td 2347 2349
  td 2372 2374
  td 2397 2399
  td 2423 2425
  td 2448 2450
  td 2931 2933
  td 3051 3053
  td 3078 3080
  td 3108 3110
  td 3189 3191
  td 3219 3221
  td 3300 3302
  td 3330 3332
  td 3356 3358
  td 3386 3388
  td 3416 3418
  td 3542 3544
  td 3576 3578
  td 3601 3603
  td 4211 4213
  td 4236 4238
  td 4284 4286
  tr 4330 4332
  tr 4844 4846
  td 4861 4863
  strong 4896 4902
  strong 4931 4937
  td 4940 4942
  td 4957 4959
  strong 4991 4997
  strong 5016 5022
  td 5025 5027
  td 5073 5075
  strong 5089 5095
  td 5148 5150
  td 5194 5196
  strong 5210 5216
  td 5270 5272
  tr 5314 5316
  tbody 5324 5329
  table 5333 5338
  script 5391 5397
  script 6191 6197
Invalid Selector
student_id 4726
  script 54 60
  script 113 119
  script 122 128
  script 181 187
  table 191 196
  tbody 250 255
  tr 266 268
  td 283 285
  strong 287 293
  strong 300 306
  td 343 345
  td 418 420
  strong 422 428
  strong 450 456
  td 477 479
  td 494 496
  strong 498 504
  strong 514 520
  td 557 559
  tr 571 573
  tr 584 586
  td 601 603
  strong 605 611
  strong 636 642
  td 700 702
  td 717 719
  strong 721 727
  strong 747 753
  td 772 774
  td 789 791
  strong 793 799
  strong 806 812
  td 949 951
  tr 963 965
  tbody 974 979
  table 983 988
  table 993 998
  thead 1139 1144
  tr 1155 1157
  th 1172 1174
  th 1191 1193
  th 1208 1210
  th 1233 1235
  th 1250 1252
  br 1269 1271
  th 1278 1280
  th 1295 1297
  br 1314 1316
  th 1323 1325
  th 1340 1342
  br 1363 1365
  th 1372 1374
  th 1389 1391
  br 1418 1420
  th 1423 1425
  th 1510 1512
  br 1532 1534
  sup 1544 1547
  sup 1551 1554
  th 1567 1569
  th 1584 1586
  sup 1601 1604
  sup 1609 1612
  br 1615 1617
  th 1630 1632
  th 1647 1649
  sup 1664 1667
  sup 1671 1674
  br 1677 1679
  th 1692 1694
  th 1709 1711
  br 1736 1738
  sup 1742 1745
  sup 1750 1753
  sup 1759 1762
  sup 1766 1769
  sup 1775 1778
  sup 1782 1785
  th 1788 1790
  th 1805 1807
  th 1829 1831
  th 1871 1873
  th 1899 1901
  th 1916 1918
  th 1948 1950
  th 1965 1967
  th 1991 1993
  tr 2005 2007
  thead 2015 2020
  tbody 2028 2033
  tr 2085 2087
  td 2106 2108
  td 2133 2135
  td 2154 2156
  td 2175 2177
  td 2299 2301
  td 2324 2326
  td 2349 2351
  td 2374 2376
  td 2399 2401
  td 2425 2427
  td 2450 2452
  td 2933 2935
  td 3053 3055
  td 3080 3082
  td 3110 3112
  td 3191 3193
  td 3221 3223
  td 3302 3304
  td 3332 3334
  td 3358 3360
  td 3388 3390
  td 3418 3420
  td 3544 3546
  td 3578 3580
  td 3603 3605
  td 4213 4215
  td 4238 4240
  td 4286 4288
  tr 4332 4334
  tr 4847 4849
  td 4864 4866
  strong 4899 4905
  strong 4934 4940
  td 4943 4945
  td 4960 4962
  strong 4994 5000
  strong 5019 5025
  td 5028 5030
  td 5076 5078
  strong 5092 5098
  td 5151 5153
  td 5197 5199
  strong 5213 5219
  td 5273 5275
  tr 5317 5319
  tbody 5327 5332
  table 5336 5341
  script 5394 5400
  script 6194 6200
Invalid Selector
student_id 4726
  script 54 60
  script 113 119
  script 122 128
  script 181 187
  table 191 196
  tbody 250 255
  tr 266 268
  td 283 285
  strong 287 293
  strong 300 306
  td 343 345
  td 418 420
  strong 422 428
  strong 450 456
  td 477 479
  td 494 496
  strong 498 504
  strong 514 520
  td 557 559
  tr 571 573
  tr 584 586
  td 601 603
  strong 605 611
  strong 636 642
  td 700 702
  td 717 719
  strong 721 727
  strong 747 753
  td 772 774
  td 789 791
  strong 793 799
  strong 806 812
  td 949 951
  tr 963 965
  tbody 974 979
  table 983 988
  table 993 998
  thead 1139 1144
  tr 1155 1157
  th 1172 1174
  th 1191 1193
  th 1208 1210
  th 1233 1235
  th 1250 1252
  br 1269 1271
  th 1278 1280
  th 1295 1297
  br 1314 1316
  th 1323 1325
  th 1340 1342
  br 1363 1365
  th 1372 1374
  th 1389 1391
  br 1418 1420
  th 1423 1425
  th 1510 1512
  br 1532 1534
  sup 1544 1547
  sup 1551 1554
  th 1567 1569
  th 1584 1586
  sup 1601 1604
  sup 1609 1612
  br 1615 1617
  th 1630 1632
  th 1647 1649
  sup 1664 1667
  sup 1671 1674
  br 1677 1679
  th 1692 1694
  th 1709 1711
  br 1736 1738
  sup 1742 1745
  sup 1750 1753
  sup 1759 1762
  sup 1766 1769
  sup 1775 1778
  sup 1782 1785
  th 1788 1790
  th 1805 1807
  th 1829 1831
  th 1871 1873
  th 1899 1901
  th 1916 1918
  th 1948 1950
  th 1965 1967
  th 1991 1993
  tr 2005 2007
  thead 2015 2020
  tbody 2028 2033
  tr 2085 2087
  td 2106 2108
  td 2133 2135
  td 2154 2156
  td 2175 2177
  td 2299 2301
  td 2324 2326
  td 2349 2351
  td 2374 2376
  td 2399 2401
  td 2425 2427
  td 2450 2452
  td 2933 2935
  td 3053 3055
  td 3080 3082
  td 3110 3112
  td 3191 3193
  td 3221 3223
  td 3302 3304
  td 3332 3334
  td 3358 3360
  td 3388 3390
  td 3418 3420
  td 3544 3546
  td 3578 3580
  td 3603 3605
  td 4213 4215
  td 4238 4240
  td 4286 4288
  tr 4332 4334
  tr 4847 4849
  td 4864 4866
  strong 4899 4905
  strong 4934 4940
  td 4943 4945
  td 4960 4962
  strong 4994 5000
  strong 5019 5025
  td 5028 5030
  td 5076 5078
  strong 5092 5098
  td 5151 5153
  td 5197 5199
  strong 5213 5219
  td 5273 5275
  tr 5317 5319
  tbody 5327 5332
  table 5336 5341
  script 5394 5400
  script 6194 6200
Invalid Selector
student_id 4726
  script 54 60
  script 113 119
  script 122 128
  script 181 187
  table 191 196
  tbody 250 255
  tr 266 268
  td 283 285
  strong 287 293
  strong 300 306
  td 343 345
  td 418 420
  strong 422 428
  strong 450 456
  td 477 479
  td 494 496
  strong 498 504
  strong 514 520
  td 557 559
  tr 571 573
  tr 584 586
  td 601 603
  strong 605 611
  strong 636 642
  td 700 702
  td 717 719
  strong 721 727
  strong 747 753
  td 772 774
  td 789 791
  strong 793 799
  strong 806 812
  td 949 951
  tr 963 965
  tbody 974 979
  table 983 988
  table 993 998
  thead 1139 1144
  tr 1155 1157
  th 1172 1174
  th 1191 1193
  th 1208 1210
  th 1233 1235
  th 1250 1252
  br 1269 1271
  th 1278 1280
  th 1295 1297
  br 1314 1316
  th 1323 1325
  th 1340 1342
  br 1363 1365
  th 1372 1374
  th 1389 1391
  br 1418 1420
  th 1423 1425
  th 1510 1512
  br 1532 1534
  sup 1544 1547
  sup 1551 1554
  th 1567 1569
  th 1584 1586
  sup 1601 1604
  sup 1609 1612
  br 1615 1617
  th 1630 1632
  th 1647 1649
  sup 1664 1667
  sup 1671 1674
  br 1677 1679
  th 1692 1694
  th 1709 1711
  br 1736 1738
  sup 1742 1745
  sup 1750 1753
  sup 1759 1762
  sup 1766 1769
  sup 1775 1778
  sup 1782 1785
  th 1788 1790
  th 1805 1807
  th 1829 1831
  th 1871 1873
  th 1899 1901
  th 1916 1918
  th 1948 1950
  th 1965 1967
  th 1991 1993
  tr 2005 2007
  thead 2015 2020
  tbody 2028 2033
  tr 2085 2087
  td 2106 2108
  td 2133 2135
  td 2154 2156
  td 2175 2177
  td 2299 2301
  td 2324 2326
  td 2349 2351
  td 2374 2376
  td 2399 2401
  td 2425 2427
  td 2450 2452
  td 2933 2935
  td 3053 3055
  td 3080 3082
  td 3110 3112
  td 3191 3193
  td 3221 3223
  td 3302 3304
  td 3332 3334
  td 3358 3360
  td 3388 3390
  td 3418 3420
  td 3544 3546
  td 3578 3580
  td 3603 3605
  td 4213 4215
  td 4238 4240
  td 4286 4288
  tr 4332 4334
  tr 4847 4849
  td 4864 4866
  strong 4899 4905
  strong 4934 4940
  td 4943 4945
  td 4960 4962
  strong 4994 5000
  strong 5019 5025
  td 5028 5030
  td 5076 5078
  strong 5092 5098
  td 5151 5153
  td 5197 5199
  strong 5213 5219
  td 5273 5275
  tr 5317 5319
  tbody 5327 5332
  table 5336 5341
  script 5394 5400
  script 6194 6200
Invalid Selector
strong 5019
  script 54 60
  script 113 119
  script 122 128
  script 181 187
  table 191 196
  tbody 250 255
  tr 266 268
  td 283 285
  strong 287 293
  strong 300 306
  td 343 345
  td 418 420
  strong 422 428
  strong 450 456
  td 477 479
  td 494 496
  strong 498 504
  strong 514 520
  td 557 559
  tr 571 573
  tr 584 586
  td 601 603
  strong 605 611
  strong 636 642
  td 700 702
  td 717 719
  strong 721 727
  strong 747 753
  td 772 774
  td 789 791
  strong 793 799
  strong 806 812
  td 949 951
  tr 963 965
  tbody 974 979
  table 983 988
  table 993 998
  thead 1139 1144
  tr 1155 1157
  th 1172 1174
  th 1191 1193
  th 1208 1210
  th 1233 1235
  th 1250 1252
  br 1269 1271
  th 1278 1280
  th 1295 1297
  br 1314 1316
  th 1323 1325
  th 1340 1342
  br 1363 1365
  th 1372 1374
  th 1389 1391
  br 1418 1420
  th 1423 1425
  th 1510 1512
  br 1532 1534
  sup 1544 1547
  sup 1551 1554
  th 1567 1569
  th 1584 1586
  sup 1601 1604
  sup 1609 1612
  br 1615 1617
  th 1630 1632
  th 1647 1649
  sup 1664 1667
  sup 1671 1674
  br 1677 1679
  th 1692 1694
  th 1709 1711
  br 1736 1738
  sup 1742 1745
  sup 1750 1753
  sup 1759 1762
  sup 1766 1769
  sup 1775 1778
  sup 1782 1785
  th 1788 1790
  th 1805 1807
  th 1829 1831
  th 1871 1873
  th 1899 1901
  th 1916 1918
  th 1948 1950
  th 1965 1967
  th 1991 1993
  tr 2005 2007
  thead 2015 2020
  tbody 2028 2033
  tr 2085 2087
  td 2106 2108
  td 2133 2135
  td 2154 2156
  td 2175 2177
  td 2299 2301
  td 2324 2326
  td 2349 2351
  td 2374 2376
  td 2399 2401
  td 2425 2427
  td 2450 2452
  td 2933 2935
  td 3053 3055
  td 3080 3082
  td 3110 3112
  td 3191 3193
  td 3221 3223
  td 3302 3304
  td 3332 3334
  td 3358 3360
  td 3388 3390
  td 3418 3420
  td 3544 3546
  td 3578 3580
  td 3603 3605
  td 4213 4215
  td 4238 4240
  td 4286 4288
  tr 4332 4334
  tr 4847 4849
  td 4864 4866
  strong 4899 4905
  strong 4934 4940
  td 4943 4945
  td 4960 4962
  strong 4994 5000
  strong 5019 5025
strong is a "html tag"
components.min.css has 4339 symbols
Searching through them all for /(^|[\s>+~])strong(\[[^\]]*\]|:{1,2}[\w-()]+|\.[\w-]+|#[\w-]+)*\s*/
Done
bootstrap_limitless.css has 1198 symbols
Searching through them all for /(^|[\s>+~])strong(\[[^\]]*\]|:{1,2}[\w-()]+|\.[\w-]+|#[\w-]+)*\s*/
Done
receipt.css has 17 symbols
Searching through them all for /(^|[\s>+~])strong(\[[^\]]*\]|:{1,2}[\w-()]+|\.[\w-]+|#[\w-]+)*\s*/
Done
bootstrap_limitless.min.css has 1198 symbols
Searching through them all for /(^|[\s>+~])strong(\[[^\]]*\]|:{1,2}[\w-()]+|\.[\w-]+|#[\w-]+)*\s*/
Done
print_tabulation.css has 7 symbols
Searching through them all for /(^|[\s>+~])strong(\[[^\]]*\]|:{1,2}[\w-()]+|\.[\w-]+|#[\w-]+)*\s*/
Done
my_print.css has 14 symbols
Searching through them all for /(^|[\s>+~])strong(\[[^\]]*\]|:{1,2}[\w-()]+|\.[\w-]+|#[\w-]+)*\s*/
Done
bootstrap-datepicker.min.css has 221 symbols
Searching through them all for /(^|[\s>+~])strong(\[[^\]]*\]|:{1,2}[\w-()]+|\.[\w-]+|#[\w-]+)*\s*/
Done
bootstrap.min.css has 2572 symbols
Searching through them all for /(^|[\s>+~])strong(\[[^\]]*\]|:{1,2}[\w-()]+|\.[\w-]+|#[\w-]+)*\s*/
Done
bootstrap.css has 2572 symbols
Searching through them all for /(^|[\s>+~])strong(\[[^\]]*\]|:{1,2}[\w-()]+|\.[\w-]+|#[\w-]+)*\s*/
Done
_c3.scss has 48 symbols
Searching through them all for /(^|[\s>+~])strong(\[[^\]]*\]|:{1,2}[\w-()]+|\.[\w-]+|#[\w-]+)*\s*/
Done
_inbox.scss has 15 symbols
Searching through them all for /(^|[\s>+~])strong(\[[^\]]*\]|:{1,2}[\w-()]+|\.[\w-]+|#[\w-]+)*\s*/
Done
_d3.scss has 72 symbols
Searching through them all for /(^|[\s>+~])strong(\[[^\]]*\]|:{1,2}[\w-()]+|\.[\w-]+|#[\w-]+)*\s*/
Done
_print.scss has 34 symbols
Searching through them all for /(^|[\s>+~])strong(\[[^\]]*\]|:{1,2}[\w-()]+|\.[\w-]+|#[\w-]+)*\s*/
Done
components.css has 4341 symbols
Searching through them all for /(^|[\s>+~])strong(\[[^\]]*\]|:{1,2}[\w-()]+|\.[\w-]+|#[\w-]+)*\s*/
Done
_reboot.scss has 100 symbols
Searching through them all for /(^|[\s>+~])strong(\[[^\]]*\]|:{1,2}[\w-()]+|\.[\w-]+|#[\w-]+)*\s*/
Done
_table-row.scss has 10 symbols
Searching through them all for /(^|[\s>+~])strong(\[[^\]]*\]|:{1,2}[\w-()]+|\.[\w-]+|#[\w-]+)*\s*/
Done
dialog_opera.css has 160 symbols
Searching through them all for /(^|[\s>+~])strong(\[[^\]]*\]|:{1,2}[\w-()]+|\.[\w-]+|#[\w-]+)*\s*/
Done
dialog_opera.css has 160 symbols
Searching through them all for /(^|[\s>+~])strong(\[[^\]]*\]|:{1,2}[\w-()]+|\.[\w-]+|#[\w-]+)*\s*/
Done
dialog_iequirks.css has 158 symbols
Searching through them all for /(^|[\s>+~])strong(\[[^\]]*\]|:{1,2}[\w-()]+|\.[\w-]+|#[\w-]+)*\s*/
Done
dialog_ie.css has 173 symbols
Searching through them all for /(^|[\s>+~])strong(\[[^\]]*\]|:{1,2}[\w-()]+|\.[\w-]+|#[\w-]+)*\s*/
Done
dialog_iequirks.css has 158 symbols
Searching through them all for /(^|[\s>+~])strong(\[[^\]]*\]|:{1,2}[\w-()]+|\.[\w-]+|#[\w-]+)*\s*/
Done
dialog_ie.css has 173 symbols
Searching through them all for /(^|[\s>+~])strong(\[[^\]]*\]|:{1,2}[\w-()]+|\.[\w-]+|#[\w-]+)*\s*/
Done
dialog_ie7.css has 172 symbols
Searching through them all for /(^|[\s>+~])strong(\[[^\]]*\]|:{1,2}[\w-()]+|\.[\w-]+|#[\w-]+)*\s*/
Done
dialog_ie8.css has 161 symbols
Searching through them all for /(^|[\s>+~])strong(\[[^\]]*\]|:{1,2}[\w-()]+|\.[\w-]+|#[\w-]+)*\s*/
Done
dialog_ie7.css has 172 symbols
Searching through them all for /(^|[\s>+~])strong(\[[^\]]*\]|:{1,2}[\w-()]+|\.[\w-]+|#[\w-]+)*\s*/
Done
wsc.css has 18 symbols
Searching through them all for /(^|[\s>+~])strong(\[[^\]]*\]|:{1,2}[\w-()]+|\.[\w-]+|#[\w-]+)*\s*/
Done
dialog_ie8.css has 161 symbols
Searching through them all for /(^|[\s>+~])strong(\[[^\]]*\]|:{1,2}[\w-()]+|\.[\w-]+|#[\w-]+)*\s*/
Done
dialog.css has 159 symbols
Searching through them all for /(^|[\s>+~])strong(\[[^\]]*\]|:{1,2}[\w-()]+|\.[\w-]+|#[\w-]+)*\s*/
Done
dialog.scss has 155 symbols
Searching through them all for /(^|[\s>+~])strong(\[[^\]]*\]|:{1,2}[\w-()]+|\.[\w-]+|#[\w-]+)*\s*/
Done
dialog.scss has 155 symbols
Searching through them all for /(^|[\s>+~])strong(\[[^\]]*\]|:{1,2}[\w-()]+|\.[\w-]+|#[\w-]+)*\s*/
Done
_colorpanel.scss has 20 symbols
Searching through them all for /(^|[\s>+~])strong(\[[^\]]*\]|:{1,2}[\w-()]+|\.[\w-]+|#[\w-]+)*\s*/
Done
dialog.css has 159 symbols
Searching through them all for /(^|[\s>+~])strong(\[[^\]]*\]|:{1,2}[\w-()]+|\.[\w-]+|#[\w-]+)*\s*/
Done
dialog_opera.scss has 3 symbols
Searching through them all for /(^|[\s>+~])strong(\[[^\]]*\]|:{1,2}[\w-()]+|\.[\w-]+|#[\w-]+)*\s*/
Done
_colorpanel.scss has 20 symbols
Searching through them all for /(^|[\s>+~])strong(\[[^\]]*\]|:{1,2}[\w-()]+|\.[\w-]+|#[\w-]+)*\s*/
Done
dialog_opera.scss has 3 symbols
Searching through them all for /(^|[\s>+~])strong(\[[^\]]*\]|:{1,2}[\w-()]+|\.[\w-]+|#[\w-]+)*\s*/
Done
_footable.scss has 17 symbols
Searching through them all for /(^|[\s>+~])strong(\[[^\]]*\]|:{1,2}[\w-()]+|\.[\w-]+|#[\w-]+)*\s*/
Done
_handsontable.scss has 342 symbols
Searching through them all for /(^|[\s>+~])strong(\[[^\]]*\]|:{1,2}[\w-()]+|\.[\w-]+|#[\w-]+)*\s*/
Done
_widgets.scss has 281 symbols
Searching through them all for /(^|[\s>+~])strong(\[[^\]]*\]|:{1,2}[\w-()]+|\.[\w-]+|#[\w-]+)*\s*/
Done
_datatable-columns-reorder.scss has 4 symbols
Searching through them all for /(^|[\s>+~])strong(\[[^\]]*\]|:{1,2}[\w-()]+|\.[\w-]+|#[\w-]+)*\s*/
Done
_fancytree.scss has 100 symbols
Searching through them all for /(^|[\s>+~])strong(\[[^\]]*\]|:{1,2}[\w-()]+|\.[\w-]+|#[\w-]+)*\s*/
Done
_tables.scss has 136 symbols
Searching through them all for /(^|[\s>+~])strong(\[[^\]]*\]|:{1,2}[\w-()]+|\.[\w-]+|#[\w-]+)*\s*/
Done
_datatable-fixed-columns.scss has 21 symbols
Searching through them all for /(^|[\s>+~])strong(\[[^\]]*\]|:{1,2}[\w-()]+|\.[\w-]+|#[\w-]+)*\s*/
Done
_datatable-scroller.scss has 8 symbols
Searching through them all for /(^|[\s>+~])strong(\[[^\]]*\]|:{1,2}[\w-()]+|\.[\w-]+|#[\w-]+)*\s*/
Done
_datatable-keytable.scss has 8 symbols
Searching through them all for /(^|[\s>+~])strong(\[[^\]]*\]|:{1,2}[\w-()]+|\.[\w-]+|#[\w-]+)*\s*/
Done
_fullcalendar.scss has 285 symbols
Searching through them all for /(^|[\s>+~])strong(\[[^\]]*\]|:{1,2}[\w-()]+|\.[\w-]+|#[\w-]+)*\s*/
Done
_datatables.scss has 133 symbols
Searching through them all for /(^|[\s>+~])strong(\[[^\]]*\]|:{1,2}[\w-()]+|\.[\w-]+|#[\w-]+)*\s*/
Done
_datatable-responsive.scss has 31 symbols
Searching through them all for /(^|[\s>+~])strong(\[[^\]]*\]|:{1,2}[\w-()]+|\.[\w-]+|#[\w-]+)*\s*/
Done
_buttons.scss has 69 symbols
Searching through them all for /(^|[\s>+~])strong(\[[^\]]*\]|:{1,2}[\w-()]+|\.[\w-]+|#[\w-]+)*\s*/
Done
_datatable-rows-reorder.scss has 4 symbols
Searching through them all for /(^|[\s>+~])strong(\[[^\]]*\]|:{1,2}[\w-()]+|\.[\w-]+|#[\w-]+)*\s*/
Done
_daterange.scss has 86 symbols
Searching through them all for /(^|[\s>+~])strong(\[[^\]]*\]|:{1,2}[\w-()]+|\.[\w-]+|#[\w-]+)*\s*/
Done
_alpaca.scss has 65 symbols
Searching through them all for /(^|[\s>+~])strong(\[[^\]]*\]|:{1,2}[\w-()]+|\.[\w-]+|#[\w-]+)*\s*/
Done
_date.scss has 49 symbols
Searching through them all for /(^|[\s>+~])strong(\[[^\]]*\]|:{1,2}[\w-()]+|\.[\w-]+|#[\w-]+)*\s*/
Done
_tables.scss has 43 symbols
Searching through them all for /(^|[\s>+~])strong(\[[^\]]*\]|:{1,2}[\w-()]+|\.[\w-]+|#[\w-]+)*\s*/
Done
_widgets.scss has 251 symbols
Searching through them all for /(^|[\s>+~])strong(\[[^\]]*\]|:{1,2}[\w-()]+|\.[\w-]+|#[\w-]+)*\s*/
Done
_handsontable.scss has 342 symbols
Searching through them all for /(^|[\s>+~])strong(\[[^\]]*\]|:{1,2}[\w-()]+|\.[\w-]+|#[\w-]+)*\s*/
Done
_tables.scss has 136 symbols
Searching through them all for /(^|[\s>+~])strong(\[[^\]]*\]|:{1,2}[\w-()]+|\.[\w-]+|#[\w-]+)*\s*/
Done
_footable.scss has 17 symbols
Searching through them all for /(^|[\s>+~])strong(\[[^\]]*\]|:{1,2}[\w-()]+|\.[\w-]+|#[\w-]+)*\s*/
Done
_datatable-responsive.scss has 31 symbols
Searching through them all for /(^|[\s>+~])strong(\[[^\]]*\]|:{1,2}[\w-()]+|\.[\w-]+|#[\w-]+)*\s*/
Done
_datatable-rows-reorder.scss has 4 symbols
Searching through them all for /(^|[\s>+~])strong(\[[^\]]*\]|:{1,2}[\w-()]+|\.[\w-]+|#[\w-]+)*\s*/
Done
_datatable-columns-reorder.scss has 4 symbols
Searching through them all for /(^|[\s>+~])strong(\[[^\]]*\]|:{1,2}[\w-()]+|\.[\w-]+|#[\w-]+)*\s*/
Done
_fullcalendar.scss has 285 symbols
Searching through them all for /(^|[\s>+~])strong(\[[^\]]*\]|:{1,2}[\w-()]+|\.[\w-]+|#[\w-]+)*\s*/
Done
_datatables.scss has 132 symbols
Searching through them all for /(^|[\s>+~])strong(\[[^\]]*\]|:{1,2}[\w-()]+|\.[\w-]+|#[\w-]+)*\s*/
Done
_fancytree.scss has 100 symbols
Searching through them all for /(^|[\s>+~])strong(\[[^\]]*\]|:{1,2}[\w-()]+|\.[\w-]+|#[\w-]+)*\s*/
Done
_alpaca.scss has 64 symbols
Searching through them all for /(^|[\s>+~])strong(\[[^\]]*\]|:{1,2}[\w-()]+|\.[\w-]+|#[\w-]+)*\s*/
Done
_daterange.scss has 87 symbols
Searching through them all for /(^|[\s>+~])strong(\[[^\]]*\]|:{1,2}[\w-()]+|\.[\w-]+|#[\w-]+)*\s*/
Done
_date.scss has 49 symbols
Searching through them all for /(^|[\s>+~])strong(\[[^\]]*\]|:{1,2}[\w-()]+|\.[\w-]+|#[\w-]+)*\s*/
Done
_datatable-fixed-columns.scss has 21 symbols
Searching through them all for /(^|[\s>+~])strong(\[[^\]]*\]|:{1,2}[\w-()]+|\.[\w-]+|#[\w-]+)*\s*/
Done
_datatable-scroller.scss has 8 symbols
Searching through them all for /(^|[\s>+~])strong(\[[^\]]*\]|:{1,2}[\w-()]+|\.[\w-]+|#[\w-]+)*\s*/
Done
_datatable-keytable.scss has 8 symbols
Searching through them all for /(^|[\s>+~])strong(\[[^\]]*\]|:{1,2}[\w-()]+|\.[\w-]+|#[\w-]+)*\s*/
Done
_buttons.scss has 69 symbols
Searching through them all for /(^|[\s>+~])strong(\[[^\]]*\]|:{1,2}[\w-()]+|\.[\w-]+|#[\w-]+)*\s*/
Done
app.css has 3148 symbols
Searching through them all for /(^|[\s>+~])strong(\[[^\]]*\]|:{1,2}[\w-()]+|\.[\w-]+|#[\w-]+)*\s*/
Done
exception.css has 214 symbols
Searching through them all for /(^|[\s>+~])strong(\[[^\]]*\]|:{1,2}[\w-()]+|\.[\w-]+|#[\w-]+)*\s*/
Done
default.css has 45 symbols
Searching through them all for /(^|[\s>+~])strong(\[[^\]]*\]|:{1,2}[\w-()]+|\.[\w-]+|#[\w-]+)*\s*/
Done
html.css has 163 symbols
Searching through them all for /(^|[\s>+~])strong(\[[^\]]*\]|:{1,2}[\w-()]+|\.[\w-]+|#[\w-]+)*\s*/
Done
whoops.base.css has 120 symbols
Searching through them all for /(^|[\s>+~])strong(\[[^\]]*\]|:{1,2}[\w-()]+|\.[\w-]+|#[\w-]+)*\s*/
Done
style.css has 50 symbols
Searching through them all for /(^|[\s>+~])strong(\[[^\]]*\]|:{1,2}[\w-()]+|\.[\w-]+|#[\w-]+)*\s*/
Done
bootstrap.min.css has 3147 symbols
Searching through them all for /(^|[\s>+~])strong(\[[^\]]*\]|:{1,2}[\w-()]+|\.[\w-]+|#[\w-]+)*\s*/
Done
nv.d3.min.css has 135 symbols
Searching through them all for /(^|[\s>+~])strong(\[[^\]]*\]|:{1,2}[\w-()]+|\.[\w-]+|#[\w-]+)*\s*/
Done
$(document).ready(function() 5406
  script 54 60
  script 113 119
  script 122 128
  script 181 187
  table 191 196
  tbody 250 255
  tr 266 268
  td 283 285
  strong 287 293
  strong 300 306
  td 343 345
  td 418 420
  strong 422 428
  strong 450 456
  td 477 479
  td 494 496
  strong 498 504
  strong 514 520
  td 557 559
  tr 571 573
  tr 584 586
  td 601 603
  strong 605 611
  strong 636 642
  td 700 702
  td 717 719
  strong 721 727
  strong 747 753
  td 772 774
  td 789 791
  strong 793 799
  strong 806 812
  td 949 951
  tr 963 965
  tbody 974 979
  table 983 988
  table 993 998
  thead 1139 1144
  tr 1155 1157
  th 1172 1174
  th 1191 1193
  th 1208 1210
  th 1233 1235
  th 1250 1252
  br 1269 1271
  th 1278 1280
  th 1295 1297
  br 1314 1316
  th 1323 1325
  th 1340 1342
  br 1363 1365
  th 1372 1374
  th 1389 1391
  br 1418 1420
  th 1423 1425
  th 1510 1512
  br 1532 1534
  sup 1544 1547
  sup 1551 1554
  th 1567 1569
  th 1584 1586
  sup 1601 1604
  sup 1609 1612
  br 1615 1617
  th 1630 1632
  th 1647 1649
  sup 1664 1667
  sup 1671 1674
  br 1677 1679
  th 1692 1694
  th 1709 1711
  br 1736 1738
  sup 1742 1745
  sup 1750 1753
  sup 1759 1762
  sup 1766 1769
  sup 1775 1778
  sup 1782 1785
  th 1788 1790
  th 1805 1807
  th 1829 1831
  th 1871 1873
  th 1899 1901
  th 1916 1918
  th 1948 1950
  th 1965 1967
  th 1991 1993
  tr 2005 2007
  thead 2015 2020
  tbody 2028 2033
  tr 2085 2087
  td 2106 2108
  td 2133 2135
  td 2154 2156
  td 2175 2177
  td 2299 2301
  td 2324 2326
  td 2349 2351
  td 2374 2376
  td 2399 2401
  td 2425 2427
  td 2450 2452
  td 2933 2935
  td 3053 3055
  td 3080 3082
  td 3110 3112
  td 3191 3193
  td 3221 3223
  td 3302 3304
  td 3332 3334
  td 3358 3360
  td 3388 3390
  td 3418 3420
  td 3544 3546
  td 3578 3580
  td 3603 3605
  td 4213 4215
  td 4238 4240
  td 4286 4288
  tr 4332 4334
  tr 4847 4849
  td 4864 4866
  strong 4899 4905
  strong 4934 4940
  td 4943 4945
  td 4960 4962
  strong 4994 5000
  strong 5019 5025
  td 5028 5030
  td 5076 5078
  strong 5092 5098
  td 5151 5153
  td 5197 5199
  strong 5213 5219
  td 5273 5275
  tr 5317 5319
  tbody 5327 5332
  table 5336 5341
  script 5394 5400
  script 6194 6200
Invalid Selector
totalpoint 5449
  script 54 60
  script 113 119
  script 122 128
  script 181 187
  table 191 196
  tbody 250 255
  tr 266 268
  td 283 285
  strong 287 293
  strong 300 306
  td 343 345
  td 418 420
  strong 422 428
  strong 450 456
  td 477 479
  td 494 496
  strong 498 504
  strong 514 520
  td 557 559
  tr 571 573
  tr 584 586
  td 601 603
  strong 605 611
  strong 636 642
  td 700 702
  td 717 719
  strong 721 727
  strong 747 753
  td 772 774
  td 789 791
  strong 793 799
  strong 806 812
  td 949 951
  tr 963 965
  tbody 974 979
  table 983 988
  table 993 998
  thead 1139 1144
  tr 1155 1157
  th 1172 1174
  th 1191 1193
  th 1208 1210
  th 1233 1235
  th 1250 1252
  br 1269 1271
  th 1278 1280
  th 1295 1297
  br 1314 1316
  th 1323 1325
  th 1340 1342
  br 1363 1365
  th 1372 1374
  th 1389 1391
  br 1418 1420
  th 1423 1425
  th 1510 1512
  br 1532 1534
  sup 1544 1547
  sup 1551 1554
  th 1567 1569
  th 1584 1586
  sup 1601 1604
  sup 1609 1612
  br 1615 1617
  th 1630 1632
  th 1647 1649
  sup 1664 1667
  sup 1671 1674
  br 1677 1679
  th 1692 1694
  th 1709 1711
  br 1736 1738
  sup 1742 1745
  sup 1750 1753
  sup 1759 1762
  sup 1766 1769
  sup 1775 1778
  sup 1782 1785
  th 1788 1790
  th 1805 1807
  th 1829 1831
  th 1871 1873
  th 1899 1901
  th 1916 1918
  th 1948 1950
  th 1965 1967
  th 1991 1993
  tr 2005 2007
  thead 2015 2020
  tbody 2028 2033
  tr 2085 2087
  td 2106 2108
  td 2133 2135
  td 2154 2156
  td 2175 2177
  td 2299 2301
  td 2324 2326
  td 2349 2351
  td 2374 2376
  td 2399 2401
  td 2425 2427
  td 2450 2452
  td 2933 2935
  td 3053 3055
  td 3080 3082
  td 3110 3112
  td 3191 3193
  td 3221 3223
  td 3302 3304
  td 3332 3334
  td 3358 3360
  td 3388 3390
  td 3418 3420
  td 3544 3546
  td 3578 3580
  td 3603 3605
  td 4213 4215
  td 4238 4240
  td 4286 4288
  tr 4332 4334
  tr 4847 4849
  td 4864 4866
  strong 4899 4905
  strong 4934 4940
  td 4943 4945
  td 4960 4962
  strong 4994 5000
  strong 5019 5025
  td 5028 5030
  td 5076 5078
  strong 5092 5098
  td 5151 5153
  td 5197 5199
  strong 5213 5219
  td 5273 5275
  tr 5317 5319
  tbody 5327 5332
  table 5336 5341
  script 5394 5400
  script 6194 6200
Invalid Selector
student_id 4736
  script 54 60
  script 113 119
  script 122 128
  script 181 187
  table 191 196
  tbody 250 255
  tr 266 268
  td 283 285
  strong 287 293
  strong 300 306
  td 343 345
  td 418 420
  strong 422 428
  strong 450 456
  td 477 479
  td 494 496
  strong 498 504
  strong 514 520
  td 557 559
  tr 571 573
  tr 584 586
  td 601 603
  strong 605 611
  strong 636 642
  td 700 702
  td 717 719
  strong 721 727
  strong 747 753
  td 772 774
  td 789 791
  strong 793 799
  strong 806 812
  td 949 951
  tr 963 965
  tbody 974 979
  table 983 988
  table 993 998
  thead 1139 1144
  tr 1155 1157
  th 1172 1174
  th 1191 1193
  th 1208 1210
  th 1233 1235
  th 1250 1252
  br 1269 1271
  th 1278 1280
  th 1295 1297
  br 1314 1316
  th 1323 1325
  th 1340 1342
  br 1363 1365
  th 1372 1374
  th 1389 1391
  br 1418 1420
  th 1423 1425
  th 1510 1512
  br 1532 1534
  sup 1544 1547
  sup 1551 1554
  th 1567 1569
  th 1584 1586
  sup 1601 1604
  sup 1609 1612
  br 1615 1617
  th 1630 1632
  th 1647 1649
  sup 1664 1667
  sup 1671 1674
  br 1677 1679
  th 1692 1694
  th 1709 1711
  br 1736 1738
  sup 1742 1745
  sup 1750 1753
  sup 1759 1762
  sup 1766 1769
  sup 1775 1778
  sup 1782 1785
  th 1788 1790
  th 1805 1807
  th 1829 1831
  th 1871 1873
  th 1899 1901
  th 1916 1918
  th 1948 1950
  th 1965 1967
  th 1991 1993
  tr 2005 2007
  thead 2015 2020
  tbody 2028 2033
  tr 2085 2087
  td 2106 2108
  td 2133 2135
  td 2154 2156
  td 2175 2177
  td 2299 2301
  td 2324 2326
  td 2349 2351
  td 2374 2376
  td 2399 2401
  td 2425 2427
  td 2450 2452
  td 2933 2935
  td 3053 3055
  td 3080 3082
  td 3110 3112
  td 3191 3193
  td 3221 3223
  td 3302 3304
  td 3332 3334
  td 3358 3360
  td 3388 3390
  td 3418 3420
  td 3544 3546
  td 3578 3580
  td 3603 3605
  td 4213 4215
  td 4238 4240
  td 4286 4288
  tr 4332 4334
  tr 4857 4859
  td 4874 4876
  strong 4909 4915
  strong 4944 4950
  td 4953 4955
  td 4970 4972
  strong 5004 5010
  strong 5029 5035
  td 5038 5040
  td 5086 5088
  strong 5102 5108
  td 5161 5163
  td 5207 5209
  strong 5223 5229
  td 5283 5285
  tr 5327 5329
  tbody 5337 5342
  table 5346 5351
  script 5404 5410
  script 6204 6210
Invalid Selector
student_id 4736
  script 54 60
  script 113 119
  script 122 128
  script 181 187
  table 191 196
  tbody 250 255
  tr 266 268
  td 283 285
  strong 287 293
  strong 300 306
  td 343 345
  td 418 420
  strong 422 428
  strong 450 456
  td 477 479
  td 494 496
  strong 498 504
  strong 514 520
  td 557 559
  tr 571 573
  tr 584 586
  td 601 603
  strong 605 611
  strong 636 642
  td 700 702
  td 717 719
  strong 721 727
  strong 747 753
  td 772 774
  td 789 791
  strong 793 799
  strong 806 812
  td 949 951
  tr 963 965
  tbody 974 979
  table 983 988
  table 993 998
  thead 1139 1144
  tr 1155 1157
  th 1172 1174
  th 1191 1193
  th 1208 1210
  th 1233 1235
  th 1250 1252
  br 1269 1271
  th 1278 1280
  th 1295 1297
  br 1314 1316
  th 1323 1325
  th 1340 1342
  br 1363 1365
  th 1372 1374
  th 1389 1391
  br 1418 1420
  th 1423 1425
  th 1510 1512
  br 1532 1534
  sup 1544 1547
  sup 1551 1554
  th 1567 1569
  th 1584 1586
  sup 1601 1604
  sup 1609 1612
  br 1615 1617
  th 1630 1632
  th 1647 1649
  sup 1664 1667
  sup 1671 1674
  br 1677 1679
  th 1692 1694
  th 1709 1711
  br 1736 1738
  sup 1742 1745
  sup 1750 1753
  sup 1759 1762
  sup 1766 1769
  sup 1775 1778
  sup 1782 1785
  th 1788 1790
  th 1805 1807
  th 1829 1831
  th 1871 1873
  th 1899 1901
  th 1916 1918
  th 1948 1950
  th 1965 1967
  th 1991 1993
  tr 2005 2007
  thead 2015 2020
  tbody 2028 2033
  tr 2085 2087
  td 2106 2108
  td 2133 2135
  td 2154 2156
  td 2175 2177
  td 2299 2301
  td 2324 2326
  td 2349 2351
  td 2374 2376
  td 2399 2401
  td 2425 2427
  td 2450 2452
  td 2933 2935
  td 3053 3055
  td 3080 3082
  td 3110 3112
  td 3191 3193
  td 3221 3223
  td 3302 3304
  td 3332 3334
  td 3358 3360
  td 3388 3390
  td 3418 3420
  td 3544 3546
  td 3578 3580
  td 3603 3605
  td 4213 4215
  td 4238 4240
  td 4286 4288
  tr 4332 4334
  tr 4857 4859
  td 4874 4876
  strong 4909 4915
  strong 4944 4950
  td 4953 4955
  td 4970 4972
  strong 5004 5010
  strong 5029 5035
  td 5038 5040
  td 5086 5088
  strong 5102 5108
  td 5161 5163
  td 5207 5209
  strong 5223 5229
  td 5283 5285
  tr 5327 5329
  tbody 5337 5342
  table 5346 5351
  script 5404 5410
  script 6204 6210
Invalid Selector
student_id 4726
  script 54 60
  script 113 119
  script 122 128
  script 181 187
  table 191 196
  tbody 250 255
  tr 266 268
  td 283 285
  strong 287 293
  strong 300 306
  td 343 345
  td 418 420
  strong 422 428
  strong 450 456
  td 477 479
  td 494 496
  strong 498 504
  strong 514 520
  td 557 559
  tr 571 573
  tr 584 586
  td 601 603
  strong 605 611
  strong 636 642
  td 700 702
  td 717 719
  strong 721 727
  strong 747 753
  td 772 774
  td 789 791
  strong 793 799
  strong 806 812
  td 949 951
  tr 963 965
  tbody 974 979
  table 983 988
  table 993 998
  thead 1139 1144
  tr 1155 1157
  th 1172 1174
  th 1191 1193
  th 1208 1210
  th 1233 1235
  th 1250 1252
  br 1269 1271
  th 1278 1280
  th 1295 1297
  br 1314 1316
  th 1323 1325
  th 1340 1342
  br 1363 1365
  th 1372 1374
  th 1389 1391
  br 1418 1420
  th 1423 1425
  th 1510 1512
  br 1532 1534
  sup 1544 1547
  sup 1551 1554
  th 1567 1569
  th 1584 1586
  sup 1601 1604
  sup 1609 1612
  br 1615 1617
  th 1630 1632
  th 1647 1649
  sup 1664 1667
  sup 1671 1674
  br 1677 1679
  th 1692 1694
  th 1709 1711
  br 1736 1738
  sup 1742 1745
  sup 1750 1753
  sup 1759 1762
  sup 1766 1769
  sup 1775 1778
  sup 1782 1785
  th 1788 1790
  th 1805 1807
  th 1829 1831
  th 1871 1873
  th 1899 1901
  th 1916 1918
  th 1948 1950
  th 1965 1967
  th 1991 1993
  tr 2005 2007
  thead 2015 2020
  tbody 2028 2033
  tr 2085 2087
  td 2106 2108
  td 2133 2135
  td 2154 2156
  td 2175 2177
  td 2299 2301
  td 2324 2326
  td 2349 2351
  td 2374 2376
  td 2399 2401
  td 2425 2427
  td 2450 2452
  td 2933 2935
  td 3053 3055
  td 3080 3082
  td 3110 3112
  td 3191 3193
  td 3221 3223
  td 3302 3304
  td 3332 3334
  td 3358 3360
  td 3388 3390
  td 3418 3420
  td 3544 3546
  td 3578 3580
  td 3603 3605
  td 4213 4215
  td 4238 4240
  td 4286 4288
  tr 4332 4334
  tr 4847 4849
  td 4864 4866
  strong 4899 4905
  strong 4934 4940
  td 4943 4945
  td 4960 4962
  strong 4994 5000
  strong 5019 5025
  td 5028 5030
  td 5076 5078
  strong 5092 5098
  td 5151 5153
  td 5197 5199
  strong 5213 5219
  td 5273 5275
  tr 5317 5319
  tbody 5327 5332
  table 5336 5341
  script 5394 5400
  script 6194 6200
Invalid Selector
rowspan= 1584
  script 54 60
  script 113 119
  script 122 128
  script 181 187
  table 191 196
  tbody 250 255
  tr 266 268
  td 283 285
  strong 287 293
  strong 300 306
  td 343 345
  td 415 417
  strong 419 425
  strong 447 453
  td 474 476
  td 491 493
  strong 495 501
  strong 511 517
  td 554 556
  tr 568 570
  tr 581 583
  td 598 600
  strong 602 608
  strong 633 639
  td 697 699
  td 714 716
  strong 718 724
  strong 744 750
  td 769 771
  td 786 788
  strong 790 796
  strong 803 809
  td 946 948
  tr 960 962
  tbody 971 976
  table 980 985
  table 990 995
  thead 1136 1141
  tr 1152 1154
  th 1169 1171
  th 1188 1190
  th 1205 1207
  th 1230 1232
  th 1247 1249
  br 1266 1268
  th 1275 1277
  th 1292 1294
  br 1311 1313
  th 1320 1322
  th 1337 1339
  br 1360 1362
  th 1369 1371
  th 1386 1388
  br 1415 1417
  th 1420 1422
  th 1507 1509
  br 1529 1531
  sup 1541 1544
  sup 1548 1551
  th 1564 1566
  th 1581 1583
  sup 1598 1601
  sup 1606 1609
  br 1612 1614
  th 1627 1629
  th 1644 1646
  sup 1661 1664
  sup 1668 1671
  br 1674 1676
  th 1689 1691
  th 1706 1708
  br 1733 1735
  sup 1739 1742
  sup 1747 1750
  sup 1756 1759
  sup 1763 1766
  sup 1772 1775
  sup 1779 1782
  th 1785 1787
  th 1802 1804
  th 1826 1828
  th 1868 1870
  th 1896 1898
  th 1913 1915
  th 1945 1947
  th 1962 1964
  th 1988 1990
  tr 2002 2004
  thead 2012 2017
  tbody 2025 2030
  tr 2082 2084
  td 2103 2105
  td 2130 2132
  td 2151 2153
  td 2172 2174
  td 2296 2298
  td 2321 2323
  td 2346 2348
  td 2371 2373
  td 2396 2398
  td 2422 2424
  td 2447 2449
  td 2930 2932
  td 3050 3052
  td 3077 3079
  td 3107 3109
  td 3188 3190
  td 3218 3220
  td 3299 3301
  td 3329 3331
  td 3355 3357
  td 3385 3387
  td 3415 3417
  td 3541 3543
  td 3575 3577
  td 3600 3602
  td 4210 4212
  td 4235 4237
  td 4283 4285
  tr 4329 4331
  tr 4857 4859
  td 4874 4876
  strong 4909 4915
  strong 4944 4950
  td 4953 4955
  td 4970 4972
  strong 5004 5010
  strong 5029 5035
  td 5038 5040
  td 5086 5088
  strong 5102 5108
  td 5161 5163
  td 5207 5209
  strong 5223 5229
  td 5283 5285
  tr 5327 5329
  tbody 5337 5342
  table 5346 5351
  script 5404 5410
  script 6204 6210
Invalid Selector
rowspan= 1647
  script 54 60
  script 113 119
  script 122 128
  script 181 187
  table 191 196
  tbody 250 255
  tr 266 268
  td 283 285
  strong 287 293
  strong 300 306
  td 343 345
  td 415 417
  strong 419 425
  strong 447 453
  td 474 476
  td 491 493
  strong 495 501
  strong 511 517
  td 554 556
  tr 568 570
  tr 581 583
  td 598 600
  strong 602 608
  strong 633 639
  td 697 699
  td 714 716
  strong 718 724
  strong 744 750
  td 769 771
  td 786 788
  strong 790 796
  strong 803 809
  td 946 948
  tr 960 962
  tbody 971 976
  table 980 985
  table 990 995
  thead 1136 1141
  tr 1152 1154
  th 1169 1171
  th 1188 1190
  th 1205 1207
  th 1230 1232
  th 1247 1249
  br 1266 1268
  th 1275 1277
  th 1292 1294
  br 1311 1313
  th 1320 1322
  th 1337 1339
  br 1360 1362
  th 1369 1371
  th 1386 1388
  br 1415 1417
  th 1420 1422
  th 1507 1509
  br 1529 1531
  sup 1541 1544
  sup 1548 1551
  th 1564 1566
  th 1581 1583
  sup 1598 1601
  sup 1606 1609
  br 1612 1614
  th 1627 1629
  th 1644 1646
  sup 1661 1664
  sup 1668 1671
  br 1674 1676
  th 1689 1691
  th 1706 1708
  br 1733 1735
  sup 1739 1742
  sup 1747 1750
  sup 1756 1759
  sup 1763 1766
  sup 1772 1775
  sup 1779 1782
  th 1785 1787
  th 1802 1804
  th 1826 1828
  th 1868 1870
  th 1896 1898
  th 1913 1915
  th 1945 1947
  th 1962 1964
  th 1988 1990
  tr 2002 2004
  thead 2012 2017
  tbody 2025 2030
  tr 2082 2084
  td 2103 2105
  td 2130 2132
  td 2151 2153
  td 2172 2174
  td 2296 2298
  td 2321 2323
  td 2346 2348
  td 2371 2373
  td 2396 2398
  td 2422 2424
  td 2447 2449
  td 2930 2932
  td 3050 3052
  td 3077 3079
  td 3107 3109
  td 3188 3190
  td 3218 3220
  td 3299 3301
  td 3329 3331
  td 3355 3357
  td 3385 3387
  td 3415 3417
  td 3541 3543
  td 3575 3577
  td 3600 3602
  td 4210 4212
  td 4235 4237
  td 4283 4285
  tr 4329 4331
  tr 4857 4859
  td 4874 4876
  strong 4909 4915
  strong 4944 4950
  td 4953 4955
  td 4970 4972
  strong 5004 5010
  strong 5029 5035
  td 5038 5040
  td 5086 5088
  strong 5102 5108
  td 5161 5163
  td 5207 5209
  strong 5223 5229
  td 5283 5285
  tr 5327 5329
  tbody 5337 5342
  table 5346 5351
  script 5404 5410
  script 6204 6210
Invalid Selector
--}} 1849
  script 54 60
  script 113 119
  script 122 128
  script 181 187
  table 191 196
  tbody 250 255
  tr 266 268
  td 283 285
  strong 287 293
  strong 300 306
  td 343 345
  td 415 417
  strong 419 425
  strong 447 453
  td 474 476
  td 491 493
  strong 495 501
  strong 511 517
  td 554 556
  tr 568 570
  tr 581 583
  td 598 600
  strong 602 608
  strong 633 639
  td 697 699
  td 714 716
  strong 718 724
  strong 744 750
  td 769 771
  td 786 788
  strong 790 796
  strong 803 809
  td 946 948
  tr 960 962
  tbody 971 976
  table 980 985
  table 990 995
  thead 1136 1141
  tr 1152 1154
  th 1169 1171
  th 1188 1190
  th 1205 1207
  th 1230 1232
  th 1247 1249
  br 1266 1268
  th 1275 1277
  th 1292 1294
  br 1311 1313
  th 1320 1322
  th 1337 1339
  br 1360 1362
  th 1369 1371
  th 1386 1388
  br 1415 1417
  th 1420 1422
  th 1507 1509
  br 1529 1531
  sup 1541 1544
  sup 1548 1551
  th 1564 1566
  th 1581 1583
  sup 1598 1601
  sup 1606 1609
  br 1612 1614
  th 1627 1629
  th 1644 1646
  sup 1661 1664
  sup 1668 1671
  br 1674 1676
  th 1689 1691
  th 1706 1708
  br 1733 1735
  sup 1739 1742
  sup 1747 1750
  sup 1756 1759
  sup 1763 1766
  sup 1772 1775
  sup 1779 1782
  th 1785 1787
  th 1802 1804
  th 1826 1828
  th 1868 1870
  th 1896 1898
  th 1913 1915
  th 1945 1947
  th 1962 1964
  th 1988 1990
  tr 2002 2004
  thead 2012 2017
  tbody 2025 2030
  tr 2082 2084
  td 2103 2105
  td 2130 2132
  td 2151 2153
  td 2172 2174
  td 2296 2298
  td 2321 2323
  td 2346 2348
  td 2371 2373
  td 2396 2398
  td 2422 2424
  td 2447 2449
  td 2930 2932
  td 3050 3052
  td 3077 3079
  td 3107 3109
  td 3188 3190
  td 3218 3220
  td 3299 3301
  td 3329 3331
  td 3355 3357
  td 3385 3387
  td 3415 3417
  td 3541 3543
  td 3575 3577
  td 3600 3602
  td 4210 4212
  td 4235 4237
  td 4283 4285
  tr 4329 4331
  tr 4857 4859
  td 4874 4876
  strong 4909 4915
  strong 4944 4950
  td 4953 4955
  td 4970 4972
  strong 5004 5010
  strong 5029 5035
  td 5038 5040
  td 5086 5088
  strong 5102 5108
  td 5161 5163
  td 5207 5209
  strong 5223 5229
  td 5283 5285
  tr 5327 5329
  tbody 5337 5342
  table 5346 5351
  script 5404 5410
  script 6204 6210
Invalid Selector
($subjects 2049
  script 54 60
  script 113 119
  script 122 128
  script 181 187
  table 191 196
  tbody 250 255
  tr 266 268
  td 283 285
  strong 287 293
  strong 300 306
  td 343 345
  td 415 417
  strong 419 425
  strong 447 453
  td 474 476
  td 491 493
  strong 495 501
  strong 511 517
  td 554 556
  tr 568 570
  tr 581 583
  td 598 600
  strong 602 608
  strong 633 639
  td 697 699
  td 714 716
  strong 718 724
  strong 744 750
  td 769 771
  td 786 788
  strong 790 796
  strong 803 809
  td 946 948
  tr 960 962
  tbody 971 976
  table 980 985
  table 990 995
  thead 1136 1141
  tr 1152 1154
  th 1169 1171
  th 1188 1190
  th 1205 1207
  th 1230 1232
  th 1247 1249
  br 1266 1268
  th 1275 1277
  th 1292 1294
  br 1311 1313
  th 1320 1322
  th 1337 1339
  br 1360 1362
  th 1369 1371
  th 1386 1388
  br 1415 1417
  th 1420 1422
  th 1507 1509
  br 1529 1531
  sup 1541 1544
  sup 1548 1551
  th 1564 1566
  th 1581 1583
  sup 1598 1601
  sup 1606 1609
  br 1612 1614
  th 1627 1629
  th 1644 1646
  sup 1661 1664
  sup 1668 1671
  br 1674 1676
  th 1689 1691
  th 1706 1708
  br 1733 1735
  sup 1739 1742
  sup 1747 1750
  sup 1756 1759
  sup 1763 1766
  sup 1772 1775
  sup 1779 1782
  th 1785 1787
  th 1802 1804
  th 1826 1828
  th 1868 1870
  th 1896 1898
  th 1913 1915
  th 1945 1947
  th 1962 1964
  th 1988 1990
  tr 2002 2004
  thead 2012 2017
  tbody 2025 2030
  tr 2082 2084
  td 2103 2105
  td 2130 2132
  td 2151 2153
  td 2172 2174
  td 2296 2298
  td 2321 2323
  td 2346 2348
  td 2371 2373
  td 2396 2398
  td 2422 2424
  td 2447 2449
  td 2930 2932
  td 3050 3052
  td 3077 3079
  td 3107 3109
  td 3188 3190
  td 3218 3220
  td 3299 3301
  td 3329 3331
  td 3355 3357
  td 3385 3387
  td 3415 3417
  td 3541 3543
  td 3575 3577
  td 3600 3602
  td 4210 4212
  td 4235 4237
  td 4283 4285
  tr 4329 4331
  tr 4857 4859
  td 4874 4876
  strong 4909 4915
  strong 4944 4950
  td 4953 4955
  td 4970 4972
  strong 5004 5010
  strong 5029 5035
  td 5038 5040
  td 5086 5088
  strong 5102 5108
  td 5161 5163
  td 5207 5209
  strong 5223 5229
  td 5283 5285
  tr 5327 5329
  tbody 5337 5342
  table 5346 5351
  script 5404 5410
  script 6204 6210
Invalid Selector
@foreach 2192
  script 54 60
  script 113 119
  script 122 128
  script 181 187
  table 191 196
  tbody 250 255
  tr 266 268
  td 283 285
  strong 287 293
  strong 300 306
  td 343 345
  td 415 417
  strong 419 425
  strong 447 453
  td 474 476
  td 491 493
  strong 495 501
  strong 511 517
  td 554 556
  tr 568 570
  tr 581 583
  td 598 600
  strong 602 608
  strong 633 639
  td 697 699
  td 714 716
  strong 718 724
  strong 744 750
  td 769 771
  td 786 788
  strong 790 796
  strong 803 809
  td 946 948
  tr 960 962
  tbody 971 976
  table 980 985
  table 990 995
  thead 1136 1141
  tr 1152 1154
  th 1169 1171
  th 1188 1190
  th 1205 1207
  th 1230 1232
  th 1247 1249
  br 1266 1268
  th 1275 1277
  th 1292 1294
  br 1311 1313
  th 1320 1322
  th 1337 1339
  br 1360 1362
  th 1369 1371
  th 1386 1388
  br 1415 1417
  th 1420 1422
  th 1507 1509
  br 1529 1531
  sup 1541 1544
  sup 1548 1551
  th 1564 1566
  th 1581 1583
  sup 1598 1601
  sup 1606 1609
  br 1612 1614
  th 1627 1629
  th 1644 1646
  sup 1661 1664
  sup 1668 1671
  br 1674 1676
  th 1689 1691
  th 1706 1708
  br 1733 1735
  sup 1739 1742
  sup 1747 1750
  sup 1756 1759
  sup 1763 1766
  sup 1772 1775
  sup 1779 1782
  th 1785 1787
  th 1802 1804
  th 1826 1828
  th 1868 1870
  th 1896 1898
  th 1913 1915
  th 1945 1947
  th 1962 1964
  th 1988 1990
  tr 2002 2004
  thead 2012 2017
  tbody 2025 2030
  tr 2082 2084
  td 2103 2105
  td 2130 2132
  td 2151 2153
  td 2172 2174
  td 2296 2298
  td 2321 2323
  td 2346 2348
  td 2371 2373
  td 2396 2398
  td 2422 2424
  td 2447 2449
  td 2930 2932
  td 3050 3052
  td 3077 3079
  td 3107 3109
  td 3188 3190
  td 3218 3220
  td 3299 3301
  td 3329 3331
  td 3355 3357
  td 3385 3387
  td 3415 3417
  td 3541 3543
  td 3575 3577
  td 3600 3602
  td 4210 4212
  td 4235 4237
  td 4283 4285
  tr 4329 4331
  tr 4857 4859
  td 4874 4876
  strong 4909 4915
  strong 4944 4950
  td 4953 4955
  td 4970 4972
  strong 5004 5010
  strong 5029 5035
  td 5038 5040
  td 5086 5088
  strong 5102 5108
  td 5161 5163
  td 5207 5209
  strong 5223 5229
  td 5283 5285
  tr 5327 5329
  tbody 5337 5342
  table 5346 5351
  script 5404 5410
  script 6204 6210
Invalid Selector
as 2060
  script 54 60
  script 113 119
  script 122 128
  script 181 187
  table 191 196
  tbody 250 255
  tr 266 268
  td 283 285
  strong 287 293
  strong 300 306
  td 343 345
  td 415 417
  strong 419 425
  strong 447 453
  td 474 476
  td 491 493
  strong 495 501
  strong 511 517
  td 554 556
  tr 568 570
  tr 581 583
  td 598 600
  strong 602 608
  strong 633 639
  td 697 699
  td 714 716
  strong 718 724
  strong 744 750
  td 769 771
  td 786 788
  strong 790 796
  strong 803 809
  td 946 948
  tr 960 962
  tbody 971 976
  table 980 985
  table 990 995
  thead 1136 1141
  tr 1152 1154
  th 1169 1171
  th 1188 1190
  th 1205 1207
  th 1230 1232
  th 1247 1249
  br 1266 1268
  th 1275 1277
  th 1292 1294
  br 1311 1313
  th 1320 1322
  th 1337 1339
  br 1360 1362
  th 1369 1371
  th 1386 1388
  br 1415 1417
  th 1420 1422
  th 1507 1509
  br 1529 1531
  sup 1541 1544
  sup 1548 1551
  th 1564 1566
  th 1581 1583
  sup 1598 1601
  sup 1606 1609
  br 1612 1614
  th 1627 1629
  th 1644 1646
  sup 1661 1664
  sup 1668 1671
  br 1674 1676
  th 1689 1691
  th 1706 1708
  br 1733 1735
  sup 1739 1742
  sup 1747 1750
  sup 1756 1759
  sup 1763 1766
  sup 1772 1775
  sup 1779 1782
  th 1785 1787
  th 1802 1804
  th 1826 1828
  th 1868 1870
  th 1896 1898
  th 1913 1915
  th 1945 1947
  th 1962 1964
  th 1988 1990
  tr 2002 2004
  thead 2012 2017
  tbody 2025 2030
  tr 2082 2084
  td 2103 2105
  td 2130 2132
  td 2151 2153
  td 2172 2174
  td 2296 2298
  td 2321 2323
  td 2346 2348
  td 2371 2373
  td 2396 2398
  td 2422 2424
  td 2447 2449
  td 2930 2932
  td 3050 3052
  td 3077 3079
  td 3107 3109
  td 3188 3190
  td 3218 3220
  td 3299 3301
  td 3329 3331
  td 3355 3357
  td 3385 3387
  td 3415 3417
  td 3541 3543
  td 3575 3577
  td 3600 3602
  td 4210 4212
  td 4235 4237
  td 4283 4285
  tr 4329 4331
  tr 4857 4859
  td 4874 4876
  strong 4909 4915
  strong 4944 4950
  td 4953 4955
  td 4970 4972
  strong 5004 5010
  strong 5029 5035
  td 5038 5040
  td 5086 5088
  strong 5102 5108
  td 5161 5163
  td 5207 5209
  strong 5223 5229
  td 5283 5285
  tr 5327 5329
  tbody 5337 5342
  table 5346 5351
  script 5404 5410
  script 6204 6210
Invalid Selector
number_format($mk- 2525
  script 54 60
  script 113 119
  script 122 128
  script 181 187
  table 191 196
  tbody 250 255
  tr 266 268
  td 283 285
  strong 287 293
  strong 300 306
  td 343 345
  td 415 417
  strong 419 425
  strong 447 453
  td 474 476
  td 491 493
  strong 495 501
  strong 511 517
  td 554 556
  tr 568 570
  tr 581 583
  td 598 600
  strong 602 608
  strong 633 639
  td 697 699
  td 714 716
  strong 718 724
  strong 744 750
  td 769 771
  td 786 788
  strong 790 796
  strong 803 809
  td 946 948
  tr 960 962
  tbody 971 976
  table 980 985
  table 990 995
  thead 1136 1141
  tr 1152 1154
  th 1169 1171
  th 1188 1190
  th 1205 1207
  th 1230 1232
  th 1247 1249
  br 1266 1268
  th 1275 1277
  th 1292 1294
  br 1311 1313
  th 1320 1322
  th 1337 1339
  br 1360 1362
  th 1369 1371
  th 1386 1388
  br 1415 1417
  th 1420 1422
  th 1507 1509
  br 1529 1531
  sup 1541 1544
  sup 1548 1551
  th 1564 1566
  th 1581 1583
  sup 1598 1601
  sup 1606 1609
  br 1612 1614
  th 1627 1629
  th 1644 1646
  sup 1661 1664
  sup 1668 1671
  br 1674 1676
  th 1689 1691
  th 1706 1708
  br 1733 1735
  sup 1739 1742
  sup 1747 1750
  sup 1756 1759
  sup 1763 1766
  sup 1772 1775
  sup 1779 1782
  th 1785 1787
  th 1802 1804
  th 1826 1828
  th 1868 1870
  th 1896 1898
  th 1913 1915
  th 1945 1947
  th 1962 1964
  th 1988 1990
  tr 2002 2004
  thead 2012 2017
  tbody 2025 2030
  tr 2082 2084
  td 2103 2105
  td 2130 2132
  td 2151 2153
  td 2172 2174
  td 2296 2298
  td 2321 2323
  td 2346 2348
  td 2371 2373
  td 2396 2398
  td 2422 2424
  td 2447 2449
  td 2930 2932
  td 3050 3052
  td 3077 3079
  td 3107 3109
  td 3188 3190
  td 3218 3220
  td 3299 3301
  td 3329 3331
  td 3355 3357
  td 3385 3387
  td 3415 3417
  td 3541 3543
  td 3575 3577
  td 3600 3602
  td 4210 4212
  td 4235 4237
  td 4283 4285
  tr 4329 4331
  tr 4857 4859
  td 4874 4876
  strong 4909 4915
  strong 4944 4950
  td 4953 4955
  td 4970 4972
  strong 5004 5010
  strong 5029 5035
  td 5038 5040
  td 5086 5088
  strong 5102 5108
  td 5161 5163
  td 5207 5209
  strong 5223 5229
  td 5283 5285
  tr 5327 5329
  tbody 5337 5342
  table 5346 5351
  script 5404 5410
  script 6204 6210
Invalid Selector
td 491
  script 54 60
  script 113 119
  script 122 128
  script 181 187
  table 191 196
  tbody 250 255
  tr 266 268
  td 283 285
  strong 287 293
  strong 300 306
  td 343 345
  td 415 417
  strong 419 425
  strong 447 453
  td 474 476
  td 491 493
td is a "html tag"
components.min.css has 4339 symbols
Searching through them all for /(^|[\s>+~])td(\[[^\]]*\]|:{1,2}[\w-()]+|\.[\w-]+|#[\w-]+)*\s*/
Done
bootstrap_limitless.css has 1198 symbols
Searching through them all for /(^|[\s>+~])td(\[[^\]]*\]|:{1,2}[\w-()]+|\.[\w-]+|#[\w-]+)*\s*/
Done
receipt.css has 17 symbols
Searching through them all for /(^|[\s>+~])td(\[[^\]]*\]|:{1,2}[\w-()]+|\.[\w-]+|#[\w-]+)*\s*/
Done
bootstrap_limitless.min.css has 1198 symbols
Searching through them all for /(^|[\s>+~])td(\[[^\]]*\]|:{1,2}[\w-()]+|\.[\w-]+|#[\w-]+)*\s*/
Done
print_tabulation.css has 7 symbols
Searching through them all for /(^|[\s>+~])td(\[[^\]]*\]|:{1,2}[\w-()]+|\.[\w-]+|#[\w-]+)*\s*/
Done
my_print.css has 14 symbols
Searching through them all for /(^|[\s>+~])td(\[[^\]]*\]|:{1,2}[\w-()]+|\.[\w-]+|#[\w-]+)*\s*/
Done
bootstrap-datepicker.min.css has 221 symbols
Searching through them all for /(^|[\s>+~])td(\[[^\]]*\]|:{1,2}[\w-()]+|\.[\w-]+|#[\w-]+)*\s*/
Done
bootstrap.min.css has 2572 symbols
Searching through them all for /(^|[\s>+~])td(\[[^\]]*\]|:{1,2}[\w-()]+|\.[\w-]+|#[\w-]+)*\s*/
Done
bootstrap.css has 2572 symbols
Searching through them all for /(^|[\s>+~])td(\[[^\]]*\]|:{1,2}[\w-()]+|\.[\w-]+|#[\w-]+)*\s*/
Done
_c3.scss has 48 symbols
Searching through them all for /(^|[\s>+~])td(\[[^\]]*\]|:{1,2}[\w-()]+|\.[\w-]+|#[\w-]+)*\s*/
Done
_inbox.scss has 15 symbols
Searching through them all for /(^|[\s>+~])td(\[[^\]]*\]|:{1,2}[\w-()]+|\.[\w-]+|#[\w-]+)*\s*/
Done
_d3.scss has 72 symbols
Searching through them all for /(^|[\s>+~])td(\[[^\]]*\]|:{1,2}[\w-()]+|\.[\w-]+|#[\w-]+)*\s*/
Done
_print.scss has 34 symbols
Searching through them all for /(^|[\s>+~])td(\[[^\]]*\]|:{1,2}[\w-()]+|\.[\w-]+|#[\w-]+)*\s*/
Done
components.css has 4341 symbols
Searching through them all for /(^|[\s>+~])td(\[[^\]]*\]|:{1,2}[\w-()]+|\.[\w-]+|#[\w-]+)*\s*/
Done
_reboot.scss has 100 symbols
Searching through them all for /(^|[\s>+~])td(\[[^\]]*\]|:{1,2}[\w-()]+|\.[\w-]+|#[\w-]+)*\s*/
Done
_table-row.scss has 10 symbols
Searching through them all for /(^|[\s>+~])td(\[[^\]]*\]|:{1,2}[\w-()]+|\.[\w-]+|#[\w-]+)*\s*/
Done
dialog_opera.css has 160 symbols
Searching through them all for /(^|[\s>+~])td(\[[^\]]*\]|:{1,2}[\w-()]+|\.[\w-]+|#[\w-]+)*\s*/
Done
dialog_opera.css has 160 symbols
Searching through them all for /(^|[\s>+~])td(\[[^\]]*\]|:{1,2}[\w-()]+|\.[\w-]+|#[\w-]+)*\s*/
Done
dialog_iequirks.css has 158 symbols
Searching through them all for /(^|[\s>+~])td(\[[^\]]*\]|:{1,2}[\w-()]+|\.[\w-]+|#[\w-]+)*\s*/
Done
dialog_ie.css has 173 symbols
Searching through them all for /(^|[\s>+~])td(\[[^\]]*\]|:{1,2}[\w-()]+|\.[\w-]+|#[\w-]+)*\s*/
Done
dialog_iequirks.css has 158 symbols
Searching through them all for /(^|[\s>+~])td(\[[^\]]*\]|:{1,2}[\w-()]+|\.[\w-]+|#[\w-]+)*\s*/
Done
dialog_ie.css has 173 symbols
Searching through them all for /(^|[\s>+~])td(\[[^\]]*\]|:{1,2}[\w-()]+|\.[\w-]+|#[\w-]+)*\s*/
Done
dialog_ie7.css has 172 symbols
Searching through them all for /(^|[\s>+~])td(\[[^\]]*\]|:{1,2}[\w-()]+|\.[\w-]+|#[\w-]+)*\s*/
Done
dialog_ie8.css has 161 symbols
Searching through them all for /(^|[\s>+~])td(\[[^\]]*\]|:{1,2}[\w-()]+|\.[\w-]+|#[\w-]+)*\s*/
Done
dialog_ie7.css has 172 symbols
Searching through them all for /(^|[\s>+~])td(\[[^\]]*\]|:{1,2}[\w-()]+|\.[\w-]+|#[\w-]+)*\s*/
Done
wsc.css has 18 symbols
Searching through them all for /(^|[\s>+~])td(\[[^\]]*\]|:{1,2}[\w-()]+|\.[\w-]+|#[\w-]+)*\s*/
Done
dialog_ie8.css has 161 symbols
Searching through them all for /(^|[\s>+~])td(\[[^\]]*\]|:{1,2}[\w-()]+|\.[\w-]+|#[\w-]+)*\s*/
Done
dialog.css has 159 symbols
Searching through them all for /(^|[\s>+~])td(\[[^\]]*\]|:{1,2}[\w-()]+|\.[\w-]+|#[\w-]+)*\s*/
Done
dialog.scss has 155 symbols
Searching through them all for /(^|[\s>+~])td(\[[^\]]*\]|:{1,2}[\w-()]+|\.[\w-]+|#[\w-]+)*\s*/
Done
dialog.scss has 155 symbols
Searching through them all for /(^|[\s>+~])td(\[[^\]]*\]|:{1,2}[\w-()]+|\.[\w-]+|#[\w-]+)*\s*/
Done
_colorpanel.scss has 20 symbols
Searching through them all for /(^|[\s>+~])td(\[[^\]]*\]|:{1,2}[\w-()]+|\.[\w-]+|#[\w-]+)*\s*/
Done
dialog.css has 159 symbols
Searching through them all for /(^|[\s>+~])td(\[[^\]]*\]|:{1,2}[\w-()]+|\.[\w-]+|#[\w-]+)*\s*/
Done
dialog_opera.scss has 3 symbols
Searching through them all for /(^|[\s>+~])td(\[[^\]]*\]|:{1,2}[\w-()]+|\.[\w-]+|#[\w-]+)*\s*/
Done
_colorpanel.scss has 20 symbols
Searching through them all for /(^|[\s>+~])td(\[[^\]]*\]|:{1,2}[\w-()]+|\.[\w-]+|#[\w-]+)*\s*/
Done
dialog_opera.scss has 3 symbols
Searching through them all for /(^|[\s>+~])td(\[[^\]]*\]|:{1,2}[\w-()]+|\.[\w-]+|#[\w-]+)*\s*/
Done
_footable.scss has 17 symbols
Searching through them all for /(^|[\s>+~])td(\[[^\]]*\]|:{1,2}[\w-()]+|\.[\w-]+|#[\w-]+)*\s*/
Done
_handsontable.scss has 342 symbols
Searching through them all for /(^|[\s>+~])td(\[[^\]]*\]|:{1,2}[\w-()]+|\.[\w-]+|#[\w-]+)*\s*/
Done
_widgets.scss has 281 symbols
Searching through them all for /(^|[\s>+~])td(\[[^\]]*\]|:{1,2}[\w-()]+|\.[\w-]+|#[\w-]+)*\s*/
Done
_datatable-columns-reorder.scss has 4 symbols
Searching through them all for /(^|[\s>+~])td(\[[^\]]*\]|:{1,2}[\w-()]+|\.[\w-]+|#[\w-]+)*\s*/
Done
_fancytree.scss has 100 symbols
Searching through them all for /(^|[\s>+~])td(\[[^\]]*\]|:{1,2}[\w-()]+|\.[\w-]+|#[\w-]+)*\s*/
Done
_tables.scss has 136 symbols
Searching through them all for /(^|[\s>+~])td(\[[^\]]*\]|:{1,2}[\w-()]+|\.[\w-]+|#[\w-]+)*\s*/
Done
_datatable-fixed-columns.scss has 21 symbols
Searching through them all for /(^|[\s>+~])td(\[[^\]]*\]|:{1,2}[\w-()]+|\.[\w-]+|#[\w-]+)*\s*/
Done
_datatable-scroller.scss has 8 symbols
Searching through them all for /(^|[\s>+~])td(\[[^\]]*\]|:{1,2}[\w-()]+|\.[\w-]+|#[\w-]+)*\s*/
Done
_datatable-keytable.scss has 8 symbols
Searching through them all for /(^|[\s>+~])td(\[[^\]]*\]|:{1,2}[\w-()]+|\.[\w-]+|#[\w-]+)*\s*/
Done
_fullcalendar.scss has 285 symbols
Searching through them all for /(^|[\s>+~])td(\[[^\]]*\]|:{1,2}[\w-()]+|\.[\w-]+|#[\w-]+)*\s*/
Done
_datatables.scss has 133 symbols
Searching through them all for /(^|[\s>+~])td(\[[^\]]*\]|:{1,2}[\w-()]+|\.[\w-]+|#[\w-]+)*\s*/
Done
_datatable-responsive.scss has 31 symbols
Searching through them all for /(^|[\s>+~])td(\[[^\]]*\]|:{1,2}[\w-()]+|\.[\w-]+|#[\w-]+)*\s*/
Done
_buttons.scss has 69 symbols
Searching through them all for /(^|[\s>+~])td(\[[^\]]*\]|:{1,2}[\w-()]+|\.[\w-]+|#[\w-]+)*\s*/
Done
_datatable-rows-reorder.scss has 4 symbols
Searching through them all for /(^|[\s>+~])td(\[[^\]]*\]|:{1,2}[\w-()]+|\.[\w-]+|#[\w-]+)*\s*/
Done
_daterange.scss has 86 symbols
Searching through them all for /(^|[\s>+~])td(\[[^\]]*\]|:{1,2}[\w-()]+|\.[\w-]+|#[\w-]+)*\s*/
Done
_alpaca.scss has 65 symbols
Searching through them all for /(^|[\s>+~])td(\[[^\]]*\]|:{1,2}[\w-()]+|\.[\w-]+|#[\w-]+)*\s*/
Done
_date.scss has 49 symbols
Searching through them all for /(^|[\s>+~])td(\[[^\]]*\]|:{1,2}[\w-()]+|\.[\w-]+|#[\w-]+)*\s*/
Done
_tables.scss has 43 symbols
Searching through them all for /(^|[\s>+~])td(\[[^\]]*\]|:{1,2}[\w-()]+|\.[\w-]+|#[\w-]+)*\s*/
Done
_widgets.scss has 251 symbols
Searching through them all for /(^|[\s>+~])td(\[[^\]]*\]|:{1,2}[\w-()]+|\.[\w-]+|#[\w-]+)*\s*/
Done
_handsontable.scss has 342 symbols
Searching through them all for /(^|[\s>+~])td(\[[^\]]*\]|:{1,2}[\w-()]+|\.[\w-]+|#[\w-]+)*\s*/
Done
_tables.scss has 136 symbols
Searching through them all for /(^|[\s>+~])td(\[[^\]]*\]|:{1,2}[\w-()]+|\.[\w-]+|#[\w-]+)*\s*/
Done
_footable.scss has 17 symbols
Searching through them all for /(^|[\s>+~])td(\[[^\]]*\]|:{1,2}[\w-()]+|\.[\w-]+|#[\w-]+)*\s*/
Done
_datatable-responsive.scss has 31 symbols
Searching through them all for /(^|[\s>+~])td(\[[^\]]*\]|:{1,2}[\w-()]+|\.[\w-]+|#[\w-]+)*\s*/
Done
_datatable-rows-reorder.scss has 4 symbols
Searching through them all for /(^|[\s>+~])td(\[[^\]]*\]|:{1,2}[\w-()]+|\.[\w-]+|#[\w-]+)*\s*/
Done
_datatable-columns-reorder.scss has 4 symbols
Searching through them all for /(^|[\s>+~])td(\[[^\]]*\]|:{1,2}[\w-()]+|\.[\w-]+|#[\w-]+)*\s*/
Done
_fullcalendar.scss has 285 symbols
Searching through them all for /(^|[\s>+~])td(\[[^\]]*\]|:{1,2}[\w-()]+|\.[\w-]+|#[\w-]+)*\s*/
Done
_datatables.scss has 132 symbols
Searching through them all for /(^|[\s>+~])td(\[[^\]]*\]|:{1,2}[\w-()]+|\.[\w-]+|#[\w-]+)*\s*/
Done
_fancytree.scss has 100 symbols
Searching through them all for /(^|[\s>+~])td(\[[^\]]*\]|:{1,2}[\w-()]+|\.[\w-]+|#[\w-]+)*\s*/
Done
_alpaca.scss has 64 symbols
Searching through them all for /(^|[\s>+~])td(\[[^\]]*\]|:{1,2}[\w-()]+|\.[\w-]+|#[\w-]+)*\s*/
Done
_daterange.scss has 87 symbols
Searching through them all for /(^|[\s>+~])td(\[[^\]]*\]|:{1,2}[\w-()]+|\.[\w-]+|#[\w-]+)*\s*/
Done
_date.scss has 49 symbols
Searching through them all for /(^|[\s>+~])td(\[[^\]]*\]|:{1,2}[\w-()]+|\.[\w-]+|#[\w-]+)*\s*/
Done
_datatable-fixed-columns.scss has 21 symbols
Searching through them all for /(^|[\s>+~])td(\[[^\]]*\]|:{1,2}[\w-()]+|\.[\w-]+|#[\w-]+)*\s*/
Done
_datatable-scroller.scss has 8 symbols
Searching through them all for /(^|[\s>+~])td(\[[^\]]*\]|:{1,2}[\w-()]+|\.[\w-]+|#[\w-]+)*\s*/
Done
_datatable-keytable.scss has 8 symbols
Searching through them all for /(^|[\s>+~])td(\[[^\]]*\]|:{1,2}[\w-()]+|\.[\w-]+|#[\w-]+)*\s*/
Done
_buttons.scss has 69 symbols
Searching through them all for /(^|[\s>+~])td(\[[^\]]*\]|:{1,2}[\w-()]+|\.[\w-]+|#[\w-]+)*\s*/
Done
app.css has 3148 symbols
Searching through them all for /(^|[\s>+~])td(\[[^\]]*\]|:{1,2}[\w-()]+|\.[\w-]+|#[\w-]+)*\s*/
Done
exception.css has 214 symbols
Searching through them all for /(^|[\s>+~])td(\[[^\]]*\]|:{1,2}[\w-()]+|\.[\w-]+|#[\w-]+)*\s*/
Done
default.css has 45 symbols
Searching through them all for /(^|[\s>+~])td(\[[^\]]*\]|:{1,2}[\w-()]+|\.[\w-]+|#[\w-]+)*\s*/
Done
html.css has 163 symbols
Searching through them all for /(^|[\s>+~])td(\[[^\]]*\]|:{1,2}[\w-()]+|\.[\w-]+|#[\w-]+)*\s*/
Done
whoops.base.css has 120 symbols
Searching through them all for /(^|[\s>+~])td(\[[^\]]*\]|:{1,2}[\w-()]+|\.[\w-]+|#[\w-]+)*\s*/
Done
style.css has 50 symbols
Searching through them all for /(^|[\s>+~])td(\[[^\]]*\]|:{1,2}[\w-()]+|\.[\w-]+|#[\w-]+)*\s*/
Done
bootstrap.min.css has 3147 symbols
Searching through them all for /(^|[\s>+~])td(\[[^\]]*\]|:{1,2}[\w-()]+|\.[\w-]+|#[\w-]+)*\s*/
Done
nv.d3.min.css has 135 symbols
Searching through them all for /(^|[\s>+~])td(\[[^\]]*\]|:{1,2}[\w-()]+|\.[\w-]+|#[\w-]+)*\s*/
Done
tr 568
  script 54 60
  script 113 119
  script 122 128
  script 181 187
  table 191 196
  tbody 250 255
  tr 266 268
  td 283 285
  strong 287 293
  strong 300 306
  td 343 345
  td 415 417
  strong 419 425
  strong 447 453
  td 474 476
  td 491 493
  strong 495 501
  strong 511 517
  td 554 556
  tr 568 570
tr is a "html tag"
components.min.css has 4339 symbols
Searching through them all for /(^|[\s>+~])tr(\[[^\]]*\]|:{1,2}[\w-()]+|\.[\w-]+|#[\w-]+)*\s*/
Done
bootstrap_limitless.css has 1198 symbols
Searching through them all for /(^|[\s>+~])tr(\[[^\]]*\]|:{1,2}[\w-()]+|\.[\w-]+|#[\w-]+)*\s*/
Done
receipt.css has 17 symbols
Searching through them all for /(^|[\s>+~])tr(\[[^\]]*\]|:{1,2}[\w-()]+|\.[\w-]+|#[\w-]+)*\s*/
Done
Parsing layout.min.css
layout.min.css has 396 symbols
Searching through them all for /(^|[\s>+~])tr(\[[^\]]*\]|:{1,2}[\w-()]+|\.[\w-]+|#[\w-]+)*\s*/
Done
bootstrap_limitless.min.css has 1198 symbols
Searching through them all for /(^|[\s>+~])tr(\[[^\]]*\]|:{1,2}[\w-()]+|\.[\w-]+|#[\w-]+)*\s*/
Done
print_tabulation.css has 7 symbols
Searching through them all for /(^|[\s>+~])tr(\[[^\]]*\]|:{1,2}[\w-()]+|\.[\w-]+|#[\w-]+)*\s*/
Done
my_print.css has 14 symbols
Searching through them all for /(^|[\s>+~])tr(\[[^\]]*\]|:{1,2}[\w-()]+|\.[\w-]+|#[\w-]+)*\s*/
Done
Parsing _progress.scss
_progress.scss has 5 symbols
Searching through them all for /(^|[\s>+~])tr(\[[^\]]*\]|:{1,2}[\w-()]+|\.[\w-]+|#[\w-]+)*\s*/
Done
Parsing colors.css
colors.css has 897 symbols
Searching through them all for /(^|[\s>+~])tr(\[[^\]]*\]|:{1,2}[\w-()]+|\.[\w-]+|#[\w-]+)*\s*/
Done
Parsing _images.scss
_images.scss has 5 symbols
Searching through them all for /(^|[\s>+~])tr(\[[^\]]*\]|:{1,2}[\w-()]+|\.[\w-]+|#[\w-]+)*\s*/
Done
Parsing layout.css
layout.css has 396 symbols
Searching through them all for /(^|[\s>+~])tr(\[[^\]]*\]|:{1,2}[\w-()]+|\.[\w-]+|#[\w-]+)*\s*/
Done
bootstrap-datepicker.min.css has 221 symbols
Searching through them all for /(^|[\s>+~])tr(\[[^\]]*\]|:{1,2}[\w-()]+|\.[\w-]+|#[\w-]+)*\s*/
Done
Parsing _buttons.scss
_buttons.scss has 26 symbols
Searching through them all for /(^|[\s>+~])tr(\[[^\]]*\]|:{1,2}[\w-()]+|\.[\w-]+|#[\w-]+)*\s*/
Done
bootstrap.min.css has 2572 symbols
Searching through them all for /(^|[\s>+~])tr(\[[^\]]*\]|:{1,2}[\w-()]+|\.[\w-]+|#[\w-]+)*\s*/
Done
bootstrap.css has 2572 symbols
Searching through them all for /(^|[\s>+~])tr(\[[^\]]*\]|:{1,2}[\w-()]+|\.[\w-]+|#[\w-]+)*\s*/
Done
Parsing _timelines.scss
_timelines.scss has 80 symbols
Searching through them all for /(^|[\s>+~])tr(\[[^\]]*\]|:{1,2}[\w-()]+|\.[\w-]+|#[\w-]+)*\s*/
Done
Parsing _forms.scss
_forms.scss has 44 symbols
Searching through them all for /(^|[\s>+~])tr(\[[^\]]*\]|:{1,2}[\w-()]+|\.[\w-]+|#[\w-]+)*\s*/
Done
_c3.scss has 48 symbols
Searching through them all for /(^|[\s>+~])tr(\[[^\]]*\]|:{1,2}[\w-()]+|\.[\w-]+|#[\w-]+)*\s*/
Done
Parsing _chats.scss
_chats.scss has 18 symbols
Searching through them all for /(^|[\s>+~])tr(\[[^\]]*\]|:{1,2}[\w-()]+|\.[\w-]+|#[\w-]+)*\s*/
Done
Parsing _navbar.scss
_navbar.scss has 51 symbols
Searching through them all for /(^|[\s>+~])tr(\[[^\]]*\]|:{1,2}[\w-()]+|\.[\w-]+|#[\w-]+)*\s*/
Done
_inbox.scss has 15 symbols
Searching through them all for /(^|[\s>+~])tr(\[[^\]]*\]|:{1,2}[\w-()]+|\.[\w-]+|#[\w-]+)*\s*/
Done
_d3.scss has 72 symbols
Searching through them all for /(^|[\s>+~])tr(\[[^\]]*\]|:{1,2}[\w-()]+|\.[\w-]+|#[\w-]+)*\s*/
Done
_print.scss has 34 symbols
Searching through them all for /(^|[\s>+~])tr(\[[^\]]*\]|:{1,2}[\w-()]+|\.[\w-]+|#[\w-]+)*\s*/
Done
Parsing _ecommerce.scss
_ecommerce.scss has 9 symbols
Searching through them all for /(^|[\s>+~])tr(\[[^\]]*\]|:{1,2}[\w-()]+|\.[\w-]+|#[\w-]+)*\s*/
Done
Parsing _error.scss
_error.scss has 2 symbols
Searching through them all for /(^|[\s>+~])tr(\[[^\]]*\]|:{1,2}[\w-()]+|\.[\w-]+|#[\w-]+)*\s*/
Done
Parsing _modal.scss
_modal.scss has 24 symbols
Searching through them all for /(^|[\s>+~])tr(\[[^\]]*\]|:{1,2}[\w-()]+|\.[\w-]+|#[\w-]+)*\s*/
Done
Parsing _jvectormap.scss
_jvectormap.scss has 6 symbols
Searching through them all for /(^|[\s>+~])tr(\[[^\]]*\]|:{1,2}[\w-()]+|\.[\w-]+|#[\w-]+)*\s*/
Done
Parsing _transitions.scss
_transitions.scss has 5 symbols
Searching through them all for /(^|[\s>+~])tr(\[[^\]]*\]|:{1,2}[\w-()]+|\.[\w-]+|#[\w-]+)*\s*/
Done
Parsing _helpers.scss
_helpers.scss has 124 symbols
Searching through them all for /(^|[\s>+~])tr(\[[^\]]*\]|:{1,2}[\w-()]+|\.[\w-]+|#[\w-]+)*\s*/
Done
Parsing _popover.scss
_popover.scss has 38 symbols
Searching through them all for /(^|[\s>+~])tr(\[[^\]]*\]|:{1,2}[\w-()]+|\.[\w-]+|#[\w-]+)*\s*/
Done
Parsing _config.scss
_config.scss has 84 symbols
Searching through them all for /(^|[\s>+~])tr(\[[^\]]*\]|:{1,2}[\w-()]+|\.[\w-]+|#[\w-]+)*\s*/
Done
components.css has 4341 symbols
Searching through them all for /(^|[\s>+~])tr(\[[^\]]*\]|:{1,2}[\w-()]+|\.[\w-]+|#[\w-]+)*\s*/
Done
Parsing _ll-functions.scss
_ll-functions.scss has 13 symbols
Searching through them all for /(^|[\s>+~])tr(\[[^\]]*\]|:{1,2}[\w-()]+|\.[\w-]+|#[\w-]+)*\s*/
Done
Parsing _profile.scss
_profile.scss has 6 symbols
Searching through them all for /(^|[\s>+~])tr(\[[^\]]*\]|:{1,2}[\w-()]+|\.[\w-]+|#[\w-]+)*\s*/
Done
Parsing _close.scss
_close.scss has 3 symbols
Searching through them all for /(^|[\s>+~])tr(\[[^\]]*\]|:{1,2}[\w-()]+|\.[\w-]+|#[\w-]+)*\s*/
Done
Parsing _custom-forms.scss
_custom-forms.scss has 63 symbols
Searching through them all for /(^|[\s>+~])tr(\[[^\]]*\]|:{1,2}[\w-()]+|\.[\w-]+|#[\w-]+)*\s*/
Done
Parsing _nav.scss
_nav.scss has 21 symbols
Searching through them all for /(^|[\s>+~])tr(\[[^\]]*\]|:{1,2}[\w-()]+|\.[\w-]+|#[\w-]+)*\s*/
Done
Parsing _dropdown.scss
_dropdown.scss has 32 symbols
Searching through them all for /(^|[\s>+~])tr(\[[^\]]*\]|:{1,2}[\w-()]+|\.[\w-]+|#[\w-]+)*\s*/
Done
Parsing _text-truncate.scss
_text-truncate.scss has 1 symbols
Searching through them all for /(^|[\s>+~])tr(\[[^\]]*\]|:{1,2}[\w-()]+|\.[\w-]+|#[\w-]+)*\s*/
Done
_reboot.scss has 100 symbols
Searching through them all for /(^|[\s>+~])tr(\[[^\]]*\]|:{1,2}[\w-()]+|\.[\w-]+|#[\w-]+)*\s*/
Done
Parsing _breadcrumb.scss
_breadcrumb.scss has 7 symbols
Searching through them all for /(^|[\s>+~])tr(\[[^\]]*\]|:{1,2}[\w-()]+|\.[\w-]+|#[\w-]+)*\s*/
Done
Parsing _text-hide.scss
_text-hide.scss has 1 symbols
Searching through them all for /(^|[\s>+~])tr(\[[^\]]*\]|:{1,2}[\w-()]+|\.[\w-]+|#[\w-]+)*\s*/
Done
Parsing _sidebar.scss
_sidebar.scss has 295 symbols
Searching through them all for /(^|[\s>+~])tr(\[[^\]]*\]|:{1,2}[\w-()]+|\.[\w-]+|#[\w-]+)*\s*/
Done
Parsing _variables-custom.scss
_variables-custom.scss has 439 symbols
Searching through them all for /(^|[\s>+~])tr(\[[^\]]*\]|:{1,2}[\w-()]+|\.[\w-]+|#[\w-]+)*\s*/
Done
Parsing _variables-core.scss
_variables-core.scss has 676 symbols
Searching through them all for /(^|[\s>+~])tr(\[[^\]]*\]|:{1,2}[\w-()]+|\.[\w-]+|#[\w-]+)*\s*/
Done
Parsing _variables-custom.scss
_variables-custom.scss has 439 symbols
Searching through them all for /(^|[\s>+~])tr(\[[^\]]*\]|:{1,2}[\w-()]+|\.[\w-]+|#[\w-]+)*\s*/
Done
_table-row.scss has 10 symbols
Searching through them all for /(^|[\s>+~])tr(\[[^\]]*\]|:{1,2}[\w-()]+|\.[\w-]+|#[\w-]+)*\s*/
Done
Parsing _variables-core.scss
_variables-core.scss has 676 symbols
Searching through them all for /(^|[\s>+~])tr(\[[^\]]*\]|:{1,2}[\w-()]+|\.[\w-]+|#[\w-]+)*\s*/
Done
Parsing _variables-custom.scss
_variables-custom.scss has 434 symbols
Searching through them all for /(^|[\s>+~])tr(\[[^\]]*\]|:{1,2}[\w-()]+|\.[\w-]+|#[\w-]+)*\s*/
Done
Parsing _variables-core.scss
_variables-core.scss has 679 symbols
Searching through them all for /(^|[\s>+~])tr(\[[^\]]*\]|:{1,2}[\w-()]+|\.[\w-]+|#[\w-]+)*\s*/
Done
Parsing _theme-bar-lg.scss
_theme-bar-lg.scss has 12 symbols
Searching through them all for /(^|[\s>+~])tr(\[[^\]]*\]|:{1,2}[\w-()]+|\.[\w-]+|#[\w-]+)*\s*/
Done
Parsing _theme-xbox.scss
_theme-xbox.scss has 18 symbols
Searching through them all for /(^|[\s>+~])tr(\[[^\]]*\]|:{1,2}[\w-()]+|\.[\w-]+|#[\w-]+)*\s*/
Done
Parsing components.scss
components.scss has 0 symbols
Searching through them all for /(^|[\s>+~])tr(\[[^\]]*\]|:{1,2}[\w-()]+|\.[\w-]+|#[\w-]+)*\s*/
Done
Parsing _theme-squares.scss
_theme-squares.scss has 17 symbols
Searching through them all for /(^|[\s>+~])tr(\[[^\]]*\]|:{1,2}[\w-()]+|\.[\w-]+|#[\w-]+)*\s*/
Done
Parsing _theme-xbox-sm.scss
_theme-xbox-sm.scss has 18 symbols
Searching through them all for /(^|[\s>+~])tr(\[[^\]]*\]|:{1,2}[\w-()]+|\.[\w-]+|#[\w-]+)*\s*/
Done
Parsing _theme-radar.scss
_theme-radar.scss has 12 symbols
Searching through them all for /(^|[\s>+~])tr(\[[^\]]*\]|:{1,2}[\w-()]+|\.[\w-]+|#[\w-]+)*\s*/
Done
Parsing _pace-demo.scss
_pace-demo.scss has 65 symbols
Searching through them all for /(^|[\s>+~])tr(\[[^\]]*\]|:{1,2}[\w-()]+|\.[\w-]+|#[\w-]+)*\s*/
Done
Parsing _theme-perspective.scss
_theme-perspective.scss has 14 symbols
Searching through them all for /(^|[\s>+~])tr(\[[^\]]*\]|:{1,2}[\w-()]+|\.[\w-]+|#[\w-]+)*\s*/
Done
Parsing _sidebar.scss
_sidebar.scss has 275 symbols
Searching through them all for /(^|[\s>+~])tr(\[[^\]]*\]|:{1,2}[\w-()]+|\.[\w-]+|#[\w-]+)*\s*/
Done
Parsing _theme-corners.scss
_theme-corners.scss has 15 symbols
Searching through them all for /(^|[\s>+~])tr(\[[^\]]*\]|:{1,2}[\w-()]+|\.[\w-]+|#[\w-]+)*\s*/
Done
Parsing _theme-bar.scss
_theme-bar.scss has 12 symbols
Searching through them all for /(^|[\s>+~])tr(\[[^\]]*\]|:{1,2}[\w-()]+|\.[\w-]+|#[\w-]+)*\s*/
Done
Parsing _theme-xbox-lg.scss
_theme-xbox-lg.scss has 18 symbols
Searching through them all for /(^|[\s>+~])tr(\[[^\]]*\]|:{1,2}[\w-()]+|\.[\w-]+|#[\w-]+)*\s*/
Done
Parsing _theme-tail-circle.scss
_theme-tail-circle.scss has 12 symbols
Searching through them all for /(^|[\s>+~])tr(\[[^\]]*\]|:{1,2}[\w-()]+|\.[\w-]+|#[\w-]+)*\s*/
Done
Parsing _theme-bar-sm.scss
_theme-bar-sm.scss has 12 symbols
Searching through them all for /(^|[\s>+~])tr(\[[^\]]*\]|:{1,2}[\w-()]+|\.[\w-]+|#[\w-]+)*\s*/
Done
Parsing _theme-tail.scss
_theme-tail.scss has 12 symbols
Searching through them all for /(^|[\s>+~])tr(\[[^\]]*\]|:{1,2}[\w-()]+|\.[\w-]+|#[\w-]+)*\s*/
Done
Parsing _transition.scss
_transition.scss has 2 symbols
Searching through them all for /(^|[\s>+~])tr(\[[^\]]*\]|:{1,2}[\w-()]+|\.[\w-]+|#[\w-]+)*\s*/
Done
Parsing _sidebar.scss
_sidebar.scss has 284 symbols
Searching through them all for /(^|[\s>+~])tr(\[[^\]]*\]|:{1,2}[\w-()]+|\.[\w-]+|#[\w-]+)*\s*/
Done
Parsing _sidebar.scss
_sidebar.scss has 294 symbols
Searching through them all for /(^|[\s>+~])tr(\[[^\]]*\]|:{1,2}[\w-()]+|\.[\w-]+|#[\w-]+)*\s*/
Done
Parsing components.scss
components.scss has 0 symbols
Searching through them all for /(^|[\s>+~])tr(\[[^\]]*\]|:{1,2}[\w-()]+|\.[\w-]+|#[\w-]+)*\s*/
Done
Parsing components.scss
components.scss has 0 symbols
Searching through them all for /(^|[\s>+~])tr(\[[^\]]*\]|:{1,2}[\w-()]+|\.[\w-]+|#[\w-]+)*\s*/
Done
Parsing components.scss
components.scss has 0 symbols
Searching through them all for /(^|[\s>+~])tr(\[[^\]]*\]|:{1,2}[\w-()]+|\.[\w-]+|#[\w-]+)*\s*/
Done
Parsing _alert.scss
_alert.scss has 6 symbols
Searching through them all for /(^|[\s>+~])tr(\[[^\]]*\]|:{1,2}[\w-()]+|\.[\w-]+|#[\w-]+)*\s*/
Done
Parsing _gradients.scss
_gradients.scss has 8 symbols
Searching through them all for /(^|[\s>+~])tr(\[[^\]]*\]|:{1,2}[\w-()]+|\.[\w-]+|#[\w-]+)*\s*/
Done
Parsing _carousel.scss
_carousel.scss has 40 symbols
Searching through them all for /(^|[\s>+~])tr(\[[^\]]*\]|:{1,2}[\w-()]+|\.[\w-]+|#[\w-]+)*\s*/
Done
Parsing _variables-core.scss
_variables-core.scss has 676 symbols
Searching through them all for /(^|[\s>+~])tr(\[[^\]]*\]|:{1,2}[\w-()]+|\.[\w-]+|#[\w-]+)*\s*/
Done
Parsing _variables-custom.scss
_variables-custom.scss has 440 symbols
Searching through them all for /(^|[\s>+~])tr(\[[^\]]*\]|:{1,2}[\w-()]+|\.[\w-]+|#[\w-]+)*\s*/
Done
Parsing trumbowyg.mathml.css
trumbowyg.mathml.css has 4 symbols
Searching through them all for /(^|[\s>+~])tr(\[[^\]]*\]|:{1,2}[\w-()]+|\.[\w-]+|#[\w-]+)*\s*/
Done
Parsing trumbowyg.mention.css
trumbowyg.mention.css has 4 symbols
Searching through them all for /(^|[\s>+~])tr(\[[^\]]*\]|:{1,2}[\w-()]+|\.[\w-]+|#[\w-]+)*\s*/
Done
Parsing trumbowyg.mention.min.css
trumbowyg.mention.min.css has 4 symbols
Searching through them all for /(^|[\s>+~])tr(\[[^\]]*\]|:{1,2}[\w-()]+|\.[\w-]+|#[\w-]+)*\s*/
Done
Parsing trumbowyg.colors.min.css
trumbowyg.colors.min.css has 10 symbols
Searching through them all for /(^|[\s>+~])tr(\[[^\]]*\]|:{1,2}[\w-()]+|\.[\w-]+|#[\w-]+)*\s*/
Done
Parsing trumbowyg.mathml.min.css
trumbowyg.mathml.min.css has 8 symbols
Searching through them all for /(^|[\s>+~])tr(\[[^\]]*\]|:{1,2}[\w-()]+|\.[\w-]+|#[\w-]+)*\s*/
Done
Parsing trumbowyg.colors.css
trumbowyg.colors.css has 10 symbols
Searching through them all for /(^|[\s>+~])tr(\[[^\]]*\]|:{1,2}[\w-()]+|\.[\w-]+|#[\w-]+)*\s*/
Done
Parsing trumbowyg.mention.scss
trumbowyg.mention.scss has 4 symbols
Searching through them all for /(^|[\s>+~])tr(\[[^\]]*\]|:{1,2}[\w-()]+|\.[\w-]+|#[\w-]+)*\s*/
Done
Parsing trumbowyg.colors.scss
trumbowyg.colors.scss has 7 symbols
Searching through them all for /(^|[\s>+~])tr(\[[^\]]*\]|:{1,2}[\w-()]+|\.[\w-]+|#[\w-]+)*\s*/
Done
Parsing trumbowyg.mathml.scss
trumbowyg.mathml.scss has 4 symbols
Searching through them all for /(^|[\s>+~])tr(\[[^\]]*\]|:{1,2}[\w-()]+|\.[\w-]+|#[\w-]+)*\s*/
Done
Parsing trumbowyg.emoji.min.css
trumbowyg.emoji.min.css has 6 symbols
Searching through them all for /(^|[\s>+~])tr(\[[^\]]*\]|:{1,2}[\w-()]+|\.[\w-]+|#[\w-]+)*\s*/
Done
Parsing trumbowyg.emoji.css
trumbowyg.emoji.css has 6 symbols
Searching through them all for /(^|[\s>+~])tr(\[[^\]]*\]|:{1,2}[\w-()]+|\.[\w-]+|#[\w-]+)*\s*/
Done
Parsing trumbowyg.emoji.scss
trumbowyg.emoji.scss has 7 symbols
Searching through them all for /(^|[\s>+~])tr(\[[^\]]*\]|:{1,2}[\w-()]+|\.[\w-]+|#[\w-]+)*\s*/
Done
Parsing contents.css
contents.css has 25 symbols
Searching through them all for /(^|[\s>+~])tr(\[[^\]]*\]|:{1,2}[\w-()]+|\.[\w-]+|#[\w-]+)*\s*/
Done
dialog_opera.css has 160 symbols
Searching through them all for /(^|[\s>+~])tr(\[[^\]]*\]|:{1,2}[\w-()]+|\.[\w-]+|#[\w-]+)*\s*/
Done
Parsing editor_ie7.css
editor_ie7.css has 245 symbols
Searching through them all for /(^|[\s>+~])tr(\[[^\]]*\]|:{1,2}[\w-()]+|\.[\w-]+|#[\w-]+)*\s*/
Done
dialog_opera.css has 160 symbols
Searching through them all for /(^|[\s>+~])tr(\[[^\]]*\]|:{1,2}[\w-()]+|\.[\w-]+|#[\w-]+)*\s*/
Done
Parsing editor_gecko.css
editor_gecko.css has 444 symbols
Searching through them all for /(^|[\s>+~])tr(\[[^\]]*\]|:{1,2}[\w-()]+|\.[\w-]+|#[\w-]+)*\s*/
Done
dialog_iequirks.css has 158 symbols
Searching through them all for /(^|[\s>+~])tr(\[[^\]]*\]|:{1,2}[\w-()]+|\.[\w-]+|#[\w-]+)*\s*/
Done
Parsing editor_ie7.css
editor_ie7.css has 245 symbols
Searching through them all for /(^|[\s>+~])tr(\[[^\]]*\]|:{1,2}[\w-()]+|\.[\w-]+|#[\w-]+)*\s*/
Done
dialog_ie.css has 173 symbols
Searching through them all for /(^|[\s>+~])tr(\[[^\]]*\]|:{1,2}[\w-()]+|\.[\w-]+|#[\w-]+)*\s*/
Done
Parsing editor_gecko.css
editor_gecko.css has 444 symbols
Searching through them all for /(^|[\s>+~])tr(\[[^\]]*\]|:{1,2}[\w-()]+|\.[\w-]+|#[\w-]+)*\s*/
Done
Parsing editor_ie.css
editor_ie.css has 234 symbols
Searching through them all for /(^|[\s>+~])tr(\[[^\]]*\]|:{1,2}[\w-()]+|\.[\w-]+|#[\w-]+)*\s*/
Done
dialog_iequirks.css has 158 symbols
Searching through them all for /(^|[\s>+~])tr(\[[^\]]*\]|:{1,2}[\w-()]+|\.[\w-]+|#[\w-]+)*\s*/
Done
Parsing editor_ie8.css
editor_ie8.css has 212 symbols
Searching through them all for /(^|[\s>+~])tr(\[[^\]]*\]|:{1,2}[\w-()]+|\.[\w-]+|#[\w-]+)*\s*/
Done
dialog_ie.css has 173 symbols
Searching through them all for /(^|[\s>+~])tr(\[[^\]]*\]|:{1,2}[\w-()]+|\.[\w-]+|#[\w-]+)*\s*/
Done
dialog_ie7.css has 172 symbols
Searching through them all for /(^|[\s>+~])tr(\[[^\]]*\]|:{1,2}[\w-()]+|\.[\w-]+|#[\w-]+)*\s*/
Done
Parsing editor_ie.css
editor_ie.css has 234 symbols
Searching through them all for /(^|[\s>+~])tr(\[[^\]]*\]|:{1,2}[\w-()]+|\.[\w-]+|#[\w-]+)*\s*/
Done
dialog_ie8.css has 161 symbols
Searching through them all for /(^|[\s>+~])tr(\[[^\]]*\]|:{1,2}[\w-()]+|\.[\w-]+|#[\w-]+)*\s*/
Done
Parsing editor_ie8.css
editor_ie8.css has 212 symbols
Searching through them all for /(^|[\s>+~])tr(\[[^\]]*\]|:{1,2}[\w-()]+|\.[\w-]+|#[\w-]+)*\s*/
Done
dialog_ie7.css has 172 symbols
Searching through them all for /(^|[\s>+~])tr(\[[^\]]*\]|:{1,2}[\w-()]+|\.[\w-]+|#[\w-]+)*\s*/
Done
Parsing editor_iequirks.css
editor_iequirks.css has 228 symbols
Searching through them all for /(^|[\s>+~])tr(\[[^\]]*\]|:{1,2}[\w-()]+|\.[\w-]+|#[\w-]+)*\s*/
Done
wsc.css has 18 symbols
Searching through them all for /(^|[\s>+~])tr(\[[^\]]*\]|:{1,2}[\w-()]+|\.[\w-]+|#[\w-]+)*\s*/
Done
dialog_ie8.css has 161 symbols
Searching through them all for /(^|[\s>+~])tr(\[[^\]]*\]|:{1,2}[\w-()]+|\.[\w-]+|#[\w-]+)*\s*/
Done
Parsing editor_iequirks.css
editor_iequirks.css has 228 symbols
Searching through them all for /(^|[\s>+~])tr(\[[^\]]*\]|:{1,2}[\w-()]+|\.[\w-]+|#[\w-]+)*\s*/
Done
dialog.css has 159 symbols
Searching through them all for /(^|[\s>+~])tr(\[[^\]]*\]|:{1,2}[\w-()]+|\.[\w-]+|#[\w-]+)*\s*/
Done
Parsing editor.css
editor.css has 444 symbols
Searching through them all for /(^|[\s>+~])tr(\[[^\]]*\]|:{1,2}[\w-()]+|\.[\w-]+|#[\w-]+)*\s*/
Done
dialog.scss has 155 symbols
Searching through them all for /(^|[\s>+~])tr(\[[^\]]*\]|:{1,2}[\w-()]+|\.[\w-]+|#[\w-]+)*\s*/
Done
dialog.scss has 155 symbols
Searching through them all for /(^|[\s>+~])tr(\[[^\]]*\]|:{1,2}[\w-()]+|\.[\w-]+|#[\w-]+)*\s*/
Done
_colorpanel.scss has 20 symbols
Searching through them all for /(^|[\s>+~])tr(\[[^\]]*\]|:{1,2}[\w-()]+|\.[\w-]+|#[\w-]+)*\s*/
Done
Parsing _reset.scss
_reset.scss has 16 symbols
Searching through them all for /(^|[\s>+~])tr(\[[^\]]*\]|:{1,2}[\w-()]+|\.[\w-]+|#[\w-]+)*\s*/
Done
dialog.css has 159 symbols
Searching through them all for /(^|[\s>+~])tr(\[[^\]]*\]|:{1,2}[\w-()]+|\.[\w-]+|#[\w-]+)*\s*/
Done
Parsing editor.css
editor.css has 444 symbols
Searching through them all for /(^|[\s>+~])tr(\[[^\]]*\]|:{1,2}[\w-()]+|\.[\w-]+|#[\w-]+)*\s*/
Done
Parsing _menu.scss
_menu.scss has 41 symbols
Searching through them all for /(^|[\s>+~])tr(\[[^\]]*\]|:{1,2}[\w-()]+|\.[\w-]+|#[\w-]+)*\s*/
Done
Parsing editor_iequirks.scss
editor_iequirks.scss has 26 symbols
Searching through them all for /(^|[\s>+~])tr(\[[^\]]*\]|:{1,2}[\w-()]+|\.[\w-]+|#[\w-]+)*\s*/
Done
dialog_opera.scss has 3 symbols
Searching through them all for /(^|[\s>+~])tr(\[[^\]]*\]|:{1,2}[\w-()]+|\.[\w-]+|#[\w-]+)*\s*/
Done
Parsing _toolbar.scss
_toolbar.scss has 50 symbols
Searching through them all for /(^|[\s>+~])tr(\[[^\]]*\]|:{1,2}[\w-()]+|\.[\w-]+|#[\w-]+)*\s*/
Done
Parsing _richcombo.scss
_richcombo.scss has 30 symbols
Searching through them all for /(^|[\s>+~])tr(\[[^\]]*\]|:{1,2}[\w-()]+|\.[\w-]+|#[\w-]+)*\s*/
Done
Parsing _mainui.scss
_mainui.scss has 19 symbols
Searching through them all for /(^|[\s>+~])tr(\[[^\]]*\]|:{1,2}[\w-()]+|\.[\w-]+|#[\w-]+)*\s*/
Done
Parsing _menu.scss
_menu.scss has 41 symbols
Searching through them all for /(^|[\s>+~])tr(\[[^\]]*\]|:{1,2}[\w-()]+|\.[\w-]+|#[\w-]+)*\s*/
Done
Parsing _reset.scss
_reset.scss has 16 symbols
Searching through them all for /(^|[\s>+~])tr(\[[^\]]*\]|:{1,2}[\w-()]+|\.[\w-]+|#[\w-]+)*\s*/
Done
Parsing editor_iequirks.scss
editor_iequirks.scss has 26 symbols
Searching through them all for /(^|[\s>+~])tr(\[[^\]]*\]|:{1,2}[\w-()]+|\.[\w-]+|#[\w-]+)*\s*/
Done
Parsing _toolbar.scss
_toolbar.scss has 50 symbols
Searching through them all for /(^|[\s>+~])tr(\[[^\]]*\]|:{1,2}[\w-()]+|\.[\w-]+|#[\w-]+)*\s*/
Done
_colorpanel.scss has 20 symbols
Searching through them all for /(^|[\s>+~])tr(\[[^\]]*\]|:{1,2}[\w-()]+|\.[\w-]+|#[\w-]+)*\s*/
Done
dialog_opera.scss has 3 symbols
Searching through them all for /(^|[\s>+~])tr(\[[^\]]*\]|:{1,2}[\w-()]+|\.[\w-]+|#[\w-]+)*\s*/
Done
Parsing _richcombo.scss
_richcombo.scss has 30 symbols
Searching through them all for /(^|[\s>+~])tr(\[[^\]]*\]|:{1,2}[\w-()]+|\.[\w-]+|#[\w-]+)*\s*/
Done
Parsing _mainui.scss
_mainui.scss has 19 symbols
Searching through them all for /(^|[\s>+~])tr(\[[^\]]*\]|:{1,2}[\w-()]+|\.[\w-]+|#[\w-]+)*\s*/
Done
Parsing editor_ie.scss
editor_ie.scss has 25 symbols
Searching through them all for /(^|[\s>+~])tr(\[[^\]]*\]|:{1,2}[\w-()]+|\.[\w-]+|#[\w-]+)*\s*/
Done
Parsing dialog_ie7.scss
dialog_ie7.scss has 15 symbols
Searching through them all for /(^|[\s>+~])tr(\[[^\]]*\]|:{1,2}[\w-()]+|\.[\w-]+|#[\w-]+)*\s*/
Done
Parsing editor_ie.scss
editor_ie.scss has 25 symbols
Searching through them all for /(^|[\s>+~])tr(\[[^\]]*\]|:{1,2}[\w-()]+|\.[\w-]+|#[\w-]+)*\s*/
Done
Parsing _sidebar.scss
_sidebar.scss has 294 symbols
Searching through them all for /(^|[\s>+~])tr(\[[^\]]*\]|:{1,2}[\w-()]+|\.[\w-]+|#[\w-]+)*\s*/
Done
Parsing components.scss
components.scss has 0 symbols
Searching through them all for /(^|[\s>+~])tr(\[[^\]]*\]|:{1,2}[\w-()]+|\.[\w-]+|#[\w-]+)*\s*/
Done
Parsing dialog_ie7.scss
dialog_ie7.scss has 15 symbols
Searching through them all for /(^|[\s>+~])tr(\[[^\]]*\]|:{1,2}[\w-()]+|\.[\w-]+|#[\w-]+)*\s*/
Done
Parsing _progress.scss
_progress.scss has 14 symbols
Searching through them all for /(^|[\s>+~])tr(\[[^\]]*\]|:{1,2}[\w-()]+|\.[\w-]+|#[\w-]+)*\s*/
Done
_footable.scss has 17 symbols
Searching through them all for /(^|[\s>+~])tr(\[[^\]]*\]|:{1,2}[\w-()]+|\.[\w-]+|#[\w-]+)*\s*/
Done
Parsing _interactions.scss
_interactions.scss has 42 symbols
Searching through them all for /(^|[\s>+~])tr(\[[^\]]*\]|:{1,2}[\w-()]+|\.[\w-]+|#[\w-]+)*\s*/
Done
Parsing _close.scss
_close.scss has 1 symbols
Searching through them all for /(^|[\s>+~])tr(\[[^\]]*\]|:{1,2}[\w-()]+|\.[\w-]+|#[\w-]+)*\s*/
Done
_handsontable.scss has 342 symbols
Searching through them all for /(^|[\s>+~])tr(\[[^\]]*\]|:{1,2}[\w-()]+|\.[\w-]+|#[\w-]+)*\s*/
Done
Parsing _forms.scss
_forms.scss has 63 symbols
Searching through them all for /(^|[\s>+~])tr(\[[^\]]*\]|:{1,2}[\w-()]+|\.[\w-]+|#[\w-]+)*\s*/
Done
_widgets.scss has 281 symbols
Searching through them all for /(^|[\s>+~])tr(\[[^\]]*\]|:{1,2}[\w-()]+|\.[\w-]+|#[\w-]+)*\s*/
Done
Parsing _navbar.scss
_navbar.scss has 181 symbols
Searching through them all for /(^|[\s>+~])tr(\[[^\]]*\]|:{1,2}[\w-()]+|\.[\w-]+|#[\w-]+)*\s*/
Done
Parsing _variables-core.scss
_variables-core.scss has 679 symbols
Searching through them all for /(^|[\s>+~])tr(\[[^\]]*\]|:{1,2}[\w-()]+|\.[\w-]+|#[\w-]+)*\s*/
Done
Parsing _variables-custom.scss
_variables-custom.scss has 434 symbols
Searching through them all for /(^|[\s>+~])tr(\[[^\]]*\]|:{1,2}[\w-()]+|\.[\w-]+|#[\w-]+)*\s*/
Done
Parsing _pagination.scss
_pagination.scss has 37 symbols
Searching through them all for /(^|[\s>+~])tr(\[[^\]]*\]|:{1,2}[\w-()]+|\.[\w-]+|#[\w-]+)*\s*/
Done
_datatable-columns-reorder.scss has 4 symbols
Searching through them all for /(^|[\s>+~])tr(\[[^\]]*\]|:{1,2}[\w-()]+|\.[\w-]+|#[\w-]+)*\s*/
Done
Parsing _buttons.scss
_buttons.scss has 11 symbols
Searching through them all for /(^|[\s>+~])tr(\[[^\]]*\]|:{1,2}[\w-()]+|\.[\w-]+|#[\w-]+)*\s*/
Done
Parsing _card.scss
_card.scss has 47 symbols
Searching through them all for /(^|[\s>+~])tr(\[[^\]]*\]|:{1,2}[\w-()]+|\.[\w-]+|#[\w-]+)*\s*/
Done
Parsing components.scss
components.scss has 0 symbols
Searching through them all for /(^|[\s>+~])tr(\[[^\]]*\]|:{1,2}[\w-()]+|\.[\w-]+|#[\w-]+)*\s*/
Done
Parsing _list-group.scss
_list-group.scss has 26 symbols
Searching through them all for /(^|[\s>+~])tr(\[[^\]]*\]|:{1,2}[\w-()]+|\.[\w-]+|#[\w-]+)*\s*/
Done
_fancytree.scss has 100 symbols
Searching through them all for /(^|[\s>+~])tr(\[[^\]]*\]|:{1,2}[\w-()]+|\.[\w-]+|#[\w-]+)*\s*/
Done
Parsing _prism.scss
_prism.scss has 57 symbols
Searching through them all for /(^|[\s>+~])tr(\[[^\]]*\]|:{1,2}[\w-()]+|\.[\w-]+|#[\w-]+)*\s*/
Done
_tables.scss has 136 symbols
Searching through them all for /(^|[\s>+~])tr(\[[^\]]*\]|:{1,2}[\w-()]+|\.[\w-]+|#[\w-]+)*\s*/
Done
Parsing _datatable-buttons.scss
_datatable-buttons.scss has 24 symbols
Searching through them all for /(^|[\s>+~])tr(\[[^\]]*\]|:{1,2}[\w-()]+|\.[\w-]+|#[\w-]+)*\s*/
Done
Parsing _image-cropper.scss
_image-cropper.scss has 57 symbols
Searching through them all for /(^|[\s>+~])tr(\[[^\]]*\]|:{1,2}[\w-()]+|\.[\w-]+|#[\w-]+)*\s*/
Done
_datatable-fixed-columns.scss has 21 symbols
Searching through them all for /(^|[\s>+~])tr(\[[^\]]*\]|:{1,2}[\w-()]+|\.[\w-]+|#[\w-]+)*\s*/
Done
Parsing _sweet-alerts.scss
_sweet-alerts.scss has 107 symbols
Searching through them all for /(^|[\s>+~])tr(\[[^\]]*\]|:{1,2}[\w-()]+|\.[\w-]+|#[\w-]+)*\s*/
Done
Parsing _ripple.scss
_ripple.scss has 34 symbols
Searching through them all for /(^|[\s>+~])tr(\[[^\]]*\]|:{1,2}[\w-()]+|\.[\w-]+|#[\w-]+)*\s*/
Done
Parsing _noty.scss
_noty.scss has 43 symbols
Searching through them all for /(^|[\s>+~])tr(\[[^\]]*\]|:{1,2}[\w-()]+|\.[\w-]+|#[\w-]+)*\s*/
Done
Parsing _slinky.scss
_slinky.scss has 17 symbols
Searching through them all for /(^|[\s>+~])tr(\[[^\]]*\]|:{1,2}[\w-()]+|\.[\w-]+|#[\w-]+)*\s*/
Done
Parsing _datatable-select.scss
_datatable-select.scss has 14 symbols
Searching through them all for /(^|[\s>+~])tr(\[[^\]]*\]|:{1,2}[\w-()]+|\.[\w-]+|#[\w-]+)*\s*/
Done
Parsing _jgrowl.scss
_jgrowl.scss has 18 symbols
Searching through them all for /(^|[\s>+~])tr(\[[^\]]*\]|:{1,2}[\w-()]+|\.[\w-]+|#[\w-]+)*\s*/
Done
Parsing _alert.scss
_alert.scss has 31 symbols
Searching through them all for /(^|[\s>+~])tr(\[[^\]]*\]|:{1,2}[\w-()]+|\.[\w-]+|#[\w-]+)*\s*/
Done
Parsing _fab.scss
_fab.scss has 101 symbols
Searching through them all for /(^|[\s>+~])tr(\[[^\]]*\]|:{1,2}[\w-()]+|\.[\w-]+|#[\w-]+)*\s*/
Done
_datatable-scroller.scss has 8 symbols
Searching through them all for /(^|[\s>+~])tr(\[[^\]]*\]|:{1,2}[\w-()]+|\.[\w-]+|#[\w-]+)*\s*/
Done
Parsing _pnotify.scss
_pnotify.scss has 76 symbols
Searching through them all for /(^|[\s>+~])tr(\[[^\]]*\]|:{1,2}[\w-()]+|\.[\w-]+|#[\w-]+)*\s*/
Done
Parsing _nav.scss
_nav.scss has 111 symbols
Searching through them all for /(^|[\s>+~])tr(\[[^\]]*\]|:{1,2}[\w-()]+|\.[\w-]+|#[\w-]+)*\s*/
Done
Parsing _progress-buttons.scss
_progress-buttons.scss has 81 symbols
Searching through them all for /(^|[\s>+~])tr(\[[^\]]*\]|:{1,2}[\w-()]+|\.[\w-]+|#[\w-]+)*\s*/
Done
Parsing _headroom.scss
_headroom.scss has 7 symbols
Searching through them all for /(^|[\s>+~])tr(\[[^\]]*\]|:{1,2}[\w-()]+|\.[\w-]+|#[\w-]+)*\s*/
Done
_datatable-keytable.scss has 8 symbols
Searching through them all for /(^|[\s>+~])tr(\[[^\]]*\]|:{1,2}[\w-()]+|\.[\w-]+|#[\w-]+)*\s*/
Done
Parsing _custom-forms.scss
_custom-forms.scss has 21 symbols
Searching through them all for /(^|[\s>+~])tr(\[[^\]]*\]|:{1,2}[\w-()]+|\.[\w-]+|#[\w-]+)*\s*/
Done
Parsing _button-group.scss
_button-group.scss has 11 symbols
Searching through them all for /(^|[\s>+~])tr(\[[^\]]*\]|:{1,2}[\w-()]+|\.[\w-]+|#[\w-]+)*\s*/
Done
_fullcalendar.scss has 285 symbols
Searching through them all for /(^|[\s>+~])tr(\[[^\]]*\]|:{1,2}[\w-()]+|\.[\w-]+|#[\w-]+)*\s*/
Done
Parsing _fancybox.scss
_fancybox.scss has 50 symbols
Searching through them all for /(^|[\s>+~])tr(\[[^\]]*\]|:{1,2}[\w-()]+|\.[\w-]+|#[\w-]+)*\s*/
Done
Parsing _header-elements.scss
_header-elements.scss has 17 symbols
Searching through them all for /(^|[\s>+~])tr(\[[^\]]*\]|:{1,2}[\w-()]+|\.[\w-]+|#[\w-]+)*\s*/
Done
Parsing _dropdown.scss
_dropdown.scss has 91 symbols
Searching through them all for /(^|[\s>+~])tr(\[[^\]]*\]|:{1,2}[\w-()]+|\.[\w-]+|#[\w-]+)*\s*/
Done
Parsing _badge.scss
_badge.scss has 24 symbols
Searching through them all for /(^|[\s>+~])tr(\[[^\]]*\]|:{1,2}[\w-()]+|\.[\w-]+|#[\w-]+)*\s*/
Done
Parsing _datatable-autofill.scss
_datatable-autofill.scss has 15 symbols
Searching through them all for /(^|[\s>+~])tr(\[[^\]]*\]|:{1,2}[\w-()]+|\.[\w-]+|#[\w-]+)*\s*/
Done
_datatables.scss has 133 symbols
Searching through them all for /(^|[\s>+~])tr(\[[^\]]*\]|:{1,2}[\w-()]+|\.[\w-]+|#[\w-]+)*\s*/
Done
Parsing _perfect-scrollbar.scss
_perfect-scrollbar.scss has 18 symbols
Searching through them all for /(^|[\s>+~])tr(\[[^\]]*\]|:{1,2}[\w-()]+|\.[\w-]+|#[\w-]+)*\s*/
Done
_datatable-responsive.scss has 31 symbols
Searching through them all for /(^|[\s>+~])tr(\[[^\]]*\]|:{1,2}[\w-()]+|\.[\w-]+|#[\w-]+)*\s*/
Done
_buttons.scss has 69 symbols
Searching through them all for /(^|[\s>+~])tr(\[[^\]]*\]|:{1,2}[\w-()]+|\.[\w-]+|#[\w-]+)*\s*/
Done
_datatable-rows-reorder.scss has 4 symbols
Searching through them all for /(^|[\s>+~])tr(\[[^\]]*\]|:{1,2}[\w-()]+|\.[\w-]+|#[\w-]+)*\s*/
Done
Parsing _media.scss
_media.scss has 13 symbols
Searching through them all for /(^|[\s>+~])tr(\[[^\]]*\]|:{1,2}[\w-()]+|\.[\w-]+|#[\w-]+)*\s*/
Done
Parsing _breadcrumb.scss
_breadcrumb.scss has 30 symbols
Searching through them all for /(^|[\s>+~])tr(\[[^\]]*\]|:{1,2}[\w-()]+|\.[\w-]+|#[\w-]+)*\s*/
Done
Parsing _type.scss
_type.scss has 87 symbols
Searching through them all for /(^|[\s>+~])tr(\[[^\]]*\]|:{1,2}[\w-()]+|\.[\w-]+|#[\w-]+)*\s*/
Done
Parsing _demo.scss
_demo.scss has 18 symbols
Searching through them all for /(^|[\s>+~])tr(\[[^\]]*\]|:{1,2}[\w-()]+|\.[\w-]+|#[\w-]+)*\s*/
Done
Parsing _variables-custom.scss
_variables-custom.scss has 439 symbols
Searching through them all for /(^|[\s>+~])tr(\[[^\]]*\]|:{1,2}[\w-()]+|\.[\w-]+|#[\w-]+)*\s*/
Done
Parsing components.scss
components.scss has 0 symbols
Searching through them all for /(^|[\s>+~])tr(\[[^\]]*\]|:{1,2}[\w-()]+|\.[\w-]+|#[\w-]+)*\s*/
Done
Parsing _passy.scss
_passy.scss has 2 symbols
Searching through them all for /(^|[\s>+~])tr(\[[^\]]*\]|:{1,2}[\w-()]+|\.[\w-]+|#[\w-]+)*\s*/
Done
Parsing _bootstrap-switch.scss
_bootstrap-switch.scss has 55 symbols
Searching through them all for /(^|[\s>+~])tr(\[[^\]]*\]|:{1,2}[\w-()]+|\.[\w-]+|#[\w-]+)*\s*/
Done
Parsing _slider-pips.scss
_slider-pips.scss has 23 symbols
Searching through them all for /(^|[\s>+~])tr(\[[^\]]*\]|:{1,2}[\w-()]+|\.[\w-]+|#[\w-]+)*\s*/
Done
Parsing _spectrum.scss
_spectrum.scss has 121 symbols
Searching through them all for /(^|[\s>+~])tr(\[[^\]]*\]|:{1,2}[\w-()]+|\.[\w-]+|#[\w-]+)*\s*/
Done
Parsing _select2.scss
_select2.scss has 99 symbols
Searching through them all for /(^|[\s>+~])tr(\[[^\]]*\]|:{1,2}[\w-()]+|\.[\w-]+|#[\w-]+)*\s*/
Done
Parsing _ion-range-slider.scss
_ion-range-slider.scss has 42 symbols
Searching through them all for /(^|[\s>+~])tr(\[[^\]]*\]|:{1,2}[\w-()]+|\.[\w-]+|#[\w-]+)*\s*/
Done
Parsing _variables-core.scss
_variables-core.scss has 676 symbols
Searching through them all for /(^|[\s>+~])tr(\[[^\]]*\]|:{1,2}[\w-()]+|\.[\w-]+|#[\w-]+)*\s*/
Done
_daterange.scss has 86 symbols
Searching through them all for /(^|[\s>+~])tr(\[[^\]]*\]|:{1,2}[\w-()]+|\.[\w-]+|#[\w-]+)*\s*/
Done
Parsing _sidebar.scss
_sidebar.scss has 275 symbols
Searching through them all for /(^|[\s>+~])tr(\[[^\]]*\]|:{1,2}[\w-()]+|\.[\w-]+|#[\w-]+)*\s*/
Done
_alpaca.scss has 65 symbols
Searching through them all for /(^|[\s>+~])tr(\[[^\]]*\]|:{1,2}[\w-()]+|\.[\w-]+|#[\w-]+)*\s*/
Done
Parsing _anytime.scss
_anytime.scss has 76 symbols
Searching through them all for /(^|[\s>+~])tr(\[[^\]]*\]|:{1,2}[\w-()]+|\.[\w-]+|#[\w-]+)*\s*/
Done
Parsing _noui-slider.scss
_noui-slider.scss has 114 symbols
Searching through them all for /(^|[\s>+~])tr(\[[^\]]*\]|:{1,2}[\w-()]+|\.[\w-]+|#[\w-]+)*\s*/
Done
Parsing _colors.scss
_colors.scss has 36 symbols
Searching through them all for /(^|[\s>+~])tr(\[[^\]]*\]|:{1,2}[\w-()]+|\.[\w-]+|#[\w-]+)*\s*/
Done
Parsing _tags-input.scss
_tags-input.scss has 11 symbols
Searching through them all for /(^|[\s>+~])tr(\[[^\]]*\]|:{1,2}[\w-()]+|\.[\w-]+|#[\w-]+)*\s*/
Done
Parsing _trumbowyg.scss
_trumbowyg.scss has 79 symbols
Searching through them all for /(^|[\s>+~])tr(\[[^\]]*\]|:{1,2}[\w-()]+|\.[\w-]+|#[\w-]+)*\s*/
Done
_date.scss has 49 symbols
Searching through them all for /(^|[\s>+~])tr(\[[^\]]*\]|:{1,2}[\w-()]+|\.[\w-]+|#[\w-]+)*\s*/
Done
Parsing _variables-core.scss
_variables-core.scss has 679 symbols
Searching through them all for /(^|[\s>+~])tr(\[[^\]]*\]|:{1,2}[\w-()]+|\.[\w-]+|#[\w-]+)*\s*/
Done
Parsing _time.scss
_time.scss has 15 symbols
Searching through them all for /(^|[\s>+~])tr(\[[^\]]*\]|:{1,2}[\w-()]+|\.[\w-]+|#[\w-]+)*\s*/
Done
Parsing _variables-custom.scss
_variables-custom.scss has 435 symbols
Searching through them all for /(^|[\s>+~])tr(\[[^\]]*\]|:{1,2}[\w-()]+|\.[\w-]+|#[\w-]+)*\s*/
Done
Parsing _wizard.scss
_wizard.scss has 46 symbols
Searching through them all for /(^|[\s>+~])tr(\[[^\]]*\]|:{1,2}[\w-()]+|\.[\w-]+|#[\w-]+)*\s*/
Done
Parsing _sidebar.scss
_sidebar.scss has 294 symbols
Searching through them all for /(^|[\s>+~])tr(\[[^\]]*\]|:{1,2}[\w-()]+|\.[\w-]+|#[\w-]+)*\s*/
Done
Parsing _dual-listbox.scss
_dual-listbox.scss has 41 symbols
Searching through them all for /(^|[\s>+~])tr(\[[^\]]*\]|:{1,2}[\w-()]+|\.[\w-]+|#[\w-]+)*\s*/
Done
Parsing _typeahead.scss
_typeahead.scss has 11 symbols
Searching through them all for /(^|[\s>+~])tr(\[[^\]]*\]|:{1,2}[\w-()]+|\.[\w-]+|#[\w-]+)*\s*/
Done
Parsing _multiselect.scss
_multiselect.scss has 68 symbols
Searching through them all for /(^|[\s>+~])tr(\[[^\]]*\]|:{1,2}[\w-()]+|\.[\w-]+|#[\w-]+)*\s*/
Done
Parsing _tokenfield.scss
_tokenfield.scss has 35 symbols
Searching through them all for /(^|[\s>+~])tr(\[[^\]]*\]|:{1,2}[\w-()]+|\.[\w-]+|#[\w-]+)*\s*/
Done
Parsing _sidebar.scss
_sidebar.scss has 275 symbols
Searching through them all for /(^|[\s>+~])tr(\[[^\]]*\]|:{1,2}[\w-()]+|\.[\w-]+|#[\w-]+)*\s*/
Done
Parsing components.scss
components.scss has 0 symbols
Searching through them all for /(^|[\s>+~])tr(\[[^\]]*\]|:{1,2}[\w-()]+|\.[\w-]+|#[\w-]+)*\s*/
Done
Parsing _dropzone.scss
_dropzone.scss has 51 symbols
Searching through them all for /(^|[\s>+~])tr(\[[^\]]*\]|:{1,2}[\w-()]+|\.[\w-]+|#[\w-]+)*\s*/
Done
Parsing _uniform.scss
_uniform.scss has 80 symbols
Searching through them all for /(^|[\s>+~])tr(\[[^\]]*\]|:{1,2}[\w-()]+|\.[\w-]+|#[\w-]+)*\s*/
Done
Parsing _file-input.scss
_file-input.scss has 79 symbols
Searching through them all for /(^|[\s>+~])tr(\[[^\]]*\]|:{1,2}[\w-()]+|\.[\w-]+|#[\w-]+)*\s*/
Done
Parsing _floating-labels.scss
_floating-labels.scss has 3 symbols
Searching through them all for /(^|[\s>+~])tr(\[[^\]]*\]|:{1,2}[\w-()]+|\.[\w-]+|#[\w-]+)*\s*/
Done
Parsing _plupload.scss
_plupload.scss has 74 symbols
Searching through them all for /(^|[\s>+~])tr(\[[^\]]*\]|:{1,2}[\w-()]+|\.[\w-]+|#[\w-]+)*\s*/
Done
_tables.scss has 43 symbols
Searching through them all for /(^|[\s>+~])tr(\[[^\]]*\]|:{1,2}[\w-()]+|\.[\w-]+|#[\w-]+)*\s*/
Done
Parsing _variables-core.scss
_variables-core.scss has 676 symbols
Searching through them all for /(^|[\s>+~])tr(\[[^\]]*\]|:{1,2}[\w-()]+|\.[\w-]+|#[\w-]+)*\s*/
Done
Parsing _background.scss
_background.scss has 2 symbols
Searching through them all for /(^|[\s>+~])tr(\[[^\]]*\]|:{1,2}[\w-()]+|\.[\w-]+|#[\w-]+)*\s*/
Done
Parsing _variables-core.scss
_variables-core.scss has 679 symbols
Searching through them all for /(^|[\s>+~])tr(\[[^\]]*\]|:{1,2}[\w-()]+|\.[\w-]+|#[\w-]+)*\s*/
Done
Parsing _variables-custom.scss
_variables-custom.scss has 439 symbols
Searching through them all for /(^|[\s>+~])tr(\[[^\]]*\]|:{1,2}[\w-()]+|\.[\w-]+|#[\w-]+)*\s*/
Done
Parsing _colors.scss
_colors.scss has 36 symbols
Searching through them all for /(^|[\s>+~])tr(\[[^\]]*\]|:{1,2}[\w-()]+|\.[\w-]+|#[\w-]+)*\s*/
Done
Parsing _variables-custom.scss
_variables-custom.scss has 434 symbols
Searching through them all for /(^|[\s>+~])tr(\[[^\]]*\]|:{1,2}[\w-()]+|\.[\w-]+|#[\w-]+)*\s*/
Done
Parsing _progress.scss
_progress.scss has 14 symbols
Searching through them all for /(^|[\s>+~])tr(\[[^\]]*\]|:{1,2}[\w-()]+|\.[\w-]+|#[\w-]+)*\s*/
Done
Parsing _close.scss
_close.scss has 1 symbols
Searching through them all for /(^|[\s>+~])tr(\[[^\]]*\]|:{1,2}[\w-()]+|\.[\w-]+|#[\w-]+)*\s*/
Done
_widgets.scss has 251 symbols
Searching through them all for /(^|[\s>+~])tr(\[[^\]]*\]|:{1,2}[\w-()]+|\.[\w-]+|#[\w-]+)*\s*/
Done
_handsontable.scss has 342 symbols
Searching through them all for /(^|[\s>+~])tr(\[[^\]]*\]|:{1,2}[\w-()]+|\.[\w-]+|#[\w-]+)*\s*/
Done
Parsing _ion-range-slider.scss
_ion-range-slider.scss has 39 symbols
Searching through them all for /(^|[\s>+~])tr(\[[^\]]*\]|:{1,2}[\w-()]+|\.[\w-]+|#[\w-]+)*\s*/
Done
_tables.scss has 136 symbols
Searching through them all for /(^|[\s>+~])tr(\[[^\]]*\]|:{1,2}[\w-()]+|\.[\w-]+|#[\w-]+)*\s*/
Done
Parsing _interactions.scss
_interactions.scss has 42 symbols
Searching through them all for /(^|[\s>+~])tr(\[[^\]]*\]|:{1,2}[\w-()]+|\.[\w-]+|#[\w-]+)*\s*/
Done
Parsing _noui-slider.scss
_noui-slider.scss has 88 symbols
Searching through them all for /(^|[\s>+~])tr(\[[^\]]*\]|:{1,2}[\w-()]+|\.[\w-]+|#[\w-]+)*\s*/
Done
Parsing _type.scss
_type.scss has 87 symbols
Searching through them all for /(^|[\s>+~])tr(\[[^\]]*\]|:{1,2}[\w-()]+|\.[\w-]+|#[\w-]+)*\s*/
Done
_footable.scss has 17 symbols
Searching through them all for /(^|[\s>+~])tr(\[[^\]]*\]|:{1,2}[\w-()]+|\.[\w-]+|#[\w-]+)*\s*/
Done
Parsing _badge.scss
_badge.scss has 24 symbols
Searching through them all for /(^|[\s>+~])tr(\[[^\]]*\]|:{1,2}[\w-()]+|\.[\w-]+|#[\w-]+)*\s*/
Done
Parsing _slider-pips.scss
_slider-pips.scss has 23 symbols
Searching through them all for /(^|[\s>+~])tr(\[[^\]]*\]|:{1,2}[\w-()]+|\.[\w-]+|#[\w-]+)*\s*/
Done
Parsing _list-group.scss
_list-group.scss has 26 symbols
Searching through them all for /(^|[\s>+~])tr(\[[^\]]*\]|:{1,2}[\w-()]+|\.[\w-]+|#[\w-]+)*\s*/
Done
Parsing _dropdown.scss
_dropdown.scss has 89 symbols
Searching through them all for /(^|[\s>+~])tr(\[[^\]]*\]|:{1,2}[\w-()]+|\.[\w-]+|#[\w-]+)*\s*/
Done
Parsing _alert.scss
_alert.scss has 30 symbols
Searching through them all for /(^|[\s>+~])tr(\[[^\]]*\]|:{1,2}[\w-()]+|\.[\w-]+|#[\w-]+)*\s*/
Done
Parsing _nav.scss
_nav.scss has 111 symbols
Searching through them all for /(^|[\s>+~])tr(\[[^\]]*\]|:{1,2}[\w-()]+|\.[\w-]+|#[\w-]+)*\s*/
Done
Parsing _custom-forms.scss
_custom-forms.scss has 19 symbols
Searching through them all for /(^|[\s>+~])tr(\[[^\]]*\]|:{1,2}[\w-()]+|\.[\w-]+|#[\w-]+)*\s*/
Done
Parsing _card.scss
_card.scss has 44 symbols
Searching through them all for /(^|[\s>+~])tr(\[[^\]]*\]|:{1,2}[\w-()]+|\.[\w-]+|#[\w-]+)*\s*/
Done
Parsing _headroom.scss
_headroom.scss has 7 symbols
Searching through them all for /(^|[\s>+~])tr(\[[^\]]*\]|:{1,2}[\w-()]+|\.[\w-]+|#[\w-]+)*\s*/
Done
_datatable-responsive.scss has 31 symbols
Searching through them all for /(^|[\s>+~])tr(\[[^\]]*\]|:{1,2}[\w-()]+|\.[\w-]+|#[\w-]+)*\s*/
Done
Parsing _fab.scss
_fab.scss has 101 symbols
Searching through them all for /(^|[\s>+~])tr(\[[^\]]*\]|:{1,2}[\w-()]+|\.[\w-]+|#[\w-]+)*\s*/
Done
_datatable-rows-reorder.scss has 4 symbols
Searching through them all for /(^|[\s>+~])tr(\[[^\]]*\]|:{1,2}[\w-()]+|\.[\w-]+|#[\w-]+)*\s*/
Done
Parsing _image-cropper.scss
_image-cropper.scss has 57 symbols
Searching through them all for /(^|[\s>+~])tr(\[[^\]]*\]|:{1,2}[\w-()]+|\.[\w-]+|#[\w-]+)*\s*/
Done
Parsing _progress-buttons.scss
_progress-buttons.scss has 81 symbols
Searching through them all for /(^|[\s>+~])tr(\[[^\]]*\]|:{1,2}[\w-()]+|\.[\w-]+|#[\w-]+)*\s*/
Done
Parsing _select2.scss
_select2.scss has 120 symbols
Searching through them all for /(^|[\s>+~])tr(\[[^\]]*\]|:{1,2}[\w-()]+|\.[\w-]+|#[\w-]+)*\s*/
Done
Parsing _breadcrumb.scss
_breadcrumb.scss has 37 symbols
Searching through them all for /(^|[\s>+~])tr(\[[^\]]*\]|:{1,2}[\w-()]+|\.[\w-]+|#[\w-]+)*\s*/
Done
Parsing _jgrowl.scss
_jgrowl.scss has 18 symbols
Searching through them all for /(^|[\s>+~])tr(\[[^\]]*\]|:{1,2}[\w-()]+|\.[\w-]+|#[\w-]+)*\s*/
Done
_datatable-columns-reorder.scss has 4 symbols
Searching through them all for /(^|[\s>+~])tr(\[[^\]]*\]|:{1,2}[\w-()]+|\.[\w-]+|#[\w-]+)*\s*/
Done
Parsing _fancybox.scss
_fancybox.scss has 50 symbols
Searching through them all for /(^|[\s>+~])tr(\[[^\]]*\]|:{1,2}[\w-()]+|\.[\w-]+|#[\w-]+)*\s*/
Done
Parsing _header-elements.scss
_header-elements.scss has 17 symbols
Searching through them all for /(^|[\s>+~])tr(\[[^\]]*\]|:{1,2}[\w-()]+|\.[\w-]+|#[\w-]+)*\s*/
Done
Parsing _button-group.scss
_button-group.scss has 11 symbols
Searching through them all for /(^|[\s>+~])tr(\[[^\]]*\]|:{1,2}[\w-()]+|\.[\w-]+|#[\w-]+)*\s*/
Done
_fullcalendar.scss has 285 symbols
Searching through them all for /(^|[\s>+~])tr(\[[^\]]*\]|:{1,2}[\w-()]+|\.[\w-]+|#[\w-]+)*\s*/
Done
Parsing _datatable-buttons.scss
_datatable-buttons.scss has 24 symbols
Searching through them all for /(^|[\s>+~])tr(\[[^\]]*\]|:{1,2}[\w-()]+|\.[\w-]+|#[\w-]+)*\s*/
Done
Parsing _prism.scss
_prism.scss has 57 symbols
Searching through them all for /(^|[\s>+~])tr(\[[^\]]*\]|:{1,2}[\w-()]+|\.[\w-]+|#[\w-]+)*\s*/
Done
Parsing _slinky.scss
_slinky.scss has 17 symbols
Searching through them all for /(^|[\s>+~])tr(\[[^\]]*\]|:{1,2}[\w-()]+|\.[\w-]+|#[\w-]+)*\s*/
Done
Parsing _sweet-alerts.scss
_sweet-alerts.scss has 106 symbols
Searching through them all for /(^|[\s>+~])tr(\[[^\]]*\]|:{1,2}[\w-()]+|\.[\w-]+|#[\w-]+)*\s*/
Done
Parsing _bootstrap-switch.scss
_bootstrap-switch.scss has 55 symbols
Searching through them all for /(^|[\s>+~])tr(\[[^\]]*\]|:{1,2}[\w-()]+|\.[\w-]+|#[\w-]+)*\s*/
Done
Parsing _pnotify.scss
_pnotify.scss has 76 symbols
Searching through them all for /(^|[\s>+~])tr(\[[^\]]*\]|:{1,2}[\w-()]+|\.[\w-]+|#[\w-]+)*\s*/
Done
Parsing _passy.scss
_passy.scss has 2 symbols
Searching through them all for /(^|[\s>+~])tr(\[[^\]]*\]|:{1,2}[\w-()]+|\.[\w-]+|#[\w-]+)*\s*/
Done
_datatables.scss has 132 symbols
Searching through them all for /(^|[\s>+~])tr(\[[^\]]*\]|:{1,2}[\w-()]+|\.[\w-]+|#[\w-]+)*\s*/
Done
Parsing _noty.scss
_noty.scss has 43 symbols
Searching through them all for /(^|[\s>+~])tr(\[[^\]]*\]|:{1,2}[\w-()]+|\.[\w-]+|#[\w-]+)*\s*/
Done
_fancytree.scss has 100 symbols
Searching through them all for /(^|[\s>+~])tr(\[[^\]]*\]|:{1,2}[\w-()]+|\.[\w-]+|#[\w-]+)*\s*/
Done
Parsing _perfect-scrollbar.scss
_perfect-scrollbar.scss has 18 symbols
Searching through them all for /(^|[\s>+~])tr(\[[^\]]*\]|:{1,2}[\w-()]+|\.[\w-]+|#[\w-]+)*\s*/
Done
Parsing _pagination.scss
_pagination.scss has 36 symbols
Searching through them all for /(^|[\s>+~])tr(\[[^\]]*\]|:{1,2}[\w-()]+|\.[\w-]+|#[\w-]+)*\s*/
Done
_alpaca.scss has 64 symbols
Searching through them all for /(^|[\s>+~])tr(\[[^\]]*\]|:{1,2}[\w-()]+|\.[\w-]+|#[\w-]+)*\s*/
Done
Parsing _demo.scss
_demo.scss has 18 symbols
Searching through them all for /(^|[\s>+~])tr(\[[^\]]*\]|:{1,2}[\w-()]+|\.[\w-]+|#[\w-]+)*\s*/
Done
_daterange.scss has 87 symbols
Searching through them all for /(^|[\s>+~])tr(\[[^\]]*\]|:{1,2}[\w-()]+|\.[\w-]+|#[\w-]+)*\s*/
Done
Parsing _plupload.scss
_plupload.scss has 74 symbols
Searching through them all for /(^|[\s>+~])tr(\[[^\]]*\]|:{1,2}[\w-()]+|\.[\w-]+|#[\w-]+)*\s*/
Done
Parsing _floating-labels.scss
_floating-labels.scss has 3 symbols
Searching through them all for /(^|[\s>+~])tr(\[[^\]]*\]|:{1,2}[\w-()]+|\.[\w-]+|#[\w-]+)*\s*/
Done
Parsing _file-input.scss
_file-input.scss has 76 symbols
Searching through them all for /(^|[\s>+~])tr(\[[^\]]*\]|:{1,2}[\w-()]+|\.[\w-]+|#[\w-]+)*\s*/
Done
Parsing _dropzone.scss
_dropzone.scss has 51 symbols
Searching through them all for /(^|[\s>+~])tr(\[[^\]]*\]|:{1,2}[\w-()]+|\.[\w-]+|#[\w-]+)*\s*/
Done
Parsing _uniform.scss
_uniform.scss has 80 symbols
Searching through them all for /(^|[\s>+~])tr(\[[^\]]*\]|:{1,2}[\w-()]+|\.[\w-]+|#[\w-]+)*\s*/
Done
Parsing _tokenfield.scss
_tokenfield.scss has 35 symbols
Searching through them all for /(^|[\s>+~])tr(\[[^\]]*\]|:{1,2}[\w-()]+|\.[\w-]+|#[\w-]+)*\s*/
Done
Parsing _spectrum.scss
_spectrum.scss has 122 symbols
Searching through them all for /(^|[\s>+~])tr(\[[^\]]*\]|:{1,2}[\w-()]+|\.[\w-]+|#[\w-]+)*\s*/
Done
Parsing _time.scss
_time.scss has 15 symbols
Searching through them all for /(^|[\s>+~])tr(\[[^\]]*\]|:{1,2}[\w-()]+|\.[\w-]+|#[\w-]+)*\s*/
Done
_date.scss has 49 symbols
Searching through them all for /(^|[\s>+~])tr(\[[^\]]*\]|:{1,2}[\w-()]+|\.[\w-]+|#[\w-]+)*\s*/
Done
Parsing _anytime.scss
_anytime.scss has 76 symbols
Searching through them all for /(^|[\s>+~])tr(\[[^\]]*\]|:{1,2}[\w-()]+|\.[\w-]+|#[\w-]+)*\s*/
Done
Parsing _wizard.scss
_wizard.scss has 46 symbols
Searching through them all for /(^|[\s>+~])tr(\[[^\]]*\]|:{1,2}[\w-()]+|\.[\w-]+|#[\w-]+)*\s*/
Done
_datatable-fixed-columns.scss has 21 symbols
Searching through them all for /(^|[\s>+~])tr(\[[^\]]*\]|:{1,2}[\w-()]+|\.[\w-]+|#[\w-]+)*\s*/
Done
Parsing _datatable-select.scss
_datatable-select.scss has 14 symbols
Searching through them all for /(^|[\s>+~])tr(\[[^\]]*\]|:{1,2}[\w-()]+|\.[\w-]+|#[\w-]+)*\s*/
Done
Parsing _dual-listbox.scss
_dual-listbox.scss has 37 symbols
Searching through them all for /(^|[\s>+~])tr(\[[^\]]*\]|:{1,2}[\w-()]+|\.[\w-]+|#[\w-]+)*\s*/
Done
Parsing _typeahead.scss
_typeahead.scss has 11 symbols
Searching through them all for /(^|[\s>+~])tr(\[[^\]]*\]|:{1,2}[\w-()]+|\.[\w-]+|#[\w-]+)*\s*/
Done
_datatable-scroller.scss has 8 symbols
Searching through them all for /(^|[\s>+~])tr(\[[^\]]*\]|:{1,2}[\w-()]+|\.[\w-]+|#[\w-]+)*\s*/
Done
Parsing _trumbowyg.scss
_trumbowyg.scss has 79 symbols
Searching through them all for /(^|[\s>+~])tr(\[[^\]]*\]|:{1,2}[\w-()]+|\.[\w-]+|#[\w-]+)*\s*/
Done
Parsing _multiselect.scss
_multiselect.scss has 58 symbols
Searching through them all for /(^|[\s>+~])tr(\[[^\]]*\]|:{1,2}[\w-()]+|\.[\w-]+|#[\w-]+)*\s*/
Done
_datatable-keytable.scss has 8 symbols
Searching through them all for /(^|[\s>+~])tr(\[[^\]]*\]|:{1,2}[\w-()]+|\.[\w-]+|#[\w-]+)*\s*/
Done
Parsing _tags-input.scss
_tags-input.scss has 9 symbols
Searching through them all for /(^|[\s>+~])tr(\[[^\]]*\]|:{1,2}[\w-()]+|\.[\w-]+|#[\w-]+)*\s*/
Done
Parsing _datatable-autofill.scss
_datatable-autofill.scss has 15 symbols
Searching through them all for /(^|[\s>+~])tr(\[[^\]]*\]|:{1,2}[\w-()]+|\.[\w-]+|#[\w-]+)*\s*/
Done
Parsing _text.scss
_text.scss has 21 symbols
Searching through them all for /(^|[\s>+~])tr(\[[^\]]*\]|:{1,2}[\w-()]+|\.[\w-]+|#[\w-]+)*\s*/
Done
Parsing _navbar.scss
_navbar.scss has 191 symbols
Searching through them all for /(^|[\s>+~])tr(\[[^\]]*\]|:{1,2}[\w-()]+|\.[\w-]+|#[\w-]+)*\s*/
Done
Parsing _sidebar.scss
_sidebar.scss has 286 symbols
Searching through them all for /(^|[\s>+~])tr(\[[^\]]*\]|:{1,2}[\w-()]+|\.[\w-]+|#[\w-]+)*\s*/
Done
Parsing _sidebar.scss
_sidebar.scss has 297 symbols
Searching through them all for /(^|[\s>+~])tr(\[[^\]]*\]|:{1,2}[\w-()]+|\.[\w-]+|#[\w-]+)*\s*/
Done
_buttons.scss has 69 symbols
Searching through them all for /(^|[\s>+~])tr(\[[^\]]*\]|:{1,2}[\w-()]+|\.[\w-]+|#[\w-]+)*\s*/
Done
Parsing _media.scss
_media.scss has 13 symbols
Searching through them all for /(^|[\s>+~])tr(\[[^\]]*\]|:{1,2}[\w-()]+|\.[\w-]+|#[\w-]+)*\s*/
Done
Parsing components.scss
components.scss has 0 symbols
Searching through them all for /(^|[\s>+~])tr(\[[^\]]*\]|:{1,2}[\w-()]+|\.[\w-]+|#[\w-]+)*\s*/
Done
Parsing _buttons.scss
_buttons.scss has 11 symbols
Searching through them all for /(^|[\s>+~])tr(\[[^\]]*\]|:{1,2}[\w-()]+|\.[\w-]+|#[\w-]+)*\s*/
Done
Parsing _buttons.scss
_buttons.scss has 20 symbols
Searching through them all for /(^|[\s>+~])tr(\[[^\]]*\]|:{1,2}[\w-()]+|\.[\w-]+|#[\w-]+)*\s*/
Done
Parsing animate.min.css
animate.min.css has 232 symbols
Searching through them all for /(^|[\s>+~])tr(\[[^\]]*\]|:{1,2}[\w-()]+|\.[\w-]+|#[\w-]+)*\s*/
Done
Parsing _variables.scss
_variables.scss has 538 symbols
Searching through them all for /(^|[\s>+~])tr(\[[^\]]*\]|:{1,2}[\w-()]+|\.[\w-]+|#[\w-]+)*\s*/
Done
Parsing _tooltip.scss
_tooltip.scss has 22 symbols
Searching through them all for /(^|[\s>+~])tr(\[[^\]]*\]|:{1,2}[\w-()]+|\.[\w-]+|#[\w-]+)*\s*/
Done
Parsing components.scss
components.scss has 0 symbols
Searching through them all for /(^|[\s>+~])tr(\[[^\]]*\]|:{1,2}[\w-()]+|\.[\w-]+|#[\w-]+)*\s*/
Done
Parsing htmlDescriptor.css
htmlDescriptor.css has 30 symbols
Searching through them all for /(^|[\s>+~])tr(\[[^\]]*\]|:{1,2}[\w-()]+|\.[\w-]+|#[\w-]+)*\s*/
Done
app.css has 3148 symbols
Searching through them all for /(^|[\s>+~])tr(\[[^\]]*\]|:{1,2}[\w-()]+|\.[\w-]+|#[\w-]+)*\s*/
Done
exception.css has 214 symbols
Searching through them all for /(^|[\s>+~])tr(\[[^\]]*\]|:{1,2}[\w-()]+|\.[\w-]+|#[\w-]+)*\s*/
Done
default.css has 45 symbols
Searching through them all for /(^|[\s>+~])tr(\[[^\]]*\]|:{1,2}[\w-()]+|\.[\w-]+|#[\w-]+)*\s*/
Done
html.css has 163 symbols
Searching through them all for /(^|[\s>+~])tr(\[[^\]]*\]|:{1,2}[\w-()]+|\.[\w-]+|#[\w-]+)*\s*/
Done
whoops.base.css has 120 symbols
Searching through them all for /(^|[\s>+~])tr(\[[^\]]*\]|:{1,2}[\w-()]+|\.[\w-]+|#[\w-]+)*\s*/
Done
style.css has 50 symbols
Searching through them all for /(^|[\s>+~])tr(\[[^\]]*\]|:{1,2}[\w-()]+|\.[\w-]+|#[\w-]+)*\s*/
Done
bootstrap.min.css has 3147 symbols
Searching through them all for /(^|[\s>+~])tr(\[[^\]]*\]|:{1,2}[\w-()]+|\.[\w-]+|#[\w-]+)*\s*/
Done
nv.d3.min.css has 135 symbols
Searching through them all for /(^|[\s>+~])tr(\[[^\]]*\]|:{1,2}[\w-()]+|\.[\w-]+|#[\w-]+)*\s*/
Done
Parsing _variables-core.scss
_variables-core.scss has 679 symbols
Searching through them all for /(^|[\s>+~])tr(\[[^\]]*\]|:{1,2}[\w-()]+|\.[\w-]+|#[\w-]+)*\s*/
Done
Parsing _variables-custom.scss
_variables-custom.scss has 434 symbols
Searching through them all for /(^|[\s>+~])tr(\[[^\]]*\]|:{1,2}[\w-()]+|\.[\w-]+|#[\w-]+)*\s*/
Done
Parsing _caret.scss
_caret.scss has 9 symbols
Searching through them all for /(^|[\s>+~])tr(\[[^\]]*\]|:{1,2}[\w-()]+|\.[\w-]+|#[\w-]+)*\s*/
Done
exam_id 4775
  script 54 60
  script 113 119
  script 122 128
  script 181 187
  table 191 196
  tbody 250 255
  tr 266 268
  td 283 285
  strong 287 293
  strong 300 306
  td 343 345
  td 418 420
  strong 422 428
  strong 450 456
  td 477 479
  td 494 496
  strong 498 504
  strong 514 520
  td 557 559
  tr 571 573
  tr 584 586
  td 601 603
  strong 605 611
  strong 636 642
  td 700 702
  td 717 719
  strong 721 727
  strong 747 753
  td 772 774
  td 789 791
  strong 793 799
  strong 806 812
  td 949 951
  tr 963 965
  tbody 974 979
  table 983 988
  table 993 998
  thead 1139 1144
  tr 1155 1157
  th 1172 1174
  th 1191 1193
  th 1208 1210
  th 1233 1235
  th 1250 1252
  br 1269 1271
  th 1278 1280
  th 1295 1297
  br 1314 1316
  th 1323 1325
  th 1340 1342
  br 1363 1365
  th 1372 1374
  th 1389 1391
  br 1418 1420
  th 1423 1425
  th 1510 1512
  br 1532 1534
  sup 1544 1547
  sup 1551 1554
  th 1567 1569
  th 1584 1586
  sup 1601 1604
  sup 1609 1612
  br 1615 1617
  th 1630 1632
  th 1647 1649
  sup 1664 1667
  sup 1671 1674
  br 1677 1679
  th 1692 1694
  th 1709 1711
  br 1736 1738
  sup 1742 1745
  sup 1750 1753
  sup 1759 1762
  sup 1766 1769
  sup 1775 1778
  sup 1782 1785
  th 1788 1790
  th 1805 1807
  th 1829 1831
  th 1871 1873
  th 1899 1901
  th 1916 1918
  th 1948 1950
  th 1965 1967
  th 1991 1993
  tr 2005 2007
  thead 2015 2020
  tbody 2028 2033
  tr 2085 2087
  td 2106 2108
  td 2133 2135
  td 2154 2156
  td 2175 2177
  td 2299 2301
  td 2324 2326
  td 2349 2351
  td 2374 2376
  td 2399 2401
  td 2425 2427
  td 2450 2452
  td 2933 2935
  td 3053 3055
  td 3080 3082
  td 3110 3112
  td 3191 3193
  td 3221 3223
  td 3302 3304
  td 3332 3334
  td 3358 3360
  td 3388 3390
  td 3418 3420
  td 3544 3546
  td 3578 3580
  td 3603 3605
  td 4213 4215
  td 4238 4240
  td 4286 4288
  tr 4332 4334
  tr 4860 4862
  td 4877 4879
  strong 4912 4918
  strong 4947 4953
  td 4956 4958
  td 4973 4975
  strong 5007 5013
  strong 5032 5038
  td 5041 5043
  td 5089 5091
  strong 5105 5111
  td 5164 5166
  td 5210 5212
  strong 5226 5232
  td 5286 5288
  tr 5330 5332
  tbody 5340 5345
  table 5349 5354
  script 5407 5413
  script 6207 6213
Invalid Selector
$total_eleve 4534
  script 54 60
  script 113 119
  script 122 128
  script 181 187
  table 191 196
  tbody 250 255
  tr 266 268
  td 283 285
  strong 287 293
  strong 300 306
  td 343 345
  td 418 420
  strong 422 428
  strong 450 456
  td 477 479
  td 494 496
  strong 498 504
  strong 514 520
  td 557 559
  tr 571 573
  tr 584 586
  td 601 603
  strong 605 611
  strong 636 642
  td 700 702
  td 717 719
  strong 721 727
  strong 747 753
  td 772 774
  td 789 791
  strong 793 799
  strong 806 812
  td 949 951
  tr 963 965
  tbody 974 979
  table 983 988
  table 993 998
  thead 1139 1144
  tr 1155 1157
  th 1172 1174
  th 1191 1193
  th 1208 1210
  th 1233 1235
  th 1250 1252
  br 1269 1271
  th 1278 1280
  th 1295 1297
  br 1314 1316
  th 1323 1325
  th 1340 1342
  br 1363 1365
  th 1372 1374
  th 1389 1391
  br 1418 1420
  th 1423 1425
  th 1510 1512
  br 1532 1534
  sup 1544 1547
  sup 1551 1554
  th 1567 1569
  th 1584 1586
  sup 1601 1604
  sup 1609 1612
  br 1615 1617
  th 1630 1632
  th 1647 1649
  sup 1664 1667
  sup 1671 1674
  br 1677 1679
  th 1692 1694
  th 1709 1711
  br 1736 1738
  sup 1742 1745
  sup 1750 1753
  sup 1759 1762
  sup 1766 1769
  sup 1775 1778
  sup 1782 1785
  th 1788 1790
  th 1805 1807
  th 1829 1831
  th 1871 1873
  th 1899 1901
  th 1916 1918
  th 1948 1950
  th 1965 1967
  th 1991 1993
  tr 2005 2007
  thead 2015 2020
  tbody 2028 2033
  tr 2085 2087
  td 2106 2108
  td 2133 2135
  td 2154 2156
  td 2175 2177
  td 2299 2301
  td 2324 2326
  td 2349 2351
  td 2374 2376
  td 2399 2401
  td 2425 2427
  td 2450 2452
  td 2933 2935
  td 3053 3055
  td 3080 3082
  td 3110 3112
  td 3191 3193
  td 3221 3223
  td 3302 3304
  td 3332 3334
  td 3358 3360
  td 3388 3390
  td 3418 3420
  td 3544 3546
  td 3578 3580
  td 3603 3605
  td 4213 4215
  td 4238 4240
  td 4286 4288
  tr 4332 4334
  tr 4978 4980
  td 4995 4997
  strong 5030 5036
  strong 5065 5071
  td 5074 5076
  td 5091 5093
  strong 5125 5131
  strong 5150 5156
  td 5159 5161
  td 5207 5209
  strong 5223 5229
  td 5282 5284
  td 5328 5330
  strong 5344 5350
  td 5404 5406
  tr 5448 5450
  tbody 5458 5463
  table 5467 5472
  script 5525 5531
  script 6325 6331
Invalid Selector
$total_eleve 4534
  script 54 60
  script 113 119
  script 122 128
  script 181 187
  table 191 196
  tbody 250 255
  tr 266 268
  td 283 285
  strong 287 293
  strong 300 306
  td 343 345
  td 418 420
  strong 422 428
  strong 450 456
  td 477 479
  td 494 496
  strong 498 504
  strong 514 520
  td 557 559
  tr 571 573
  tr 584 586
  td 601 603
  strong 605 611
  strong 636 642
  td 700 702
  td 717 719
  strong 721 727
  strong 747 753
  td 772 774
  td 789 791
  strong 793 799
  strong 806 812
  td 949 951
  tr 963 965
  tbody 974 979
  table 983 988
  table 993 998
  thead 1139 1144
  tr 1155 1157
  th 1172 1174
  th 1191 1193
  th 1208 1210
  th 1233 1235
  th 1250 1252
  br 1269 1271
  th 1278 1280
  th 1295 1297
  br 1314 1316
  th 1323 1325
  th 1340 1342
  br 1363 1365
  th 1372 1374
  th 1389 1391
  br 1418 1420
  th 1423 1425
  th 1510 1512
  br 1532 1534
  sup 1544 1547
  sup 1551 1554
  th 1567 1569
  th 1584 1586
  sup 1601 1604
  sup 1609 1612
  br 1615 1617
  th 1630 1632
  th 1647 1649
  sup 1664 1667
  sup 1671 1674
  br 1677 1679
  th 1692 1694
  th 1709 1711
  br 1736 1738
  sup 1742 1745
  sup 1750 1753
  sup 1759 1762
  sup 1766 1769
  sup 1775 1778
  sup 1782 1785
  th 1788 1790
  th 1805 1807
  th 1829 1831
  th 1871 1873
  th 1899 1901
  th 1916 1918
  th 1948 1950
  th 1965 1967
  th 1991 1993
  tr 2005 2007
  thead 2015 2020
  tbody 2028 2033
  tr 2085 2087
  td 2106 2108
  td 2133 2135
  td 2154 2156
  td 2175 2177
  td 2299 2301
  td 2324 2326
  td 2349 2351
  td 2374 2376
  td 2399 2401
  td 2425 2427
  td 2450 2452
  td 2933 2935
  td 3053 3055
  td 3080 3082
  td 3110 3112
  td 3191 3193
  td 3221 3223
  td 3302 3304
  td 3332 3334
  td 3358 3360
  td 3388 3390
  td 3418 3420
  td 3544 3546
  td 3578 3580
  td 3603 3605
  td 4213 4215
  td 4238 4240
  td 4286 4288
  tr 4332 4334
  tr 4978 4980
  td 4995 4997
  strong 5030 5036
  strong 5065 5071
  td 5074 5076
  td 5091 5093
  strong 5125 5131
  strong 5150 5156
  td 5159 5161
  td 5207 5209
  strong 5223 5229
  td 5282 5284
  td 5328 5330
  strong 5344 5350
  td 5404 5406
  tr 5448 5450
  tbody 5458 5463
  table 5467 5472
  script 5525 5531
  script 6325 6331
Invalid Selector
$sr- 4748
  script 54 60
  script 113 119
  script 122 128
  script 181 187
  table 191 196
  tbody 250 255
  tr 266 268
  td 283 285
  strong 287 293
  strong 300 306
  td 343 345
  td 418 420
  strong 422 428
  strong 450 456
  td 477 479
  td 494 496
  strong 498 504
  strong 514 520
  td 557 559
  tr 571 573
  tr 584 586
  td 601 603
  strong 605 611
  strong 636 642
  td 700 702
  td 717 719
  strong 721 727
  strong 747 753
  td 772 774
  td 789 791
  strong 793 799
  strong 806 812
  td 949 951
  tr 963 965
  tbody 974 979
  table 983 988
  table 993 998
  thead 1139 1144
  tr 1155 1157
  th 1172 1174
  th 1191 1193
  th 1208 1210
  th 1233 1235
  th 1250 1252
  br 1269 1271
  th 1278 1280
  th 1295 1297
  br 1314 1316
  th 1323 1325
  th 1340 1342
  br 1363 1365
  th 1372 1374
  th 1389 1391
  br 1418 1420
  th 1423 1425
  th 1510 1512
  br 1532 1534
  sup 1544 1547
  sup 1551 1554
  th 1567 1569
  th 1584 1586
  sup 1601 1604
  sup 1609 1612
  br 1615 1617
  th 1630 1632
  th 1647 1649
  sup 1664 1667
  sup 1671 1674
  br 1677 1679
  th 1692 1694
  th 1709 1711
  br 1736 1738
  sup 1742 1745
  sup 1750 1753
  sup 1759 1762
  sup 1766 1769
  sup 1775 1778
  sup 1782 1785
  th 1788 1790
  th 1805 1807
  th 1829 1831
  th 1871 1873
  th 1899 1901
  th 1916 1918
  th 1948 1950
  th 1965 1967
  th 1991 1993
  tr 2005 2007
  thead 2015 2020
  tbody 2028 2033
  tr 2085 2087
  td 2106 2108
  td 2133 2135
  td 2154 2156
  td 2175 2177
  td 2299 2301
  td 2324 2326
  td 2349 2351
  td 2374 2376
  td 2399 2401
  td 2425 2427
  td 2450 2452
  td 2933 2935
  td 3053 3055
  td 3080 3082
  td 3110 3112
  td 3191 3193
  td 3221 3223
  td 3302 3304
  td 3332 3334
  td 3358 3360
  td 3388 3390
  td 3418 3420
  td 3544 3546
  td 3578 3580
  td 3603 3605
  td 4213 4215
  td 4238 4240
  td 4286 4288
  tr 4332 4334
  tr 5002 5004
  td 5019 5021
  strong 5054 5060
  strong 5089 5095
  td 5098 5100
  td 5115 5117
  strong 5149 5155
  strong 5174 5180
  td 5183 5185
  td 5231 5233
  strong 5247 5253
  td 5306 5308
  td 5352 5354
  strong 5368 5374
  td 5428 5430
  tr 5472 5474
  tbody 5482 5487
  table 5491 5496
  script 5549 5555
  script 6349 6355
Invalid Selector
$sr->user- 4748
  script 54 60
  script 113 119
  script 122 128
  script 181 187
  table 191 196
  tbody 250 255
  tr 266 268
  td 283 285
  strong 287 293
  strong 300 306
  td 343 345
  td 418 420
  strong 422 428
  strong 450 456
  td 477 479
  td 494 496
  strong 498 504
  strong 514 520
  td 557 559
  tr 571 573
  tr 584 586
  td 601 603
  strong 605 611
  strong 636 642
  td 700 702
  td 717 719
  strong 721 727
  strong 747 753
  td 772 774
  td 789 791
  strong 793 799
  strong 806 812
  td 949 951
  tr 963 965
  tbody 974 979
  table 983 988
  table 993 998
  thead 1139 1144
  tr 1155 1157
  th 1172 1174
  th 1191 1193
  th 1208 1210
  th 1233 1235
  th 1250 1252
  br 1269 1271
  th 1278 1280
  th 1295 1297
  br 1314 1316
  th 1323 1325
  th 1340 1342
  br 1363 1365
  th 1372 1374
  th 1389 1391
  br 1418 1420
  th 1423 1425
  th 1510 1512
  br 1532 1534
  sup 1544 1547
  sup 1551 1554
  th 1567 1569
  th 1584 1586
  sup 1601 1604
  sup 1609 1612
  br 1615 1617
  th 1630 1632
  th 1647 1649
  sup 1664 1667
  sup 1671 1674
  br 1677 1679
  th 1692 1694
  th 1709 1711
  br 1736 1738
  sup 1742 1745
  sup 1750 1753
  sup 1759 1762
  sup 1766 1769
  sup 1775 1778
  sup 1782 1785
  th 1788 1790
  th 1805 1807
  th 1829 1831
  th 1871 1873
  th 1899 1901
  th 1916 1918
  th 1948 1950
  th 1965 1967
  th 1991 1993
  tr 2005 2007
  thead 2015 2020
  tbody 2028 2033
  tr 2085 2087
  td 2106 2108
  td 2133 2135
  td 2154 2156
  td 2175 2177
  td 2299 2301
  td 2324 2326
  td 2349 2351
  td 2374 2376
  td 2399 2401
  td 2425 2427
  td 2450 2452
  td 2933 2935
  td 3053 3055
  td 3080 3082
  td 3110 3112
  td 3191 3193
  td 3221 3223
  td 3302 3304
  td 3332 3334
  td 3358 3360
  td 3388 3390
  td 3418 3420
  td 3544 3546
  td 3578 3580
  td 3603 3605
  td 4213 4215
  td 4238 4240
  td 4286 4288
  tr 4332 4334
  tr 5002 5004
  td 5019 5021
  strong 5054 5060
  strong 5089 5095
  td 5098 5100
  td 5115 5117
  strong 5149 5155
  strong 5174 5180
  td 5183 5185
  td 5231 5233
  strong 5247 5253
  td 5306 5308
  td 5352 5354
  strong 5368 5374
  td 5428 5430
  tr 5472 5474
  tbody 5482 5487
  table 5491 5496
  script 5549 5555
  script 6349 6355
Invalid Selector
$sr->user- 4748
  script 54 60
  script 113 119
  script 122 128
  script 181 187
  table 191 196
  tbody 250 255
  tr 266 268
  td 283 285
  strong 287 293
  strong 300 306
  td 343 345
  td 418 420
  strong 422 428
  strong 450 456
  td 477 479
  td 494 496
  strong 498 504
  strong 514 520
  td 557 559
  tr 571 573
  tr 584 586
  td 601 603
  strong 605 611
  strong 636 642
  td 700 702
  td 717 719
  strong 721 727
  strong 747 753
  td 772 774
  td 789 791
  strong 793 799
  strong 806 812
  td 949 951
  tr 963 965
  tbody 974 979
  table 983 988
  table 993 998
  thead 1139 1144
  tr 1155 1157
  th 1172 1174
  th 1191 1193
  th 1208 1210
  th 1233 1235
  th 1250 1252
  br 1269 1271
  th 1278 1280
  th 1295 1297
  br 1314 1316
  th 1323 1325
  th 1340 1342
  br 1363 1365
  th 1372 1374
  th 1389 1391
  br 1418 1420
  th 1423 1425
  th 1510 1512
  br 1532 1534
  sup 1544 1547
  sup 1551 1554
  th 1567 1569
  th 1584 1586
  sup 1601 1604
  sup 1609 1612
  br 1615 1617
  th 1630 1632
  th 1647 1649
  sup 1664 1667
  sup 1671 1674
  br 1677 1679
  th 1692 1694
  th 1709 1711
  br 1736 1738
  sup 1742 1745
  sup 1750 1753
  sup 1759 1762
  sup 1766 1769
  sup 1775 1778
  sup 1782 1785
  th 1788 1790
  th 1805 1807
  th 1829 1831
  th 1871 1873
  th 1899 1901
  th 1916 1918
  th 1948 1950
  th 1965 1967
  th 1991 1993
  tr 2005 2007
  thead 2015 2020
  tbody 2028 2033
  tr 2085 2087
  td 2106 2108
  td 2133 2135
  td 2154 2156
  td 2175 2177
  td 2299 2301
  td 2324 2326
  td 2349 2351
  td 2374 2376
  td 2399 2401
  td 2425 2427
  td 2450 2452
  td 2933 2935
  td 3053 3055
  td 3080 3082
  td 3110 3112
  td 3191 3193
  td 3221 3223
  td 3302 3304
  td 3332 3334
  td 3358 3360
  td 3388 3390
  td 3418 3420
  td 3544 3546
  td 3578 3580
  td 3603 3605
  td 4213 4215
  td 4238 4240
  td 4286 4288
  tr 4332 4334
  tr 5002 5004
  td 5019 5021
  strong 5054 5060
  strong 5089 5095
  td 5098 5100
  td 5115 5117
  strong 5149 5155
  strong 5174 5180
  td 5183 5185
  td 5231 5233
  strong 5247 5253
  td 5306 5308
  td 5352 5354
  strong 5368 5374
  td 5428 5430
  tr 5472 5474
  tbody 5482 5487
  table 5491 5496
  script 5549 5555
  script 6349 6355
Invalid Selector
$sr->user->id 4748
  script 54 60
  script 113 119
  script 122 128
  script 181 187
  table 191 196
  tbody 250 255
  tr 266 268
  td 283 285
  strong 287 293
  strong 300 306
  td 343 345
  td 418 420
  strong 422 428
  strong 450 456
  td 477 479
  td 494 496
  strong 498 504
  strong 514 520
  td 557 559
  tr 571 573
  tr 584 586
  td 601 603
  strong 605 611
  strong 636 642
  td 700 702
  td 717 719
  strong 721 727
  strong 747 753
  td 772 774
  td 789 791
  strong 793 799
  strong 806 812
  td 949 951
  tr 963 965
  tbody 974 979
  table 983 988
  table 993 998
  thead 1139 1144
  tr 1155 1157
  th 1172 1174
  th 1191 1193
  th 1208 1210
  th 1233 1235
  th 1250 1252
  br 1269 1271
  th 1278 1280
  th 1295 1297
  br 1314 1316
  th 1323 1325
  th 1340 1342
  br 1363 1365
  th 1372 1374
  th 1389 1391
  br 1418 1420
  th 1423 1425
  th 1510 1512
  br 1532 1534
  sup 1544 1547
  sup 1551 1554
  th 1567 1569
  th 1584 1586
  sup 1601 1604
  sup 1609 1612
  br 1615 1617
  th 1630 1632
  th 1647 1649
  sup 1664 1667
  sup 1671 1674
  br 1677 1679
  th 1692 1694
  th 1709 1711
  br 1736 1738
  sup 1742 1745
  sup 1750 1753
  sup 1759 1762
  sup 1766 1769
  sup 1775 1778
  sup 1782 1785
  th 1788 1790
  th 1805 1807
  th 1829 1831
  th 1871 1873
  th 1899 1901
  th 1916 1918
  th 1948 1950
  th 1965 1967
  th 1991 1993
  tr 2005 2007
  thead 2015 2020
  tbody 2028 2033
  tr 2085 2087
  td 2106 2108
  td 2133 2135
  td 2154 2156
  td 2175 2177
  td 2299 2301
  td 2324 2326
  td 2349 2351
  td 2374 2376
  td 2399 2401
  td 2425 2427
  td 2450 2452
  td 2933 2935
  td 3053 3055
  td 3080 3082
  td 3110 3112
  td 3191 3193
  td 3221 3223
  td 3302 3304
  td 3332 3334
  td 3358 3360
  td 3388 3390
  td 3418 3420
  td 3544 3546
  td 3578 3580
  td 3603 3605
  td 4213 4215
  td 4238 4240
  td 4286 4288
  tr 4332 4334
  tr 5002 5004
  td 5019 5021
  strong 5054 5060
  strong 5089 5095
  td 5098 5100
  td 5115 5117
  strong 5149 5155
  strong 5174 5180
  td 5183 5185
  td 5231 5233
  strong 5247 5253
  td 5306 5308
  td 5352 5354
  strong 5368 5374
  td 5428 5430
  tr 5472 5474
  tbody 5482 5487
  table 5491 5496
  script 5549 5555
  script 6349 6355
Invalid Selector
$total_eleve 4660
  script 54 60
  script 113 119
  script 122 128
  script 181 187
  table 191 196
  tbody 250 255
  tr 266 268
  td 283 285
  strong 287 293
  strong 300 306
  td 343 345
  td 418 420
  strong 422 428
  strong 450 456
  td 477 479
  td 494 496
  strong 498 504
  strong 514 520
  td 557 559
  tr 571 573
  tr 584 586
  td 601 603
  strong 605 611
  strong 636 642
  td 700 702
  td 717 719
  strong 721 727
  strong 747 753
  td 772 774
  td 789 791
  strong 793 799
  strong 806 812
  td 949 951
  tr 963 965
  tbody 974 979
  table 983 988
  table 993 998
  thead 1139 1144
  tr 1155 1157
  th 1172 1174
  th 1191 1193
  th 1208 1210
  th 1233 1235
  th 1250 1252
  br 1269 1271
  th 1278 1280
  th 1295 1297
  br 1314 1316
  th 1323 1325
  th 1340 1342
  br 1363 1365
  th 1372 1374
  th 1389 1391
  br 1418 1420
  th 1423 1425
  th 1510 1512
  br 1532 1534
  sup 1544 1547
  sup 1551 1554
  th 1567 1569
  th 1584 1586
  sup 1601 1604
  sup 1609 1612
  br 1615 1617
  th 1630 1632
  th 1647 1649
  sup 1664 1667
  sup 1671 1674
  br 1677 1679
  th 1692 1694
  th 1709 1711
  br 1736 1738
  sup 1742 1745
  sup 1750 1753
  sup 1759 1762
  sup 1766 1769
  sup 1775 1778
  sup 1782 1785
  th 1788 1790
  th 1805 1807
  th 1829 1831
  th 1871 1873
  th 1899 1901
  th 1916 1918
  th 1948 1950
  th 1965 1967
  th 1991 1993
  tr 2005 2007
  thead 2015 2020
  tbody 2028 2033
  tr 2085 2087
  td 2106 2108
  td 2133 2135
  td 2154 2156
  td 2175 2177
  td 2299 2301
  td 2324 2326
  td 2349 2351
  td 2374 2376
  td 2399 2401
  td 2425 2427
  td 2450 2452
  td 2933 2935
  td 3053 3055
  td 3080 3082
  td 3110 3112
  td 3191 3193
  td 3221 3223
  td 3302 3304
  td 3332 3334
  td 3358 3360
  td 3388 3390
  td 3418 3420
  td 3544 3546
  td 3578 3580
  td 3603 3605
  td 4213 4215
  td 4238 4240
  td 4286 4288
  tr 4332 4334
  tr 5002 5004
  td 5019 5021
  strong 5054 5060
  strong 5089 5095
  td 5098 5100
  td 5115 5117
  strong 5149 5155
  strong 5174 5180
  td 5183 5185
  td 5231 5233
  strong 5247 5253
  td 5306 5308
  td 5352 5354
  strong 5368 5374
  td 5428 5430
  tr 5472 5474
  tbody 5482 5487
  table 5491 5496
  script 5549 5555
  script 6349 6355
Invalid Selector
$total_eleve 4558
  script 54 60
  script 113 119
  script 122 128
  script 181 187
  table 191 196
  tbody 250 255
  tr 266 268
  td 283 285
  strong 287 293
  strong 300 306
  td 343 345
  td 418 420
  strong 422 428
  strong 450 456
  td 477 479
  td 494 496
  strong 498 504
  strong 514 520
  td 557 559
  tr 571 573
  tr 584 586
  td 601 603
  strong 605 611
  strong 636 642
  td 700 702
  td 717 719
  strong 721 727
  strong 747 753
  td 772 774
  td 789 791
  strong 793 799
  strong 806 812
  td 949 951
  tr 963 965
  tbody 974 979
  table 983 988
  table 993 998
  thead 1139 1144
  tr 1155 1157
  th 1172 1174
  th 1191 1193
  th 1208 1210
  th 1233 1235
  th 1250 1252
  br 1269 1271
  th 1278 1280
  th 1295 1297
  br 1314 1316
  th 1323 1325
  th 1340 1342
  br 1363 1365
  th 1372 1374
  th 1389 1391
  br 1418 1420
  th 1423 1425
  th 1510 1512
  br 1532 1534
  sup 1544 1547
  sup 1551 1554
  th 1567 1569
  th 1584 1586
  sup 1601 1604
  sup 1609 1612
  br 1615 1617
  th 1630 1632
  th 1647 1649
  sup 1664 1667
  sup 1671 1674
  br 1677 1679
  th 1692 1694
  th 1709 1711
  br 1736 1738
  sup 1742 1745
  sup 1750 1753
  sup 1759 1762
  sup 1766 1769
  sup 1775 1778
  sup 1782 1785
  th 1788 1790
  th 1805 1807
  th 1829 1831
  th 1871 1873
  th 1899 1901
  th 1916 1918
  th 1948 1950
  th 1965 1967
  th 1991 1993
  tr 2005 2007
  thead 2015 2020
  tbody 2028 2033
  tr 2085 2087
  td 2106 2108
  td 2133 2135
  td 2154 2156
  td 2175 2177
  td 2299 2301
  td 2324 2326
  td 2349 2351
  td 2374 2376
  td 2399 2401
  td 2425 2427
  td 2450 2452
  td 2933 2935
  td 3053 3055
  td 3080 3082
  td 3110 3112
  td 3191 3193
  td 3221 3223
  td 3302 3304
  td 3332 3334
  td 3358 3360
  td 3388 3390
  td 3418 3420
  td 3544 3546
  td 3578 3580
  td 3603 3605
  td 4213 4215
  td 4238 4240
  td 4286 4288
  tr 4332 4334
  tr 5002 5004
  td 5019 5021
  strong 5054 5060
  strong 5089 5095
  td 5098 5100
  td 5115 5117
  strong 5149 5155
  strong 5174 5180
  td 5183 5185
  td 5231 5233
  strong 5247 5253
  td 5306 5308
  td 5352 5354
  strong 5368 5374
  td 5428 5430
  tr 5472 5474
  tbody 5482 5487
  table 5491 5496
  script 5549 5555
  script 6349 6355
Invalid Selector
StudentRecord::where( 4573
  script 54 60
  script 113 119
  script 122 128
  script 181 187
  table 191 196
  tbody 250 255
  tr 266 268
  td 283 285
  strong 287 293
  strong 300 306
  td 343 345
  td 418 420
  strong 422 428
  strong 450 456
  td 477 479
  td 494 496
  strong 498 504
  strong 514 520
  td 557 559
  tr 571 573
  tr 584 586
  td 601 603
  strong 605 611
  strong 636 642
  td 700 702
  td 717 719
  strong 721 727
  strong 747 753
  td 772 774
  td 789 791
  strong 793 799
  strong 806 812
  td 949 951
  tr 963 965
  tbody 974 979
  table 983 988
  table 993 998
  thead 1139 1144
  tr 1155 1157
  th 1172 1174
  th 1191 1193
  th 1208 1210
  th 1233 1235
  th 1250 1252
  br 1269 1271
  th 1278 1280
  th 1295 1297
  br 1314 1316
  th 1323 1325
  th 1340 1342
  br 1363 1365
  th 1372 1374
  th 1389 1391
  br 1418 1420
  th 1423 1425
  th 1510 1512
  br 1532 1534
  sup 1544 1547
  sup 1551 1554
  th 1567 1569
  th 1584 1586
  sup 1601 1604
  sup 1609 1612
  br 1615 1617
  th 1630 1632
  th 1647 1649
  sup 1664 1667
  sup 1671 1674
  br 1677 1679
  th 1692 1694
  th 1709 1711
  br 1736 1738
  sup 1742 1745
  sup 1750 1753
  sup 1759 1762
  sup 1766 1769
  sup 1775 1778
  sup 1782 1785
  th 1788 1790
  th 1805 1807
  th 1829 1831
  th 1871 1873
  th 1899 1901
  th 1916 1918
  th 1948 1950
  th 1965 1967
  th 1991 1993
  tr 2005 2007
  thead 2015 2020
  tbody 2028 2033
  tr 2085 2087
  td 2106 2108
  td 2133 2135
  td 2154 2156
  td 2175 2177
  td 2299 2301
  td 2324 2326
  td 2349 2351
  td 2374 2376
  td 2399 2401
  td 2425 2427
  td 2450 2452
  td 2933 2935
  td 3053 3055
  td 3080 3082
  td 3110 3112
  td 3191 3193
  td 3221 3223
  td 3302 3304
  td 3332 3334
  td 3358 3360
  td 3388 3390
  td 3418 3420
  td 3544 3546
  td 3578 3580
  td 3603 3605
  td 4213 4215
  td 4238 4240
  td 4286 4288
  tr 4332 4334
  tr 5002 5004
  td 5019 5021
  strong 5054 5060
  strong 5089 5095
  td 5098 5100
  td 5115 5117
  strong 5149 5155
  strong 5174 5180
  td 5183 5185
  td 5231 5233
  strong 5247 5253
  td 5306 5308
  td 5352 5354
  strong 5368 5374
  td 5428 5430
  tr 5472 5474
  tbody 5482 5487
  table 5491 5496
  script 5549 5555
  script 6349 6355
Invalid Selector
StudentRecord::where( 4586
  script 54 60
  script 113 119
  script 122 128
  script 181 187
  table 191 196
  tbody 250 255
  tr 266 268
  td 283 285
  strong 287 293
  strong 300 306
  td 343 345
  td 418 420
  strong 422 428
  strong 450 456
  td 477 479
  td 494 496
  strong 498 504
  strong 514 520
  td 557 559
  tr 571 573
  tr 584 586
  td 601 603
  strong 605 611
  strong 636 642
  td 700 702
  td 717 719
  strong 721 727
  strong 747 753
  td 772 774
  td 789 791
  strong 793 799
  strong 806 812
  td 949 951
  tr 963 965
  tbody 974 979
  table 983 988
  table 993 998
  thead 1139 1144
  tr 1155 1157
  th 1172 1174
  th 1191 1193
  th 1208 1210
  th 1233 1235
  th 1250 1252
  br 1269 1271
  th 1278 1280
  th 1295 1297
  br 1314 1316
  th 1323 1325
  th 1340 1342
  br 1363 1365
  th 1372 1374
  th 1389 1391
  br 1418 1420
  th 1423 1425
  th 1510 1512
  br 1532 1534
  sup 1544 1547
  sup 1551 1554
  th 1567 1569
  th 1584 1586
  sup 1601 1604
  sup 1609 1612
  br 1615 1617
  th 1630 1632
  th 1647 1649
  sup 1664 1667
  sup 1671 1674
  br 1677 1679
  th 1692 1694
  th 1709 1711
  br 1736 1738
  sup 1742 1745
  sup 1750 1753
  sup 1759 1762
  sup 1766 1769
  sup 1775 1778
  sup 1782 1785
  th 1788 1790
  th 1805 1807
  th 1829 1831
  th 1871 1873
  th 1899 1901
  th 1916 1918
  th 1948 1950
  th 1965 1967
  th 1991 1993
  tr 2005 2007
  thead 2015 2020
  tbody 2028 2033
  tr 2085 2087
  td 2106 2108
  td 2133 2135
  td 2154 2156
  td 2175 2177
  td 2299 2301
  td 2324 2326
  td 2349 2351
  td 2374 2376
  td 2399 2401
  td 2425 2427
  td 2450 2452
  td 2933 2935
  td 3053 3055
  td 3080 3082
  td 3110 3112
  td 3191 3193
  td 3221 3223
  td 3302 3304
  td 3332 3334
  td 3358 3360
  td 3388 3390
  td 3418 3420
  td 3544 3546
  td 3578 3580
  td 3603 3605
  td 4213 4215
  td 4238 4240
  td 4286 4288
  tr 4332 4334
  tr 5015 5017
  td 5032 5034
  strong 5067 5073
  strong 5102 5108
  td 5111 5113
  td 5128 5130
  strong 5162 5168
  strong 5187 5193
  td 5196 5198
  td 5244 5246
  strong 5260 5266
  td 5319 5321
  td 5365 5367
  strong 5381 5387
  td 5441 5443
  tr 5485 5487
  tbody 5495 5500
  table 5504 5509
  script 5562 5568
  script 6362 6368
Invalid Selector
StudentRecord::where( 4688
  script 54 60
  script 113 119
  script 122 128
  script 181 187
  table 191 196
  tbody 250 255
  tr 266 268
  td 283 285
  strong 287 293
  strong 300 306
  td 343 345
  td 418 420
  strong 422 428
  strong 450 456
  td 477 479
  td 494 496
  strong 498 504
  strong 514 520
  td 557 559
  tr 571 573
  tr 584 586
  td 601 603
  strong 605 611
  strong 636 642
  td 700 702
  td 717 719
  strong 721 727
  strong 747 753
  td 772 774
  td 789 791
  strong 793 799
  strong 806 812
  td 949 951
  tr 963 965
  tbody 974 979
  table 983 988
  table 993 998
  thead 1139 1144
  tr 1155 1157
  th 1172 1174
  th 1191 1193
  th 1208 1210
  th 1233 1235
  th 1250 1252
  br 1269 1271
  th 1278 1280
  th 1295 1297
  br 1314 1316
  th 1323 1325
  th 1340 1342
  br 1363 1365
  th 1372 1374
  th 1389 1391
  br 1418 1420
  th 1423 1425
  th 1510 1512
  br 1532 1534
  sup 1544 1547
  sup 1551 1554
  th 1567 1569
  th 1584 1586
  sup 1601 1604
  sup 1609 1612
  br 1615 1617
  th 1630 1632
  th 1647 1649
  sup 1664 1667
  sup 1671 1674
  br 1677 1679
  th 1692 1694
  th 1709 1711
  br 1736 1738
  sup 1742 1745
  sup 1750 1753
  sup 1759 1762
  sup 1766 1769
  sup 1775 1778
  sup 1782 1785
  th 1788 1790
  th 1805 1807
  th 1829 1831
  th 1871 1873
  th 1899 1901
  th 1916 1918
  th 1948 1950
  th 1965 1967
  th 1991 1993
  tr 2005 2007
  thead 2015 2020
  tbody 2028 2033
  tr 2085 2087
  td 2106 2108
  td 2133 2135
  td 2154 2156
  td 2175 2177
  td 2299 2301
  td 2324 2326
  td 2349 2351
  td 2374 2376
  td 2399 2401
  td 2425 2427
  td 2450 2452
  td 2933 2935
  td 3053 3055
  td 3080 3082
  td 3110 3112
  td 3191 3193
  td 3221 3223
  td 3302 3304
  td 3332 3334
  td 3358 3360
  td 3388 3390
  td 3418 3420
  td 3544 3546
  td 3578 3580
  td 3603 3605
  td 4213 4215
  td 4238 4240
  td 4286 4288
  tr 4332 4334
  tr 5015 5017
  td 5032 5034
  strong 5067 5073
  strong 5102 5108
  td 5111 5113
  td 5128 5130
  strong 5162 5168
  strong 5187 5193
  td 5196 5198
  td 5244 5246
  strong 5260 5266
  td 5319 5321
  td 5365 5367
  strong 5381 5387
  td 5441 5443
  tr 5485 5487
  tbody 5495 5500
  table 5504 5509
  script 5562 5568
  script 6362 6368
Invalid Selector
dd($rang- 4997
  script 54 60
  script 113 119
  script 122 128
  script 181 187
  table 191 196
  tbody 250 255
  tr 266 268
  td 283 285
  strong 287 293
  strong 300 306
  td 343 345
  td 418 420
  strong 422 428
  strong 450 456
  td 477 479
  td 494 496
  strong 498 504
  strong 514 520
  td 557 559
  tr 571 573
  tr 584 586
  td 601 603
  strong 605 611
  strong 636 642
  td 700 702
  td 717 719
  strong 721 727
  strong 747 753
  td 772 774
  td 789 791
  strong 793 799
  strong 806 812
  td 949 951
  tr 963 965
  tbody 974 979
  table 983 988
  table 993 998
  thead 1139 1144
  tr 1155 1157
  th 1172 1174
  th 1191 1193
  th 1208 1210
  th 1233 1235
  th 1250 1252
  br 1269 1271
  th 1278 1280
  th 1295 1297
  br 1314 1316
  th 1323 1325
  th 1340 1342
  br 1363 1365
  th 1372 1374
  th 1389 1391
  br 1418 1420
  th 1423 1425
  th 1510 1512
  br 1532 1534
  sup 1544 1547
  sup 1551 1554
  th 1567 1569
  th 1584 1586
  sup 1601 1604
  sup 1609 1612
  br 1615 1617
  th 1630 1632
  th 1647 1649
  sup 1664 1667
  sup 1671 1674
  br 1677 1679
  th 1692 1694
  th 1709 1711
  br 1736 1738
  sup 1742 1745
  sup 1750 1753
  sup 1759 1762
  sup 1766 1769
  sup 1775 1778
  sup 1782 1785
  th 1788 1790
  th 1805 1807
  th 1829 1831
  th 1871 1873
  th 1899 1901
  th 1916 1918
  th 1948 1950
  th 1965 1967
  th 1991 1993
  tr 2005 2007
  thead 2015 2020
  tbody 2028 2033
  tr 2085 2087
  td 2106 2108
  td 2133 2135
  td 2154 2156
  td 2175 2177
  td 2299 2301
  td 2324 2326
  td 2349 2351
  td 2374 2376
  td 2399 2401
  td 2425 2427
  td 2450 2452
  td 2933 2935
  td 3053 3055
  td 3080 3082
  td 3110 3112
  td 3191 3193
  td 3221 3223
  td 3302 3304
  td 3332 3334
  td 3358 3360
  td 3388 3390
  td 3418 3420
  td 3544 3546
  td 3578 3580
  td 3603 3605
  td 4213 4215
  td 4238 4240
  td 4286 4288
  tr 4332 4334
  tr 5039 5041
  td 5056 5058
  strong 5091 5097
  strong 5126 5132
  td 5135 5137
  td 5152 5154
  strong 5186 5192
  strong 5211 5217
  td 5220 5222
  td 5268 5270
  strong 5284 5290
  td 5343 5345
  td 5389 5391
  strong 5405 5411
  td 5465 5467
  tr 5509 5511
  tbody 5519 5524
  table 5528 5533
  script 5586 5592
  script 6386 6392
Invalid Selector
$sr->user- 4542
  script 54 60
  script 113 119
  script 122 128
  script 181 187
  table 191 196
  tbody 250 255
  tr 266 268
  td 283 285
  strong 287 293
  strong 300 306
  td 343 345
  td 418 420
  strong 422 428
  strong 450 456
  td 477 479
  td 494 496
  strong 498 504
  strong 514 520
  td 557 559
  tr 571 573
  tr 584 586
  td 601 603
  strong 605 611
  strong 636 642
  td 700 702
  td 717 719
  strong 721 727
  strong 747 753
  td 772 774
  td 789 791
  strong 793 799
  strong 806 812
  td 949 951
  tr 963 965
  tbody 974 979
  table 983 988
  table 993 998
  thead 1139 1144
  tr 1155 1157
  th 1172 1174
  th 1191 1193
  th 1208 1210
  th 1233 1235
  th 1250 1252
  br 1269 1271
  th 1278 1280
  th 1295 1297
  br 1314 1316
  th 1323 1325
  th 1340 1342
  br 1363 1365
  th 1372 1374
  th 1389 1391
  br 1418 1420
  th 1423 1425
  th 1510 1512
  br 1532 1534
  sup 1544 1547
  sup 1551 1554
  th 1567 1569
  th 1584 1586
  sup 1601 1604
  sup 1609 1612
  br 1615 1617
  th 1630 1632
  th 1647 1649
  sup 1664 1667
  sup 1671 1674
  br 1677 1679
  th 1692 1694
  th 1709 1711
  br 1736 1738
  sup 1742 1745
  sup 1750 1753
  sup 1759 1762
  sup 1766 1769
  sup 1775 1778
  sup 1782 1785
  th 1788 1790
  th 1805 1807
  th 1829 1831
  th 1871 1873
  th 1899 1901
  th 1916 1918
  th 1948 1950
  th 1965 1967
  th 1991 1993
  tr 2005 2007
  thead 2015 2020
  tbody 2028 2033
  tr 2085 2087
  td 2106 2108
  td 2133 2135
  td 2154 2156
  td 2175 2177
  td 2299 2301
  td 2324 2326
  td 2349 2351
  td 2374 2376
  td 2399 2401
  td 2425 2427
  td 2450 2452
  td 2933 2935
  td 3053 3055
  td 3080 3082
  td 3110 3112
  td 3191 3193
  td 3221 3223
  td 3302 3304
  td 3332 3334
  td 3358 3360
  td 3388 3390
  td 3418 3420
  td 3544 3546
  td 3578 3580
  td 3603 3605
  td 4213 4215
  td 4238 4240
  td 4286 4288
  tr 4332 4334
  tr 5041 5043
  td 5058 5060
  strong 5093 5099
  strong 5128 5134
  td 5137 5139
  td 5154 5156
  strong 5188 5194
  strong 5213 5219
  td 5222 5224
  td 5270 5272
  strong 5286 5292
  td 5345 5347
  td 5391 5393
  strong 5407 5413
  td 5467 5469
  tr 5511 5513
  tbody 5521 5526
  table 5530 5535
  script 5588 5594
  script 6388 6394
Invalid Selector
App\Models\StudentRecord; 4441
  script 54 60
  script 113 119
  script 122 128
  script 181 187
  table 191 196
  tbody 250 255
  tr 266 268
  td 283 285
  strong 287 293
  strong 300 306
  td 343 345
  td 418 420
  strong 422 428
  strong 450 456
  td 477 479
  td 494 496
  strong 498 504
  strong 514 520
  td 557 559
  tr 571 573
  tr 584 586
  td 601 603
  strong 605 611
  strong 636 642
  td 700 702
  td 717 719
  strong 721 727
  strong 747 753
  td 772 774
  td 789 791
  strong 793 799
  strong 806 812
  td 949 951
  tr 963 965
  tbody 974 979
  table 983 988
  table 993 998
  thead 1139 1144
  tr 1155 1157
  th 1172 1174
  th 1191 1193
  th 1208 1210
  th 1233 1235
  th 1250 1252
  br 1269 1271
  th 1278 1280
  th 1295 1297
  br 1314 1316
  th 1323 1325
  th 1340 1342
  br 1363 1365
  th 1372 1374
  th 1389 1391
  br 1418 1420
  th 1423 1425
  th 1510 1512
  br 1532 1534
  sup 1544 1547
  sup 1551 1554
  th 1567 1569
  th 1584 1586
  sup 1601 1604
  sup 1609 1612
  br 1615 1617
  th 1630 1632
  th 1647 1649
  sup 1664 1667
  sup 1671 1674
  br 1677 1679
  th 1692 1694
  th 1709 1711
  br 1736 1738
  sup 1742 1745
  sup 1750 1753
  sup 1759 1762
  sup 1766 1769
  sup 1775 1778
  sup 1782 1785
  th 1788 1790
  th 1805 1807
  th 1829 1831
  th 1871 1873
  th 1899 1901
  th 1916 1918
  th 1948 1950
  th 1965 1967
  th 1991 1993
  tr 2005 2007
  thead 2015 2020
  tbody 2028 2033
  tr 2085 2087
  td 2106 2108
  td 2133 2135
  td 2154 2156
  td 2175 2177
  td 2299 2301
  td 2324 2326
  td 2349 2351
  td 2374 2376
  td 2399 2401
  td 2425 2427
  td 2450 2452
  td 2933 2935
  td 3053 3055
  td 3080 3082
  td 3110 3112
  td 3191 3193
  td 3221 3223
  td 3302 3304
  td 3332 3334
  td 3358 3360
  td 3388 3390
  td 3418 3420
  td 3544 3546
  td 3578 3580
  td 3603 3605
  td 4213 4215
  td 4238 4240
  td 4286 4288
  tr 4332 4334
  tr 5041 5043
  td 5058 5060
  strong 5093 5099
  strong 5128 5134
  td 5137 5139
  td 5154 5156
  strong 5188 5194
  strong 5213 5219
  td 5222 5224
  td 5270 5272
  strong 5286 5292
  td 5345 5347
  td 5391 5393
  strong 5407 5413
  td 5467 5469
  tr 5511 5513
  tbody 5521 5526
  table 5530 5535
  script 5588 5594
  script 6388 6394
Invalid Selector
TOTAL 4371
  script 54 60
  script 113 119
  script 122 128
  script 181 187
  table 191 196
  tbody 250 255
  tr 266 268
  td 283 285
  strong 287 293
  strong 300 306
  td 343 345
  td 418 420
  strong 422 428
  strong 450 456
  td 477 479
  td 494 496
  strong 498 504
  strong 514 520
  td 557 559
  tr 571 573
  tr 584 586
  td 601 603
  strong 605 611
  strong 636 642
  td 700 702
  td 717 719
  strong 721 727
  strong 747 753
  td 772 774
  td 789 791
  strong 793 799
  strong 806 812
  td 949 951
  tr 963 965
  tbody 974 979
  table 983 988
  table 993 998
  thead 1139 1144
  tr 1155 1157
  th 1172 1174
  th 1191 1193
  th 1208 1210
  th 1233 1235
  th 1250 1252
  br 1269 1271
  th 1278 1280
  th 1295 1297
  br 1314 1316
  th 1323 1325
  th 1340 1342
  br 1363 1365
  th 1372 1374
  th 1389 1391
  br 1418 1420
  th 1423 1425
  th 1510 1512
  br 1532 1534
  sup 1544 1547
  sup 1551 1554
  th 1567 1569
  th 1584 1586
  sup 1601 1604
  sup 1609 1612
  br 1615 1617
  th 1630 1632
  th 1647 1649
  sup 1664 1667
  sup 1671 1674
  br 1677 1679
  th 1692 1694
  th 1709 1711
  br 1736 1738
  sup 1742 1745
  sup 1750 1753
  sup 1759 1762
  sup 1766 1769
  sup 1775 1778
  sup 1782 1785
  th 1788 1790
  th 1805 1807
  th 1829 1831
  th 1871 1873
  th 1899 1901
  th 1916 1918
  th 1948 1950
  th 1965 1967
  th 1991 1993
  tr 2005 2007
  thead 2015 2020
  tbody 2028 2033
  tr 2085 2087
  td 2106 2108
  td 2133 2135
  td 2154 2156
  td 2175 2177
  td 2299 2301
  td 2324 2326
  td 2349 2351
  td 2374 2376
  td 2399 2401
  td 2425 2427
  td 2450 2452
  td 2933 2935
  td 3053 3055
  td 3080 3082
  td 3110 3112
  td 3191 3193
  td 3221 3223
  td 3302 3304
  td 3332 3334
  td 3358 3360
  td 3388 3390
  td 3418 3420
  td 3544 3546
  td 3578 3580
  td 3603 3605
  td 4213 4215
  td 4238 4240
  td 4286 4288
  tr 4332 4334
  tr 5041 5043
  td 5058 5060
  strong 5093 5099
  strong 5128 5134
  td 5137 5139
  td 5154 5156
  strong 5188 5194
  strong 5213 5219
  td 5222 5224
  td 5270 5272
  strong 5286 5292
  td 5345 5347
  td 5391 5393
  strong 5407 5413
  td 5467 5469
  tr 5511 5513
  tbody 5521 5526
  table 5530 5535
  script 5588 5594
  script 6388 6394
Invalid Selector
@php 4407
  script 54 60
  script 113 119
  script 122 128
  script 181 187
  table 191 196
  tbody 250 255
  tr 266 268
  td 283 285
  strong 287 293
  strong 300 306
  td 343 345
  td 418 420
  strong 422 428
  strong 450 456
  td 477 479
  td 494 496
  strong 498 504
  strong 514 520
  td 557 559
  tr 571 573
  tr 584 586
  td 601 603
  strong 605 611
  strong 636 642
  td 700 702
  td 717 719
  strong 721 727
  strong 747 753
  td 772 774
  td 789 791
  strong 793 799
  strong 806 812
  td 949 951
  tr 963 965
  tbody 974 979
  table 983 988
  table 993 998
  thead 1139 1144
  tr 1155 1157
  th 1172 1174
  th 1191 1193
  th 1208 1210
  th 1233 1235
  th 1250 1252
  br 1269 1271
  th 1278 1280
  th 1295 1297
  br 1314 1316
  th 1323 1325
  th 1340 1342
  br 1363 1365
  th 1372 1374
  th 1389 1391
  br 1418 1420
  th 1423 1425
  th 1510 1512
  br 1532 1534
  sup 1544 1547
  sup 1551 1554
  th 1567 1569
  th 1584 1586
  sup 1601 1604
  sup 1609 1612
  br 1615 1617
  th 1630 1632
  th 1647 1649
  sup 1664 1667
  sup 1671 1674
  br 1677 1679
  th 1692 1694
  th 1709 1711
  br 1736 1738
  sup 1742 1745
  sup 1750 1753
  sup 1759 1762
  sup 1766 1769
  sup 1775 1778
  sup 1782 1785
  th 1788 1790
  th 1805 1807
  th 1829 1831
  th 1871 1873
  th 1899 1901
  th 1916 1918
  th 1948 1950
  th 1965 1967
  th 1991 1993
  tr 2005 2007
  thead 2015 2020
  tbody 2028 2033
  tr 2085 2087
  td 2106 2108
  td 2133 2135
  td 2154 2156
  td 2175 2177
  td 2299 2301
  td 2324 2326
  td 2349 2351
  td 2374 2376
  td 2399 2401
  td 2425 2427
  td 2450 2452
  td 2933 2935
  td 3053 3055
  td 3080 3082
  td 3110 3112
  td 3191 3193
  td 3221 3223
  td 3302 3304
  td 3332 3334
  td 3358 3360
  td 3388 3390
  td 3418 3420
  td 3544 3546
  td 3578 3580
  td 3603 3605
  td 4213 4215
  td 4238 4240
  td 4286 4288
  tr 4332 4334
  tr 5041 5043
  td 5058 5060
  strong 5093 5099
  strong 5128 5134
  td 5137 5139
  td 5154 5156
  strong 5188 5194
  strong 5213 5219
  td 5222 5224
  td 5270 5272
  strong 5286 5292
  td 5345 5347
  td 5391 5393
  strong 5407 5413
  td 5467 5469
  tr 5511 5513
  tbody 5521 5526
  table 5530 5535
  script 5588 5594
  script 6388 6394
Invalid Selector
dd($total_eleve); 4813
  script 54 60
  script 113 119
  script 122 128
  script 181 187
  table 191 196
  tbody 250 255
  tr 266 268
  td 283 285
  strong 287 293
  strong 300 306
  td 343 345
  td 418 420
  strong 422 428
  strong 450 456
  td 477 479
  td 494 496
  strong 498 504
  strong 514 520
  td 557 559
  tr 571 573
  tr 584 586
  td 601 603
  strong 605 611
  strong 636 642
  td 700 702
  td 717 719
  strong 721 727
  strong 747 753
  td 772 774
  td 789 791
  strong 793 799
  strong 806 812
  td 949 951
  tr 963 965
  tbody 974 979
  table 983 988
  table 993 998
  thead 1139 1144
  tr 1155 1157
  th 1172 1174
  th 1191 1193
  th 1208 1210
  th 1233 1235
  th 1250 1252
  br 1269 1271
  th 1278 1280
  th 1295 1297
  br 1314 1316
  th 1323 1325
  th 1340 1342
  br 1363 1365
  th 1372 1374
  th 1389 1391
  br 1418 1420
  th 1423 1425
  th 1510 1512
  br 1532 1534
  sup 1544 1547
  sup 1551 1554
  th 1567 1569
  th 1584 1586
  sup 1601 1604
  sup 1609 1612
  br 1615 1617
  th 1630 1632
  th 1647 1649
  sup 1664 1667
  sup 1671 1674
  br 1677 1679
  th 1692 1694
  th 1709 1711
  br 1736 1738
  sup 1742 1745
  sup 1750 1753
  sup 1759 1762
  sup 1766 1769
  sup 1775 1778
  sup 1782 1785
  th 1788 1790
  th 1805 1807
  th 1829 1831
  th 1871 1873
  th 1899 1901
  th 1916 1918
  th 1948 1950
  th 1965 1967
  th 1991 1993
  tr 2005 2007
  thead 2015 2020
  tbody 2028 2033
  tr 2085 2087
  td 2106 2108
  td 2133 2135
  td 2154 2156
  td 2175 2177
  td 2299 2301
  td 2324 2326
  td 2349 2351
  td 2374 2376
  td 2399 2401
  td 2425 2427
  td 2450 2452
  td 2933 2935
  td 3053 3055
  td 3080 3082
  td 3110 3112
  td 3191 3193
  td 3221 3223
  td 3302 3304
  td 3332 3334
  td 3358 3360
  td 3388 3390
  td 3418 3420
  td 3544 3546
  td 3578 3580
  td 3603 3605
  td 4213 4215
  td 4238 4240
  td 4286 4288
  tr 4332 4334
  tr 5041 5043
  td 5058 5060
  strong 5093 5099
  strong 5128 5134
  td 5137 5139
  td 5154 5156
  strong 5188 5194
  strong 5213 5219
  td 5222 5224
  td 5270 5272
  strong 5286 5292
  td 5345 5347
  td 5391 5393
  strong 5407 5413
  td 5467 5469
  tr 5511 5513
  tbody 5521 5526
  table 5530 5535
  script 5588 5594
  script 6388 6394
Invalid Selector
dd($rang- 4999
  script 54 60
  script 113 119
  script 122 128
  script 181 187
  table 191 196
  tbody 250 255
  tr 266 268
  td 283 285
  strong 287 293
  strong 300 306
  td 343 345
  td 418 420
  strong 422 428
  strong 450 456
  td 477 479
  td 494 496
  strong 498 504
  strong 514 520
  td 557 559
  tr 571 573
  tr 584 586
  td 601 603
  strong 605 611
  strong 636 642
  td 700 702
  td 717 719
  strong 721 727
  strong 747 753
  td 772 774
  td 789 791
  strong 793 799
  strong 806 812
  td 949 951
  tr 963 965
  tbody 974 979
  table 983 988
  table 993 998
  thead 1139 1144
  tr 1155 1157
  th 1172 1174
  th 1191 1193
  th 1208 1210
  th 1233 1235
  th 1250 1252
  br 1269 1271
  th 1278 1280
  th 1295 1297
  br 1314 1316
  th 1323 1325
  th 1340 1342
  br 1363 1365
  th 1372 1374
  th 1389 1391
  br 1418 1420
  th 1423 1425
  th 1510 1512
  br 1532 1534
  sup 1544 1547
  sup 1551 1554
  th 1567 1569
  th 1584 1586
  sup 1601 1604
  sup 1609 1612
  br 1615 1617
  th 1630 1632
  th 1647 1649
  sup 1664 1667
  sup 1671 1674
  br 1677 1679
  th 1692 1694
  th 1709 1711
  br 1736 1738
  sup 1742 1745
  sup 1750 1753
  sup 1759 1762
  sup 1766 1769
  sup 1775 1778
  sup 1782 1785
  th 1788 1790
  th 1805 1807
  th 1829 1831
  th 1871 1873
  th 1899 1901
  th 1916 1918
  th 1948 1950
  th 1965 1967
  th 1991 1993
  tr 2005 2007
  thead 2015 2020
  tbody 2028 2033
  tr 2085 2087
  td 2106 2108
  td 2133 2135
  td 2154 2156
  td 2175 2177
  td 2299 2301
  td 2324 2326
  td 2349 2351
  td 2374 2376
  td 2399 2401
  td 2425 2427
  td 2450 2452
  td 2933 2935
  td 3053 3055
  td 3080 3082
  td 3110 3112
  td 3191 3193
  td 3221 3223
  td 3302 3304
  td 3332 3334
  td 3358 3360
  td 3388 3390
  td 3418 3420
  td 3544 3546
  td 3578 3580
  td 3603 3605
  td 4213 4215
  td 4238 4240
  td 4286 4288
  tr 4332 4334
  tr 5041 5043
  td 5058 5060
  strong 5093 5099
  strong 5128 5134
  td 5137 5139
  td 5154 5156
  strong 5188 5194
  strong 5213 5219
  td 5222 5224
  td 5270 5272
  strong 5286 5292
  td 5345 5347
  td 5391 5393
  strong 5407 5413
  td 5467 5469
  tr 5511 5513
  tbody 5521 5526
  table 5530 5535
  script 5588 5594
  script 6388 6394
Invalid Selector
strong 5188
  script 54 60
  script 113 119
  script 122 128
  script 181 187
  table 191 196
  tbody 250 255
  tr 266 268
  td 283 285
  strong 287 293
  strong 300 306
  td 343 345
  td 418 420
  strong 422 428
  strong 450 456
  td 477 479
  td 494 496
  strong 498 504
  strong 514 520
  td 557 559
  tr 571 573
  tr 584 586
  td 601 603
  strong 605 611
  strong 636 642
  td 700 702
  td 717 719
  strong 721 727
  strong 747 753
  td 772 774
  td 789 791
  strong 793 799
  strong 806 812
  td 949 951
  tr 963 965
  tbody 974 979
  table 983 988
  table 993 998
  thead 1139 1144
  tr 1155 1157
  th 1172 1174
  th 1191 1193
  th 1208 1210
  th 1233 1235
  th 1250 1252
  br 1269 1271
  th 1278 1280
  th 1295 1297
  br 1314 1316
  th 1323 1325
  th 1340 1342
  br 1363 1365
  th 1372 1374
  th 1389 1391
  br 1418 1420
  th 1423 1425
  th 1510 1512
  br 1532 1534
  sup 1544 1547
  sup 1551 1554
  th 1567 1569
  th 1584 1586
  sup 1601 1604
  sup 1609 1612
  br 1615 1617
  th 1630 1632
  th 1647 1649
  sup 1664 1667
  sup 1671 1674
  br 1677 1679
  th 1692 1694
  th 1709 1711
  br 1736 1738
  sup 1742 1745
  sup 1750 1753
  sup 1759 1762
  sup 1766 1769
  sup 1775 1778
  sup 1782 1785
  th 1788 1790
  th 1805 1807
  th 1829 1831
  th 1871 1873
  th 1899 1901
  th 1916 1918
  th 1948 1950
  th 1965 1967
  th 1991 1993
  tr 2005 2007
  thead 2015 2020
  tbody 2028 2033
  tr 2085 2087
  td 2106 2108
  td 2133 2135
  td 2154 2156
  td 2175 2177
  td 2299 2301
  td 2324 2326
  td 2349 2351
  td 2374 2376
  td 2399 2401
  td 2425 2427
  td 2450 2452
  td 2933 2935
  td 3053 3055
  td 3080 3082
  td 3110 3112
  td 3191 3193
  td 3221 3223
  td 3302 3304
  td 3332 3334
  td 3358 3360
  td 3388 3390
  td 3418 3420
  td 3544 3546
  td 3578 3580
  td 3603 3605
  td 4213 4215
  td 4238 4240
  td 4286 4288
  tr 4332 4334
  tr 5041 5043
  td 5058 5060
  strong 5093 5099
  strong 5128 5134
  td 5137 5139
  td 5154 5156
  strong 5188 5194
strong is a "html tag"
components.min.css has 4339 symbols
Searching through them all for /(^|[\s>+~])strong(\[[^\]]*\]|:{1,2}[\w-()]+|\.[\w-]+|#[\w-]+)*\s*/
Done
bootstrap_limitless.css has 1198 symbols
Searching through them all for /(^|[\s>+~])strong(\[[^\]]*\]|:{1,2}[\w-()]+|\.[\w-]+|#[\w-]+)*\s*/
Done
receipt.css has 17 symbols
Searching through them all for /(^|[\s>+~])strong(\[[^\]]*\]|:{1,2}[\w-()]+|\.[\w-]+|#[\w-]+)*\s*/
Done
layout.min.css has 396 symbols
Searching through them all for /(^|[\s>+~])strong(\[[^\]]*\]|:{1,2}[\w-()]+|\.[\w-]+|#[\w-]+)*\s*/
Done
bootstrap_limitless.min.css has 1198 symbols
Searching through them all for /(^|[\s>+~])strong(\[[^\]]*\]|:{1,2}[\w-()]+|\.[\w-]+|#[\w-]+)*\s*/
Done
print_tabulation.css has 7 symbols
Searching through them all for /(^|[\s>+~])strong(\[[^\]]*\]|:{1,2}[\w-()]+|\.[\w-]+|#[\w-]+)*\s*/
Done
my_print.css has 14 symbols
Searching through them all for /(^|[\s>+~])strong(\[[^\]]*\]|:{1,2}[\w-()]+|\.[\w-]+|#[\w-]+)*\s*/
Done
_progress.scss has 5 symbols
Searching through them all for /(^|[\s>+~])strong(\[[^\]]*\]|:{1,2}[\w-()]+|\.[\w-]+|#[\w-]+)*\s*/
Done
colors.css has 897 symbols
Searching through them all for /(^|[\s>+~])strong(\[[^\]]*\]|:{1,2}[\w-()]+|\.[\w-]+|#[\w-]+)*\s*/
Done
_images.scss has 5 symbols
Searching through them all for /(^|[\s>+~])strong(\[[^\]]*\]|:{1,2}[\w-()]+|\.[\w-]+|#[\w-]+)*\s*/
Done
layout.css has 396 symbols
Searching through them all for /(^|[\s>+~])strong(\[[^\]]*\]|:{1,2}[\w-()]+|\.[\w-]+|#[\w-]+)*\s*/
Done
bootstrap-datepicker.min.css has 221 symbols
Searching through them all for /(^|[\s>+~])strong(\[[^\]]*\]|:{1,2}[\w-()]+|\.[\w-]+|#[\w-]+)*\s*/
Done
_buttons.scss has 26 symbols
Searching through them all for /(^|[\s>+~])strong(\[[^\]]*\]|:{1,2}[\w-()]+|\.[\w-]+|#[\w-]+)*\s*/
Done
bootstrap.min.css has 2572 symbols
Searching through them all for /(^|[\s>+~])strong(\[[^\]]*\]|:{1,2}[\w-()]+|\.[\w-]+|#[\w-]+)*\s*/
Done
bootstrap.css has 2572 symbols
Searching through them all for /(^|[\s>+~])strong(\[[^\]]*\]|:{1,2}[\w-()]+|\.[\w-]+|#[\w-]+)*\s*/
Done
_timelines.scss has 80 symbols
Searching through them all for /(^|[\s>+~])strong(\[[^\]]*\]|:{1,2}[\w-()]+|\.[\w-]+|#[\w-]+)*\s*/
Done
_forms.scss has 44 symbols
Searching through them all for /(^|[\s>+~])strong(\[[^\]]*\]|:{1,2}[\w-()]+|\.[\w-]+|#[\w-]+)*\s*/
Done
_c3.scss has 48 symbols
Searching through them all for /(^|[\s>+~])strong(\[[^\]]*\]|:{1,2}[\w-()]+|\.[\w-]+|#[\w-]+)*\s*/
Done
_chats.scss has 18 symbols
Searching through them all for /(^|[\s>+~])strong(\[[^\]]*\]|:{1,2}[\w-()]+|\.[\w-]+|#[\w-]+)*\s*/
Done
_navbar.scss has 51 symbols
Searching through them all for /(^|[\s>+~])strong(\[[^\]]*\]|:{1,2}[\w-()]+|\.[\w-]+|#[\w-]+)*\s*/
Done
_inbox.scss has 15 symbols
Searching through them all for /(^|[\s>+~])strong(\[[^\]]*\]|:{1,2}[\w-()]+|\.[\w-]+|#[\w-]+)*\s*/
Done
_d3.scss has 72 symbols
Searching through them all for /(^|[\s>+~])strong(\[[^\]]*\]|:{1,2}[\w-()]+|\.[\w-]+|#[\w-]+)*\s*/
Done
_print.scss has 34 symbols
Searching through them all for /(^|[\s>+~])strong(\[[^\]]*\]|:{1,2}[\w-()]+|\.[\w-]+|#[\w-]+)*\s*/
Done
_ecommerce.scss has 9 symbols
Searching through them all for /(^|[\s>+~])strong(\[[^\]]*\]|:{1,2}[\w-()]+|\.[\w-]+|#[\w-]+)*\s*/
Done
_error.scss has 2 symbols
Searching through them all for /(^|[\s>+~])strong(\[[^\]]*\]|:{1,2}[\w-()]+|\.[\w-]+|#[\w-]+)*\s*/
Done
_modal.scss has 24 symbols
Searching through them all for /(^|[\s>+~])strong(\[[^\]]*\]|:{1,2}[\w-()]+|\.[\w-]+|#[\w-]+)*\s*/
Done
_jvectormap.scss has 6 symbols
Searching through them all for /(^|[\s>+~])strong(\[[^\]]*\]|:{1,2}[\w-()]+|\.[\w-]+|#[\w-]+)*\s*/
Done
_transitions.scss has 5 symbols
Searching through them all for /(^|[\s>+~])strong(\[[^\]]*\]|:{1,2}[\w-()]+|\.[\w-]+|#[\w-]+)*\s*/
Done
_helpers.scss has 124 symbols
Searching through them all for /(^|[\s>+~])strong(\[[^\]]*\]|:{1,2}[\w-()]+|\.[\w-]+|#[\w-]+)*\s*/
Done
_popover.scss has 38 symbols
Searching through them all for /(^|[\s>+~])strong(\[[^\]]*\]|:{1,2}[\w-()]+|\.[\w-]+|#[\w-]+)*\s*/
Done
_config.scss has 84 symbols
Searching through them all for /(^|[\s>+~])strong(\[[^\]]*\]|:{1,2}[\w-()]+|\.[\w-]+|#[\w-]+)*\s*/
Done
components.css has 4341 symbols
Searching through them all for /(^|[\s>+~])strong(\[[^\]]*\]|:{1,2}[\w-()]+|\.[\w-]+|#[\w-]+)*\s*/
Done
_ll-functions.scss has 13 symbols
Searching through them all for /(^|[\s>+~])strong(\[[^\]]*\]|:{1,2}[\w-()]+|\.[\w-]+|#[\w-]+)*\s*/
Done
_profile.scss has 6 symbols
Searching through them all for /(^|[\s>+~])strong(\[[^\]]*\]|:{1,2}[\w-()]+|\.[\w-]+|#[\w-]+)*\s*/
Done
_close.scss has 3 symbols
Searching through them all for /(^|[\s>+~])strong(\[[^\]]*\]|:{1,2}[\w-()]+|\.[\w-]+|#[\w-]+)*\s*/
Done
_custom-forms.scss has 63 symbols
Searching through them all for /(^|[\s>+~])strong(\[[^\]]*\]|:{1,2}[\w-()]+|\.[\w-]+|#[\w-]+)*\s*/
Done
_nav.scss has 21 symbols
Searching through them all for /(^|[\s>+~])strong(\[[^\]]*\]|:{1,2}[\w-()]+|\.[\w-]+|#[\w-]+)*\s*/
Done
_dropdown.scss has 32 symbols
Searching through them all for /(^|[\s>+~])strong(\[[^\]]*\]|:{1,2}[\w-()]+|\.[\w-]+|#[\w-]+)*\s*/
Done
_text-truncate.scss has 1 symbols
Searching through them all for /(^|[\s>+~])strong(\[[^\]]*\]|:{1,2}[\w-()]+|\.[\w-]+|#[\w-]+)*\s*/
Done
_reboot.scss has 100 symbols
Searching through them all for /(^|[\s>+~])strong(\[[^\]]*\]|:{1,2}[\w-()]+|\.[\w-]+|#[\w-]+)*\s*/
Done
_breadcrumb.scss has 7 symbols
Searching through them all for /(^|[\s>+~])strong(\[[^\]]*\]|:{1,2}[\w-()]+|\.[\w-]+|#[\w-]+)*\s*/
Done
_text-hide.scss has 1 symbols
Searching through them all for /(^|[\s>+~])strong(\[[^\]]*\]|:{1,2}[\w-()]+|\.[\w-]+|#[\w-]+)*\s*/
Done
_sidebar.scss has 295 symbols
Searching through them all for /(^|[\s>+~])strong(\[[^\]]*\]|:{1,2}[\w-()]+|\.[\w-]+|#[\w-]+)*\s*/
Done
_variables-custom.scss has 439 symbols
Searching through them all for /(^|[\s>+~])strong(\[[^\]]*\]|:{1,2}[\w-()]+|\.[\w-]+|#[\w-]+)*\s*/
Done
_variables-core.scss has 676 symbols
Searching through them all for /(^|[\s>+~])strong(\[[^\]]*\]|:{1,2}[\w-()]+|\.[\w-]+|#[\w-]+)*\s*/
Done
_variables-custom.scss has 439 symbols
Searching through them all for /(^|[\s>+~])strong(\[[^\]]*\]|:{1,2}[\w-()]+|\.[\w-]+|#[\w-]+)*\s*/
Done
_table-row.scss has 10 symbols
Searching through them all for /(^|[\s>+~])strong(\[[^\]]*\]|:{1,2}[\w-()]+|\.[\w-]+|#[\w-]+)*\s*/
Done
_variables-core.scss has 676 symbols
Searching through them all for /(^|[\s>+~])strong(\[[^\]]*\]|:{1,2}[\w-()]+|\.[\w-]+|#[\w-]+)*\s*/
Done
_variables-custom.scss has 434 symbols
Searching through them all for /(^|[\s>+~])strong(\[[^\]]*\]|:{1,2}[\w-()]+|\.[\w-]+|#[\w-]+)*\s*/
Done
_variables-core.scss has 679 symbols
Searching through them all for /(^|[\s>+~])strong(\[[^\]]*\]|:{1,2}[\w-()]+|\.[\w-]+|#[\w-]+)*\s*/
Done
_theme-bar-lg.scss has 12 symbols
Searching through them all for /(^|[\s>+~])strong(\[[^\]]*\]|:{1,2}[\w-()]+|\.[\w-]+|#[\w-]+)*\s*/
Done
_theme-xbox.scss has 18 symbols
Searching through them all for /(^|[\s>+~])strong(\[[^\]]*\]|:{1,2}[\w-()]+|\.[\w-]+|#[\w-]+)*\s*/
Done
components.scss has 0 symbols
Searching through them all for /(^|[\s>+~])strong(\[[^\]]*\]|:{1,2}[\w-()]+|\.[\w-]+|#[\w-]+)*\s*/
Done
_theme-squares.scss has 17 symbols
Searching through them all for /(^|[\s>+~])strong(\[[^\]]*\]|:{1,2}[\w-()]+|\.[\w-]+|#[\w-]+)*\s*/
Done
_theme-xbox-sm.scss has 18 symbols
Searching through them all for /(^|[\s>+~])strong(\[[^\]]*\]|:{1,2}[\w-()]+|\.[\w-]+|#[\w-]+)*\s*/
Done
_theme-radar.scss has 12 symbols
Searching through them all for /(^|[\s>+~])strong(\[[^\]]*\]|:{1,2}[\w-()]+|\.[\w-]+|#[\w-]+)*\s*/
Done
_pace-demo.scss has 65 symbols
Searching through them all for /(^|[\s>+~])strong(\[[^\]]*\]|:{1,2}[\w-()]+|\.[\w-]+|#[\w-]+)*\s*/
Done
_theme-perspective.scss has 14 symbols
Searching through them all for /(^|[\s>+~])strong(\[[^\]]*\]|:{1,2}[\w-()]+|\.[\w-]+|#[\w-]+)*\s*/
Done
_sidebar.scss has 275 symbols
Searching through them all for /(^|[\s>+~])strong(\[[^\]]*\]|:{1,2}[\w-()]+|\.[\w-]+|#[\w-]+)*\s*/
Done
_theme-corners.scss has 15 symbols
Searching through them all for /(^|[\s>+~])strong(\[[^\]]*\]|:{1,2}[\w-()]+|\.[\w-]+|#[\w-]+)*\s*/
Done
_theme-bar.scss has 12 symbols
Searching through them all for /(^|[\s>+~])strong(\[[^\]]*\]|:{1,2}[\w-()]+|\.[\w-]+|#[\w-]+)*\s*/
Done
_theme-xbox-lg.scss has 18 symbols
Searching through them all for /(^|[\s>+~])strong(\[[^\]]*\]|:{1,2}[\w-()]+|\.[\w-]+|#[\w-]+)*\s*/
Done
_theme-tail-circle.scss has 12 symbols
Searching through them all for /(^|[\s>+~])strong(\[[^\]]*\]|:{1,2}[\w-()]+|\.[\w-]+|#[\w-]+)*\s*/
Done
_theme-bar-sm.scss has 12 symbols
Searching through them all for /(^|[\s>+~])strong(\[[^\]]*\]|:{1,2}[\w-()]+|\.[\w-]+|#[\w-]+)*\s*/
Done
_theme-tail.scss has 12 symbols
Searching through them all for /(^|[\s>+~])strong(\[[^\]]*\]|:{1,2}[\w-()]+|\.[\w-]+|#[\w-]+)*\s*/
Done
_transition.scss has 2 symbols
Searching through them all for /(^|[\s>+~])strong(\[[^\]]*\]|:{1,2}[\w-()]+|\.[\w-]+|#[\w-]+)*\s*/
Done
_sidebar.scss has 284 symbols
Searching through them all for /(^|[\s>+~])strong(\[[^\]]*\]|:{1,2}[\w-()]+|\.[\w-]+|#[\w-]+)*\s*/
Done
_sidebar.scss has 294 symbols
Searching through them all for /(^|[\s>+~])strong(\[[^\]]*\]|:{1,2}[\w-()]+|\.[\w-]+|#[\w-]+)*\s*/
Done
components.scss has 0 symbols
Searching through them all for /(^|[\s>+~])strong(\[[^\]]*\]|:{1,2}[\w-()]+|\.[\w-]+|#[\w-]+)*\s*/
Done
components.scss has 0 symbols
Searching through them all for /(^|[\s>+~])strong(\[[^\]]*\]|:{1,2}[\w-()]+|\.[\w-]+|#[\w-]+)*\s*/
Done
components.scss has 0 symbols
Searching through them all for /(^|[\s>+~])strong(\[[^\]]*\]|:{1,2}[\w-()]+|\.[\w-]+|#[\w-]+)*\s*/
Done
_alert.scss has 6 symbols
Searching through them all for /(^|[\s>+~])strong(\[[^\]]*\]|:{1,2}[\w-()]+|\.[\w-]+|#[\w-]+)*\s*/
Done
_gradients.scss has 8 symbols
Searching through them all for /(^|[\s>+~])strong(\[[^\]]*\]|:{1,2}[\w-()]+|\.[\w-]+|#[\w-]+)*\s*/
Done
_carousel.scss has 40 symbols
Searching through them all for /(^|[\s>+~])strong(\[[^\]]*\]|:{1,2}[\w-()]+|\.[\w-]+|#[\w-]+)*\s*/
Done
_variables-core.scss has 676 symbols
Searching through them all for /(^|[\s>+~])strong(\[[^\]]*\]|:{1,2}[\w-()]+|\.[\w-]+|#[\w-]+)*\s*/
Done
_variables-custom.scss has 440 symbols
Searching through them all for /(^|[\s>+~])strong(\[[^\]]*\]|:{1,2}[\w-()]+|\.[\w-]+|#[\w-]+)*\s*/
Done
trumbowyg.mathml.css has 4 symbols
Searching through them all for /(^|[\s>+~])strong(\[[^\]]*\]|:{1,2}[\w-()]+|\.[\w-]+|#[\w-]+)*\s*/
Done
trumbowyg.mention.css has 4 symbols
Searching through them all for /(^|[\s>+~])strong(\[[^\]]*\]|:{1,2}[\w-()]+|\.[\w-]+|#[\w-]+)*\s*/
Done
trumbowyg.mention.min.css has 4 symbols
Searching through them all for /(^|[\s>+~])strong(\[[^\]]*\]|:{1,2}[\w-()]+|\.[\w-]+|#[\w-]+)*\s*/
Done
trumbowyg.colors.min.css has 10 symbols
Searching through them all for /(^|[\s>+~])strong(\[[^\]]*\]|:{1,2}[\w-()]+|\.[\w-]+|#[\w-]+)*\s*/
Done
trumbowyg.mathml.min.css has 8 symbols
Searching through them all for /(^|[\s>+~])strong(\[[^\]]*\]|:{1,2}[\w-()]+|\.[\w-]+|#[\w-]+)*\s*/
Done
trumbowyg.colors.css has 10 symbols
Searching through them all for /(^|[\s>+~])strong(\[[^\]]*\]|:{1,2}[\w-()]+|\.[\w-]+|#[\w-]+)*\s*/
Done
trumbowyg.mention.scss has 4 symbols
Searching through them all for /(^|[\s>+~])strong(\[[^\]]*\]|:{1,2}[\w-()]+|\.[\w-]+|#[\w-]+)*\s*/
Done
trumbowyg.colors.scss has 7 symbols
Searching through them all for /(^|[\s>+~])strong(\[[^\]]*\]|:{1,2}[\w-()]+|\.[\w-]+|#[\w-]+)*\s*/
Done
trumbowyg.mathml.scss has 4 symbols
Searching through them all for /(^|[\s>+~])strong(\[[^\]]*\]|:{1,2}[\w-()]+|\.[\w-]+|#[\w-]+)*\s*/
Done
trumbowyg.emoji.min.css has 6 symbols
Searching through them all for /(^|[\s>+~])strong(\[[^\]]*\]|:{1,2}[\w-()]+|\.[\w-]+|#[\w-]+)*\s*/
Done
trumbowyg.emoji.css has 6 symbols
Searching through them all for /(^|[\s>+~])strong(\[[^\]]*\]|:{1,2}[\w-()]+|\.[\w-]+|#[\w-]+)*\s*/
Done
trumbowyg.emoji.scss has 7 symbols
Searching through them all for /(^|[\s>+~])strong(\[[^\]]*\]|:{1,2}[\w-()]+|\.[\w-]+|#[\w-]+)*\s*/
Done
contents.css has 25 symbols
Searching through them all for /(^|[\s>+~])strong(\[[^\]]*\]|:{1,2}[\w-()]+|\.[\w-]+|#[\w-]+)*\s*/
Done
dialog_opera.css has 160 symbols
Searching through them all for /(^|[\s>+~])strong(\[[^\]]*\]|:{1,2}[\w-()]+|\.[\w-]+|#[\w-]+)*\s*/
Done
editor_ie7.css has 245 symbols
Searching through them all for /(^|[\s>+~])strong(\[[^\]]*\]|:{1,2}[\w-()]+|\.[\w-]+|#[\w-]+)*\s*/
Done
dialog_opera.css has 160 symbols
Searching through them all for /(^|[\s>+~])strong(\[[^\]]*\]|:{1,2}[\w-()]+|\.[\w-]+|#[\w-]+)*\s*/
Done
editor_gecko.css has 444 symbols
Searching through them all for /(^|[\s>+~])strong(\[[^\]]*\]|:{1,2}[\w-()]+|\.[\w-]+|#[\w-]+)*\s*/
Done
dialog_iequirks.css has 158 symbols
Searching through them all for /(^|[\s>+~])strong(\[[^\]]*\]|:{1,2}[\w-()]+|\.[\w-]+|#[\w-]+)*\s*/
Done
editor_ie7.css has 245 symbols
Searching through them all for /(^|[\s>+~])strong(\[[^\]]*\]|:{1,2}[\w-()]+|\.[\w-]+|#[\w-]+)*\s*/
Done
dialog_ie.css has 173 symbols
Searching through them all for /(^|[\s>+~])strong(\[[^\]]*\]|:{1,2}[\w-()]+|\.[\w-]+|#[\w-]+)*\s*/
Done
editor_gecko.css has 444 symbols
Searching through them all for /(^|[\s>+~])strong(\[[^\]]*\]|:{1,2}[\w-()]+|\.[\w-]+|#[\w-]+)*\s*/
Done
editor_ie.css has 234 symbols
Searching through them all for /(^|[\s>+~])strong(\[[^\]]*\]|:{1,2}[\w-()]+|\.[\w-]+|#[\w-]+)*\s*/
Done
dialog_iequirks.css has 158 symbols
Searching through them all for /(^|[\s>+~])strong(\[[^\]]*\]|:{1,2}[\w-()]+|\.[\w-]+|#[\w-]+)*\s*/
Done
editor_ie8.css has 212 symbols
Searching through them all for /(^|[\s>+~])strong(\[[^\]]*\]|:{1,2}[\w-()]+|\.[\w-]+|#[\w-]+)*\s*/
Done
dialog_ie.css has 173 symbols
Searching through them all for /(^|[\s>+~])strong(\[[^\]]*\]|:{1,2}[\w-()]+|\.[\w-]+|#[\w-]+)*\s*/
Done
dialog_ie7.css has 172 symbols
Searching through them all for /(^|[\s>+~])strong(\[[^\]]*\]|:{1,2}[\w-()]+|\.[\w-]+|#[\w-]+)*\s*/
Done
editor_ie.css has 234 symbols
Searching through them all for /(^|[\s>+~])strong(\[[^\]]*\]|:{1,2}[\w-()]+|\.[\w-]+|#[\w-]+)*\s*/
Done
dialog_ie8.css has 161 symbols
Searching through them all for /(^|[\s>+~])strong(\[[^\]]*\]|:{1,2}[\w-()]+|\.[\w-]+|#[\w-]+)*\s*/
Done
editor_ie8.css has 212 symbols
Searching through them all for /(^|[\s>+~])strong(\[[^\]]*\]|:{1,2}[\w-()]+|\.[\w-]+|#[\w-]+)*\s*/
Done
dialog_ie7.css has 172 symbols
Searching through them all for /(^|[\s>+~])strong(\[[^\]]*\]|:{1,2}[\w-()]+|\.[\w-]+|#[\w-]+)*\s*/
Done
editor_iequirks.css has 228 symbols
Searching through them all for /(^|[\s>+~])strong(\[[^\]]*\]|:{1,2}[\w-()]+|\.[\w-]+|#[\w-]+)*\s*/
Done
wsc.css has 18 symbols
Searching through them all for /(^|[\s>+~])strong(\[[^\]]*\]|:{1,2}[\w-()]+|\.[\w-]+|#[\w-]+)*\s*/
Done
dialog_ie8.css has 161 symbols
Searching through them all for /(^|[\s>+~])strong(\[[^\]]*\]|:{1,2}[\w-()]+|\.[\w-]+|#[\w-]+)*\s*/
Done
editor_iequirks.css has 228 symbols
Searching through them all for /(^|[\s>+~])strong(\[[^\]]*\]|:{1,2}[\w-()]+|\.[\w-]+|#[\w-]+)*\s*/
Done
dialog.css has 159 symbols
Searching through them all for /(^|[\s>+~])strong(\[[^\]]*\]|:{1,2}[\w-()]+|\.[\w-]+|#[\w-]+)*\s*/
Done
editor.css has 444 symbols
Searching through them all for /(^|[\s>+~])strong(\[[^\]]*\]|:{1,2}[\w-()]+|\.[\w-]+|#[\w-]+)*\s*/
Done
dialog.scss has 155 symbols
Searching through them all for /(^|[\s>+~])strong(\[[^\]]*\]|:{1,2}[\w-()]+|\.[\w-]+|#[\w-]+)*\s*/
Done
dialog.scss has 155 symbols
Searching through them all for /(^|[\s>+~])strong(\[[^\]]*\]|:{1,2}[\w-()]+|\.[\w-]+|#[\w-]+)*\s*/
Done
_colorpanel.scss has 20 symbols
Searching through them all for /(^|[\s>+~])strong(\[[^\]]*\]|:{1,2}[\w-()]+|\.[\w-]+|#[\w-]+)*\s*/
Done
_reset.scss has 16 symbols
Searching through them all for /(^|[\s>+~])strong(\[[^\]]*\]|:{1,2}[\w-()]+|\.[\w-]+|#[\w-]+)*\s*/
Done
dialog.css has 159 symbols
Searching through them all for /(^|[\s>+~])strong(\[[^\]]*\]|:{1,2}[\w-()]+|\.[\w-]+|#[\w-]+)*\s*/
Done
editor.css has 444 symbols
Searching through them all for /(^|[\s>+~])strong(\[[^\]]*\]|:{1,2}[\w-()]+|\.[\w-]+|#[\w-]+)*\s*/
Done
_menu.scss has 41 symbols
Searching through them all for /(^|[\s>+~])strong(\[[^\]]*\]|:{1,2}[\w-()]+|\.[\w-]+|#[\w-]+)*\s*/
Done
editor_iequirks.scss has 26 symbols
Searching through them all for /(^|[\s>+~])strong(\[[^\]]*\]|:{1,2}[\w-()]+|\.[\w-]+|#[\w-]+)*\s*/
Done
dialog_opera.scss has 3 symbols
Searching through them all for /(^|[\s>+~])strong(\[[^\]]*\]|:{1,2}[\w-()]+|\.[\w-]+|#[\w-]+)*\s*/
Done
_toolbar.scss has 50 symbols
Searching through them all for /(^|[\s>+~])strong(\[[^\]]*\]|:{1,2}[\w-()]+|\.[\w-]+|#[\w-]+)*\s*/
Done
_richcombo.scss has 30 symbols
Searching through them all for /(^|[\s>+~])strong(\[[^\]]*\]|:{1,2}[\w-()]+|\.[\w-]+|#[\w-]+)*\s*/
Done
_mainui.scss has 19 symbols
Searching through them all for /(^|[\s>+~])strong(\[[^\]]*\]|:{1,2}[\w-()]+|\.[\w-]+|#[\w-]+)*\s*/
Done
_menu.scss has 41 symbols
Searching through them all for /(^|[\s>+~])strong(\[[^\]]*\]|:{1,2}[\w-()]+|\.[\w-]+|#[\w-]+)*\s*/
Done
_reset.scss has 16 symbols
Searching through them all for /(^|[\s>+~])strong(\[[^\]]*\]|:{1,2}[\w-()]+|\.[\w-]+|#[\w-]+)*\s*/
Done
editor_iequirks.scss has 26 symbols
Searching through them all for /(^|[\s>+~])strong(\[[^\]]*\]|:{1,2}[\w-()]+|\.[\w-]+|#[\w-]+)*\s*/
Done
_toolbar.scss has 50 symbols
Searching through them all for /(^|[\s>+~])strong(\[[^\]]*\]|:{1,2}[\w-()]+|\.[\w-]+|#[\w-]+)*\s*/
Done
_colorpanel.scss has 20 symbols
Searching through them all for /(^|[\s>+~])strong(\[[^\]]*\]|:{1,2}[\w-()]+|\.[\w-]+|#[\w-]+)*\s*/
Done
dialog_opera.scss has 3 symbols
Searching through them all for /(^|[\s>+~])strong(\[[^\]]*\]|:{1,2}[\w-()]+|\.[\w-]+|#[\w-]+)*\s*/
Done
_richcombo.scss has 30 symbols
Searching through them all for /(^|[\s>+~])strong(\[[^\]]*\]|:{1,2}[\w-()]+|\.[\w-]+|#[\w-]+)*\s*/
Done
_mainui.scss has 19 symbols
Searching through them all for /(^|[\s>+~])strong(\[[^\]]*\]|:{1,2}[\w-()]+|\.[\w-]+|#[\w-]+)*\s*/
Done
editor_ie.scss has 25 symbols
Searching through them all for /(^|[\s>+~])strong(\[[^\]]*\]|:{1,2}[\w-()]+|\.[\w-]+|#[\w-]+)*\s*/
Done
dialog_ie7.scss has 15 symbols
Searching through them all for /(^|[\s>+~])strong(\[[^\]]*\]|:{1,2}[\w-()]+|\.[\w-]+|#[\w-]+)*\s*/
Done
editor_ie.scss has 25 symbols
Searching through them all for /(^|[\s>+~])strong(\[[^\]]*\]|:{1,2}[\w-()]+|\.[\w-]+|#[\w-]+)*\s*/
Done
_sidebar.scss has 294 symbols
Searching through them all for /(^|[\s>+~])strong(\[[^\]]*\]|:{1,2}[\w-()]+|\.[\w-]+|#[\w-]+)*\s*/
Done
components.scss has 0 symbols
Searching through them all for /(^|[\s>+~])strong(\[[^\]]*\]|:{1,2}[\w-()]+|\.[\w-]+|#[\w-]+)*\s*/
Done
dialog_ie7.scss has 15 symbols
Searching through them all for /(^|[\s>+~])strong(\[[^\]]*\]|:{1,2}[\w-()]+|\.[\w-]+|#[\w-]+)*\s*/
Done
_progress.scss has 14 symbols
Searching through them all for /(^|[\s>+~])strong(\[[^\]]*\]|:{1,2}[\w-()]+|\.[\w-]+|#[\w-]+)*\s*/
Done
_footable.scss has 17 symbols
Searching through them all for /(^|[\s>+~])strong(\[[^\]]*\]|:{1,2}[\w-()]+|\.[\w-]+|#[\w-]+)*\s*/
Done
_interactions.scss has 42 symbols
Searching through them all for /(^|[\s>+~])strong(\[[^\]]*\]|:{1,2}[\w-()]+|\.[\w-]+|#[\w-]+)*\s*/
Done
_close.scss has 1 symbols
Searching through them all for /(^|[\s>+~])strong(\[[^\]]*\]|:{1,2}[\w-()]+|\.[\w-]+|#[\w-]+)*\s*/
Done
_handsontable.scss has 342 symbols
Searching through them all for /(^|[\s>+~])strong(\[[^\]]*\]|:{1,2}[\w-()]+|\.[\w-]+|#[\w-]+)*\s*/
Done
_forms.scss has 63 symbols
Searching through them all for /(^|[\s>+~])strong(\[[^\]]*\]|:{1,2}[\w-()]+|\.[\w-]+|#[\w-]+)*\s*/
Done
_widgets.scss has 281 symbols
Searching through them all for /(^|[\s>+~])strong(\[[^\]]*\]|:{1,2}[\w-()]+|\.[\w-]+|#[\w-]+)*\s*/
Done
_navbar.scss has 181 symbols
Searching through them all for /(^|[\s>+~])strong(\[[^\]]*\]|:{1,2}[\w-()]+|\.[\w-]+|#[\w-]+)*\s*/
Done
_variables-core.scss has 679 symbols
Searching through them all for /(^|[\s>+~])strong(\[[^\]]*\]|:{1,2}[\w-()]+|\.[\w-]+|#[\w-]+)*\s*/
Done
_variables-custom.scss has 434 symbols
Searching through them all for /(^|[\s>+~])strong(\[[^\]]*\]|:{1,2}[\w-()]+|\.[\w-]+|#[\w-]+)*\s*/
Done
_pagination.scss has 37 symbols
Searching through them all for /(^|[\s>+~])strong(\[[^\]]*\]|:{1,2}[\w-()]+|\.[\w-]+|#[\w-]+)*\s*/
Done
_datatable-columns-reorder.scss has 4 symbols
Searching through them all for /(^|[\s>+~])strong(\[[^\]]*\]|:{1,2}[\w-()]+|\.[\w-]+|#[\w-]+)*\s*/
Done
_buttons.scss has 11 symbols
Searching through them all for /(^|[\s>+~])strong(\[[^\]]*\]|:{1,2}[\w-()]+|\.[\w-]+|#[\w-]+)*\s*/
Done
_card.scss has 47 symbols
Searching through them all for /(^|[\s>+~])strong(\[[^\]]*\]|:{1,2}[\w-()]+|\.[\w-]+|#[\w-]+)*\s*/
Done
components.scss has 0 symbols
Searching through them all for /(^|[\s>+~])strong(\[[^\]]*\]|:{1,2}[\w-()]+|\.[\w-]+|#[\w-]+)*\s*/
Done
_list-group.scss has 26 symbols
Searching through them all for /(^|[\s>+~])strong(\[[^\]]*\]|:{1,2}[\w-()]+|\.[\w-]+|#[\w-]+)*\s*/
Done
_fancytree.scss has 100 symbols
Searching through them all for /(^|[\s>+~])strong(\[[^\]]*\]|:{1,2}[\w-()]+|\.[\w-]+|#[\w-]+)*\s*/
Done
_prism.scss has 57 symbols
Searching through them all for /(^|[\s>+~])strong(\[[^\]]*\]|:{1,2}[\w-()]+|\.[\w-]+|#[\w-]+)*\s*/
Done
_tables.scss has 136 symbols
Searching through them all for /(^|[\s>+~])strong(\[[^\]]*\]|:{1,2}[\w-()]+|\.[\w-]+|#[\w-]+)*\s*/
Done
_datatable-buttons.scss has 24 symbols
Searching through them all for /(^|[\s>+~])strong(\[[^\]]*\]|:{1,2}[\w-()]+|\.[\w-]+|#[\w-]+)*\s*/
Done
_image-cropper.scss has 57 symbols
Searching through them all for /(^|[\s>+~])strong(\[[^\]]*\]|:{1,2}[\w-()]+|\.[\w-]+|#[\w-]+)*\s*/
Done
_datatable-fixed-columns.scss has 21 symbols
Searching through them all for /(^|[\s>+~])strong(\[[^\]]*\]|:{1,2}[\w-()]+|\.[\w-]+|#[\w-]+)*\s*/
Done
_sweet-alerts.scss has 107 symbols
Searching through them all for /(^|[\s>+~])strong(\[[^\]]*\]|:{1,2}[\w-()]+|\.[\w-]+|#[\w-]+)*\s*/
Done
_ripple.scss has 34 symbols
Searching through them all for /(^|[\s>+~])strong(\[[^\]]*\]|:{1,2}[\w-()]+|\.[\w-]+|#[\w-]+)*\s*/
Done
_noty.scss has 43 symbols
Searching through them all for /(^|[\s>+~])strong(\[[^\]]*\]|:{1,2}[\w-()]+|\.[\w-]+|#[\w-]+)*\s*/
Done
_slinky.scss has 17 symbols
Searching through them all for /(^|[\s>+~])strong(\[[^\]]*\]|:{1,2}[\w-()]+|\.[\w-]+|#[\w-]+)*\s*/
Done
_datatable-select.scss has 14 symbols
Searching through them all for /(^|[\s>+~])strong(\[[^\]]*\]|:{1,2}[\w-()]+|\.[\w-]+|#[\w-]+)*\s*/
Done
_jgrowl.scss has 18 symbols
Searching through them all for /(^|[\s>+~])strong(\[[^\]]*\]|:{1,2}[\w-()]+|\.[\w-]+|#[\w-]+)*\s*/
Done
_alert.scss has 31 symbols
Searching through them all for /(^|[\s>+~])strong(\[[^\]]*\]|:{1,2}[\w-()]+|\.[\w-]+|#[\w-]+)*\s*/
Done
_fab.scss has 101 symbols
Searching through them all for /(^|[\s>+~])strong(\[[^\]]*\]|:{1,2}[\w-()]+|\.[\w-]+|#[\w-]+)*\s*/
Done
_datatable-scroller.scss has 8 symbols
Searching through them all for /(^|[\s>+~])strong(\[[^\]]*\]|:{1,2}[\w-()]+|\.[\w-]+|#[\w-]+)*\s*/
Done
_pnotify.scss has 76 symbols
Searching through them all for /(^|[\s>+~])strong(\[[^\]]*\]|:{1,2}[\w-()]+|\.[\w-]+|#[\w-]+)*\s*/
Done
_nav.scss has 111 symbols
Searching through them all for /(^|[\s>+~])strong(\[[^\]]*\]|:{1,2}[\w-()]+|\.[\w-]+|#[\w-]+)*\s*/
Done
_progress-buttons.scss has 81 symbols
Searching through them all for /(^|[\s>+~])strong(\[[^\]]*\]|:{1,2}[\w-()]+|\.[\w-]+|#[\w-]+)*\s*/
Done
_headroom.scss has 7 symbols
Searching through them all for /(^|[\s>+~])strong(\[[^\]]*\]|:{1,2}[\w-()]+|\.[\w-]+|#[\w-]+)*\s*/
Done
_datatable-keytable.scss has 8 symbols
Searching through them all for /(^|[\s>+~])strong(\[[^\]]*\]|:{1,2}[\w-()]+|\.[\w-]+|#[\w-]+)*\s*/
Done
_custom-forms.scss has 21 symbols
Searching through them all for /(^|[\s>+~])strong(\[[^\]]*\]|:{1,2}[\w-()]+|\.[\w-]+|#[\w-]+)*\s*/
Done
_button-group.scss has 11 symbols
Searching through them all for /(^|[\s>+~])strong(\[[^\]]*\]|:{1,2}[\w-()]+|\.[\w-]+|#[\w-]+)*\s*/
Done
_fullcalendar.scss has 285 symbols
Searching through them all for /(^|[\s>+~])strong(\[[^\]]*\]|:{1,2}[\w-()]+|\.[\w-]+|#[\w-]+)*\s*/
Done
_fancybox.scss has 50 symbols
Searching through them all for /(^|[\s>+~])strong(\[[^\]]*\]|:{1,2}[\w-()]+|\.[\w-]+|#[\w-]+)*\s*/
Done
_header-elements.scss has 17 symbols
Searching through them all for /(^|[\s>+~])strong(\[[^\]]*\]|:{1,2}[\w-()]+|\.[\w-]+|#[\w-]+)*\s*/
Done
_dropdown.scss has 91 symbols
Searching through them all for /(^|[\s>+~])strong(\[[^\]]*\]|:{1,2}[\w-()]+|\.[\w-]+|#[\w-]+)*\s*/
Done
_badge.scss has 24 symbols
Searching through them all for /(^|[\s>+~])strong(\[[^\]]*\]|:{1,2}[\w-()]+|\.[\w-]+|#[\w-]+)*\s*/
Done
_datatable-autofill.scss has 15 symbols
Searching through them all for /(^|[\s>+~])strong(\[[^\]]*\]|:{1,2}[\w-()]+|\.[\w-]+|#[\w-]+)*\s*/
Done
_datatables.scss has 133 symbols
Searching through them all for /(^|[\s>+~])strong(\[[^\]]*\]|:{1,2}[\w-()]+|\.[\w-]+|#[\w-]+)*\s*/
Done
_perfect-scrollbar.scss has 18 symbols
Searching through them all for /(^|[\s>+~])strong(\[[^\]]*\]|:{1,2}[\w-()]+|\.[\w-]+|#[\w-]+)*\s*/
Done
_datatable-responsive.scss has 31 symbols
Searching through them all for /(^|[\s>+~])strong(\[[^\]]*\]|:{1,2}[\w-()]+|\.[\w-]+|#[\w-]+)*\s*/
Done
_buttons.scss has 69 symbols
Searching through them all for /(^|[\s>+~])strong(\[[^\]]*\]|:{1,2}[\w-()]+|\.[\w-]+|#[\w-]+)*\s*/
Done
_datatable-rows-reorder.scss has 4 symbols
Searching through them all for /(^|[\s>+~])strong(\[[^\]]*\]|:{1,2}[\w-()]+|\.[\w-]+|#[\w-]+)*\s*/
Done
_media.scss has 13 symbols
Searching through them all for /(^|[\s>+~])strong(\[[^\]]*\]|:{1,2}[\w-()]+|\.[\w-]+|#[\w-]+)*\s*/
Done
_breadcrumb.scss has 30 symbols
Searching through them all for /(^|[\s>+~])strong(\[[^\]]*\]|:{1,2}[\w-()]+|\.[\w-]+|#[\w-]+)*\s*/
Done
_type.scss has 87 symbols
Searching through them all for /(^|[\s>+~])strong(\[[^\]]*\]|:{1,2}[\w-()]+|\.[\w-]+|#[\w-]+)*\s*/
Done
_demo.scss has 18 symbols
Searching through them all for /(^|[\s>+~])strong(\[[^\]]*\]|:{1,2}[\w-()]+|\.[\w-]+|#[\w-]+)*\s*/
Done
_variables-custom.scss has 439 symbols
Searching through them all for /(^|[\s>+~])strong(\[[^\]]*\]|:{1,2}[\w-()]+|\.[\w-]+|#[\w-]+)*\s*/
Done
components.scss has 0 symbols
Searching through them all for /(^|[\s>+~])strong(\[[^\]]*\]|:{1,2}[\w-()]+|\.[\w-]+|#[\w-]+)*\s*/
Done
_passy.scss has 2 symbols
Searching through them all for /(^|[\s>+~])strong(\[[^\]]*\]|:{1,2}[\w-()]+|\.[\w-]+|#[\w-]+)*\s*/
Done
_bootstrap-switch.scss has 55 symbols
Searching through them all for /(^|[\s>+~])strong(\[[^\]]*\]|:{1,2}[\w-()]+|\.[\w-]+|#[\w-]+)*\s*/
Done
_slider-pips.scss has 23 symbols
Searching through them all for /(^|[\s>+~])strong(\[[^\]]*\]|:{1,2}[\w-()]+|\.[\w-]+|#[\w-]+)*\s*/
Done
_spectrum.scss has 121 symbols
Searching through them all for /(^|[\s>+~])strong(\[[^\]]*\]|:{1,2}[\w-()]+|\.[\w-]+|#[\w-]+)*\s*/
Done
_select2.scss has 99 symbols
Searching through them all for /(^|[\s>+~])strong(\[[^\]]*\]|:{1,2}[\w-()]+|\.[\w-]+|#[\w-]+)*\s*/
Done
_ion-range-slider.scss has 42 symbols
Searching through them all for /(^|[\s>+~])strong(\[[^\]]*\]|:{1,2}[\w-()]+|\.[\w-]+|#[\w-]+)*\s*/
Done
_variables-core.scss has 676 symbols
Searching through them all for /(^|[\s>+~])strong(\[[^\]]*\]|:{1,2}[\w-()]+|\.[\w-]+|#[\w-]+)*\s*/
Done
_daterange.scss has 86 symbols
Searching through them all for /(^|[\s>+~])strong(\[[^\]]*\]|:{1,2}[\w-()]+|\.[\w-]+|#[\w-]+)*\s*/
Done
_sidebar.scss has 275 symbols
Searching through them all for /(^|[\s>+~])strong(\[[^\]]*\]|:{1,2}[\w-()]+|\.[\w-]+|#[\w-]+)*\s*/
Done
_alpaca.scss has 65 symbols
Searching through them all for /(^|[\s>+~])strong(\[[^\]]*\]|:{1,2}[\w-()]+|\.[\w-]+|#[\w-]+)*\s*/
Done
_anytime.scss has 76 symbols
Searching through them all for /(^|[\s>+~])strong(\[[^\]]*\]|:{1,2}[\w-()]+|\.[\w-]+|#[\w-]+)*\s*/
Done
_noui-slider.scss has 114 symbols
Searching through them all for /(^|[\s>+~])strong(\[[^\]]*\]|:{1,2}[\w-()]+|\.[\w-]+|#[\w-]+)*\s*/
Done
_colors.scss has 36 symbols
Searching through them all for /(^|[\s>+~])strong(\[[^\]]*\]|:{1,2}[\w-()]+|\.[\w-]+|#[\w-]+)*\s*/
Done
_tags-input.scss has 11 symbols
Searching through them all for /(^|[\s>+~])strong(\[[^\]]*\]|:{1,2}[\w-()]+|\.[\w-]+|#[\w-]+)*\s*/
Done
_trumbowyg.scss has 79 symbols
Searching through them all for /(^|[\s>+~])strong(\[[^\]]*\]|:{1,2}[\w-()]+|\.[\w-]+|#[\w-]+)*\s*/
Done
_date.scss has 49 symbols
Searching through them all for /(^|[\s>+~])strong(\[[^\]]*\]|:{1,2}[\w-()]+|\.[\w-]+|#[\w-]+)*\s*/
Done
_variables-core.scss has 679 symbols
Searching through them all for /(^|[\s>+~])strong(\[[^\]]*\]|:{1,2}[\w-()]+|\.[\w-]+|#[\w-]+)*\s*/
Done
_time.scss has 15 symbols
Searching through them all for /(^|[\s>+~])strong(\[[^\]]*\]|:{1,2}[\w-()]+|\.[\w-]+|#[\w-]+)*\s*/
Done
_variables-custom.scss has 435 symbols
Searching through them all for /(^|[\s>+~])strong(\[[^\]]*\]|:{1,2}[\w-()]+|\.[\w-]+|#[\w-]+)*\s*/
Done
_wizard.scss has 46 symbols
Searching through them all for /(^|[\s>+~])strong(\[[^\]]*\]|:{1,2}[\w-()]+|\.[\w-]+|#[\w-]+)*\s*/
Done
_sidebar.scss has 294 symbols
Searching through them all for /(^|[\s>+~])strong(\[[^\]]*\]|:{1,2}[\w-()]+|\.[\w-]+|#[\w-]+)*\s*/
Done
_dual-listbox.scss has 41 symbols
Searching through them all for /(^|[\s>+~])strong(\[[^\]]*\]|:{1,2}[\w-()]+|\.[\w-]+|#[\w-]+)*\s*/
Done
_typeahead.scss has 11 symbols
Searching through them all for /(^|[\s>+~])strong(\[[^\]]*\]|:{1,2}[\w-()]+|\.[\w-]+|#[\w-]+)*\s*/
Done
_multiselect.scss has 68 symbols
Searching through them all for /(^|[\s>+~])strong(\[[^\]]*\]|:{1,2}[\w-()]+|\.[\w-]+|#[\w-]+)*\s*/
Done
_tokenfield.scss has 35 symbols
Searching through them all for /(^|[\s>+~])strong(\[[^\]]*\]|:{1,2}[\w-()]+|\.[\w-]+|#[\w-]+)*\s*/
Done
_sidebar.scss has 275 symbols
Searching through them all for /(^|[\s>+~])strong(\[[^\]]*\]|:{1,2}[\w-()]+|\.[\w-]+|#[\w-]+)*\s*/
Done
components.scss has 0 symbols
Searching through them all for /(^|[\s>+~])strong(\[[^\]]*\]|:{1,2}[\w-()]+|\.[\w-]+|#[\w-]+)*\s*/
Done
_dropzone.scss has 51 symbols
Searching through them all for /(^|[\s>+~])strong(\[[^\]]*\]|:{1,2}[\w-()]+|\.[\w-]+|#[\w-]+)*\s*/
Done
_uniform.scss has 80 symbols
Searching through them all for /(^|[\s>+~])strong(\[[^\]]*\]|:{1,2}[\w-()]+|\.[\w-]+|#[\w-]+)*\s*/
Done
_file-input.scss has 79 symbols
Searching through them all for /(^|[\s>+~])strong(\[[^\]]*\]|:{1,2}[\w-()]+|\.[\w-]+|#[\w-]+)*\s*/
Done
_floating-labels.scss has 3 symbols
Searching through them all for /(^|[\s>+~])strong(\[[^\]]*\]|:{1,2}[\w-()]+|\.[\w-]+|#[\w-]+)*\s*/
Done
_plupload.scss has 74 symbols
Searching through them all for /(^|[\s>+~])strong(\[[^\]]*\]|:{1,2}[\w-()]+|\.[\w-]+|#[\w-]+)*\s*/
Done
_tables.scss has 43 symbols
Searching through them all for /(^|[\s>+~])strong(\[[^\]]*\]|:{1,2}[\w-()]+|\.[\w-]+|#[\w-]+)*\s*/
Done
_variables-core.scss has 676 symbols
Searching through them all for /(^|[\s>+~])strong(\[[^\]]*\]|:{1,2}[\w-()]+|\.[\w-]+|#[\w-]+)*\s*/
Done
_background.scss has 2 symbols
Searching through them all for /(^|[\s>+~])strong(\[[^\]]*\]|:{1,2}[\w-()]+|\.[\w-]+|#[\w-]+)*\s*/
Done
_variables-core.scss has 679 symbols
Searching through them all for /(^|[\s>+~])strong(\[[^\]]*\]|:{1,2}[\w-()]+|\.[\w-]+|#[\w-]+)*\s*/
Done
_variables-custom.scss has 439 symbols
Searching through them all for /(^|[\s>+~])strong(\[[^\]]*\]|:{1,2}[\w-()]+|\.[\w-]+|#[\w-]+)*\s*/
Done
_colors.scss has 36 symbols
Searching through them all for /(^|[\s>+~])strong(\[[^\]]*\]|:{1,2}[\w-()]+|\.[\w-]+|#[\w-]+)*\s*/
Done
_variables-custom.scss has 434 symbols
Searching through them all for /(^|[\s>+~])strong(\[[^\]]*\]|:{1,2}[\w-()]+|\.[\w-]+|#[\w-]+)*\s*/
Done
_progress.scss has 14 symbols
Searching through them all for /(^|[\s>+~])strong(\[[^\]]*\]|:{1,2}[\w-()]+|\.[\w-]+|#[\w-]+)*\s*/
Done
_close.scss has 1 symbols
Searching through them all for /(^|[\s>+~])strong(\[[^\]]*\]|:{1,2}[\w-()]+|\.[\w-]+|#[\w-]+)*\s*/
Done
_widgets.scss has 251 symbols
Searching through them all for /(^|[\s>+~])strong(\[[^\]]*\]|:{1,2}[\w-()]+|\.[\w-]+|#[\w-]+)*\s*/
Done
_handsontable.scss has 342 symbols
Searching through them all for /(^|[\s>+~])strong(\[[^\]]*\]|:{1,2}[\w-()]+|\.[\w-]+|#[\w-]+)*\s*/
Done
_ion-range-slider.scss has 39 symbols
Searching through them all for /(^|[\s>+~])strong(\[[^\]]*\]|:{1,2}[\w-()]+|\.[\w-]+|#[\w-]+)*\s*/
Done
_tables.scss has 136 symbols
Searching through them all for /(^|[\s>+~])strong(\[[^\]]*\]|:{1,2}[\w-()]+|\.[\w-]+|#[\w-]+)*\s*/
Done
_interactions.scss has 42 symbols
Searching through them all for /(^|[\s>+~])strong(\[[^\]]*\]|:{1,2}[\w-()]+|\.[\w-]+|#[\w-]+)*\s*/
Done
_noui-slider.scss has 88 symbols
Searching through them all for /(^|[\s>+~])strong(\[[^\]]*\]|:{1,2}[\w-()]+|\.[\w-]+|#[\w-]+)*\s*/
Done
_type.scss has 87 symbols
Searching through them all for /(^|[\s>+~])strong(\[[^\]]*\]|:{1,2}[\w-()]+|\.[\w-]+|#[\w-]+)*\s*/
Done
_footable.scss has 17 symbols
Searching through them all for /(^|[\s>+~])strong(\[[^\]]*\]|:{1,2}[\w-()]+|\.[\w-]+|#[\w-]+)*\s*/
Done
_badge.scss has 24 symbols
Searching through them all for /(^|[\s>+~])strong(\[[^\]]*\]|:{1,2}[\w-()]+|\.[\w-]+|#[\w-]+)*\s*/
Done
_slider-pips.scss has 23 symbols
Searching through them all for /(^|[\s>+~])strong(\[[^\]]*\]|:{1,2}[\w-()]+|\.[\w-]+|#[\w-]+)*\s*/
Done
_list-group.scss has 26 symbols
Searching through them all for /(^|[\s>+~])strong(\[[^\]]*\]|:{1,2}[\w-()]+|\.[\w-]+|#[\w-]+)*\s*/
Done
_dropdown.scss has 89 symbols
Searching through them all for /(^|[\s>+~])strong(\[[^\]]*\]|:{1,2}[\w-()]+|\.[\w-]+|#[\w-]+)*\s*/
Done
_alert.scss has 30 symbols
Searching through them all for /(^|[\s>+~])strong(\[[^\]]*\]|:{1,2}[\w-()]+|\.[\w-]+|#[\w-]+)*\s*/
Done
_nav.scss has 111 symbols
Searching through them all for /(^|[\s>+~])strong(\[[^\]]*\]|:{1,2}[\w-()]+|\.[\w-]+|#[\w-]+)*\s*/
Done
_custom-forms.scss has 19 symbols
Searching through them all for /(^|[\s>+~])strong(\[[^\]]*\]|:{1,2}[\w-()]+|\.[\w-]+|#[\w-]+)*\s*/
Done
_card.scss has 44 symbols
Searching through them all for /(^|[\s>+~])strong(\[[^\]]*\]|:{1,2}[\w-()]+|\.[\w-]+|#[\w-]+)*\s*/
Done
_headroom.scss has 7 symbols
Searching through them all for /(^|[\s>+~])strong(\[[^\]]*\]|:{1,2}[\w-()]+|\.[\w-]+|#[\w-]+)*\s*/
Done
_datatable-responsive.scss has 31 symbols
Searching through them all for /(^|[\s>+~])strong(\[[^\]]*\]|:{1,2}[\w-()]+|\.[\w-]+|#[\w-]+)*\s*/
Done
_fab.scss has 101 symbols
Searching through them all for /(^|[\s>+~])strong(\[[^\]]*\]|:{1,2}[\w-()]+|\.[\w-]+|#[\w-]+)*\s*/
Done
_datatable-rows-reorder.scss has 4 symbols
Searching through them all for /(^|[\s>+~])strong(\[[^\]]*\]|:{1,2}[\w-()]+|\.[\w-]+|#[\w-]+)*\s*/
Done
_image-cropper.scss has 57 symbols
Searching through them all for /(^|[\s>+~])strong(\[[^\]]*\]|:{1,2}[\w-()]+|\.[\w-]+|#[\w-]+)*\s*/
Done
_progress-buttons.scss has 81 symbols
Searching through them all for /(^|[\s>+~])strong(\[[^\]]*\]|:{1,2}[\w-()]+|\.[\w-]+|#[\w-]+)*\s*/
Done
_select2.scss has 120 symbols
Searching through them all for /(^|[\s>+~])strong(\[[^\]]*\]|:{1,2}[\w-()]+|\.[\w-]+|#[\w-]+)*\s*/
Done
_breadcrumb.scss has 37 symbols
Searching through them all for /(^|[\s>+~])strong(\[[^\]]*\]|:{1,2}[\w-()]+|\.[\w-]+|#[\w-]+)*\s*/
Done
_jgrowl.scss has 18 symbols
Searching through them all for /(^|[\s>+~])strong(\[[^\]]*\]|:{1,2}[\w-()]+|\.[\w-]+|#[\w-]+)*\s*/
Done
_datatable-columns-reorder.scss has 4 symbols
Searching through them all for /(^|[\s>+~])strong(\[[^\]]*\]|:{1,2}[\w-()]+|\.[\w-]+|#[\w-]+)*\s*/
Done
_fancybox.scss has 50 symbols
Searching through them all for /(^|[\s>+~])strong(\[[^\]]*\]|:{1,2}[\w-()]+|\.[\w-]+|#[\w-]+)*\s*/
Done
_header-elements.scss has 17 symbols
Searching through them all for /(^|[\s>+~])strong(\[[^\]]*\]|:{1,2}[\w-()]+|\.[\w-]+|#[\w-]+)*\s*/
Done
_button-group.scss has 11 symbols
Searching through them all for /(^|[\s>+~])strong(\[[^\]]*\]|:{1,2}[\w-()]+|\.[\w-]+|#[\w-]+)*\s*/
Done
_fullcalendar.scss has 285 symbols
Searching through them all for /(^|[\s>+~])strong(\[[^\]]*\]|:{1,2}[\w-()]+|\.[\w-]+|#[\w-]+)*\s*/
Done
_datatable-buttons.scss has 24 symbols
Searching through them all for /(^|[\s>+~])strong(\[[^\]]*\]|:{1,2}[\w-()]+|\.[\w-]+|#[\w-]+)*\s*/
Done
_prism.scss has 57 symbols
Searching through them all for /(^|[\s>+~])strong(\[[^\]]*\]|:{1,2}[\w-()]+|\.[\w-]+|#[\w-]+)*\s*/
Done
_slinky.scss has 17 symbols
Searching through them all for /(^|[\s>+~])strong(\[[^\]]*\]|:{1,2}[\w-()]+|\.[\w-]+|#[\w-]+)*\s*/
Done
_sweet-alerts.scss has 106 symbols
Searching through them all for /(^|[\s>+~])strong(\[[^\]]*\]|:{1,2}[\w-()]+|\.[\w-]+|#[\w-]+)*\s*/
Done
_bootstrap-switch.scss has 55 symbols
Searching through them all for /(^|[\s>+~])strong(\[[^\]]*\]|:{1,2}[\w-()]+|\.[\w-]+|#[\w-]+)*\s*/
Done
_pnotify.scss has 76 symbols
Searching through them all for /(^|[\s>+~])strong(\[[^\]]*\]|:{1,2}[\w-()]+|\.[\w-]+|#[\w-]+)*\s*/
Done
_passy.scss has 2 symbols
Searching through them all for /(^|[\s>+~])strong(\[[^\]]*\]|:{1,2}[\w-()]+|\.[\w-]+|#[\w-]+)*\s*/
Done
_datatables.scss has 132 symbols
Searching through them all for /(^|[\s>+~])strong(\[[^\]]*\]|:{1,2}[\w-()]+|\.[\w-]+|#[\w-]+)*\s*/
Done
_noty.scss has 43 symbols
Searching through them all for /(^|[\s>+~])strong(\[[^\]]*\]|:{1,2}[\w-()]+|\.[\w-]+|#[\w-]+)*\s*/
Done
_fancytree.scss has 100 symbols
Searching through them all for /(^|[\s>+~])strong(\[[^\]]*\]|:{1,2}[\w-()]+|\.[\w-]+|#[\w-]+)*\s*/
Done
_perfect-scrollbar.scss has 18 symbols
Searching through them all for /(^|[\s>+~])strong(\[[^\]]*\]|:{1,2}[\w-()]+|\.[\w-]+|#[\w-]+)*\s*/
Done
_pagination.scss has 36 symbols
Searching through them all for /(^|[\s>+~])strong(\[[^\]]*\]|:{1,2}[\w-()]+|\.[\w-]+|#[\w-]+)*\s*/
Done
_alpaca.scss has 64 symbols
Searching through them all for /(^|[\s>+~])strong(\[[^\]]*\]|:{1,2}[\w-()]+|\.[\w-]+|#[\w-]+)*\s*/
Done
_demo.scss has 18 symbols
Searching through them all for /(^|[\s>+~])strong(\[[^\]]*\]|:{1,2}[\w-()]+|\.[\w-]+|#[\w-]+)*\s*/
Done
_daterange.scss has 87 symbols
Searching through them all for /(^|[\s>+~])strong(\[[^\]]*\]|:{1,2}[\w-()]+|\.[\w-]+|#[\w-]+)*\s*/
Done
_plupload.scss has 74 symbols
Searching through them all for /(^|[\s>+~])strong(\[[^\]]*\]|:{1,2}[\w-()]+|\.[\w-]+|#[\w-]+)*\s*/
Done
_floating-labels.scss has 3 symbols
Searching through them all for /(^|[\s>+~])strong(\[[^\]]*\]|:{1,2}[\w-()]+|\.[\w-]+|#[\w-]+)*\s*/
Done
_file-input.scss has 76 symbols
Searching through them all for /(^|[\s>+~])strong(\[[^\]]*\]|:{1,2}[\w-()]+|\.[\w-]+|#[\w-]+)*\s*/
Done
_dropzone.scss has 51 symbols
Searching through them all for /(^|[\s>+~])strong(\[[^\]]*\]|:{1,2}[\w-()]+|\.[\w-]+|#[\w-]+)*\s*/
Done
_uniform.scss has 80 symbols
Searching through them all for /(^|[\s>+~])strong(\[[^\]]*\]|:{1,2}[\w-()]+|\.[\w-]+|#[\w-]+)*\s*/
Done
_tokenfield.scss has 35 symbols
Searching through them all for /(^|[\s>+~])strong(\[[^\]]*\]|:{1,2}[\w-()]+|\.[\w-]+|#[\w-]+)*\s*/
Done
_spectrum.scss has 122 symbols
Searching through them all for /(^|[\s>+~])strong(\[[^\]]*\]|:{1,2}[\w-()]+|\.[\w-]+|#[\w-]+)*\s*/
Done
_time.scss has 15 symbols
Searching through them all for /(^|[\s>+~])strong(\[[^\]]*\]|:{1,2}[\w-()]+|\.[\w-]+|#[\w-]+)*\s*/
Done
_date.scss has 49 symbols
Searching through them all for /(^|[\s>+~])strong(\[[^\]]*\]|:{1,2}[\w-()]+|\.[\w-]+|#[\w-]+)*\s*/
Done
_anytime.scss has 76 symbols
Searching through them all for /(^|[\s>+~])strong(\[[^\]]*\]|:{1,2}[\w-()]+|\.[\w-]+|#[\w-]+)*\s*/
Done
_wizard.scss has 46 symbols
Searching through them all for /(^|[\s>+~])strong(\[[^\]]*\]|:{1,2}[\w-()]+|\.[\w-]+|#[\w-]+)*\s*/
Done
_datatable-fixed-columns.scss has 21 symbols
Searching through them all for /(^|[\s>+~])strong(\[[^\]]*\]|:{1,2}[\w-()]+|\.[\w-]+|#[\w-]+)*\s*/
Done
_datatable-select.scss has 14 symbols
Searching through them all for /(^|[\s>+~])strong(\[[^\]]*\]|:{1,2}[\w-()]+|\.[\w-]+|#[\w-]+)*\s*/
Done
_dual-listbox.scss has 37 symbols
Searching through them all for /(^|[\s>+~])strong(\[[^\]]*\]|:{1,2}[\w-()]+|\.[\w-]+|#[\w-]+)*\s*/
Done
_typeahead.scss has 11 symbols
Searching through them all for /(^|[\s>+~])strong(\[[^\]]*\]|:{1,2}[\w-()]+|\.[\w-]+|#[\w-]+)*\s*/
Done
_datatable-scroller.scss has 8 symbols
Searching through them all for /(^|[\s>+~])strong(\[[^\]]*\]|:{1,2}[\w-()]+|\.[\w-]+|#[\w-]+)*\s*/
Done
_trumbowyg.scss has 79 symbols
Searching through them all for /(^|[\s>+~])strong(\[[^\]]*\]|:{1,2}[\w-()]+|\.[\w-]+|#[\w-]+)*\s*/
Done
_multiselect.scss has 58 symbols
Searching through them all for /(^|[\s>+~])strong(\[[^\]]*\]|:{1,2}[\w-()]+|\.[\w-]+|#[\w-]+)*\s*/
Done
_datatable-keytable.scss has 8 symbols
Searching through them all for /(^|[\s>+~])strong(\[[^\]]*\]|:{1,2}[\w-()]+|\.[\w-]+|#[\w-]+)*\s*/
Done
_tags-input.scss has 9 symbols
Searching through them all for /(^|[\s>+~])strong(\[[^\]]*\]|:{1,2}[\w-()]+|\.[\w-]+|#[\w-]+)*\s*/
Done
_datatable-autofill.scss has 15 symbols
Searching through them all for /(^|[\s>+~])strong(\[[^\]]*\]|:{1,2}[\w-()]+|\.[\w-]+|#[\w-]+)*\s*/
Done
_text.scss has 21 symbols
Searching through them all for /(^|[\s>+~])strong(\[[^\]]*\]|:{1,2}[\w-()]+|\.[\w-]+|#[\w-]+)*\s*/
Done
_navbar.scss has 191 symbols
Searching through them all for /(^|[\s>+~])strong(\[[^\]]*\]|:{1,2}[\w-()]+|\.[\w-]+|#[\w-]+)*\s*/
Done
_sidebar.scss has 286 symbols
Searching through them all for /(^|[\s>+~])strong(\[[^\]]*\]|:{1,2}[\w-()]+|\.[\w-]+|#[\w-]+)*\s*/
Done
_sidebar.scss has 297 symbols
Searching through them all for /(^|[\s>+~])strong(\[[^\]]*\]|:{1,2}[\w-()]+|\.[\w-]+|#[\w-]+)*\s*/
Done
_buttons.scss has 69 symbols
Searching through them all for /(^|[\s>+~])strong(\[[^\]]*\]|:{1,2}[\w-()]+|\.[\w-]+|#[\w-]+)*\s*/
Done
_media.scss has 13 symbols
Searching through them all for /(^|[\s>+~])strong(\[[^\]]*\]|:{1,2}[\w-()]+|\.[\w-]+|#[\w-]+)*\s*/
Done
components.scss has 0 symbols
Searching through them all for /(^|[\s>+~])strong(\[[^\]]*\]|:{1,2}[\w-()]+|\.[\w-]+|#[\w-]+)*\s*/
Done
_buttons.scss has 11 symbols
Searching through them all for /(^|[\s>+~])strong(\[[^\]]*\]|:{1,2}[\w-()]+|\.[\w-]+|#[\w-]+)*\s*/
Done
_buttons.scss has 20 symbols
Searching through them all for /(^|[\s>+~])strong(\[[^\]]*\]|:{1,2}[\w-()]+|\.[\w-]+|#[\w-]+)*\s*/
Done
animate.min.css has 232 symbols
Searching through them all for /(^|[\s>+~])strong(\[[^\]]*\]|:{1,2}[\w-()]+|\.[\w-]+|#[\w-]+)*\s*/
Done
_variables.scss has 538 symbols
Searching through them all for /(^|[\s>+~])strong(\[[^\]]*\]|:{1,2}[\w-()]+|\.[\w-]+|#[\w-]+)*\s*/
Done
_tooltip.scss has 22 symbols
Searching through them all for /(^|[\s>+~])strong(\[[^\]]*\]|:{1,2}[\w-()]+|\.[\w-]+|#[\w-]+)*\s*/
Done
components.scss has 0 symbols
Searching through them all for /(^|[\s>+~])strong(\[[^\]]*\]|:{1,2}[\w-()]+|\.[\w-]+|#[\w-]+)*\s*/
Done
htmlDescriptor.css has 30 symbols
Searching through them all for /(^|[\s>+~])strong(\[[^\]]*\]|:{1,2}[\w-()]+|\.[\w-]+|#[\w-]+)*\s*/
Done
app.css has 3148 symbols
Searching through them all for /(^|[\s>+~])strong(\[[^\]]*\]|:{1,2}[\w-()]+|\.[\w-]+|#[\w-]+)*\s*/
Done
exception.css has 214 symbols
Searching through them all for /(^|[\s>+~])strong(\[[^\]]*\]|:{1,2}[\w-()]+|\.[\w-]+|#[\w-]+)*\s*/
Done
default.css has 45 symbols
Searching through them all for /(^|[\s>+~])strong(\[[^\]]*\]|:{1,2}[\w-()]+|\.[\w-]+|#[\w-]+)*\s*/
Done
html.css has 163 symbols
Searching through them all for /(^|[\s>+~])strong(\[[^\]]*\]|:{1,2}[\w-()]+|\.[\w-]+|#[\w-]+)*\s*/
Done
whoops.base.css has 120 symbols
Searching through them all for /(^|[\s>+~])strong(\[[^\]]*\]|:{1,2}[\w-()]+|\.[\w-]+|#[\w-]+)*\s*/
Done
style.css has 50 symbols
Searching through them all for /(^|[\s>+~])strong(\[[^\]]*\]|:{1,2}[\w-()]+|\.[\w-]+|#[\w-]+)*\s*/
Done
bootstrap.min.css has 3147 symbols
Searching through them all for /(^|[\s>+~])strong(\[[^\]]*\]|:{1,2}[\w-()]+|\.[\w-]+|#[\w-]+)*\s*/
Done
nv.d3.min.css has 135 symbols
Searching through them all for /(^|[\s>+~])strong(\[[^\]]*\]|:{1,2}[\w-()]+|\.[\w-]+|#[\w-]+)*\s*/
Done
_variables-core.scss has 679 symbols
Searching through them all for /(^|[\s>+~])strong(\[[^\]]*\]|:{1,2}[\w-()]+|\.[\w-]+|#[\w-]+)*\s*/
Done
_variables-custom.scss has 434 symbols
Searching through them all for /(^|[\s>+~])strong(\[[^\]]*\]|:{1,2}[\w-()]+|\.[\w-]+|#[\w-]+)*\s*/
Done
_caret.scss has 9 symbols
Searching through them all for /(^|[\s>+~])strong(\[[^\]]*\]|:{1,2}[\w-()]+|\.[\w-]+|#[\w-]+)*\s*/
Done
parseFloat($(this).text()); 5786
  script 54 60
  script 113 119
  script 122 128
  script 181 187
  table 191 196
  tbody 250 255
  tr 266 268
  td 283 285
  strong 287 293
  strong 300 306
  td 343 345
  td 418 420
  strong 422 428
  strong 450 456
  td 477 479
  td 494 496
  strong 498 504
  strong 514 520
  td 557 559
  tr 571 573
  tr 584 586
  td 601 603
  strong 605 611
  strong 636 642
  td 700 702
  td 717 719
  strong 721 727
  strong 747 753
  td 772 774
  td 789 791
  strong 793 799
  strong 806 812
  td 949 951
  tr 963 965
  tbody 974 979
  table 983 988
  table 993 998
  thead 1139 1144
  tr 1155 1157
  th 1172 1174
  th 1191 1193
  th 1208 1210
  th 1233 1235
  th 1250 1252
  br 1269 1271
  th 1278 1280
  th 1295 1297
  br 1314 1316
  th 1323 1325
  th 1340 1342
  br 1363 1365
  th 1372 1374
  th 1389 1391
  br 1418 1420
  th 1423 1425
  th 1510 1512
  br 1532 1534
  sup 1544 1547
  sup 1551 1554
  th 1567 1569
  th 1584 1586
  sup 1601 1604
  sup 1609 1612
  br 1615 1617
  th 1630 1632
  th 1647 1649
  sup 1664 1667
  sup 1671 1674
  br 1677 1679
  th 1692 1694
  th 1709 1711
  br 1736 1738
  sup 1742 1745
  sup 1750 1753
  sup 1759 1762
  sup 1766 1769
  sup 1775 1778
  sup 1782 1785
  th 1788 1790
  th 1805 1807
  th 1829 1831
  th 1871 1873
  th 1899 1901
  th 1916 1918
  th 1948 1950
  th 1965 1967
  th 1991 1993
  tr 2005 2007
  thead 2015 2020
  tbody 2028 2033
  tr 2085 2087
  td 2106 2108
  td 2133 2135
  td 2154 2156
  td 2175 2177
  td 2299 2301
  td 2324 2326
  td 2349 2351
  td 2374 2376
  td 2399 2401
  td 2425 2427
  td 2450 2452
  td 2933 2935
  td 3053 3055
  td 3080 3082
  td 3110 3112
  td 3191 3193
  td 3221 3223
  td 3302 3304
  td 3332 3334
  td 3358 3360
  td 3388 3390
  td 3418 3420
  td 3544 3546
  td 3578 3580
  td 3603 3605
  td 4213 4215
  td 4238 4240
  td 4286 4288
  tr 4332 4334
  tr 5041 5043
  td 5058 5060
  strong 5093 5099
  strong 5128 5134
  td 5137 5139
  td 5154 5156
  strong 5188 5194
  strong 5213 5219
  td 5222 5224
  td 5270 5272
  strong 5286 5292
  td 5345 5347
  td 5391 5393
  strong 5407 5413
  td 5467 5469
  tr 5511 5513
  tbody 5521 5526
  table 5530 5535
  script 5588 5594
  script 6388 6394
Invalid Selector
total_coef 5961
  script 54 60
  script 113 119
  script 122 128
  script 181 187
  table 191 196
  tbody 250 255
  tr 266 268
  td 283 285
  strong 287 293
  strong 300 306
  td 343 345
  td 418 420
  strong 422 428
  strong 450 456
  td 477 479
  td 494 496
  strong 498 504
  strong 514 520
  td 557 559
  tr 571 573
  tr 584 586
  td 601 603
  strong 605 611
  strong 636 642
  td 700 702
  td 717 719
  strong 721 727
  strong 747 753
  td 772 774
  td 789 791
  strong 793 799
  strong 806 812
  td 949 951
  tr 963 965
  tbody 974 979
  table 983 988
  table 993 998
  thead 1139 1144
  tr 1155 1157
  th 1172 1174
  th 1191 1193
  th 1208 1210
  th 1233 1235
  th 1250 1252
  br 1269 1271
  th 1278 1280
  th 1295 1297
  br 1314 1316
  th 1323 1325
  th 1340 1342
  br 1363 1365
  th 1372 1374
  th 1389 1391
  br 1418 1420
  th 1423 1425
  th 1510 1512
  br 1532 1534
  sup 1544 1547
  sup 1551 1554
  th 1567 1569
  th 1584 1586
  sup 1601 1604
  sup 1609 1612
  br 1615 1617
  th 1630 1632
  th 1647 1649
  sup 1664 1667
  sup 1671 1674
  br 1677 1679
  th 1692 1694
  th 1709 1711
  br 1736 1738
  sup 1742 1745
  sup 1750 1753
  sup 1759 1762
  sup 1766 1769
  sup 1775 1778
  sup 1782 1785
  th 1788 1790
  th 1805 1807
  th 1829 1831
  th 1871 1873
  th 1899 1901
  th 1916 1918
  th 1948 1950
  th 1965 1967
  th 1991 1993
  tr 2005 2007
  thead 2015 2020
  tbody 2028 2033
  tr 2085 2087
  td 2106 2108
  td 2133 2135
  td 2154 2156
  td 2175 2177
  td 2299 2301
  td 2324 2326
  td 2349 2351
  td 2374 2376
  td 2399 2401
  td 2425 2427
  td 2450 2452
  td 2933 2935
  td 3053 3055
  td 3080 3082
  td 3110 3112
  td 3191 3193
  td 3221 3223
  td 3302 3304
  td 3332 3334
  td 3358 3360
  td 3388 3390
  td 3418 3420
  td 3544 3546
  td 3578 3580
  td 3603 3605
  td 4213 4215
  td 4238 4240
  td 4286 4288
  tr 4332 4334
  tr 5041 5043
  td 5058 5060
  strong 5093 5099
  strong 5128 5134
  td 5137 5139
  td 5154 5156
  strong 5188 5194
  strong 5213 5219
  td 5222 5224
  td 5270 5272
  strong 5286 5292
  td 5345 5347
  td 5391 5393
  strong 5407 5413
  td 5467 5469
  tr 5511 5513
  tbody 5521 5526
  table 5530 5535
  script 5588 5594
  script 6388 6394
Invalid Selector
StudentRecord::where( 4596
  script 54 60
  script 113 119
  script 122 128
  script 181 187
  table 191 196
  tbody 250 255
  tr 266 268
  td 283 285
  strong 287 293
  strong 300 306
  td 343 345
  td 418 420
  strong 422 428
  strong 450 456
  td 477 479
  td 494 496
  strong 498 504
  strong 514 520
  td 557 559
  tr 571 573
  tr 584 586
  td 601 603
  strong 605 611
  strong 636 642
  td 700 702
  td 717 719
  strong 721 727
  strong 747 753
  td 772 774
  td 789 791
  strong 793 799
  strong 806 812
  td 949 951
  tr 963 965
  tbody 974 979
  table 983 988
  table 993 998
  thead 1139 1144
  tr 1155 1157
  th 1172 1174
  th 1191 1193
  th 1208 1210
  th 1233 1235
  th 1250 1252
  br 1269 1271
  th 1278 1280
  th 1295 1297
  br 1314 1316
  th 1323 1325
  th 1340 1342
  br 1363 1365
  th 1372 1374
  th 1389 1391
  br 1418 1420
  th 1423 1425
  th 1510 1512
  br 1532 1534
  sup 1544 1547
  sup 1551 1554
  th 1567 1569
  th 1584 1586
  sup 1601 1604
  sup 1609 1612
  br 1615 1617
  th 1630 1632
  th 1647 1649
  sup 1664 1667
  sup 1671 1674
  br 1677 1679
  th 1692 1694
  th 1709 1711
  br 1736 1738
  sup 1742 1745
  sup 1750 1753
  sup 1759 1762
  sup 1766 1769
  sup 1775 1778
  sup 1782 1785
  th 1788 1790
  th 1805 1807
  th 1829 1831
  th 1871 1873
  th 1899 1901
  th 1916 1918
  th 1948 1950
  th 1965 1967
  th 1991 1993
  tr 2005 2007
  thead 2015 2020
  tbody 2028 2033
  tr 2085 2087
  td 2106 2108
  td 2133 2135
  td 2154 2156
  td 2175 2177
  td 2299 2301
  td 2324 2326
  td 2349 2351
  td 2374 2376
  td 2399 2401
  td 2425 2427
  td 2450 2452
  td 2933 2935
  td 3053 3055
  td 3080 3082
  td 3110 3112
  td 3191 3193
  td 3221 3223
  td 3302 3304
  td 3332 3334
  td 3358 3360
  td 3388 3390
  td 3418 3420
  td 3544 3546
  td 3578 3580
  td 3603 3605
  td 4213 4215
  td 4238 4240
  td 4286 4288
  tr 4332 4334
  tr 5025 5027
  td 5042 5044
  strong 5077 5083
  strong 5112 5118
  td 5121 5123
  td 5138 5140
  strong 5172 5178
  strong 5197 5203
  td 5206 5208
  td 5254 5256
  strong 5270 5276
  td 5329 5331
  td 5375 5377
  strong 5391 5397
  td 5451 5453
  tr 5495 5497
  tbody 5505 5510
  table 5514 5519
  script 5572 5578
  script 6372 6378
Invalid Selector
StudentRecord::where( 4612
  script 54 60
  script 113 119
  script 122 128
  script 181 187
  table 191 196
  tbody 250 255
  tr 266 268
  td 283 285
  strong 287 293
  strong 300 306
  td 343 345
  td 418 420
  strong 422 428
  strong 450 456
  td 477 479
  td 494 496
  strong 498 504
  strong 514 520
  td 557 559
  tr 571 573
  tr 584 586
  td 601 603
  strong 605 611
  strong 636 642
  td 700 702
  td 717 719
  strong 721 727
  strong 747 753
  td 772 774
  td 789 791
  strong 793 799
  strong 806 812
  td 949 951
  tr 963 965
  tbody 974 979
  table 983 988
  table 993 998
  thead 1139 1144
  tr 1155 1157
  th 1172 1174
  th 1191 1193
  th 1208 1210
  th 1233 1235
  th 1250 1252
  br 1269 1271
  th 1278 1280
  th 1295 1297
  br 1314 1316
  th 1323 1325
  th 1340 1342
  br 1363 1365
  th 1372 1374
  th 1389 1391
  br 1418 1420
  th 1423 1425
  th 1510 1512
  br 1532 1534
  sup 1544 1547
  sup 1551 1554
  th 1567 1569
  th 1584 1586
  sup 1601 1604
  sup 1609 1612
  br 1615 1617
  th 1630 1632
  th 1647 1649
  sup 1664 1667
  sup 1671 1674
  br 1677 1679
  th 1692 1694
  th 1709 1711
  br 1736 1738
  sup 1742 1745
  sup 1750 1753
  sup 1759 1762
  sup 1766 1769
  sup 1775 1778
  sup 1782 1785
  th 1788 1790
  th 1805 1807
  th 1829 1831
  th 1871 1873
  th 1899 1901
  th 1916 1918
  th 1948 1950
  th 1965 1967
  th 1991 1993
  tr 2005 2007
  thead 2015 2020
  tbody 2028 2033
  tr 2085 2087
  td 2106 2108
  td 2133 2135
  td 2154 2156
  td 2175 2177
  td 2299 2301
  td 2324 2326
  td 2349 2351
  td 2374 2376
  td 2399 2401
  td 2425 2427
  td 2450 2452
  td 2933 2935
  td 3053 3055
  td 3080 3082
  td 3110 3112
  td 3191 3193
  td 3221 3223
  td 3302 3304
  td 3332 3334
  td 3358 3360
  td 3388 3390
  td 3418 3420
  td 3544 3546
  td 3578 3580
  td 3603 3605
  td 4213 4215
  td 4238 4240
  td 4286 4288
  tr 4332 4334
  tr 5041 5043
  td 5058 5060
  strong 5093 5099
  strong 5128 5134
  td 5137 5139
  td 5154 5156
  strong 5188 5194
  strong 5213 5219
  td 5222 5224
  td 5270 5272
  strong 5286 5292
  td 5345 5347
  td 5391 5393
  strong 5407 5413
  td 5467 5469
  tr 5511 5513
  tbody 5521 5526
  table 5530 5535
  script 5588 5594
  script 6388 6394
Invalid Selector
StudentRecord::where( 4613
  script 54 60
  script 113 119
  script 122 128
  script 181 187
  table 191 196
  tbody 250 255
  tr 266 268
  td 283 285
  strong 287 293
  strong 300 306
  td 343 345
  td 418 420
  strong 422 428
  strong 450 456
  td 477 479
  td 494 496
  strong 498 504
  strong 514 520
  td 557 559
  tr 571 573
  tr 584 586
  td 601 603
  strong 605 611
  strong 636 642
  td 700 702
  td 717 719
  strong 721 727
  strong 747 753
  td 772 774
  td 789 791
  strong 793 799
  strong 806 812
  td 949 951
  tr 963 965
  tbody 974 979
  table 983 988
  table 993 998
  thead 1139 1144
  tr 1155 1157
  th 1172 1174
  th 1191 1193
  th 1208 1210
  th 1233 1235
  th 1250 1252
  br 1269 1271
  th 1278 1280
  th 1295 1297
  br 1314 1316
  th 1323 1325
  th 1340 1342
  br 1363 1365
  th 1372 1374
  th 1389 1391
  br 1418 1420
  th 1423 1425
  th 1510 1512
  br 1532 1534
  sup 1544 1547
  sup 1551 1554
  th 1567 1569
  th 1584 1586
  sup 1601 1604
  sup 1609 1612
  br 1615 1617
  th 1630 1632
  th 1647 1649
  sup 1664 1667
  sup 1671 1674
  br 1677 1679
  th 1692 1694
  th 1709 1711
  br 1736 1738
  sup 1742 1745
  sup 1750 1753
  sup 1759 1762
  sup 1766 1769
  sup 1775 1778
  sup 1782 1785
  th 1788 1790
  th 1805 1807
  th 1829 1831
  th 1871 1873
  th 1899 1901
  th 1916 1918
  th 1948 1950
  th 1965 1967
  th 1991 1993
  tr 2005 2007
  thead 2015 2020
  tbody 2028 2033
  tr 2085 2087
  td 2106 2108
  td 2133 2135
  td 2154 2156
  td 2175 2177
  td 2299 2301
  td 2324 2326
  td 2349 2351
  td 2374 2376
  td 2399 2401
  td 2425 2427
  td 2450 2452
  td 2933 2935
  td 3053 3055
  td 3080 3082
  td 3110 3112
  td 3191 3193
  td 3221 3223
  td 3302 3304
  td 3332 3334
  td 3358 3360
  td 3388 3390
  td 3418 3420
  td 3544 3546
  td 3578 3580
  td 3603 3605
  td 4213 4215
  td 4238 4240
  td 4286 4288
  tr 4332 4334
  tr 5042 5044
  td 5059 5061
  strong 5094 5100
  strong 5129 5135
  td 5138 5140
  td 5155 5157
  strong 5189 5195
  strong 5214 5220
  td 5223 5225
  td 5271 5273
  strong 5287 5293
  td 5346 5348
  td 5392 5394
  strong 5408 5414
  td 5468 5470
  tr 5512 5514
  tbody 5522 5527
  table 5531 5536
  script 5589 5595
  script 6389 6395
Invalid Selector
dd($rang- 5000
  script 54 60
  script 113 119
  script 122 128
  script 181 187
  table 191 196
  tbody 250 255
  tr 266 268
  td 283 285
  strong 287 293
  strong 300 306
  td 343 345
  td 418 420
  strong 422 428
  strong 450 456
  td 477 479
  td 494 496
  strong 498 504
  strong 514 520
  td 557 559
  tr 571 573
  tr 584 586
  td 601 603
  strong 605 611
  strong 636 642
  td 700 702
  td 717 719
  strong 721 727
  strong 747 753
  td 772 774
  td 789 791
  strong 793 799
  strong 806 812
  td 949 951
  tr 963 965
  tbody 974 979
  table 983 988
  table 993 998
  thead 1139 1144
  tr 1155 1157
  th 1172 1174
  th 1191 1193
  th 1208 1210
  th 1233 1235
  th 1250 1252
  br 1269 1271
  th 1278 1280
  th 1295 1297
  br 1314 1316
  th 1323 1325
  th 1340 1342
  br 1363 1365
  th 1372 1374
  th 1389 1391
  br 1418 1420
  th 1423 1425
  th 1510 1512
  br 1532 1534
  sup 1544 1547
  sup 1551 1554
  th 1567 1569
  th 1584 1586
  sup 1601 1604
  sup 1609 1612
  br 1615 1617
  th 1630 1632
  th 1647 1649
  sup 1664 1667
  sup 1671 1674
  br 1677 1679
  th 1692 1694
  th 1709 1711
  br 1736 1738
  sup 1742 1745
  sup 1750 1753
  sup 1759 1762
  sup 1766 1769
  sup 1775 1778
  sup 1782 1785
  th 1788 1790
  th 1805 1807
  th 1829 1831
  th 1871 1873
  th 1899 1901
  th 1916 1918
  th 1948 1950
  th 1965 1967
  th 1991 1993
  tr 2005 2007
  thead 2015 2020
  tbody 2028 2033
  tr 2085 2087
  td 2106 2108
  td 2133 2135
  td 2154 2156
  td 2175 2177
  td 2299 2301
  td 2324 2326
  td 2349 2351
  td 2374 2376
  td 2399 2401
  td 2425 2427
  td 2450 2452
  td 2933 2935
  td 3053 3055
  td 3080 3082
  td 3110 3112
  td 3191 3193
  td 3221 3223
  td 3302 3304
  td 3332 3334
  td 3358 3360
  td 3388 3390
  td 3418 3420
  td 3544 3546
  td 3578 3580
  td 3603 3605
  td 4213 4215
  td 4238 4240
  td 4286 4288
  tr 4332 4334
  tr 5042 5044
  td 5059 5061
  strong 5094 5100
  strong 5129 5135
  td 5138 5140
  td 5155 5157
  strong 5189 5195
  strong 5214 5220
  td 5223 5225
  td 5271 5273
  strong 5287 5293
  td 5346 5348
  td 5392 5394
  strong 5408 5414
  td 5468 5470
  tr 5512 5514
  tbody 5522 5527
  table 5531 5536
  script 5589 5595
  script 6389 6395
Invalid Selector
dd($rang->pos); 4937
  script 54 60
  script 113 119
  script 122 128
  script 181 187
  table 191 196
  tbody 250 255
  tr 266 268
  td 283 285
  strong 287 293
  strong 300 306
  td 343 345
  td 418 420
  strong 422 428
  strong 450 456
  td 477 479
  td 494 496
  strong 498 504
  strong 514 520
  td 557 559
  tr 571 573
  tr 584 586
  td 601 603
  strong 605 611
  strong 636 642
  td 700 702
  td 717 719
  strong 721 727
  strong 747 753
  td 772 774
  td 789 791
  strong 793 799
  strong 806 812
  td 949 951
  tr 963 965
  tbody 974 979
  table 983 988
  table 993 998
  thead 1139 1144
  tr 1155 1157
  th 1172 1174
  th 1191 1193
  th 1208 1210
  th 1233 1235
  th 1250 1252
  br 1269 1271
  th 1278 1280
  th 1295 1297
  br 1314 1316
  th 1323 1325
  th 1340 1342
  br 1363 1365
  th 1372 1374
  th 1389 1391
  br 1418 1420
  th 1423 1425
  th 1510 1512
  br 1532 1534
  sup 1544 1547
  sup 1551 1554
  th 1567 1569
  th 1584 1586
  sup 1601 1604
  sup 1609 1612
  br 1615 1617
  th 1630 1632
  th 1647 1649
  sup 1664 1667
  sup 1671 1674
  br 1677 1679
  th 1692 1694
  th 1709 1711
  br 1736 1738
  sup 1742 1745
  sup 1750 1753
  sup 1759 1762
  sup 1766 1769
  sup 1775 1778
  sup 1782 1785
  th 1788 1790
  th 1805 1807
  th 1829 1831
  th 1871 1873
  th 1899 1901
  th 1916 1918
  th 1948 1950
  th 1965 1967
  th 1991 1993
  tr 2005 2007
  thead 2015 2020
  tbody 2028 2033
  tr 2085 2087
  td 2106 2108
  td 2133 2135
  td 2154 2156
  td 2175 2177
  td 2299 2301
  td 2324 2326
  td 2349 2351
  td 2374 2376
  td 2399 2401
  td 2425 2427
  td 2450 2452
  td 2933 2935
  td 3053 3055
  td 3080 3082
  td 3110 3112
  td 3191 3193
  td 3221 3223
  td 3302 3304
  td 3332 3334
  td 3358 3360
  td 3388 3390
  td 3418 3420
  td 3544 3546
  td 3578 3580
  td 3603 3605
  td 4213 4215
  td 4238 4240
  td 4286 4288
  tr 4332 4334
  tr 4979 4981
  td 4996 4998
  strong 5031 5037
  strong 5066 5072
  td 5075 5077
  td 5092 5094
  strong 5126 5132
  strong 5151 5157
  td 5160 5162
  td 5208 5210
  strong 5224 5230
  td 5283 5285
  td 5329 5331
  strong 5345 5351
  td 5405 5407
  tr 5449 5451
  tbody 5459 5464
  table 5468 5473
  script 5526 5532
  script 6326 6332
Invalid Selector
ExamRecord::where( 4802
  script 54 60
  script 113 119
  script 122 128
  script 181 187
  table 191 196
  tbody 250 255
  tr 266 268
  td 283 285
  strong 287 293
  strong 300 306
  td 343 345
  td 418 420
  strong 422 428
  strong 450 456
  td 477 479
  td 494 496
  strong 498 504
  strong 514 520
  td 557 559
  tr 571 573
  tr 584 586
  td 601 603
  strong 605 611
  strong 636 642
  td 700 702
  td 717 719
  strong 721 727
  strong 747 753
  td 772 774
  td 789 791
  strong 793 799
  strong 806 812
  td 949 951
  tr 963 965
  tbody 974 979
  table 983 988
  table 993 998
  thead 1139 1144
  tr 1155 1157
  th 1172 1174
  th 1191 1193
  th 1208 1210
  th 1233 1235
  th 1250 1252
  br 1269 1271
  th 1278 1280
  th 1295 1297
  br 1314 1316
  th 1323 1325
  th 1340 1342
  br 1363 1365
  th 1372 1374
  th 1389 1391
  br 1418 1420
  th 1423 1425
  th 1510 1512
  br 1532 1534
  sup 1544 1547
  sup 1551 1554
  th 1567 1569
  th 1584 1586
  sup 1601 1604
  sup 1609 1612
  br 1615 1617
  th 1630 1632
  th 1647 1649
  sup 1664 1667
  sup 1671 1674
  br 1677 1679
  th 1692 1694
  th 1709 1711
  br 1736 1738
  sup 1742 1745
  sup 1750 1753
  sup 1759 1762
  sup 1766 1769
  sup 1775 1778
  sup 1782 1785
  th 1788 1790
  th 1805 1807
  th 1829 1831
  th 1871 1873
  th 1899 1901
  th 1916 1918
  th 1948 1950
  th 1965 1967
  th 1991 1993
  tr 2005 2007
  thead 2015 2020
  tbody 2028 2033
  tr 2085 2087
  td 2106 2108
  td 2133 2135
  td 2154 2156
  td 2175 2177
  td 2299 2301
  td 2324 2326
  td 2349 2351
  td 2374 2376
  td 2399 2401
  td 2425 2427
  td 2450 2452
  td 2933 2935
  td 3053 3055
  td 3080 3082
  td 3110 3112
  td 3191 3193
  td 3221 3223
  td 3302 3304
  td 3332 3334
  td 3358 3360
  td 3388 3390
  td 3418 3420
  td 3544 3546
  td 3578 3580
  td 3603 3605
  td 4213 4215
  td 4238 4240
  td 4286 4288
  tr 4332 4334
  tr 4979 4981
  td 4996 4998
  strong 5031 5037
  strong 5066 5072
  td 5075 5077
  td 5092 5094
  strong 5126 5132
  strong 5151 5157
  td 5160 5162
  td 5208 5210
  strong 5224 5230
  td 5283 5285
  td 5329 5331
  strong 5345 5351
  td 5405 5407
  tr 5449 5451
  tbody 5459 5464
  table 5468 5473
  script 5526 5532
  script 6326 6332
Invalid Selector
my_class_id 4674
  script 54 60
  script 113 119
  script 122 128
  script 181 187
  table 191 196
  tbody 250 255
  tr 266 268
  td 283 285
  strong 287 293
  strong 300 306
  td 343 345
  td 418 420
  strong 422 428
  strong 450 456
  td 477 479
  td 494 496
  strong 498 504
  strong 514 520
  td 557 559
  tr 571 573
  tr 584 586
  td 601 603
  strong 605 611
  strong 636 642
  td 700 702
  td 717 719
  strong 721 727
  strong 747 753
  td 772 774
  td 789 791
  strong 793 799
  strong 806 812
  td 949 951
  tr 963 965
  tbody 974 979
  table 983 988
  table 993 998
  thead 1139 1144
  tr 1155 1157
  th 1172 1174
  th 1191 1193
  th 1208 1210
  th 1233 1235
  th 1250 1252
  br 1269 1271
  th 1278 1280
  th 1295 1297
  br 1314 1316
  th 1323 1325
  th 1340 1342
  br 1363 1365
  th 1372 1374
  th 1389 1391
  br 1418 1420
  th 1423 1425
  th 1510 1512
  br 1532 1534
  sup 1544 1547
  sup 1551 1554
  th 1567 1569
  th 1584 1586
  sup 1601 1604
  sup 1609 1612
  br 1615 1617
  th 1630 1632
  th 1647 1649
  sup 1664 1667
  sup 1671 1674
  br 1677 1679
  th 1692 1694
  th 1709 1711
  br 1736 1738
  sup 1742 1745
  sup 1750 1753
  sup 1759 1762
  sup 1766 1769
  sup 1775 1778
  sup 1782 1785
  th 1788 1790
  th 1805 1807
  th 1829 1831
  th 1871 1873
  th 1899 1901
  th 1916 1918
  th 1948 1950
  th 1965 1967
  th 1991 1993
  tr 2005 2007
  thead 2015 2020
  tbody 2028 2033
  tr 2085 2087
  td 2106 2108
  td 2133 2135
  td 2154 2156
  td 2175 2177
  td 2299 2301
  td 2324 2326
  td 2349 2351
  td 2374 2376
  td 2399 2401
  td 2425 2427
  td 2450 2452
  td 2933 2935
  td 3053 3055
  td 3080 3082
  td 3110 3112
  td 3191 3193
  td 3221 3223
  td 3302 3304
  td 3332 3334
  td 3358 3360
  td 3388 3390
  td 3418 3420
  td 3544 3546
  td 3578 3580
  td 3603 3605
  td 4213 4215
  td 4238 4240
  td 4286 4288
  tr 4332 4334
  tr 4982 4984
  td 4999 5001
  strong 5034 5040
  strong 5069 5075
  td 5078 5080
  td 5095 5097
  strong 5129 5135
  strong 5154 5160
  td 5163 5165
  td 5211 5213
  strong 5227 5233
  td 5286 5288
  td 5332 5334
  strong 5348 5354
  td 5408 5410
  tr 5452 5454
  tbody 5462 5467
  table 5471 5476
  script 5529 5535
  script 6329 6335
Invalid Selector
ExamRecord::where( 4805
  script 54 60
  script 113 119
  script 122 128
  script 181 187
  table 191 196
  tbody 250 255
  tr 266 268
  td 283 285
  strong 287 293
  strong 300 306
  td 343 345
  td 418 420
  strong 422 428
  strong 450 456
  td 477 479
  td 494 496
  strong 498 504
  strong 514 520
  td 557 559
  tr 571 573
  tr 584 586
  td 601 603
  strong 605 611
  strong 636 642
  td 700 702
  td 717 719
  strong 721 727
  strong 747 753
  td 772 774
  td 789 791
  strong 793 799
  strong 806 812
  td 949 951
  tr 963 965
  tbody 974 979
  table 983 988
  table 993 998
  thead 1139 1144
  tr 1155 1157
  th 1172 1174
  th 1191 1193
  th 1208 1210
  th 1233 1235
  th 1250 1252
  br 1269 1271
  th 1278 1280
  th 1295 1297
  br 1314 1316
  th 1323 1325
  th 1340 1342
  br 1363 1365
  th 1372 1374
  th 1389 1391
  br 1418 1420
  th 1423 1425
  th 1510 1512
  br 1532 1534
  sup 1544 1547
  sup 1551 1554
  th 1567 1569
  th 1584 1586
  sup 1601 1604
  sup 1609 1612
  br 1615 1617
  th 1630 1632
  th 1647 1649
  sup 1664 1667
  sup 1671 1674
  br 1677 1679
  th 1692 1694
  th 1709 1711
  br 1736 1738
  sup 1742 1745
  sup 1750 1753
  sup 1759 1762
  sup 1766 1769
  sup 1775 1778
  sup 1782 1785
  th 1788 1790
  th 1805 1807
  th 1829 1831
  th 1871 1873
  th 1899 1901
  th 1916 1918
  th 1948 1950
  th 1965 1967
  th 1991 1993
  tr 2005 2007
  thead 2015 2020
  tbody 2028 2033
  tr 2085 2087
  td 2106 2108
  td 2133 2135
  td 2154 2156
  td 2175 2177
  td 2299 2301
  td 2324 2326
  td 2349 2351
  td 2374 2376
  td 2399 2401
  td 2425 2427
  td 2450 2452
  td 2933 2935
  td 3053 3055
  td 3080 3082
  td 3110 3112
  td 3191 3193
  td 3221 3223
  td 3302 3304
  td 3332 3334
  td 3358 3360
  td 3388 3390
  td 3418 3420
  td 3544 3546
  td 3578 3580
  td 3603 3605
  td 4213 4215
  td 4238 4240
  td 4286 4288
  tr 4332 4334
  tr 4982 4984
  td 4999 5001
  strong 5034 5040
  strong 5069 5075
  td 5078 5080
  td 5095 5097
  strong 5129 5135
  strong 5154 5160
  td 5163 5165
  td 5211 5213
  strong 5227 5233
  td 5286 5288
  td 5332 5334
  strong 5348 5354
  td 5408 5410
  tr 5452 5454
  tbody 5462 5467
  table 5471 5476
  script 5529 5535
  script 6329 6335
Invalid Selector
dd($total_eleve); 4711
  script 54 60
  script 113 119
  script 122 128
  script 181 187
  table 191 196
  tbody 250 255
  tr 266 268
  td 283 285
  strong 287 293
  strong 300 306
  td 343 345
  td 365 367
  strong 369 375
  strong 397 403
  td 424 426
  td 441 443
  strong 445 451
  strong 461 467
  td 504 506
  tr 518 520
  tr 531 533
  td 548 550
  strong 552 558
  strong 583 589
  td 647 649
  td 664 666
  strong 668 674
  strong 694 700
  td 719 721
  td 736 738
  strong 740 746
  strong 753 759
  td 896 898
  tr 910 912
  tbody 921 926
  table 930 935
  table 940 945
  thead 1086 1091
  tr 1102 1104
  th 1119 1121
  th 1138 1140
  th 1155 1157
  th 1180 1182
  th 1197 1199
  br 1216 1218
  th 1225 1227
  th 1242 1244
  br 1261 1263
  th 1270 1272
  th 1287 1289
  br 1310 1312
  th 1319 1321
  th 1336 1338
  br 1365 1367
  th 1370 1372
  th 1457 1459
  br 1479 1481
  sup 1491 1494
  sup 1498 1501
  th 1514 1516
  th 1531 1533
  sup 1548 1551
  sup 1556 1559
  br 1562 1564
  th 1577 1579
  th 1594 1596
  sup 1611 1614
  sup 1618 1621
  br 1624 1626
  th 1639 1641
  th 1656 1658
  br 1683 1685
  sup 1689 1692
  sup 1697 1700
  sup 1706 1709
  sup 1713 1716
  sup 1722 1725
  sup 1729 1732
  th 1735 1737
  th 1752 1754
  th 1776 1778
  th 1818 1820
  th 1846 1848
  th 1863 1865
  th 1895 1897
  th 1912 1914
  th 1938 1940
  tr 1952 1954
  thead 1962 1967
  tbody 1975 1980
  tr 2032 2034
  td 2053 2055
  td 2080 2082
  td 2101 2103
  td 2122 2124
  td 2246 2248
  td 2271 2273
  td 2296 2298
  td 2321 2323
  td 2346 2348
  td 2372 2374
  td 2397 2399
  td 2880 2882
  td 3000 3002
  td 3027 3029
  td 3057 3059
  td 3138 3140
  td 3168 3170
  td 3249 3251
  td 3279 3281
  td 3305 3307
  td 3335 3337
  td 3365 3367
  td 3491 3493
  td 3525 3527
  td 3550 3552
  td 4160 4162
  td 4185 4187
  td 4233 4235
  tr 4279 4281
  tr 4939 4941
  td 4956 4958
  strong 4991 4997
  strong 5026 5032
  td 5035 5037
  td 5052 5054
  strong 5086 5092
  strong 5111 5117
  td 5120 5122
  td 5168 5170
  strong 5184 5190
  td 5243 5245
  td 5289 5291
  strong 5305 5311
  td 5365 5367
  tr 5409 5411
  tbody 5419 5424
  table 5428 5433
  script 5486 5492
  script 6286 6292
Invalid Selector
$rang 4757
  script 54 60
  script 113 119
  script 122 128
  script 181 187
  table 191 196
  tbody 250 255
  tr 266 268
  td 283 285
  strong 287 293
  strong 300 306
  td 343 345
  td 365 367
  strong 369 375
  strong 397 403
  td 424 426
  td 441 443
  strong 445 451
  strong 461 467
  td 504 506
  tr 518 520
  tr 531 533
  td 548 550
  strong 552 558
  strong 583 589
  td 647 649
  td 664 666
  strong 668 674
  strong 694 700
  td 719 721
  td 736 738
  strong 740 746
  strong 753 759
  td 896 898
  tr 910 912
  tbody 921 926
  table 930 935
  table 940 945
  thead 1086 1091
  tr 1102 1104
  th 1119 1121
  th 1138 1140
  th 1155 1157
  th 1180 1182
  th 1197 1199
  br 1216 1218
  th 1225 1227
  th 1242 1244
  br 1261 1263
  th 1270 1272
  th 1287 1289
  br 1310 1312
  th 1319 1321
  th 1336 1338
  br 1365 1367
  th 1370 1372
  th 1457 1459
  br 1479 1481
  sup 1491 1494
  sup 1498 1501
  th 1514 1516
  th 1531 1533
  sup 1548 1551
  sup 1556 1559
  br 1562 1564
  th 1577 1579
  th 1594 1596
  sup 1611 1614
  sup 1618 1621
  br 1624 1626
  th 1639 1641
  th 1656 1658
  br 1683 1685
  sup 1689 1692
  sup 1697 1700
  sup 1706 1709
  sup 1713 1716
  sup 1722 1725
  sup 1729 1732
  th 1735 1737
  th 1752 1754
  th 1776 1778
  th 1818 1820
  th 1846 1848
  th 1863 1865
  th 1895 1897
  th 1912 1914
  th 1938 1940
  tr 1952 1954
  thead 1962 1967
  tbody 1975 1980
  tr 2032 2034
  td 2053 2055
  td 2080 2082
  td 2101 2103
  td 2122 2124
  td 2246 2248
  td 2271 2273
  td 2296 2298
  td 2321 2323
  td 2346 2348
  td 2372 2374
  td 2397 2399
  td 2880 2882
  td 3000 3002
  td 3027 3029
  td 3057 3059
  td 3138 3140
  td 3168 3170
  td 3249 3251
  td 3279 3281
  td 3305 3307
  td 3335 3337
  td 3365 3367
  td 3491 3493
  td 3525 3527
  td 3550 3552
  td 4160 4162
  td 4185 4187
  td 4233 4235
  tr 4279 4281
  tr 4942 4944
  td 4959 4961
  strong 4994 5000
  strong 5029 5035
  td 5038 5040
  td 5055 5057
  strong 5089 5095
  strong 5114 5120
  td 5123 5125
  td 5171 5173
  strong 5187 5193
  td 5246 5248
  td 5292 5294
  strong 5308 5314
  td 5368 5370
  tr 5412 5414
  tbody 5422 5427
  table 5431 5436
  script 5489 5495
  script 6289 6295
Invalid Selector
dd($rang- 4900
  script 54 60
  script 113 119
  script 122 128
  script 181 187
  table 191 196
  tbody 250 255
  tr 266 268
  td 283 285
  strong 287 293
  strong 300 306
  td 343 345
  td 365 367
  strong 369 375
  strong 397 403
  td 424 426
  td 441 443
  strong 445 451
  strong 461 467
  td 504 506
  tr 518 520
  tr 531 533
  td 548 550
  strong 552 558
  strong 583 589
  td 647 649
  td 664 666
  strong 668 674
  strong 694 700
  td 719 721
  td 736 738
  strong 740 746
  strong 753 759
  td 896 898
  tr 910 912
  tbody 921 926
  table 930 935
  table 940 945
  thead 1086 1091
  tr 1102 1104
  th 1119 1121
  th 1138 1140
  th 1155 1157
  th 1180 1182
  th 1197 1199
  br 1216 1218
  th 1225 1227
  th 1242 1244
  br 1261 1263
  th 1270 1272
  th 1287 1289
  br 1310 1312
  th 1319 1321
  th 1336 1338
  br 1365 1367
  th 1370 1372
  th 1457 1459
  br 1479 1481
  sup 1491 1494
  sup 1498 1501
  th 1514 1516
  th 1531 1533
  sup 1548 1551
  sup 1556 1559
  br 1562 1564
  th 1577 1579
  th 1594 1596
  sup 1611 1614
  sup 1618 1621
  br 1624 1626
  th 1639 1641
  th 1656 1658
  br 1683 1685
  sup 1689 1692
  sup 1697 1700
  sup 1706 1709
  sup 1713 1716
  sup 1722 1725
  sup 1729 1732
  th 1735 1737
  th 1752 1754
  th 1776 1778
  th 1818 1820
  th 1846 1848
  th 1863 1865
  th 1895 1897
  th 1912 1914
  th 1938 1940
  tr 1952 1954
  thead 1962 1967
  tbody 1975 1980
  tr 2032 2034
  td 2053 2055
  td 2080 2082
  td 2101 2103
  td 2122 2124
  td 2246 2248
  td 2271 2273
  td 2296 2298
  td 2321 2323
  td 2346 2348
  td 2372 2374
  td 2397 2399
  td 2880 2882
  td 3000 3002
  td 3027 3029
  td 3057 3059
  td 3138 3140
  td 3168 3170
  td 3249 3251
  td 3279 3281
  td 3305 3307
  td 3335 3337
  td 3365 3367
  td 3491 3493
  td 3525 3527
  td 3550 3552
  td 4160 4162
  td 4185 4187
  td 4233 4235
  tr 4279 4281
  tr 4942 4944
  td 4959 4961
  strong 4994 5000
  strong 5029 5035
  td 5038 5040
  td 5055 5057
  strong 5089 5095
  strong 5114 5120
  td 5123 5125
  td 5171 5173
  strong 5187 5193
  td 5246 5248
  td 5292 5294
  strong 5308 5314
  td 5368 5370
  tr 5412 5414
  tbody 5422 5427
  table 5431 5436
  script 5489 5495
  script 6289 6295
Invalid Selector
colspan= 4962
  script 54 60
  script 113 119
  script 122 128
  script 181 187
  table 191 196
  tbody 250 255
  tr 266 268
  td 283 285
  strong 287 293
  strong 300 306
  td 343 345
  td 365 367
  strong 369 375
  strong 397 403
  td 424 426
  td 441 443
  strong 445 451
  strong 461 467
  td 504 506
  tr 518 520
  tr 531 533
  td 548 550
  strong 552 558
  strong 583 589
  td 647 649
  td 664 666
  strong 668 674
  strong 694 700
  td 719 721
  td 736 738
  strong 740 746
  strong 753 759
  td 896 898
  tr 910 912
  tbody 921 926
  table 930 935
  table 940 945
  thead 1086 1091
  tr 1102 1104
  th 1119 1121
  th 1138 1140
  th 1155 1157
  th 1180 1182
  th 1197 1199
  br 1216 1218
  th 1225 1227
  th 1242 1244
  br 1261 1263
  th 1270 1272
  th 1287 1289
  br 1310 1312
  th 1319 1321
  th 1336 1338
  br 1365 1367
  th 1370 1372
  th 1457 1459
  br 1479 1481
  sup 1491 1494
  sup 1498 1501
  th 1514 1516
  th 1531 1533
  sup 1548 1551
  sup 1556 1559
  br 1562 1564
  th 1577 1579
  th 1594 1596
  sup 1611 1614
  sup 1618 1621
  br 1624 1626
  th 1639 1641
  th 1656 1658
  br 1683 1685
  sup 1689 1692
  sup 1697 1700
  sup 1706 1709
  sup 1713 1716
  sup 1722 1725
  sup 1729 1732
  th 1735 1737
  th 1752 1754
  th 1776 1778
  th 1818 1820
  th 1846 1848
  th 1863 1865
  th 1895 1897
  th 1912 1914
  th 1938 1940
  tr 1952 1954
  thead 1962 1967
  tbody 1975 1980
  tr 2032 2034
  td 2053 2055
  td 2080 2082
  td 2101 2103
  td 2122 2124
  td 2246 2248
  td 2271 2273
  td 2296 2298
  td 2321 2323
  td 2346 2348
  td 2372 2374
  td 2397 2399
  td 2880 2882
  td 3000 3002
  td 3027 3029
  td 3057 3059
  td 3138 3140
  td 3168 3170
  td 3249 3251
  td 3279 3281
  td 3305 3307
  td 3335 3337
  td 3365 3367
  td 3491 3493
  td 3525 3527
  td 3550 3552
  td 4160 4162
  td 4185 4187
  td 4233 4235
  tr 4279 4281
  tr 4942 4944
  td 4959 4961
  strong 4994 5000
  strong 5029 5035
  td 5038 5040
  td 5055 5057
  strong 5089 5095
  strong 5114 5120
  td 5123 5125
  td 5171 5173
  strong 5187 5193
  td 5246 5248
  td 5292 5294
  strong 5308 5314
  td 5368 5370
  tr 5412 5414
  tbody 5422 5427
  table 5431 5436
  script 5489 5495
  script 6289 6295
Invalid Selector
($rang- 5140
  script 54 60
  script 113 119
  script 122 128
  script 181 187
  table 191 196
  tbody 250 255
  tr 266 268
  td 283 285
  strong 287 293
  strong 300 306
  td 343 345
  td 365 367
  strong 369 375
  strong 397 403
  td 424 426
  td 441 443
  strong 445 451
  strong 461 467
  td 504 506
  tr 518 520
  tr 531 533
  td 548 550
  strong 552 558
  strong 583 589
  td 647 649
  td 664 666
  strong 668 674
  strong 694 700
  td 719 721
  td 736 738
  strong 740 746
  strong 753 759
  td 896 898
  tr 910 912
  tbody 921 926
  table 930 935
  table 940 945
  thead 1086 1091
  tr 1102 1104
  th 1119 1121
  th 1138 1140
  th 1155 1157
  th 1180 1182
  th 1197 1199
  br 1216 1218
  th 1225 1227
  th 1242 1244
  br 1261 1263
  th 1270 1272
  th 1287 1289
  br 1310 1312
  th 1319 1321
  th 1336 1338
  br 1365 1367
  th 1370 1372
  th 1457 1459
  br 1479 1481
  sup 1491 1494
  sup 1498 1501
  th 1514 1516
  th 1531 1533
  sup 1548 1551
  sup 1556 1559
  br 1562 1564
  th 1577 1579
  th 1594 1596
  sup 1611 1614
  sup 1618 1621
  br 1624 1626
  th 1639 1641
  th 1656 1658
  br 1683 1685
  sup 1689 1692
  sup 1697 1700
  sup 1706 1709
  sup 1713 1716
  sup 1722 1725
  sup 1729 1732
  th 1735 1737
  th 1752 1754
  th 1776 1778
  th 1818 1820
  th 1846 1848
  th 1863 1865
  th 1895 1897
  th 1912 1914
  th 1938 1940
  tr 1952 1954
  thead 1962 1967
  tbody 1975 1980
  tr 2032 2034
  td 2053 2055
  td 2080 2082
  td 2101 2103
  td 2122 2124
  td 2246 2248
  td 2271 2273
  td 2296 2298
  td 2321 2323
  td 2346 2348
  td 2372 2374
  td 2397 2399
  td 2880 2882
  td 3000 3002
  td 3027 3029
  td 3057 3059
  td 3138 3140
  td 3168 3170
  td 3249 3251
  td 3279 3281
  td 3305 3307
  td 3335 3337
  td 3365 3367
  td 3491 3493
  td 3525 3527
  td 3550 3552
  td 4160 4162
  td 4185 4187
  td 4233 4235
  tr 4279 4281
  tr 4942 4944
  td 4959 4961
  strong 4994 5000
  strong 5029 5035
  td 5038 5040
  td 5055 5057
  strong 5089 5095
  strong 5114 5120
  td 5123 5125
  td 5171 5173
  strong 5187 5193
  td 5246 5248
  td 5292 5294
  strong 5308 5314
  td 5368 5370
  tr 5412 5414
  tbody 5422 5427
  table 5431 5436
  script 5489 5495
  script 6289 6295
Invalid Selector
td 5171
  script 54 60
  script 113 119
  script 122 128
  script 181 187
  table 191 196
  tbody 250 255
  tr 266 268
  td 283 285
  strong 287 293
  strong 300 306
  td 343 345
  td 365 367
  strong 369 375
  strong 397 403
  td 424 426
  td 441 443
  strong 445 451
  strong 461 467
  td 504 506
  tr 518 520
  tr 531 533
  td 548 550
  strong 552 558
  strong 583 589
  td 647 649
  td 664 666
  strong 668 674
  strong 694 700
  td 719 721
  td 736 738
  strong 740 746
  strong 753 759
  td 896 898
  tr 910 912
  tbody 921 926
  table 930 935
  table 940 945
  thead 1086 1091
  tr 1102 1104
  th 1119 1121
  th 1138 1140
  th 1155 1157
  th 1180 1182
  th 1197 1199
  br 1216 1218
  th 1225 1227
  th 1242 1244
  br 1261 1263
  th 1270 1272
  th 1287 1289
  br 1310 1312
  th 1319 1321
  th 1336 1338
  br 1365 1367
  th 1370 1372
  th 1457 1459
  br 1479 1481
  sup 1491 1494
  sup 1498 1501
  th 1514 1516
  th 1531 1533
  sup 1548 1551
  sup 1556 1559
  br 1562 1564
  th 1577 1579
  th 1594 1596
  sup 1611 1614
  sup 1618 1621
  br 1624 1626
  th 1639 1641
  th 1656 1658
  br 1683 1685
  sup 1689 1692
  sup 1697 1700
  sup 1706 1709
  sup 1713 1716
  sup 1722 1725
  sup 1729 1732
  th 1735 1737
  th 1752 1754
  th 1776 1778
  th 1818 1820
  th 1846 1848
  th 1863 1865
  th 1895 1897
  th 1912 1914
  th 1938 1940
  tr 1952 1954
  thead 1962 1967
  tbody 1975 1980
  tr 2032 2034
  td 2053 2055
  td 2080 2082
  td 2101 2103
  td 2122 2124
  td 2246 2248
  td 2271 2273
  td 2296 2298
  td 2321 2323
  td 2346 2348
  td 2372 2374
  td 2397 2399
  td 2880 2882
  td 3000 3002
  td 3027 3029
  td 3057 3059
  td 3138 3140
  td 3168 3170
  td 3249 3251
  td 3279 3281
  td 3305 3307
  td 3335 3337
  td 3365 3367
  td 3491 3493
  td 3525 3527
  td 3550 3552
  td 4160 4162
  td 4185 4187
  td 4233 4235
  tr 4279 4281
  tr 4942 4944
  td 4959 4961
  strong 4994 5000
  strong 5029 5035
  td 5038 5040
  td 5055 5057
  strong 5089 5095
  strong 5114 5120
  td 5123 5125
  td 5171 5173
td is a "html tag"
components.min.css has 4339 symbols
Searching through them all for /(^|[\s>+~])td(\[[^\]]*\]|:{1,2}[\w-()]+|\.[\w-]+|#[\w-]+)*\s*/
Done
bootstrap_limitless.css has 1198 symbols
Searching through them all for /(^|[\s>+~])td(\[[^\]]*\]|:{1,2}[\w-()]+|\.[\w-]+|#[\w-]+)*\s*/
Done
receipt.css has 17 symbols
Searching through them all for /(^|[\s>+~])td(\[[^\]]*\]|:{1,2}[\w-()]+|\.[\w-]+|#[\w-]+)*\s*/
Done
layout.min.css has 396 symbols
Searching through them all for /(^|[\s>+~])td(\[[^\]]*\]|:{1,2}[\w-()]+|\.[\w-]+|#[\w-]+)*\s*/
Done
bootstrap_limitless.min.css has 1198 symbols
Searching through them all for /(^|[\s>+~])td(\[[^\]]*\]|:{1,2}[\w-()]+|\.[\w-]+|#[\w-]+)*\s*/
Done
print_tabulation.css has 7 symbols
Searching through them all for /(^|[\s>+~])td(\[[^\]]*\]|:{1,2}[\w-()]+|\.[\w-]+|#[\w-]+)*\s*/
Done
my_print.css has 14 symbols
Searching through them all for /(^|[\s>+~])td(\[[^\]]*\]|:{1,2}[\w-()]+|\.[\w-]+|#[\w-]+)*\s*/
Done
_progress.scss has 5 symbols
Searching through them all for /(^|[\s>+~])td(\[[^\]]*\]|:{1,2}[\w-()]+|\.[\w-]+|#[\w-]+)*\s*/
Done
colors.css has 897 symbols
Searching through them all for /(^|[\s>+~])td(\[[^\]]*\]|:{1,2}[\w-()]+|\.[\w-]+|#[\w-]+)*\s*/
Done
_images.scss has 5 symbols
Searching through them all for /(^|[\s>+~])td(\[[^\]]*\]|:{1,2}[\w-()]+|\.[\w-]+|#[\w-]+)*\s*/
Done
layout.css has 396 symbols
Searching through them all for /(^|[\s>+~])td(\[[^\]]*\]|:{1,2}[\w-()]+|\.[\w-]+|#[\w-]+)*\s*/
Done
bootstrap-datepicker.min.css has 221 symbols
Searching through them all for /(^|[\s>+~])td(\[[^\]]*\]|:{1,2}[\w-()]+|\.[\w-]+|#[\w-]+)*\s*/
Done
_buttons.scss has 26 symbols
Searching through them all for /(^|[\s>+~])td(\[[^\]]*\]|:{1,2}[\w-()]+|\.[\w-]+|#[\w-]+)*\s*/
Done
bootstrap.min.css has 2572 symbols
Searching through them all for /(^|[\s>+~])td(\[[^\]]*\]|:{1,2}[\w-()]+|\.[\w-]+|#[\w-]+)*\s*/
Done
bootstrap.css has 2572 symbols
Searching through them all for /(^|[\s>+~])td(\[[^\]]*\]|:{1,2}[\w-()]+|\.[\w-]+|#[\w-]+)*\s*/
Done
_timelines.scss has 80 symbols
Searching through them all for /(^|[\s>+~])td(\[[^\]]*\]|:{1,2}[\w-()]+|\.[\w-]+|#[\w-]+)*\s*/
Done
_forms.scss has 44 symbols
Searching through them all for /(^|[\s>+~])td(\[[^\]]*\]|:{1,2}[\w-()]+|\.[\w-]+|#[\w-]+)*\s*/
Done
_c3.scss has 48 symbols
Searching through them all for /(^|[\s>+~])td(\[[^\]]*\]|:{1,2}[\w-()]+|\.[\w-]+|#[\w-]+)*\s*/
Done
_chats.scss has 18 symbols
Searching through them all for /(^|[\s>+~])td(\[[^\]]*\]|:{1,2}[\w-()]+|\.[\w-]+|#[\w-]+)*\s*/
Done
_navbar.scss has 51 symbols
Searching through them all for /(^|[\s>+~])td(\[[^\]]*\]|:{1,2}[\w-()]+|\.[\w-]+|#[\w-]+)*\s*/
Done
_inbox.scss has 15 symbols
Searching through them all for /(^|[\s>+~])td(\[[^\]]*\]|:{1,2}[\w-()]+|\.[\w-]+|#[\w-]+)*\s*/
Done
_d3.scss has 72 symbols
Searching through them all for /(^|[\s>+~])td(\[[^\]]*\]|:{1,2}[\w-()]+|\.[\w-]+|#[\w-]+)*\s*/
Done
_print.scss has 34 symbols
Searching through them all for /(^|[\s>+~])td(\[[^\]]*\]|:{1,2}[\w-()]+|\.[\w-]+|#[\w-]+)*\s*/
Done
_ecommerce.scss has 9 symbols
Searching through them all for /(^|[\s>+~])td(\[[^\]]*\]|:{1,2}[\w-()]+|\.[\w-]+|#[\w-]+)*\s*/
Done
_error.scss has 2 symbols
Searching through them all for /(^|[\s>+~])td(\[[^\]]*\]|:{1,2}[\w-()]+|\.[\w-]+|#[\w-]+)*\s*/
Done
_modal.scss has 24 symbols
Searching through them all for /(^|[\s>+~])td(\[[^\]]*\]|:{1,2}[\w-()]+|\.[\w-]+|#[\w-]+)*\s*/
Done
_jvectormap.scss has 6 symbols
Searching through them all for /(^|[\s>+~])td(\[[^\]]*\]|:{1,2}[\w-()]+|\.[\w-]+|#[\w-]+)*\s*/
Done
_transitions.scss has 5 symbols
Searching through them all for /(^|[\s>+~])td(\[[^\]]*\]|:{1,2}[\w-()]+|\.[\w-]+|#[\w-]+)*\s*/
Done
_helpers.scss has 124 symbols
Searching through them all for /(^|[\s>+~])td(\[[^\]]*\]|:{1,2}[\w-()]+|\.[\w-]+|#[\w-]+)*\s*/
Done
_popover.scss has 38 symbols
Searching through them all for /(^|[\s>+~])td(\[[^\]]*\]|:{1,2}[\w-()]+|\.[\w-]+|#[\w-]+)*\s*/
Done
_config.scss has 84 symbols
Searching through them all for /(^|[\s>+~])td(\[[^\]]*\]|:{1,2}[\w-()]+|\.[\w-]+|#[\w-]+)*\s*/
Done
components.css has 4341 symbols
Searching through them all for /(^|[\s>+~])td(\[[^\]]*\]|:{1,2}[\w-()]+|\.[\w-]+|#[\w-]+)*\s*/
Done
_ll-functions.scss has 13 symbols
Searching through them all for /(^|[\s>+~])td(\[[^\]]*\]|:{1,2}[\w-()]+|\.[\w-]+|#[\w-]+)*\s*/
Done
_profile.scss has 6 symbols
Searching through them all for /(^|[\s>+~])td(\[[^\]]*\]|:{1,2}[\w-()]+|\.[\w-]+|#[\w-]+)*\s*/
Done
_close.scss has 3 symbols
Searching through them all for /(^|[\s>+~])td(\[[^\]]*\]|:{1,2}[\w-()]+|\.[\w-]+|#[\w-]+)*\s*/
Done
_custom-forms.scss has 63 symbols
Searching through them all for /(^|[\s>+~])td(\[[^\]]*\]|:{1,2}[\w-()]+|\.[\w-]+|#[\w-]+)*\s*/
Done
_nav.scss has 21 symbols
Searching through them all for /(^|[\s>+~])td(\[[^\]]*\]|:{1,2}[\w-()]+|\.[\w-]+|#[\w-]+)*\s*/
Done
_dropdown.scss has 32 symbols
Searching through them all for /(^|[\s>+~])td(\[[^\]]*\]|:{1,2}[\w-()]+|\.[\w-]+|#[\w-]+)*\s*/
Done
_text-truncate.scss has 1 symbols
Searching through them all for /(^|[\s>+~])td(\[[^\]]*\]|:{1,2}[\w-()]+|\.[\w-]+|#[\w-]+)*\s*/
Done
_reboot.scss has 100 symbols
Searching through them all for /(^|[\s>+~])td(\[[^\]]*\]|:{1,2}[\w-()]+|\.[\w-]+|#[\w-]+)*\s*/
Done
_breadcrumb.scss has 7 symbols
Searching through them all for /(^|[\s>+~])td(\[[^\]]*\]|:{1,2}[\w-()]+|\.[\w-]+|#[\w-]+)*\s*/
Done
_text-hide.scss has 1 symbols
Searching through them all for /(^|[\s>+~])td(\[[^\]]*\]|:{1,2}[\w-()]+|\.[\w-]+|#[\w-]+)*\s*/
Done
_sidebar.scss has 295 symbols
Searching through them all for /(^|[\s>+~])td(\[[^\]]*\]|:{1,2}[\w-()]+|\.[\w-]+|#[\w-]+)*\s*/
Done
_variables-custom.scss has 439 symbols
Searching through them all for /(^|[\s>+~])td(\[[^\]]*\]|:{1,2}[\w-()]+|\.[\w-]+|#[\w-]+)*\s*/
Done
_variables-core.scss has 676 symbols
Searching through them all for /(^|[\s>+~])td(\[[^\]]*\]|:{1,2}[\w-()]+|\.[\w-]+|#[\w-]+)*\s*/
Done
_variables-custom.scss has 439 symbols
Searching through them all for /(^|[\s>+~])td(\[[^\]]*\]|:{1,2}[\w-()]+|\.[\w-]+|#[\w-]+)*\s*/
Done
_table-row.scss has 10 symbols
Searching through them all for /(^|[\s>+~])td(\[[^\]]*\]|:{1,2}[\w-()]+|\.[\w-]+|#[\w-]+)*\s*/
Done
_variables-core.scss has 676 symbols
Searching through them all for /(^|[\s>+~])td(\[[^\]]*\]|:{1,2}[\w-()]+|\.[\w-]+|#[\w-]+)*\s*/
Done
_variables-custom.scss has 434 symbols
Searching through them all for /(^|[\s>+~])td(\[[^\]]*\]|:{1,2}[\w-()]+|\.[\w-]+|#[\w-]+)*\s*/
Done
_variables-core.scss has 679 symbols
Searching through them all for /(^|[\s>+~])td(\[[^\]]*\]|:{1,2}[\w-()]+|\.[\w-]+|#[\w-]+)*\s*/
Done
_theme-bar-lg.scss has 12 symbols
Searching through them all for /(^|[\s>+~])td(\[[^\]]*\]|:{1,2}[\w-()]+|\.[\w-]+|#[\w-]+)*\s*/
Done
_theme-xbox.scss has 18 symbols
Searching through them all for /(^|[\s>+~])td(\[[^\]]*\]|:{1,2}[\w-()]+|\.[\w-]+|#[\w-]+)*\s*/
Done
components.scss has 0 symbols
Searching through them all for /(^|[\s>+~])td(\[[^\]]*\]|:{1,2}[\w-()]+|\.[\w-]+|#[\w-]+)*\s*/
Done
_theme-squares.scss has 17 symbols
Searching through them all for /(^|[\s>+~])td(\[[^\]]*\]|:{1,2}[\w-()]+|\.[\w-]+|#[\w-]+)*\s*/
Done
_theme-xbox-sm.scss has 18 symbols
Searching through them all for /(^|[\s>+~])td(\[[^\]]*\]|:{1,2}[\w-()]+|\.[\w-]+|#[\w-]+)*\s*/
Done
_theme-radar.scss has 12 symbols
Searching through them all for /(^|[\s>+~])td(\[[^\]]*\]|:{1,2}[\w-()]+|\.[\w-]+|#[\w-]+)*\s*/
Done
_pace-demo.scss has 65 symbols
Searching through them all for /(^|[\s>+~])td(\[[^\]]*\]|:{1,2}[\w-()]+|\.[\w-]+|#[\w-]+)*\s*/
Done
_theme-perspective.scss has 14 symbols
Searching through them all for /(^|[\s>+~])td(\[[^\]]*\]|:{1,2}[\w-()]+|\.[\w-]+|#[\w-]+)*\s*/
Done
_sidebar.scss has 275 symbols
Searching through them all for /(^|[\s>+~])td(\[[^\]]*\]|:{1,2}[\w-()]+|\.[\w-]+|#[\w-]+)*\s*/
Done
_theme-corners.scss has 15 symbols
Searching through them all for /(^|[\s>+~])td(\[[^\]]*\]|:{1,2}[\w-()]+|\.[\w-]+|#[\w-]+)*\s*/
Done
_theme-bar.scss has 12 symbols
Searching through them all for /(^|[\s>+~])td(\[[^\]]*\]|:{1,2}[\w-()]+|\.[\w-]+|#[\w-]+)*\s*/
Done
_theme-xbox-lg.scss has 18 symbols
Searching through them all for /(^|[\s>+~])td(\[[^\]]*\]|:{1,2}[\w-()]+|\.[\w-]+|#[\w-]+)*\s*/
Done
_theme-tail-circle.scss has 12 symbols
Searching through them all for /(^|[\s>+~])td(\[[^\]]*\]|:{1,2}[\w-()]+|\.[\w-]+|#[\w-]+)*\s*/
Done
_theme-bar-sm.scss has 12 symbols
Searching through them all for /(^|[\s>+~])td(\[[^\]]*\]|:{1,2}[\w-()]+|\.[\w-]+|#[\w-]+)*\s*/
Done
_theme-tail.scss has 12 symbols
Searching through them all for /(^|[\s>+~])td(\[[^\]]*\]|:{1,2}[\w-()]+|\.[\w-]+|#[\w-]+)*\s*/
Done
_transition.scss has 2 symbols
Searching through them all for /(^|[\s>+~])td(\[[^\]]*\]|:{1,2}[\w-()]+|\.[\w-]+|#[\w-]+)*\s*/
Done
_sidebar.scss has 284 symbols
Searching through them all for /(^|[\s>+~])td(\[[^\]]*\]|:{1,2}[\w-()]+|\.[\w-]+|#[\w-]+)*\s*/
Done
_sidebar.scss has 294 symbols
Searching through them all for /(^|[\s>+~])td(\[[^\]]*\]|:{1,2}[\w-()]+|\.[\w-]+|#[\w-]+)*\s*/
Done
components.scss has 0 symbols
Searching through them all for /(^|[\s>+~])td(\[[^\]]*\]|:{1,2}[\w-()]+|\.[\w-]+|#[\w-]+)*\s*/
Done
components.scss has 0 symbols
Searching through them all for /(^|[\s>+~])td(\[[^\]]*\]|:{1,2}[\w-()]+|\.[\w-]+|#[\w-]+)*\s*/
Done
components.scss has 0 symbols
Searching through them all for /(^|[\s>+~])td(\[[^\]]*\]|:{1,2}[\w-()]+|\.[\w-]+|#[\w-]+)*\s*/
Done
_alert.scss has 6 symbols
Searching through them all for /(^|[\s>+~])td(\[[^\]]*\]|:{1,2}[\w-()]+|\.[\w-]+|#[\w-]+)*\s*/
Done
_gradients.scss has 8 symbols
Searching through them all for /(^|[\s>+~])td(\[[^\]]*\]|:{1,2}[\w-()]+|\.[\w-]+|#[\w-]+)*\s*/
Done
_carousel.scss has 40 symbols
Searching through them all for /(^|[\s>+~])td(\[[^\]]*\]|:{1,2}[\w-()]+|\.[\w-]+|#[\w-]+)*\s*/
Done
_variables-core.scss has 676 symbols
Searching through them all for /(^|[\s>+~])td(\[[^\]]*\]|:{1,2}[\w-()]+|\.[\w-]+|#[\w-]+)*\s*/
Done
_variables-custom.scss has 440 symbols
Searching through them all for /(^|[\s>+~])td(\[[^\]]*\]|:{1,2}[\w-()]+|\.[\w-]+|#[\w-]+)*\s*/
Done
trumbowyg.mathml.css has 4 symbols
Searching through them all for /(^|[\s>+~])td(\[[^\]]*\]|:{1,2}[\w-()]+|\.[\w-]+|#[\w-]+)*\s*/
Done
trumbowyg.mention.css has 4 symbols
Searching through them all for /(^|[\s>+~])td(\[[^\]]*\]|:{1,2}[\w-()]+|\.[\w-]+|#[\w-]+)*\s*/
Done
trumbowyg.mention.min.css has 4 symbols
Searching through them all for /(^|[\s>+~])td(\[[^\]]*\]|:{1,2}[\w-()]+|\.[\w-]+|#[\w-]+)*\s*/
Done
trumbowyg.colors.min.css has 10 symbols
Searching through them all for /(^|[\s>+~])td(\[[^\]]*\]|:{1,2}[\w-()]+|\.[\w-]+|#[\w-]+)*\s*/
Done
trumbowyg.mathml.min.css has 8 symbols
Searching through them all for /(^|[\s>+~])td(\[[^\]]*\]|:{1,2}[\w-()]+|\.[\w-]+|#[\w-]+)*\s*/
Done
trumbowyg.colors.css has 10 symbols
Searching through them all for /(^|[\s>+~])td(\[[^\]]*\]|:{1,2}[\w-()]+|\.[\w-]+|#[\w-]+)*\s*/
Done
trumbowyg.mention.scss has 4 symbols
Searching through them all for /(^|[\s>+~])td(\[[^\]]*\]|:{1,2}[\w-()]+|\.[\w-]+|#[\w-]+)*\s*/
Done
trumbowyg.colors.scss has 7 symbols
Searching through them all for /(^|[\s>+~])td(\[[^\]]*\]|:{1,2}[\w-()]+|\.[\w-]+|#[\w-]+)*\s*/
Done
trumbowyg.mathml.scss has 4 symbols
Searching through them all for /(^|[\s>+~])td(\[[^\]]*\]|:{1,2}[\w-()]+|\.[\w-]+|#[\w-]+)*\s*/
Done
trumbowyg.emoji.min.css has 6 symbols
Searching through them all for /(^|[\s>+~])td(\[[^\]]*\]|:{1,2}[\w-()]+|\.[\w-]+|#[\w-]+)*\s*/
Done
trumbowyg.emoji.css has 6 symbols
Searching through them all for /(^|[\s>+~])td(\[[^\]]*\]|:{1,2}[\w-()]+|\.[\w-]+|#[\w-]+)*\s*/
Done
trumbowyg.emoji.scss has 7 symbols
Searching through them all for /(^|[\s>+~])td(\[[^\]]*\]|:{1,2}[\w-()]+|\.[\w-]+|#[\w-]+)*\s*/
Done
contents.css has 25 symbols
Searching through them all for /(^|[\s>+~])td(\[[^\]]*\]|:{1,2}[\w-()]+|\.[\w-]+|#[\w-]+)*\s*/
Done
dialog_opera.css has 160 symbols
Searching through them all for /(^|[\s>+~])td(\[[^\]]*\]|:{1,2}[\w-()]+|\.[\w-]+|#[\w-]+)*\s*/
Done
editor_ie7.css has 245 symbols
Searching through them all for /(^|[\s>+~])td(\[[^\]]*\]|:{1,2}[\w-()]+|\.[\w-]+|#[\w-]+)*\s*/
Done
dialog_opera.css has 160 symbols
Searching through them all for /(^|[\s>+~])td(\[[^\]]*\]|:{1,2}[\w-()]+|\.[\w-]+|#[\w-]+)*\s*/
Done
editor_gecko.css has 444 symbols
Searching through them all for /(^|[\s>+~])td(\[[^\]]*\]|:{1,2}[\w-()]+|\.[\w-]+|#[\w-]+)*\s*/
Done
dialog_iequirks.css has 158 symbols
Searching through them all for /(^|[\s>+~])td(\[[^\]]*\]|:{1,2}[\w-()]+|\.[\w-]+|#[\w-]+)*\s*/
Done
editor_ie7.css has 245 symbols
Searching through them all for /(^|[\s>+~])td(\[[^\]]*\]|:{1,2}[\w-()]+|\.[\w-]+|#[\w-]+)*\s*/
Done
dialog_ie.css has 173 symbols
Searching through them all for /(^|[\s>+~])td(\[[^\]]*\]|:{1,2}[\w-()]+|\.[\w-]+|#[\w-]+)*\s*/
Done
editor_gecko.css has 444 symbols
Searching through them all for /(^|[\s>+~])td(\[[^\]]*\]|:{1,2}[\w-()]+|\.[\w-]+|#[\w-]+)*\s*/
Done
editor_ie.css has 234 symbols
Searching through them all for /(^|[\s>+~])td(\[[^\]]*\]|:{1,2}[\w-()]+|\.[\w-]+|#[\w-]+)*\s*/
Done
dialog_iequirks.css has 158 symbols
Searching through them all for /(^|[\s>+~])td(\[[^\]]*\]|:{1,2}[\w-()]+|\.[\w-]+|#[\w-]+)*\s*/
Done
editor_ie8.css has 212 symbols
Searching through them all for /(^|[\s>+~])td(\[[^\]]*\]|:{1,2}[\w-()]+|\.[\w-]+|#[\w-]+)*\s*/
Done
dialog_ie.css has 173 symbols
Searching through them all for /(^|[\s>+~])td(\[[^\]]*\]|:{1,2}[\w-()]+|\.[\w-]+|#[\w-]+)*\s*/
Done
dialog_ie7.css has 172 symbols
Searching through them all for /(^|[\s>+~])td(\[[^\]]*\]|:{1,2}[\w-()]+|\.[\w-]+|#[\w-]+)*\s*/
Done
editor_ie.css has 234 symbols
Searching through them all for /(^|[\s>+~])td(\[[^\]]*\]|:{1,2}[\w-()]+|\.[\w-]+|#[\w-]+)*\s*/
Done
dialog_ie8.css has 161 symbols
Searching through them all for /(^|[\s>+~])td(\[[^\]]*\]|:{1,2}[\w-()]+|\.[\w-]+|#[\w-]+)*\s*/
Done
editor_ie8.css has 212 symbols
Searching through them all for /(^|[\s>+~])td(\[[^\]]*\]|:{1,2}[\w-()]+|\.[\w-]+|#[\w-]+)*\s*/
Done
dialog_ie7.css has 172 symbols
Searching through them all for /(^|[\s>+~])td(\[[^\]]*\]|:{1,2}[\w-()]+|\.[\w-]+|#[\w-]+)*\s*/
Done
editor_iequirks.css has 228 symbols
Searching through them all for /(^|[\s>+~])td(\[[^\]]*\]|:{1,2}[\w-()]+|\.[\w-]+|#[\w-]+)*\s*/
Done
wsc.css has 18 symbols
Searching through them all for /(^|[\s>+~])td(\[[^\]]*\]|:{1,2}[\w-()]+|\.[\w-]+|#[\w-]+)*\s*/
Done
dialog_ie8.css has 161 symbols
Searching through them all for /(^|[\s>+~])td(\[[^\]]*\]|:{1,2}[\w-()]+|\.[\w-]+|#[\w-]+)*\s*/
Done
editor_iequirks.css has 228 symbols
Searching through them all for /(^|[\s>+~])td(\[[^\]]*\]|:{1,2}[\w-()]+|\.[\w-]+|#[\w-]+)*\s*/
Done
dialog.css has 159 symbols
Searching through them all for /(^|[\s>+~])td(\[[^\]]*\]|:{1,2}[\w-()]+|\.[\w-]+|#[\w-]+)*\s*/
Done
editor.css has 444 symbols
Searching through them all for /(^|[\s>+~])td(\[[^\]]*\]|:{1,2}[\w-()]+|\.[\w-]+|#[\w-]+)*\s*/
Done
dialog.scss has 155 symbols
Searching through them all for /(^|[\s>+~])td(\[[^\]]*\]|:{1,2}[\w-()]+|\.[\w-]+|#[\w-]+)*\s*/
Done
dialog.scss has 155 symbols
Searching through them all for /(^|[\s>+~])td(\[[^\]]*\]|:{1,2}[\w-()]+|\.[\w-]+|#[\w-]+)*\s*/
Done
_colorpanel.scss has 20 symbols
Searching through them all for /(^|[\s>+~])td(\[[^\]]*\]|:{1,2}[\w-()]+|\.[\w-]+|#[\w-]+)*\s*/
Done
_reset.scss has 16 symbols
Searching through them all for /(^|[\s>+~])td(\[[^\]]*\]|:{1,2}[\w-()]+|\.[\w-]+|#[\w-]+)*\s*/
Done
dialog.css has 159 symbols
Searching through them all for /(^|[\s>+~])td(\[[^\]]*\]|:{1,2}[\w-()]+|\.[\w-]+|#[\w-]+)*\s*/
Done
editor.css has 444 symbols
Searching through them all for /(^|[\s>+~])td(\[[^\]]*\]|:{1,2}[\w-()]+|\.[\w-]+|#[\w-]+)*\s*/
Done
_menu.scss has 41 symbols
Searching through them all for /(^|[\s>+~])td(\[[^\]]*\]|:{1,2}[\w-()]+|\.[\w-]+|#[\w-]+)*\s*/
Done
editor_iequirks.scss has 26 symbols
Searching through them all for /(^|[\s>+~])td(\[[^\]]*\]|:{1,2}[\w-()]+|\.[\w-]+|#[\w-]+)*\s*/
Done
dialog_opera.scss has 3 symbols
Searching through them all for /(^|[\s>+~])td(\[[^\]]*\]|:{1,2}[\w-()]+|\.[\w-]+|#[\w-]+)*\s*/
Done
_toolbar.scss has 50 symbols
Searching through them all for /(^|[\s>+~])td(\[[^\]]*\]|:{1,2}[\w-()]+|\.[\w-]+|#[\w-]+)*\s*/
Done
_richcombo.scss has 30 symbols
Searching through them all for /(^|[\s>+~])td(\[[^\]]*\]|:{1,2}[\w-()]+|\.[\w-]+|#[\w-]+)*\s*/
Done
_mainui.scss has 19 symbols
Searching through them all for /(^|[\s>+~])td(\[[^\]]*\]|:{1,2}[\w-()]+|\.[\w-]+|#[\w-]+)*\s*/
Done
_menu.scss has 41 symbols
Searching through them all for /(^|[\s>+~])td(\[[^\]]*\]|:{1,2}[\w-()]+|\.[\w-]+|#[\w-]+)*\s*/
Done
_reset.scss has 16 symbols
Searching through them all for /(^|[\s>+~])td(\[[^\]]*\]|:{1,2}[\w-()]+|\.[\w-]+|#[\w-]+)*\s*/
Done
editor_iequirks.scss has 26 symbols
Searching through them all for /(^|[\s>+~])td(\[[^\]]*\]|:{1,2}[\w-()]+|\.[\w-]+|#[\w-]+)*\s*/
Done
_toolbar.scss has 50 symbols
Searching through them all for /(^|[\s>+~])td(\[[^\]]*\]|:{1,2}[\w-()]+|\.[\w-]+|#[\w-]+)*\s*/
Done
_colorpanel.scss has 20 symbols
Searching through them all for /(^|[\s>+~])td(\[[^\]]*\]|:{1,2}[\w-()]+|\.[\w-]+|#[\w-]+)*\s*/
Done
dialog_opera.scss has 3 symbols
Searching through them all for /(^|[\s>+~])td(\[[^\]]*\]|:{1,2}[\w-()]+|\.[\w-]+|#[\w-]+)*\s*/
Done
_richcombo.scss has 30 symbols
Searching through them all for /(^|[\s>+~])td(\[[^\]]*\]|:{1,2}[\w-()]+|\.[\w-]+|#[\w-]+)*\s*/
Done
_mainui.scss has 19 symbols
Searching through them all for /(^|[\s>+~])td(\[[^\]]*\]|:{1,2}[\w-()]+|\.[\w-]+|#[\w-]+)*\s*/
Done
editor_ie.scss has 25 symbols
Searching through them all for /(^|[\s>+~])td(\[[^\]]*\]|:{1,2}[\w-()]+|\.[\w-]+|#[\w-]+)*\s*/
Done
dialog_ie7.scss has 15 symbols
Searching through them all for /(^|[\s>+~])td(\[[^\]]*\]|:{1,2}[\w-()]+|\.[\w-]+|#[\w-]+)*\s*/
Done
editor_ie.scss has 25 symbols
Searching through them all for /(^|[\s>+~])td(\[[^\]]*\]|:{1,2}[\w-()]+|\.[\w-]+|#[\w-]+)*\s*/
Done
_sidebar.scss has 294 symbols
Searching through them all for /(^|[\s>+~])td(\[[^\]]*\]|:{1,2}[\w-()]+|\.[\w-]+|#[\w-]+)*\s*/
Done
components.scss has 0 symbols
Searching through them all for /(^|[\s>+~])td(\[[^\]]*\]|:{1,2}[\w-()]+|\.[\w-]+|#[\w-]+)*\s*/
Done
dialog_ie7.scss has 15 symbols
Searching through them all for /(^|[\s>+~])td(\[[^\]]*\]|:{1,2}[\w-()]+|\.[\w-]+|#[\w-]+)*\s*/
Done
_progress.scss has 14 symbols
Searching through them all for /(^|[\s>+~])td(\[[^\]]*\]|:{1,2}[\w-()]+|\.[\w-]+|#[\w-]+)*\s*/
Done
_footable.scss has 17 symbols
Searching through them all for /(^|[\s>+~])td(\[[^\]]*\]|:{1,2}[\w-()]+|\.[\w-]+|#[\w-]+)*\s*/
Done
_interactions.scss has 42 symbols
Searching through them all for /(^|[\s>+~])td(\[[^\]]*\]|:{1,2}[\w-()]+|\.[\w-]+|#[\w-]+)*\s*/
Done
_close.scss has 1 symbols
Searching through them all for /(^|[\s>+~])td(\[[^\]]*\]|:{1,2}[\w-()]+|\.[\w-]+|#[\w-]+)*\s*/
Done
_handsontable.scss has 342 symbols
Searching through them all for /(^|[\s>+~])td(\[[^\]]*\]|:{1,2}[\w-()]+|\.[\w-]+|#[\w-]+)*\s*/
Done
_forms.scss has 63 symbols
Searching through them all for /(^|[\s>+~])td(\[[^\]]*\]|:{1,2}[\w-()]+|\.[\w-]+|#[\w-]+)*\s*/
Done
_widgets.scss has 281 symbols
Searching through them all for /(^|[\s>+~])td(\[[^\]]*\]|:{1,2}[\w-()]+|\.[\w-]+|#[\w-]+)*\s*/
Done
_navbar.scss has 181 symbols
Searching through them all for /(^|[\s>+~])td(\[[^\]]*\]|:{1,2}[\w-()]+|\.[\w-]+|#[\w-]+)*\s*/
Done
_variables-core.scss has 679 symbols
Searching through them all for /(^|[\s>+~])td(\[[^\]]*\]|:{1,2}[\w-()]+|\.[\w-]+|#[\w-]+)*\s*/
Done
_variables-custom.scss has 434 symbols
Searching through them all for /(^|[\s>+~])td(\[[^\]]*\]|:{1,2}[\w-()]+|\.[\w-]+|#[\w-]+)*\s*/
Done
_pagination.scss has 37 symbols
Searching through them all for /(^|[\s>+~])td(\[[^\]]*\]|:{1,2}[\w-()]+|\.[\w-]+|#[\w-]+)*\s*/
Done
_datatable-columns-reorder.scss has 4 symbols
Searching through them all for /(^|[\s>+~])td(\[[^\]]*\]|:{1,2}[\w-()]+|\.[\w-]+|#[\w-]+)*\s*/
Done
_buttons.scss has 11 symbols
Searching through them all for /(^|[\s>+~])td(\[[^\]]*\]|:{1,2}[\w-()]+|\.[\w-]+|#[\w-]+)*\s*/
Done
_card.scss has 47 symbols
Searching through them all for /(^|[\s>+~])td(\[[^\]]*\]|:{1,2}[\w-()]+|\.[\w-]+|#[\w-]+)*\s*/
Done
components.scss has 0 symbols
Searching through them all for /(^|[\s>+~])td(\[[^\]]*\]|:{1,2}[\w-()]+|\.[\w-]+|#[\w-]+)*\s*/
Done
_list-group.scss has 26 symbols
Searching through them all for /(^|[\s>+~])td(\[[^\]]*\]|:{1,2}[\w-()]+|\.[\w-]+|#[\w-]+)*\s*/
Done
_fancytree.scss has 100 symbols
Searching through them all for /(^|[\s>+~])td(\[[^\]]*\]|:{1,2}[\w-()]+|\.[\w-]+|#[\w-]+)*\s*/
Done
_prism.scss has 57 symbols
Searching through them all for /(^|[\s>+~])td(\[[^\]]*\]|:{1,2}[\w-()]+|\.[\w-]+|#[\w-]+)*\s*/
Done
_tables.scss has 136 symbols
Searching through them all for /(^|[\s>+~])td(\[[^\]]*\]|:{1,2}[\w-()]+|\.[\w-]+|#[\w-]+)*\s*/
Done
_datatable-buttons.scss has 24 symbols
Searching through them all for /(^|[\s>+~])td(\[[^\]]*\]|:{1,2}[\w-()]+|\.[\w-]+|#[\w-]+)*\s*/
Done
_image-cropper.scss has 57 symbols
Searching through them all for /(^|[\s>+~])td(\[[^\]]*\]|:{1,2}[\w-()]+|\.[\w-]+|#[\w-]+)*\s*/
Done
_datatable-fixed-columns.scss has 21 symbols
Searching through them all for /(^|[\s>+~])td(\[[^\]]*\]|:{1,2}[\w-()]+|\.[\w-]+|#[\w-]+)*\s*/
Done
_sweet-alerts.scss has 107 symbols
Searching through them all for /(^|[\s>+~])td(\[[^\]]*\]|:{1,2}[\w-()]+|\.[\w-]+|#[\w-]+)*\s*/
Done
_ripple.scss has 34 symbols
Searching through them all for /(^|[\s>+~])td(\[[^\]]*\]|:{1,2}[\w-()]+|\.[\w-]+|#[\w-]+)*\s*/
Done
_noty.scss has 43 symbols
Searching through them all for /(^|[\s>+~])td(\[[^\]]*\]|:{1,2}[\w-()]+|\.[\w-]+|#[\w-]+)*\s*/
Done
_slinky.scss has 17 symbols
Searching through them all for /(^|[\s>+~])td(\[[^\]]*\]|:{1,2}[\w-()]+|\.[\w-]+|#[\w-]+)*\s*/
Done
_datatable-select.scss has 14 symbols
Searching through them all for /(^|[\s>+~])td(\[[^\]]*\]|:{1,2}[\w-()]+|\.[\w-]+|#[\w-]+)*\s*/
Done
_jgrowl.scss has 18 symbols
Searching through them all for /(^|[\s>+~])td(\[[^\]]*\]|:{1,2}[\w-()]+|\.[\w-]+|#[\w-]+)*\s*/
Done
_alert.scss has 31 symbols
Searching through them all for /(^|[\s>+~])td(\[[^\]]*\]|:{1,2}[\w-()]+|\.[\w-]+|#[\w-]+)*\s*/
Done
_fab.scss has 101 symbols
Searching through them all for /(^|[\s>+~])td(\[[^\]]*\]|:{1,2}[\w-()]+|\.[\w-]+|#[\w-]+)*\s*/
Done
_datatable-scroller.scss has 8 symbols
Searching through them all for /(^|[\s>+~])td(\[[^\]]*\]|:{1,2}[\w-()]+|\.[\w-]+|#[\w-]+)*\s*/
Done
_pnotify.scss has 76 symbols
Searching through them all for /(^|[\s>+~])td(\[[^\]]*\]|:{1,2}[\w-()]+|\.[\w-]+|#[\w-]+)*\s*/
Done
_nav.scss has 111 symbols
Searching through them all for /(^|[\s>+~])td(\[[^\]]*\]|:{1,2}[\w-()]+|\.[\w-]+|#[\w-]+)*\s*/
Done
_progress-buttons.scss has 81 symbols
Searching through them all for /(^|[\s>+~])td(\[[^\]]*\]|:{1,2}[\w-()]+|\.[\w-]+|#[\w-]+)*\s*/
Done
_headroom.scss has 7 symbols
Searching through them all for /(^|[\s>+~])td(\[[^\]]*\]|:{1,2}[\w-()]+|\.[\w-]+|#[\w-]+)*\s*/
Done
_datatable-keytable.scss has 8 symbols
Searching through them all for /(^|[\s>+~])td(\[[^\]]*\]|:{1,2}[\w-()]+|\.[\w-]+|#[\w-]+)*\s*/
Done
_custom-forms.scss has 21 symbols
Searching through them all for /(^|[\s>+~])td(\[[^\]]*\]|:{1,2}[\w-()]+|\.[\w-]+|#[\w-]+)*\s*/
Done
_button-group.scss has 11 symbols
Searching through them all for /(^|[\s>+~])td(\[[^\]]*\]|:{1,2}[\w-()]+|\.[\w-]+|#[\w-]+)*\s*/
Done
_fullcalendar.scss has 285 symbols
Searching through them all for /(^|[\s>+~])td(\[[^\]]*\]|:{1,2}[\w-()]+|\.[\w-]+|#[\w-]+)*\s*/
Done
_fancybox.scss has 50 symbols
Searching through them all for /(^|[\s>+~])td(\[[^\]]*\]|:{1,2}[\w-()]+|\.[\w-]+|#[\w-]+)*\s*/
Done
_header-elements.scss has 17 symbols
Searching through them all for /(^|[\s>+~])td(\[[^\]]*\]|:{1,2}[\w-()]+|\.[\w-]+|#[\w-]+)*\s*/
Done
_dropdown.scss has 91 symbols
Searching through them all for /(^|[\s>+~])td(\[[^\]]*\]|:{1,2}[\w-()]+|\.[\w-]+|#[\w-]+)*\s*/
Done
_badge.scss has 24 symbols
Searching through them all for /(^|[\s>+~])td(\[[^\]]*\]|:{1,2}[\w-()]+|\.[\w-]+|#[\w-]+)*\s*/
Done
_datatable-autofill.scss has 15 symbols
Searching through them all for /(^|[\s>+~])td(\[[^\]]*\]|:{1,2}[\w-()]+|\.[\w-]+|#[\w-]+)*\s*/
Done
_datatables.scss has 133 symbols
Searching through them all for /(^|[\s>+~])td(\[[^\]]*\]|:{1,2}[\w-()]+|\.[\w-]+|#[\w-]+)*\s*/
Done
_perfect-scrollbar.scss has 18 symbols
Searching through them all for /(^|[\s>+~])td(\[[^\]]*\]|:{1,2}[\w-()]+|\.[\w-]+|#[\w-]+)*\s*/
Done
_datatable-responsive.scss has 31 symbols
Searching through them all for /(^|[\s>+~])td(\[[^\]]*\]|:{1,2}[\w-()]+|\.[\w-]+|#[\w-]+)*\s*/
Done
_buttons.scss has 69 symbols
Searching through them all for /(^|[\s>+~])td(\[[^\]]*\]|:{1,2}[\w-()]+|\.[\w-]+|#[\w-]+)*\s*/
Done
_datatable-rows-reorder.scss has 4 symbols
Searching through them all for /(^|[\s>+~])td(\[[^\]]*\]|:{1,2}[\w-()]+|\.[\w-]+|#[\w-]+)*\s*/
Done
_media.scss has 13 symbols
Searching through them all for /(^|[\s>+~])td(\[[^\]]*\]|:{1,2}[\w-()]+|\.[\w-]+|#[\w-]+)*\s*/
Done
_breadcrumb.scss has 30 symbols
Searching through them all for /(^|[\s>+~])td(\[[^\]]*\]|:{1,2}[\w-()]+|\.[\w-]+|#[\w-]+)*\s*/
Done
_type.scss has 87 symbols
Searching through them all for /(^|[\s>+~])td(\[[^\]]*\]|:{1,2}[\w-()]+|\.[\w-]+|#[\w-]+)*\s*/
Done
_demo.scss has 18 symbols
Searching through them all for /(^|[\s>+~])td(\[[^\]]*\]|:{1,2}[\w-()]+|\.[\w-]+|#[\w-]+)*\s*/
Done
_variables-custom.scss has 439 symbols
Searching through them all for /(^|[\s>+~])td(\[[^\]]*\]|:{1,2}[\w-()]+|\.[\w-]+|#[\w-]+)*\s*/
Done
components.scss has 0 symbols
Searching through them all for /(^|[\s>+~])td(\[[^\]]*\]|:{1,2}[\w-()]+|\.[\w-]+|#[\w-]+)*\s*/
Done
_passy.scss has 2 symbols
Searching through them all for /(^|[\s>+~])td(\[[^\]]*\]|:{1,2}[\w-()]+|\.[\w-]+|#[\w-]+)*\s*/
Done
_bootstrap-switch.scss has 55 symbols
Searching through them all for /(^|[\s>+~])td(\[[^\]]*\]|:{1,2}[\w-()]+|\.[\w-]+|#[\w-]+)*\s*/
Done
_slider-pips.scss has 23 symbols
Searching through them all for /(^|[\s>+~])td(\[[^\]]*\]|:{1,2}[\w-()]+|\.[\w-]+|#[\w-]+)*\s*/
Done
_spectrum.scss has 121 symbols
Searching through them all for /(^|[\s>+~])td(\[[^\]]*\]|:{1,2}[\w-()]+|\.[\w-]+|#[\w-]+)*\s*/
Done
_select2.scss has 99 symbols
Searching through them all for /(^|[\s>+~])td(\[[^\]]*\]|:{1,2}[\w-()]+|\.[\w-]+|#[\w-]+)*\s*/
Done
_ion-range-slider.scss has 42 symbols
Searching through them all for /(^|[\s>+~])td(\[[^\]]*\]|:{1,2}[\w-()]+|\.[\w-]+|#[\w-]+)*\s*/
Done
_variables-core.scss has 676 symbols
Searching through them all for /(^|[\s>+~])td(\[[^\]]*\]|:{1,2}[\w-()]+|\.[\w-]+|#[\w-]+)*\s*/
Done
_daterange.scss has 86 symbols
Searching through them all for /(^|[\s>+~])td(\[[^\]]*\]|:{1,2}[\w-()]+|\.[\w-]+|#[\w-]+)*\s*/
Done
_sidebar.scss has 275 symbols
Searching through them all for /(^|[\s>+~])td(\[[^\]]*\]|:{1,2}[\w-()]+|\.[\w-]+|#[\w-]+)*\s*/
Done
_alpaca.scss has 65 symbols
Searching through them all for /(^|[\s>+~])td(\[[^\]]*\]|:{1,2}[\w-()]+|\.[\w-]+|#[\w-]+)*\s*/
Done
_anytime.scss has 76 symbols
Searching through them all for /(^|[\s>+~])td(\[[^\]]*\]|:{1,2}[\w-()]+|\.[\w-]+|#[\w-]+)*\s*/
Done
_noui-slider.scss has 114 symbols
Searching through them all for /(^|[\s>+~])td(\[[^\]]*\]|:{1,2}[\w-()]+|\.[\w-]+|#[\w-]+)*\s*/
Done
_colors.scss has 36 symbols
Searching through them all for /(^|[\s>+~])td(\[[^\]]*\]|:{1,2}[\w-()]+|\.[\w-]+|#[\w-]+)*\s*/
Done
_tags-input.scss has 11 symbols
Searching through them all for /(^|[\s>+~])td(\[[^\]]*\]|:{1,2}[\w-()]+|\.[\w-]+|#[\w-]+)*\s*/
Done
_trumbowyg.scss has 79 symbols
Searching through them all for /(^|[\s>+~])td(\[[^\]]*\]|:{1,2}[\w-()]+|\.[\w-]+|#[\w-]+)*\s*/
Done
_date.scss has 49 symbols
Searching through them all for /(^|[\s>+~])td(\[[^\]]*\]|:{1,2}[\w-()]+|\.[\w-]+|#[\w-]+)*\s*/
Done
_variables-core.scss has 679 symbols
Searching through them all for /(^|[\s>+~])td(\[[^\]]*\]|:{1,2}[\w-()]+|\.[\w-]+|#[\w-]+)*\s*/
Done
_time.scss has 15 symbols
Searching through them all for /(^|[\s>+~])td(\[[^\]]*\]|:{1,2}[\w-()]+|\.[\w-]+|#[\w-]+)*\s*/
Done
_variables-custom.scss has 435 symbols
Searching through them all for /(^|[\s>+~])td(\[[^\]]*\]|:{1,2}[\w-()]+|\.[\w-]+|#[\w-]+)*\s*/
Done
_wizard.scss has 46 symbols
Searching through them all for /(^|[\s>+~])td(\[[^\]]*\]|:{1,2}[\w-()]+|\.[\w-]+|#[\w-]+)*\s*/
Done
_sidebar.scss has 294 symbols
Searching through them all for /(^|[\s>+~])td(\[[^\]]*\]|:{1,2}[\w-()]+|\.[\w-]+|#[\w-]+)*\s*/
Done
_dual-listbox.scss has 41 symbols
Searching through them all for /(^|[\s>+~])td(\[[^\]]*\]|:{1,2}[\w-()]+|\.[\w-]+|#[\w-]+)*\s*/
Done
_typeahead.scss has 11 symbols
Searching through them all for /(^|[\s>+~])td(\[[^\]]*\]|:{1,2}[\w-()]+|\.[\w-]+|#[\w-]+)*\s*/
Done
_multiselect.scss has 68 symbols
Searching through them all for /(^|[\s>+~])td(\[[^\]]*\]|:{1,2}[\w-()]+|\.[\w-]+|#[\w-]+)*\s*/
Done
_tokenfield.scss has 35 symbols
Searching through them all for /(^|[\s>+~])td(\[[^\]]*\]|:{1,2}[\w-()]+|\.[\w-]+|#[\w-]+)*\s*/
Done
_sidebar.scss has 275 symbols
Searching through them all for /(^|[\s>+~])td(\[[^\]]*\]|:{1,2}[\w-()]+|\.[\w-]+|#[\w-]+)*\s*/
Done
components.scss has 0 symbols
Searching through them all for /(^|[\s>+~])td(\[[^\]]*\]|:{1,2}[\w-()]+|\.[\w-]+|#[\w-]+)*\s*/
Done
_dropzone.scss has 51 symbols
Searching through them all for /(^|[\s>+~])td(\[[^\]]*\]|:{1,2}[\w-()]+|\.[\w-]+|#[\w-]+)*\s*/
Done
_uniform.scss has 80 symbols
Searching through them all for /(^|[\s>+~])td(\[[^\]]*\]|:{1,2}[\w-()]+|\.[\w-]+|#[\w-]+)*\s*/
Done
_file-input.scss has 79 symbols
Searching through them all for /(^|[\s>+~])td(\[[^\]]*\]|:{1,2}[\w-()]+|\.[\w-]+|#[\w-]+)*\s*/
Done
_floating-labels.scss has 3 symbols
Searching through them all for /(^|[\s>+~])td(\[[^\]]*\]|:{1,2}[\w-()]+|\.[\w-]+|#[\w-]+)*\s*/
Done
_plupload.scss has 74 symbols
Searching through them all for /(^|[\s>+~])td(\[[^\]]*\]|:{1,2}[\w-()]+|\.[\w-]+|#[\w-]+)*\s*/
Done
_tables.scss has 43 symbols
Searching through them all for /(^|[\s>+~])td(\[[^\]]*\]|:{1,2}[\w-()]+|\.[\w-]+|#[\w-]+)*\s*/
Done
_variables-core.scss has 676 symbols
Searching through them all for /(^|[\s>+~])td(\[[^\]]*\]|:{1,2}[\w-()]+|\.[\w-]+|#[\w-]+)*\s*/
Done
_background.scss has 2 symbols
Searching through them all for /(^|[\s>+~])td(\[[^\]]*\]|:{1,2}[\w-()]+|\.[\w-]+|#[\w-]+)*\s*/
Done
_variables-core.scss has 679 symbols
Searching through them all for /(^|[\s>+~])td(\[[^\]]*\]|:{1,2}[\w-()]+|\.[\w-]+|#[\w-]+)*\s*/
Done
_variables-custom.scss has 439 symbols
Searching through them all for /(^|[\s>+~])td(\[[^\]]*\]|:{1,2}[\w-()]+|\.[\w-]+|#[\w-]+)*\s*/
Done
_colors.scss has 36 symbols
Searching through them all for /(^|[\s>+~])td(\[[^\]]*\]|:{1,2}[\w-()]+|\.[\w-]+|#[\w-]+)*\s*/
Done
_variables-custom.scss has 434 symbols
Searching through them all for /(^|[\s>+~])td(\[[^\]]*\]|:{1,2}[\w-()]+|\.[\w-]+|#[\w-]+)*\s*/
Done
_progress.scss has 14 symbols
Searching through them all for /(^|[\s>+~])td(\[[^\]]*\]|:{1,2}[\w-()]+|\.[\w-]+|#[\w-]+)*\s*/
Done
_close.scss has 1 symbols
Searching through them all for /(^|[\s>+~])td(\[[^\]]*\]|:{1,2}[\w-()]+|\.[\w-]+|#[\w-]+)*\s*/
Done
_widgets.scss has 251 symbols
Searching through them all for /(^|[\s>+~])td(\[[^\]]*\]|:{1,2}[\w-()]+|\.[\w-]+|#[\w-]+)*\s*/
Done
_handsontable.scss has 342 symbols
Searching through them all for /(^|[\s>+~])td(\[[^\]]*\]|:{1,2}[\w-()]+|\.[\w-]+|#[\w-]+)*\s*/
Done
_ion-range-slider.scss has 39 symbols
Searching through them all for /(^|[\s>+~])td(\[[^\]]*\]|:{1,2}[\w-()]+|\.[\w-]+|#[\w-]+)*\s*/
Done
_tables.scss has 136 symbols
Searching through them all for /(^|[\s>+~])td(\[[^\]]*\]|:{1,2}[\w-()]+|\.[\w-]+|#[\w-]+)*\s*/
Done
_interactions.scss has 42 symbols
Searching through them all for /(^|[\s>+~])td(\[[^\]]*\]|:{1,2}[\w-()]+|\.[\w-]+|#[\w-]+)*\s*/
Done
_noui-slider.scss has 88 symbols
Searching through them all for /(^|[\s>+~])td(\[[^\]]*\]|:{1,2}[\w-()]+|\.[\w-]+|#[\w-]+)*\s*/
Done
_type.scss has 87 symbols
Searching through them all for /(^|[\s>+~])td(\[[^\]]*\]|:{1,2}[\w-()]+|\.[\w-]+|#[\w-]+)*\s*/
Done
_footable.scss has 17 symbols
Searching through them all for /(^|[\s>+~])td(\[[^\]]*\]|:{1,2}[\w-()]+|\.[\w-]+|#[\w-]+)*\s*/
Done
_badge.scss has 24 symbols
Searching through them all for /(^|[\s>+~])td(\[[^\]]*\]|:{1,2}[\w-()]+|\.[\w-]+|#[\w-]+)*\s*/
Done
_slider-pips.scss has 23 symbols
Searching through them all for /(^|[\s>+~])td(\[[^\]]*\]|:{1,2}[\w-()]+|\.[\w-]+|#[\w-]+)*\s*/
Done
_list-group.scss has 26 symbols
Searching through them all for /(^|[\s>+~])td(\[[^\]]*\]|:{1,2}[\w-()]+|\.[\w-]+|#[\w-]+)*\s*/
Done
_dropdown.scss has 89 symbols
Searching through them all for /(^|[\s>+~])td(\[[^\]]*\]|:{1,2}[\w-()]+|\.[\w-]+|#[\w-]+)*\s*/
Done
_alert.scss has 30 symbols
Searching through them all for /(^|[\s>+~])td(\[[^\]]*\]|:{1,2}[\w-()]+|\.[\w-]+|#[\w-]+)*\s*/
Done
_nav.scss has 111 symbols
Searching through them all for /(^|[\s>+~])td(\[[^\]]*\]|:{1,2}[\w-()]+|\.[\w-]+|#[\w-]+)*\s*/
Done
_custom-forms.scss has 19 symbols
Searching through them all for /(^|[\s>+~])td(\[[^\]]*\]|:{1,2}[\w-()]+|\.[\w-]+|#[\w-]+)*\s*/
Done
_card.scss has 44 symbols
Searching through them all for /(^|[\s>+~])td(\[[^\]]*\]|:{1,2}[\w-()]+|\.[\w-]+|#[\w-]+)*\s*/
Done
_headroom.scss has 7 symbols
Searching through them all for /(^|[\s>+~])td(\[[^\]]*\]|:{1,2}[\w-()]+|\.[\w-]+|#[\w-]+)*\s*/
Done
_datatable-responsive.scss has 31 symbols
Searching through them all for /(^|[\s>+~])td(\[[^\]]*\]|:{1,2}[\w-()]+|\.[\w-]+|#[\w-]+)*\s*/
Done
_fab.scss has 101 symbols
Searching through them all for /(^|[\s>+~])td(\[[^\]]*\]|:{1,2}[\w-()]+|\.[\w-]+|#[\w-]+)*\s*/
Done
_datatable-rows-reorder.scss has 4 symbols
Searching through them all for /(^|[\s>+~])td(\[[^\]]*\]|:{1,2}[\w-()]+|\.[\w-]+|#[\w-]+)*\s*/
Done
_image-cropper.scss has 57 symbols
Searching through them all for /(^|[\s>+~])td(\[[^\]]*\]|:{1,2}[\w-()]+|\.[\w-]+|#[\w-]+)*\s*/
Done
_progress-buttons.scss has 81 symbols
Searching through them all for /(^|[\s>+~])td(\[[^\]]*\]|:{1,2}[\w-()]+|\.[\w-]+|#[\w-]+)*\s*/
Done
_select2.scss has 120 symbols
Searching through them all for /(^|[\s>+~])td(\[[^\]]*\]|:{1,2}[\w-()]+|\.[\w-]+|#[\w-]+)*\s*/
Done
_breadcrumb.scss has 37 symbols
Searching through them all for /(^|[\s>+~])td(\[[^\]]*\]|:{1,2}[\w-()]+|\.[\w-]+|#[\w-]+)*\s*/
Done
_jgrowl.scss has 18 symbols
Searching through them all for /(^|[\s>+~])td(\[[^\]]*\]|:{1,2}[\w-()]+|\.[\w-]+|#[\w-]+)*\s*/
Done
_datatable-columns-reorder.scss has 4 symbols
Searching through them all for /(^|[\s>+~])td(\[[^\]]*\]|:{1,2}[\w-()]+|\.[\w-]+|#[\w-]+)*\s*/
Done
_fancybox.scss has 50 symbols
Searching through them all for /(^|[\s>+~])td(\[[^\]]*\]|:{1,2}[\w-()]+|\.[\w-]+|#[\w-]+)*\s*/
Done
_header-elements.scss has 17 symbols
Searching through them all for /(^|[\s>+~])td(\[[^\]]*\]|:{1,2}[\w-()]+|\.[\w-]+|#[\w-]+)*\s*/
Done
_button-group.scss has 11 symbols
Searching through them all for /(^|[\s>+~])td(\[[^\]]*\]|:{1,2}[\w-()]+|\.[\w-]+|#[\w-]+)*\s*/
Done
_fullcalendar.scss has 285 symbols
Searching through them all for /(^|[\s>+~])td(\[[^\]]*\]|:{1,2}[\w-()]+|\.[\w-]+|#[\w-]+)*\s*/
Done
_datatable-buttons.scss has 24 symbols
Searching through them all for /(^|[\s>+~])td(\[[^\]]*\]|:{1,2}[\w-()]+|\.[\w-]+|#[\w-]+)*\s*/
Done
_prism.scss has 57 symbols
Searching through them all for /(^|[\s>+~])td(\[[^\]]*\]|:{1,2}[\w-()]+|\.[\w-]+|#[\w-]+)*\s*/
Done
_slinky.scss has 17 symbols
Searching through them all for /(^|[\s>+~])td(\[[^\]]*\]|:{1,2}[\w-()]+|\.[\w-]+|#[\w-]+)*\s*/
Done
_sweet-alerts.scss has 106 symbols
Searching through them all for /(^|[\s>+~])td(\[[^\]]*\]|:{1,2}[\w-()]+|\.[\w-]+|#[\w-]+)*\s*/
Done
_bootstrap-switch.scss has 55 symbols
Searching through them all for /(^|[\s>+~])td(\[[^\]]*\]|:{1,2}[\w-()]+|\.[\w-]+|#[\w-]+)*\s*/
Done
_pnotify.scss has 76 symbols
Searching through them all for /(^|[\s>+~])td(\[[^\]]*\]|:{1,2}[\w-()]+|\.[\w-]+|#[\w-]+)*\s*/
Done
_passy.scss has 2 symbols
Searching through them all for /(^|[\s>+~])td(\[[^\]]*\]|:{1,2}[\w-()]+|\.[\w-]+|#[\w-]+)*\s*/
Done
_datatables.scss has 132 symbols
Searching through them all for /(^|[\s>+~])td(\[[^\]]*\]|:{1,2}[\w-()]+|\.[\w-]+|#[\w-]+)*\s*/
Done
_noty.scss has 43 symbols
Searching through them all for /(^|[\s>+~])td(\[[^\]]*\]|:{1,2}[\w-()]+|\.[\w-]+|#[\w-]+)*\s*/
Done
_fancytree.scss has 100 symbols
Searching through them all for /(^|[\s>+~])td(\[[^\]]*\]|:{1,2}[\w-()]+|\.[\w-]+|#[\w-]+)*\s*/
Done
_perfect-scrollbar.scss has 18 symbols
Searching through them all for /(^|[\s>+~])td(\[[^\]]*\]|:{1,2}[\w-()]+|\.[\w-]+|#[\w-]+)*\s*/
Done
_pagination.scss has 36 symbols
Searching through them all for /(^|[\s>+~])td(\[[^\]]*\]|:{1,2}[\w-()]+|\.[\w-]+|#[\w-]+)*\s*/
Done
_alpaca.scss has 64 symbols
Searching through them all for /(^|[\s>+~])td(\[[^\]]*\]|:{1,2}[\w-()]+|\.[\w-]+|#[\w-]+)*\s*/
Done
_demo.scss has 18 symbols
Searching through them all for /(^|[\s>+~])td(\[[^\]]*\]|:{1,2}[\w-()]+|\.[\w-]+|#[\w-]+)*\s*/
Done
_daterange.scss has 87 symbols
Searching through them all for /(^|[\s>+~])td(\[[^\]]*\]|:{1,2}[\w-()]+|\.[\w-]+|#[\w-]+)*\s*/
Done
_plupload.scss has 74 symbols
Searching through them all for /(^|[\s>+~])td(\[[^\]]*\]|:{1,2}[\w-()]+|\.[\w-]+|#[\w-]+)*\s*/
Done
_floating-labels.scss has 3 symbols
Searching through them all for /(^|[\s>+~])td(\[[^\]]*\]|:{1,2}[\w-()]+|\.[\w-]+|#[\w-]+)*\s*/
Done
_file-input.scss has 76 symbols
Searching through them all for /(^|[\s>+~])td(\[[^\]]*\]|:{1,2}[\w-()]+|\.[\w-]+|#[\w-]+)*\s*/
Done
_dropzone.scss has 51 symbols
Searching through them all for /(^|[\s>+~])td(\[[^\]]*\]|:{1,2}[\w-()]+|\.[\w-]+|#[\w-]+)*\s*/
Done
_uniform.scss has 80 symbols
Searching through them all for /(^|[\s>+~])td(\[[^\]]*\]|:{1,2}[\w-()]+|\.[\w-]+|#[\w-]+)*\s*/
Done
_tokenfield.scss has 35 symbols
Searching through them all for /(^|[\s>+~])td(\[[^\]]*\]|:{1,2}[\w-()]+|\.[\w-]+|#[\w-]+)*\s*/
Done
_spectrum.scss has 122 symbols
Searching through them all for /(^|[\s>+~])td(\[[^\]]*\]|:{1,2}[\w-()]+|\.[\w-]+|#[\w-]+)*\s*/
Done
_time.scss has 15 symbols
Searching through them all for /(^|[\s>+~])td(\[[^\]]*\]|:{1,2}[\w-()]+|\.[\w-]+|#[\w-]+)*\s*/
Done
_date.scss has 49 symbols
Searching through them all for /(^|[\s>+~])td(\[[^\]]*\]|:{1,2}[\w-()]+|\.[\w-]+|#[\w-]+)*\s*/
Done
_anytime.scss has 76 symbols
Searching through them all for /(^|[\s>+~])td(\[[^\]]*\]|:{1,2}[\w-()]+|\.[\w-]+|#[\w-]+)*\s*/
Done
_wizard.scss has 46 symbols
Searching through them all for /(^|[\s>+~])td(\[[^\]]*\]|:{1,2}[\w-()]+|\.[\w-]+|#[\w-]+)*\s*/
Done
_datatable-fixed-columns.scss has 21 symbols
Searching through them all for /(^|[\s>+~])td(\[[^\]]*\]|:{1,2}[\w-()]+|\.[\w-]+|#[\w-]+)*\s*/
Done
_datatable-select.scss has 14 symbols
Searching through them all for /(^|[\s>+~])td(\[[^\]]*\]|:{1,2}[\w-()]+|\.[\w-]+|#[\w-]+)*\s*/
Done
_dual-listbox.scss has 37 symbols
Searching through them all for /(^|[\s>+~])td(\[[^\]]*\]|:{1,2}[\w-()]+|\.[\w-]+|#[\w-]+)*\s*/
Done
_typeahead.scss has 11 symbols
Searching through them all for /(^|[\s>+~])td(\[[^\]]*\]|:{1,2}[\w-()]+|\.[\w-]+|#[\w-]+)*\s*/
Done
_datatable-scroller.scss has 8 symbols
Searching through them all for /(^|[\s>+~])td(\[[^\]]*\]|:{1,2}[\w-()]+|\.[\w-]+|#[\w-]+)*\s*/
Done
_trumbowyg.scss has 79 symbols
Searching through them all for /(^|[\s>+~])td(\[[^\]]*\]|:{1,2}[\w-()]+|\.[\w-]+|#[\w-]+)*\s*/
Done
_multiselect.scss has 58 symbols
Searching through them all for /(^|[\s>+~])td(\[[^\]]*\]|:{1,2}[\w-()]+|\.[\w-]+|#[\w-]+)*\s*/
Done
_datatable-keytable.scss has 8 symbols
Searching through them all for /(^|[\s>+~])td(\[[^\]]*\]|:{1,2}[\w-()]+|\.[\w-]+|#[\w-]+)*\s*/
Done
_tags-input.scss has 9 symbols
Searching through them all for /(^|[\s>+~])td(\[[^\]]*\]|:{1,2}[\w-()]+|\.[\w-]+|#[\w-]+)*\s*/
Done
_datatable-autofill.scss has 15 symbols
Searching through them all for /(^|[\s>+~])td(\[[^\]]*\]|:{1,2}[\w-()]+|\.[\w-]+|#[\w-]+)*\s*/
Done
_text.scss has 21 symbols
Searching through them all for /(^|[\s>+~])td(\[[^\]]*\]|:{1,2}[\w-()]+|\.[\w-]+|#[\w-]+)*\s*/
Done
_navbar.scss has 191 symbols
Searching through them all for /(^|[\s>+~])td(\[[^\]]*\]|:{1,2}[\w-()]+|\.[\w-]+|#[\w-]+)*\s*/
Done
_sidebar.scss has 286 symbols
Searching through them all for /(^|[\s>+~])td(\[[^\]]*\]|:{1,2}[\w-()]+|\.[\w-]+|#[\w-]+)*\s*/
Done
_sidebar.scss has 297 symbols
Searching through them all for /(^|[\s>+~])td(\[[^\]]*\]|:{1,2}[\w-()]+|\.[\w-]+|#[\w-]+)*\s*/
Done
_buttons.scss has 69 symbols
Searching through them all for /(^|[\s>+~])td(\[[^\]]*\]|:{1,2}[\w-()]+|\.[\w-]+|#[\w-]+)*\s*/
Done
_media.scss has 13 symbols
Searching through them all for /(^|[\s>+~])td(\[[^\]]*\]|:{1,2}[\w-()]+|\.[\w-]+|#[\w-]+)*\s*/
Done
components.scss has 0 symbols
Searching through them all for /(^|[\s>+~])td(\[[^\]]*\]|:{1,2}[\w-()]+|\.[\w-]+|#[\w-]+)*\s*/
Done
_buttons.scss has 11 symbols
Searching through them all for /(^|[\s>+~])td(\[[^\]]*\]|:{1,2}[\w-()]+|\.[\w-]+|#[\w-]+)*\s*/
Done
_buttons.scss has 20 symbols
Searching through them all for /(^|[\s>+~])td(\[[^\]]*\]|:{1,2}[\w-()]+|\.[\w-]+|#[\w-]+)*\s*/
Done
animate.min.css has 232 symbols
Searching through them all for /(^|[\s>+~])td(\[[^\]]*\]|:{1,2}[\w-()]+|\.[\w-]+|#[\w-]+)*\s*/
Done
_variables.scss has 538 symbols
Searching through them all for /(^|[\s>+~])td(\[[^\]]*\]|:{1,2}[\w-()]+|\.[\w-]+|#[\w-]+)*\s*/
Done
_tooltip.scss has 22 symbols
Searching through them all for /(^|[\s>+~])td(\[[^\]]*\]|:{1,2}[\w-()]+|\.[\w-]+|#[\w-]+)*\s*/
Done
components.scss has 0 symbols
Searching through them all for /(^|[\s>+~])td(\[[^\]]*\]|:{1,2}[\w-()]+|\.[\w-]+|#[\w-]+)*\s*/
Done
htmlDescriptor.css has 30 symbols
Searching through them all for /(^|[\s>+~])td(\[[^\]]*\]|:{1,2}[\w-()]+|\.[\w-]+|#[\w-]+)*\s*/
Done
app.css has 3148 symbols
Searching through them all for /(^|[\s>+~])td(\[[^\]]*\]|:{1,2}[\w-()]+|\.[\w-]+|#[\w-]+)*\s*/
Done
exception.css has 214 symbols
Searching through them all for /(^|[\s>+~])td(\[[^\]]*\]|:{1,2}[\w-()]+|\.[\w-]+|#[\w-]+)*\s*/
Done
default.css has 45 symbols
Searching through them all for /(^|[\s>+~])td(\[[^\]]*\]|:{1,2}[\w-()]+|\.[\w-]+|#[\w-]+)*\s*/
Done
html.css has 163 symbols
Searching through them all for /(^|[\s>+~])td(\[[^\]]*\]|:{1,2}[\w-()]+|\.[\w-]+|#[\w-]+)*\s*/
Done
whoops.base.css has 120 symbols
Searching through them all for /(^|[\s>+~])td(\[[^\]]*\]|:{1,2}[\w-()]+|\.[\w-]+|#[\w-]+)*\s*/
Done
style.css has 50 symbols
Searching through them all for /(^|[\s>+~])td(\[[^\]]*\]|:{1,2}[\w-()]+|\.[\w-]+|#[\w-]+)*\s*/
Done
bootstrap.min.css has 3147 symbols
Searching through them all for /(^|[\s>+~])td(\[[^\]]*\]|:{1,2}[\w-()]+|\.[\w-]+|#[\w-]+)*\s*/
Done
nv.d3.min.css has 135 symbols
Searching through them all for /(^|[\s>+~])td(\[[^\]]*\]|:{1,2}[\w-()]+|\.[\w-]+|#[\w-]+)*\s*/
Done
_variables-core.scss has 679 symbols
Searching through them all for /(^|[\s>+~])td(\[[^\]]*\]|:{1,2}[\w-()]+|\.[\w-]+|#[\w-]+)*\s*/
Done
_variables-custom.scss has 434 symbols
Searching through them all for /(^|[\s>+~])td(\[[^\]]*\]|:{1,2}[\w-()]+|\.[\w-]+|#[\w-]+)*\s*/
Done
_caret.scss has 9 symbols
Searching through them all for /(^|[\s>+~])td(\[[^\]]*\]|:{1,2}[\w-()]+|\.[\w-]+|#[\w-]+)*\s*/
Done
alert(totalpoint) 5933
  script 54 60
  script 113 119
  script 122 128
  script 181 187
  table 191 196
  tbody 250 255
  tr 266 268
  td 283 285
  strong 287 293
  strong 300 306
  td 343 345
  td 365 367
  strong 369 375
  strong 397 403
  td 424 426
  td 441 443
  strong 445 451
  strong 461 467
  td 504 506
  tr 518 520
  tr 531 533
  td 548 550
  strong 552 558
  strong 583 589
  td 647 649
  td 664 666
  strong 668 674
  strong 694 700
  td 719 721
  td 736 738
  strong 740 746
  strong 753 759
  td 896 898
  tr 910 912
  tbody 921 926
  table 930 935
  table 940 945
  thead 1086 1091
  tr 1102 1104
  th 1119 1121
  th 1138 1140
  th 1155 1157
  th 1180 1182
  th 1197 1199
  br 1216 1218
  th 1225 1227
  th 1242 1244
  br 1261 1263
  th 1270 1272
  th 1287 1289
  br 1310 1312
  th 1319 1321
  th 1336 1338
  br 1365 1367
  th 1370 1372
  th 1457 1459
  br 1479 1481
  sup 1491 1494
  sup 1498 1501
  th 1514 1516
  th 1531 1533
  sup 1548 1551
  sup 1556 1559
  br 1562 1564
  th 1577 1579
  th 1594 1596
  sup 1611 1614
  sup 1618 1621
  br 1624 1626
  th 1639 1641
  th 1656 1658
  br 1683 1685
  sup 1689 1692
  sup 1697 1700
  sup 1706 1709
  sup 1713 1716
  sup 1722 1725
  sup 1729 1732
  th 1735 1737
  th 1752 1754
  th 1776 1778
  th 1818 1820
  th 1846 1848
  th 1863 1865
  th 1895 1897
  th 1912 1914
  th 1938 1940
  tr 1952 1954
  thead 1962 1967
  tbody 1975 1980
  tr 2032 2034
  td 2053 2055
  td 2080 2082
  td 2101 2103
  td 2122 2124
  td 2246 2248
  td 2271 2273
  td 2296 2298
  td 2321 2323
  td 2346 2348
  td 2372 2374
  td 2397 2399
  td 2880 2882
  td 3000 3002
  td 3027 3029
  td 3057 3059
  td 3138 3140
  td 3168 3170
  td 3249 3251
  td 3279 3281
  td 3305 3307
  td 3335 3337
  td 3365 3367
  td 3491 3493
  td 3525 3527
  td 3550 3552
  td 4160 4162
  td 4185 4187
  td 4233 4235
  tr 4279 4281
  tr 4942 4944
  td 4959 4961
  strong 4994 5000
  strong 5029 5035
  td 5038 5040
  td 5055 5057
  strong 5089 5095
  strong 5114 5120
  td 5123 5125
  td 5171 5173
  strong 5187 5193
  td 5246 5248
  td 5292 5294
  strong 5308 5314
  td 5368 5370
  tr 5412 5414
  tbody 5422 5427
  table 5431 5436
  script 5489 5495
  script 6289 6295
Invalid Selector
alert(totalpoint) 5930
  script 54 60
  script 113 119
  script 122 128
  script 181 187
  table 191 196
  tbody 250 255
  tr 266 268
  td 283 285
  strong 287 293
  strong 300 306
  td 343 345
  td 365 367
  strong 369 375
  strong 397 403
  td 424 426
  td 441 443
  strong 445 451
  strong 461 467
  td 504 506
  tr 518 520
  tr 531 533
  td 548 550
  strong 552 558
  strong 583 589
  td 647 649
  td 664 666
  strong 668 674
  strong 694 700
  td 719 721
  td 736 738
  strong 740 746
  strong 753 759
  td 896 898
  tr 910 912
  tbody 921 926
  table 930 935
  table 940 945
  thead 1086 1091
  tr 1102 1104
  th 1119 1121
  th 1138 1140
  th 1155 1157
  th 1180 1182
  th 1197 1199
  br 1216 1218
  th 1225 1227
  th 1242 1244
  br 1261 1263
  th 1270 1272
  th 1287 1289
  br 1310 1312
  th 1319 1321
  th 1336 1338
  br 1365 1367
  th 1370 1372
  th 1457 1459
  br 1479 1481
  sup 1491 1494
  sup 1498 1501
  th 1514 1516
  th 1531 1533
  sup 1548 1551
  sup 1556 1559
  br 1562 1564
  th 1577 1579
  th 1594 1596
  sup 1611 1614
  sup 1618 1621
  br 1624 1626
  th 1639 1641
  th 1656 1658
  br 1683 1685
  sup 1689 1692
  sup 1697 1700
  sup 1706 1709
  sup 1713 1716
  sup 1722 1725
  sup 1729 1732
  th 1735 1737
  th 1752 1754
  th 1776 1778
  th 1818 1820
  th 1846 1848
  th 1863 1865
  th 1895 1897
  th 1912 1914
  th 1938 1940
  tr 1952 1954
  thead 1962 1967
  tbody 1975 1980
  tr 2032 2034
  td 2053 2055
  td 2080 2082
  td 2101 2103
  td 2122 2124
  td 2246 2248
  td 2271 2273
  td 2296 2298
  td 2321 2323
  td 2346 2348
  td 2372 2374
  td 2397 2399
  td 2880 2882
  td 3000 3002
  td 3027 3029
  td 3057 3059
  td 3138 3140
  td 3168 3170
  td 3249 3251
  td 3279 3281
  td 3305 3307
  td 3335 3337
  td 3365 3367
  td 3491 3493
  td 3525 3527
  td 3550 3552
  td 4160 4162
  td 4185 4187
  td 4233 4235
  tr 4279 4281
  tr 4939 4941
  td 4956 4958
  strong 4991 4997
  strong 5026 5032
  td 5035 5037
  td 5052 5054
  strong 5086 5092
  strong 5111 5117
  td 5120 5122
  td 5168 5170
  strong 5184 5190
  td 5243 5245
  td 5289 5291
  strong 5305 5311
  td 5365 5367
  tr 5409 5411
  tbody 5419 5424
  table 5428 5433
  script 5486 5492
  script 6286 6292
Invalid Selector
$sr- 4685
  script 54 60
  script 113 119
  script 122 128
  script 181 187
  table 191 196
  tbody 250 255
  tr 266 268
  td 283 285
  strong 287 293
  strong 300 306
  td 343 345
  td 365 367
  strong 369 375
  strong 397 403
  td 424 426
  td 441 443
  strong 445 451
  strong 461 467
  td 504 506
  tr 518 520
  tr 531 533
  td 548 550
  strong 552 558
  strong 583 589
  td 647 649
  td 664 666
  strong 668 674
  strong 694 700
  td 719 721
  td 736 738
  strong 740 746
  strong 753 759
  td 896 898
  tr 910 912
  tbody 921 926
  table 930 935
  table 940 945
  thead 1086 1091
  tr 1102 1104
  th 1119 1121
  th 1138 1140
  th 1155 1157
  th 1180 1182
  th 1197 1199
  br 1216 1218
  th 1225 1227
  th 1242 1244
  br 1261 1263
  th 1270 1272
  th 1287 1289
  br 1310 1312
  th 1319 1321
  th 1336 1338
  br 1365 1367
  th 1370 1372
  th 1457 1459
  br 1479 1481
  sup 1491 1494
  sup 1498 1501
  th 1514 1516
  th 1531 1533
  sup 1548 1551
  sup 1556 1559
  br 1562 1564
  th 1577 1579
  th 1594 1596
  sup 1611 1614
  sup 1618 1621
  br 1624 1626
  th 1639 1641
  th 1656 1658
  br 1683 1685
  sup 1689 1692
  sup 1697 1700
  sup 1706 1709
  sup 1713 1716
  sup 1722 1725
  sup 1729 1732
  th 1735 1737
  th 1752 1754
  th 1776 1778
  th 1818 1820
  th 1846 1848
  th 1863 1865
  th 1895 1897
  th 1912 1914
  th 1938 1940
  tr 1952 1954
  thead 1962 1967
  tbody 1975 1980
  tr 2032 2034
  td 2053 2055
  td 2080 2082
  td 2101 2103
  td 2122 2124
  td 2246 2248
  td 2271 2273
  td 2296 2298
  td 2321 2323
  td 2346 2348
  td 2372 2374
  td 2397 2399
  td 2880 2882
  td 3000 3002
  td 3027 3029
  td 3057 3059
  td 3138 3140
  td 3168 3170
  td 3249 3251
  td 3279 3281
  td 3305 3307
  td 3335 3337
  td 3365 3367
  td 3491 3493
  td 3525 3527
  td 3550 3552
  td 4160 4162
  td 4185 4187
  td 4233 4235
  tr 4279 4281
  tr 4939 4941
  td 4956 4958
  strong 4991 4997
  strong 5026 5032
  td 5035 5037
  td 5052 5054
  strong 5086 5092
  strong 5111 5117
  td 5120 5122
  td 5168 5170
  strong 5184 5190
  td 5243 5245
  td 5289 5291
  strong 5305 5311
  td 5365 5367
  tr 5409 5411
  tbody 5419 5424
  table 5428 5433
  script 5486 5492
  script 6286 6292
Invalid Selector
$sr->user->id 4685
  script 54 60
  script 113 119
  script 122 128
  script 181 187
  table 191 196
  tbody 250 255
  tr 266 268
  td 283 285
  strong 287 293
  strong 300 306
  td 343 345
  td 365 367
  strong 369 375
  strong 397 403
  td 424 426
  td 441 443
  strong 445 451
  strong 461 467
  td 504 506
  tr 518 520
  tr 531 533
  td 548 550
  strong 552 558
  strong 583 589
  td 647 649
  td 664 666
  strong 668 674
  strong 694 700
  td 719 721
  td 736 738
  strong 740 746
  strong 753 759
  td 896 898
  tr 910 912
  tbody 921 926
  table 930 935
  table 940 945
  thead 1086 1091
  tr 1102 1104
  th 1119 1121
  th 1138 1140
  th 1155 1157
  th 1180 1182
  th 1197 1199
  br 1216 1218
  th 1225 1227
  th 1242 1244
  br 1261 1263
  th 1270 1272
  th 1287 1289
  br 1310 1312
  th 1319 1321
  th 1336 1338
  br 1365 1367
  th 1370 1372
  th 1457 1459
  br 1479 1481
  sup 1491 1494
  sup 1498 1501
  th 1514 1516
  th 1531 1533
  sup 1548 1551
  sup 1556 1559
  br 1562 1564
  th 1577 1579
  th 1594 1596
  sup 1611 1614
  sup 1618 1621
  br 1624 1626
  th 1639 1641
  th 1656 1658
  br 1683 1685
  sup 1689 1692
  sup 1697 1700
  sup 1706 1709
  sup 1713 1716
  sup 1722 1725
  sup 1729 1732
  th 1735 1737
  th 1752 1754
  th 1776 1778
  th 1818 1820
  th 1846 1848
  th 1863 1865
  th 1895 1897
  th 1912 1914
  th 1938 1940
  tr 1952 1954
  thead 1962 1967
  tbody 1975 1980
  tr 2032 2034
  td 2053 2055
  td 2080 2082
  td 2101 2103
  td 2122 2124
  td 2246 2248
  td 2271 2273
  td 2296 2298
  td 2321 2323
  td 2346 2348
  td 2372 2374
  td 2397 2399
  td 2880 2882
  td 3000 3002
  td 3027 3029
  td 3057 3059
  td 3138 3140
  td 3168 3170
  td 3249 3251
  td 3279 3281
  td 3305 3307
  td 3335 3337
  td 3365 3367
  td 3491 3493
  td 3525 3527
  td 3550 3552
  td 4160 4162
  td 4185 4187
  td 4233 4235
  tr 4279 4281
  tr 4939 4941
  td 4956 4958
  strong 4991 4997
  strong 5026 5032
  td 5035 5037
  td 5052 5054
  strong 5086 5092
  strong 5111 5117
  td 5120 5122
  td 5168 5170
  strong 5184 5190
  td 5243 5245
  td 5289 5291
  strong 5305 5311
  td 5365 5367
  tr 5409 5411
  tbody 5419 5424
  table 5428 5433
  script 5486 5492
  script 6286 6292
Invalid Selector
dd($total_eleve); 4714
  script 54 60
  script 113 119
  script 122 128
  script 181 187
  table 191 196
  tbody 250 255
  tr 266 268
  td 283 285
  strong 287 293
  strong 300 306
  td 343 345
  td 365 367
  strong 369 375
  strong 397 403
  td 424 426
  td 441 443
  strong 445 451
  strong 461 467
  td 504 506
  tr 518 520
  tr 531 533
  td 548 550
  strong 552 558
  strong 583 589
  td 647 649
  td 664 666
  strong 668 674
  strong 694 700
  td 719 721
  td 736 738
  strong 740 746
  strong 753 759
  td 896 898
  tr 910 912
  tbody 921 926
  table 930 935
  table 940 945
  thead 1086 1091
  tr 1102 1104
  th 1119 1121
  th 1138 1140
  th 1155 1157
  th 1180 1182
  th 1197 1199
  br 1216 1218
  th 1225 1227
  th 1242 1244
  br 1261 1263
  th 1270 1272
  th 1287 1289
  br 1310 1312
  th 1319 1321
  th 1336 1338
  br 1365 1367
  th 1370 1372
  th 1457 1459
  br 1479 1481
  sup 1491 1494
  sup 1498 1501
  th 1514 1516
  th 1531 1533
  sup 1548 1551
  sup 1556 1559
  br 1562 1564
  th 1577 1579
  th 1594 1596
  sup 1611 1614
  sup 1618 1621
  br 1624 1626
  th 1639 1641
  th 1656 1658
  br 1683 1685
  sup 1689 1692
  sup 1697 1700
  sup 1706 1709
  sup 1713 1716
  sup 1722 1725
  sup 1729 1732
  th 1735 1737
  th 1752 1754
  th 1776 1778
  th 1818 1820
  th 1846 1848
  th 1863 1865
  th 1895 1897
  th 1912 1914
  th 1938 1940
  tr 1952 1954
  thead 1962 1967
  tbody 1975 1980
  tr 2032 2034
  td 2053 2055
  td 2080 2082
  td 2101 2103
  td 2122 2124
  td 2246 2248
  td 2271 2273
  td 2296 2298
  td 2321 2323
  td 2346 2348
  td 2372 2374
  td 2397 2399
  td 2880 2882
  td 3000 3002
  td 3027 3029
  td 3057 3059
  td 3138 3140
  td 3168 3170
  td 3249 3251
  td 3279 3281
  td 3305 3307
  td 3335 3337
  td 3365 3367
  td 3491 3493
  td 3525 3527
  td 3550 3552
  td 4160 4162
  td 4185 4187
  td 4233 4235
  tr 4279 4281
  tr 4942 4944
  td 4959 4961
  strong 4994 5000
  strong 5029 5035
  td 5038 5040
  td 5055 5057
  strong 5089 5095
  strong 5114 5120
  td 5123 5125
  td 5171 5173
  strong 5187 5193
  td 5246 5248
  td 5292 5294
  strong 5308 5314
  td 5368 5370
  tr 5412 5414
  tbody 5422 5427
  table 5431 5436
  script 5489 5495
  script 6289 6295
Invalid Selector
$my_class->id)->cont(); 4635
  script 54 60
  script 113 119
  script 122 128
  script 181 187
  table 191 196
  tbody 250 255
  tr 266 268
  td 283 285
  strong 287 293
  strong 300 306
  td 343 345
  td 365 367
  strong 369 375
  strong 397 403
  td 424 426
  td 441 443
  strong 445 451
  strong 461 467
  td 504 506
  tr 518 520
  tr 531 533
  td 548 550
  strong 552 558
  strong 583 589
  td 647 649
  td 664 666
  strong 668 674
  strong 694 700
  td 719 721
  td 736 738
  strong 740 746
  strong 753 759
  td 896 898
  tr 910 912
  tbody 921 926
  table 930 935
  table 940 945
  thead 1086 1091
  tr 1102 1104
  th 1119 1121
  th 1138 1140
  th 1155 1157
  th 1180 1182
  th 1197 1199
  br 1216 1218
  th 1225 1227
  th 1242 1244
  br 1261 1263
  th 1270 1272
  th 1287 1289
  br 1310 1312
  th 1319 1321
  th 1336 1338
  br 1365 1367
  th 1370 1372
  th 1457 1459
  br 1479 1481
  sup 1491 1494
  sup 1498 1501
  th 1514 1516
  th 1531 1533
  sup 1548 1551
  sup 1556 1559
  br 1562 1564
  th 1577 1579
  th 1594 1596
  sup 1611 1614
  sup 1618 1621
  br 1624 1626
  th 1639 1641
  th 1656 1658
  br 1683 1685
  sup 1689 1692
  sup 1697 1700
  sup 1706 1709
  sup 1713 1716
  sup 1722 1725
  sup 1729 1732
  th 1735 1737
  th 1752 1754
  th 1776 1778
  th 1818 1820
  th 1846 1848
  th 1863 1865
  th 1895 1897
  th 1912 1914
  th 1938 1940
  tr 1952 1954
  thead 1962 1967
  tbody 1975 1980
  tr 2032 2034
  td 2053 2055
  td 2080 2082
  td 2101 2103
  td 2122 2124
  td 2246 2248
  td 2271 2273
  td 2296 2298
  td 2321 2323
  td 2346 2348
  td 2372 2374
  td 2397 2399
  td 2880 2882
  td 3000 3002
  td 3027 3029
  td 3057 3059
  td 3138 3140
  td 3168 3170
  td 3249 3251
  td 3279 3281
  td 3305 3307
  td 3335 3337
  td 3365 3367
  td 3491 3493
  td 3525 3527
  td 3550 3552
  td 4160 4162
  td 4185 4187
  td 4233 4235
  tr 4279 4281
  tr 4944 4946
  td 4961 4963
  strong 4996 5002
  strong 5031 5037
  td 5040 5042
  td 5057 5059
  strong 5091 5097
  strong 5116 5122
  td 5125 5127
  td 5173 5175
  strong 5189 5195
  td 5248 5250
  td 5294 5296
  strong 5310 5316
  td 5370 5372
  tr 5414 5416
  tbody 5424 5429
  table 5433 5438
  script 5491 5497
  script 6291 6297
Invalid Selector
$my_class->id)- 4635
  script 54 60
  script 113 119
  script 122 128
  script 181 187
  table 191 196
  tbody 250 255
  tr 266 268
  td 283 285
  strong 287 293
  strong 300 306
  td 343 345
  td 365 367
  strong 369 375
  strong 397 403
  td 424 426
  td 441 443
  strong 445 451
  strong 461 467
  td 504 506
  tr 518 520
  tr 531 533
  td 548 550
  strong 552 558
  strong 583 589
  td 647 649
  td 664 666
  strong 668 674
  strong 694 700
  td 719 721
  td 736 738
  strong 740 746
  strong 753 759
  td 896 898
  tr 910 912
  tbody 921 926
  table 930 935
  table 940 945
  thead 1086 1091
  tr 1102 1104
  th 1119 1121
  th 1138 1140
  th 1155 1157
  th 1180 1182
  th 1197 1199
  br 1216 1218
  th 1225 1227
  th 1242 1244
  br 1261 1263
  th 1270 1272
  th 1287 1289
  br 1310 1312
  th 1319 1321
  th 1336 1338
  br 1365 1367
  th 1370 1372
  th 1457 1459
  br 1479 1481
  sup 1491 1494
  sup 1498 1501
  th 1514 1516
  th 1531 1533
  sup 1548 1551
  sup 1556 1559
  br 1562 1564
  th 1577 1579
  th 1594 1596
  sup 1611 1614
  sup 1618 1621
  br 1624 1626
  th 1639 1641
  th 1656 1658
  br 1683 1685
  sup 1689 1692
  sup 1697 1700
  sup 1706 1709
  sup 1713 1716
  sup 1722 1725
  sup 1729 1732
  th 1735 1737
  th 1752 1754
  th 1776 1778
  th 1818 1820
  th 1846 1848
  th 1863 1865
  th 1895 1897
  th 1912 1914
  th 1938 1940
  tr 1952 1954
  thead 1962 1967
  tbody 1975 1980
  tr 2032 2034
  td 2053 2055
  td 2080 2082
  td 2101 2103
  td 2122 2124
  td 2246 2248
  td 2271 2273
  td 2296 2298
  td 2321 2323
  td 2346 2348
  td 2372 2374
  td 2397 2399
  td 2880 2882
  td 3000 3002
  td 3027 3029
  td 3057 3059
  td 3138 3140
  td 3168 3170
  td 3249 3251
  td 3279 3281
  td 3305 3307
  td 3335 3337
  td 3365 3367
  td 3491 3493
  td 3525 3527
  td 3550 3552
  td 4160 4162
  td 4185 4187
  td 4233 4235
  tr 4279 4281
  tr 4944 4946
  td 4961 4963
  strong 4996 5002
  strong 5031 5037
  td 5040 5042
  td 5057 5059
  strong 5091 5097
  strong 5116 5122
  td 5125 5127
  td 5173 5175
  strong 5189 5195
  td 5248 5250
  td 5294 5296
  strong 5310 5316
  td 5370 5372
  tr 5414 5416
  tbody 5424 5429
  table 5433 5438
  script 5491 5497
  script 6291 6297
Invalid Selector
alert(totalpoint) 5936
  script 54 60
  script 113 119
  script 122 128
  script 181 187
  table 191 196
  tbody 250 255
  tr 266 268
  td 283 285
  strong 287 293
  strong 300 306
  td 343 345
  td 365 367
  strong 369 375
  strong 397 403
  td 424 426
  td 441 443
  strong 445 451
  strong 461 467
  td 504 506
  tr 518 520
  tr 531 533
  td 548 550
  strong 552 558
  strong 583 589
  td 647 649
  td 664 666
  strong 668 674
  strong 694 700
  td 719 721
  td 736 738
  strong 740 746
  strong 753 759
  td 896 898
  tr 910 912
  tbody 921 926
  table 930 935
  table 940 945
  thead 1086 1091
  tr 1102 1104
  th 1119 1121
  th 1138 1140
  th 1155 1157
  th 1180 1182
  th 1197 1199
  br 1216 1218
  th 1225 1227
  th 1242 1244
  br 1261 1263
  th 1270 1272
  th 1287 1289
  br 1310 1312
  th 1319 1321
  th 1336 1338
  br 1365 1367
  th 1370 1372
  th 1457 1459
  br 1479 1481
  sup 1491 1494
  sup 1498 1501
  th 1514 1516
  th 1531 1533
  sup 1548 1551
  sup 1556 1559
  br 1562 1564
  th 1577 1579
  th 1594 1596
  sup 1611 1614
  sup 1618 1621
  br 1624 1626
  th 1639 1641
  th 1656 1658
  br 1683 1685
  sup 1689 1692
  sup 1697 1700
  sup 1706 1709
  sup 1713 1716
  sup 1722 1725
  sup 1729 1732
  th 1735 1737
  th 1752 1754
  th 1776 1778
  th 1818 1820
  th 1846 1848
  th 1863 1865
  th 1895 1897
  th 1912 1914
  th 1938 1940
  tr 1952 1954
  thead 1962 1967
  tbody 1975 1980
  tr 2032 2034
  td 2053 2055
  td 2080 2082
  td 2101 2103
  td 2122 2124
  td 2246 2248
  td 2271 2273
  td 2296 2298
  td 2321 2323
  td 2346 2348
  td 2372 2374
  td 2397 2399
  td 2880 2882
  td 3000 3002
  td 3027 3029
  td 3057 3059
  td 3138 3140
  td 3168 3170
  td 3249 3251
  td 3279 3281
  td 3305 3307
  td 3335 3337
  td 3365 3367
  td 3491 3493
  td 3525 3527
  td 3550 3552
  td 4160 4162
  td 4185 4187
  td 4233 4235
  tr 4279 4281
  tr 4945 4947
  td 4962 4964
  strong 4997 5003
  strong 5032 5038
  td 5041 5043
  td 5058 5060
  strong 5092 5098
  strong 5117 5123
  td 5126 5128
  td 5174 5176
  strong 5190 5196
  td 5249 5251
  td 5295 5297
  strong 5311 5317
  td 5371 5373
  tr 5415 5417
  tbody 5425 5430
  table 5434 5439
  script 5492 5498
  script 6292 6298
Invalid Selector
