[Server(3683) cpa/] onInitialize
[Server(3684) cpa/] onInitialize
[Server(3683) cpa/] Number of style sheets - 548
[Server(3684) cpa/] Number of style sheets - 548
[Server(3683) cpa/] setupInitialStylemap
[Server(3684) cpa/] setupInitialStylemap
$ex- 700
$ex- 700
  script 54 60
  script 113 119
  script 54 60
  script 122 128
  script 181 187
  table 191 196
  script 113 119
  script 122 128
  tbody 250 255
  tr 266 268
  script 181 187
  td 283 285
  table 191 196
  strong 287 293
  tbody 250 255
  strong 300 306
  tr 266 268
  td 343 345
  td 283 285
  td 360 362
  strong 287 293
  strong 364 370
  strong 300 306
  strong 392 398
  td 343 345
  td 419 421
  td 360 362
  td 436 438
  strong 364 370
  strong 440 446
  strong 392 398
  strong 456 462
  td 419 421
  td 499 501
  td 436 438
  tr 513 515
  strong 440 446
  tr 526 528
  strong 456 462
  td 543 545
  td 499 501
  strong 547 553
  tr 513 515
  strong 578 584
  tr 526 528
  td 642 644
  td 543 545
  td 659 661
  strong 547 553
  strong 663 669
  strong 578 584
  strong 689 695
  td 642 644
  td 714 716
  td 659 661
  td 731 733
  strong 663 669
  strong 735 741
  strong 689 695
  strong 748 754
  td 714 716
  td 891 893
  td 731 733
  tr 905 907
  strong 735 741
  tbody 916 921
  strong 748 754
  table 925 930
  td 891 893
  table 935 940
  tr 905 907
  thead 1081 1086
  tbody 916 921
  tr 1097 1099
  table 925 930
  th 1114 1116
  table 935 940
  th 1133 1135
  thead 1081 1086
  th 1150 1152
  tr 1097 1099
  th 1175 1177
  th 1114 1116
  th 1192 1194
  th 1133 1135
  br 1211 1213
  th 1150 1152
  th 1220 1222
  th 1175 1177
  th 1237 1239
  th 1192 1194
  br 1256 1258
  br 1211 1213
  th 1265 1267
  th 1220 1222
  th 1282 1284
  th 1237 1239
  br 1305 1307
  br 1256 1258
  th 1314 1316
  th 1265 1267
  th 1331 1333
  th 1282 1284
  br 1360 1362
  br 1305 1307
  th 1365 1367
  th 1314 1316
  th 1452 1454
  th 1331 1333
  br 1474 1476
  br 1360 1362
  sup 1486 1489
  th 1365 1367
  sup 1493 1496
  th 1452 1454
  th 1509 1511
  br 1474 1476
  th 1526 1528
  sup 1486 1489
  sup 1543 1546
  sup 1493 1496
  sup 1551 1554
  th 1509 1511
  br 1557 1559
  th 1526 1528
  th 1572 1574
  sup 1543 1546
  th 1589 1591
  sup 1551 1554
  sup 1606 1609
  br 1557 1559
  sup 1613 1616
  th 1572 1574
  br 1619 1621
  th 1589 1591
  th 1634 1636
  sup 1606 1609
  th 1651 1653
  sup 1613 1616
  br 1678 1680
  br 1619 1621
  sup 1684 1687
  th 1634 1636
  sup 1692 1695
  th 1651 1653
  sup 1701 1704
  br 1678 1680
  sup 1708 1711
  sup 1684 1687
  sup 1717 1720
  sup 1692 1695
  sup 1724 1727
  sup 1701 1704
  th 1730 1732
  sup 1708 1711
  th 1747 1749
  sup 1717 1720
  th 1771 1773
  sup 1724 1727
  th 1813 1815
  th 1730 1732
  th 1841 1843
  th 1747 1749
  th 1858 1860
  th 1771 1773
  th 1890 1892
  th 1813 1815
  th 1907 1909
  th 1841 1843
  th 1933 1935
  th 1858 1860
  tr 1947 1949
  th 1890 1892
  thead 1957 1962
  th 1907 1909
  tbody 1970 1975
  th 1933 1935
  tr 2027 2029
  tr 1947 1949
  td 2048 2050
  thead 1957 1962
  td 2075 2077
  tbody 1970 1975
  td 2096 2098
  tr 2027 2029
  td 2117 2119
  td 2048 2050
  td 2241 2243
  td 2075 2077
  td 2266 2268
  td 2096 2098
  td 2291 2293
  td 2117 2119
  td 2316 2318
  td 2241 2243
  td 2341 2343
  td 2266 2268
  td 2367 2369
  td 2291 2293
  td 2392 2394
  td 2316 2318
  td 2875 2877
  td 2341 2343
  td 2995 2997
  td 2367 2369
  td 3022 3024
  td 2392 2394
  td 3052 3054
  td 2875 2877
  td 3133 3135
  td 2995 2997
  td 3163 3165
  td 3022 3024
  td 3244 3246
  td 3052 3054
  td 3274 3276
  td 3133 3135
  td 3300 3302
  td 3163 3165
  td 3330 3332
  td 3244 3246
  td 3360 3362
  td 3274 3276
  td 3486 3488
  td 3300 3302
  td 3520 3522
  td 3330 3332
  td 3545 3547
  td 3360 3362
  td 4155 4157
  td 3486 3488
  td 4180 4182
  td 3520 3522
  td 4228 4230
  td 3545 3547
  tr 4274 4276
  td 4155 4157
  tr 4792 4794
  td 4180 4182
  td 4809 4811
  td 4228 4230
  strong 4844 4850
  tr 4274 4276
  strong 4879 4885
  tr 4792 4794
  td 4888 4890
  td 4809 4811
  td 4905 4907
  strong 4844 4850
  strong 4939 4945
  strong 4879 4885
  strong 4964 4970
  td 4888 4890
  td 4973 4975
  td 4905 4907
  td 5021 5023
  strong 4939 4945
  strong 5037 5043
  strong 4964 4970
  td 5096 5098
  td 4973 4975
  td 5142 5144
  td 5021 5023
  strong 5158 5164
  strong 5037 5043
  td 5218 5220
  td 5096 5098
  tr 5262 5264
  td 5142 5144
  tbody 5272 5277
  strong 5158 5164
  table 5281 5286
  td 5218 5220
  script 5339 5345
  tr 5262 5264
  script 6139 6145
  tbody 5272 5277
Invalid Selector
  table 5281 5286
  script 5339 5345
  script 6139 6145
Invalid Selector
strong 689
strong 689
  script 54 60
  script 54 60
  script 113 119
  script 113 119
  script 122 128
  script 122 128
  script 181 187
  script 181 187
  table 191 196
  table 191 196
  tbody 250 255
  tbody 250 255
  tr 266 268
  tr 266 268
  td 283 285
  td 283 285
  strong 287 293
  strong 287 293
  strong 300 306
  strong 300 306
  td 343 345
  td 343 345
  td 360 362
  td 360 362
  strong 364 370
  strong 364 370
  strong 392 398
  strong 392 398
  td 419 421
  td 419 421
  td 436 438
  td 436 438
  strong 440 446
  strong 440 446
  strong 456 462
  strong 456 462
  td 499 501
  td 499 501
  tr 513 515
  tr 513 515
  tr 526 528
  tr 526 528
  td 543 545
  td 543 545
  strong 547 553
  strong 547 553
  strong 578 584
  strong 578 584
  td 642 644
  td 642 644
  td 659 661
  td 659 661
  strong 663 669
  strong 663 669
  strong 689 695
  strong 689 695
strong is a "html tag"
strong is a "html tag"
Parsing html.css
Parsing app.css
html.css has 163 symbols
Searching through them all for /(^|[\s>+~])strong(\[[^\]]*\]|:{1,2}[\w-()]+|\.[\w-]+|#[\w-]+)*\s*/
Done
Parsing app.css
app.css has 3148 symbols
Searching through them all for /(^|[\s>+~])strong(\[[^\]]*\]|:{1,2}[\w-()]+|\.[\w-]+|#[\w-]+)*\s*/
Done
Parsing bootstrap.css
app.css has 3148 symbols
Searching through them all for /(^|[\s>+~])strong(\[[^\]]*\]|:{1,2}[\w-()]+|\.[\w-]+|#[\w-]+)*\s*/
Done
Parsing _d3.scss
_d3.scss has 72 symbols
Searching through them all for /(^|[\s>+~])strong(\[[^\]]*\]|:{1,2}[\w-()]+|\.[\w-]+|#[\w-]+)*\s*/
Done
Parsing _buttons.scss
_buttons.scss has 69 symbols
Searching through them all for /(^|[\s>+~])strong(\[[^\]]*\]|:{1,2}[\w-()]+|\.[\w-]+|#[\w-]+)*\s*/
Done
Parsing bootstrap.css
bootstrap.css has 2572 symbols
Searching through them all for /(^|[\s>+~])strong(\[[^\]]*\]|:{1,2}[\w-()]+|\.[\w-]+|#[\w-]+)*\s*/
Done
Parsing _d3.scss
_d3.scss has 72 symbols
Searching through them all for /(^|[\s>+~])strong(\[[^\]]*\]|:{1,2}[\w-()]+|\.[\w-]+|#[\w-]+)*\s*/
Done
Parsing _reboot.scss
_reboot.scss has 100 symbols
Searching through them all for /(^|[\s>+~])strong(\[[^\]]*\]|:{1,2}[\w-()]+|\.[\w-]+|#[\w-]+)*\s*/
Done
Parsing _buttons.scss
_buttons.scss has 69 symbols
Searching through them all for /(^|[\s>+~])strong(\[[^\]]*\]|:{1,2}[\w-()]+|\.[\w-]+|#[\w-]+)*\s*/
Done
Parsing _buttons.scss
_buttons.scss has 69 symbols
Searching through them all for /(^|[\s>+~])strong(\[[^\]]*\]|:{1,2}[\w-()]+|\.[\w-]+|#[\w-]+)*\s*/
Done
Parsing dialog.css
bootstrap.css has 2572 symbols
Searching through them all for /(^|[\s>+~])strong(\[[^\]]*\]|:{1,2}[\w-()]+|\.[\w-]+|#[\w-]+)*\s*/
Done
Parsing _buttons.scss
dialog.css has 159 symbols
Searching through them all for /(^|[\s>+~])strong(\[[^\]]*\]|:{1,2}[\w-()]+|\.[\w-]+|#[\w-]+)*\s*/
Done
Parsing dialog_ie8.css
_buttons.scss has 69 symbols
Searching through them all for /(^|[\s>+~])strong(\[[^\]]*\]|:{1,2}[\w-()]+|\.[\w-]+|#[\w-]+)*\s*/
Done
Parsing _reboot.scss
_reboot.scss has 100 symbols
Searching through them all for /(^|[\s>+~])strong(\[[^\]]*\]|:{1,2}[\w-()]+|\.[\w-]+|#[\w-]+)*\s*/
Done
Parsing dialog.css
dialog_ie8.css has 161 symbols
Searching through them all for /(^|[\s>+~])strong(\[[^\]]*\]|:{1,2}[\w-()]+|\.[\w-]+|#[\w-]+)*\s*/
Done
Parsing dialog_ie7.css
dialog_ie7.css has 172 symbols
Searching through them all for /(^|[\s>+~])strong(\[[^\]]*\]|:{1,2}[\w-()]+|\.[\w-]+|#[\w-]+)*\s*/
Done
Parsing dialog_ie.css
dialog.css has 159 symbols
Searching through them all for /(^|[\s>+~])strong(\[[^\]]*\]|:{1,2}[\w-()]+|\.[\w-]+|#[\w-]+)*\s*/
Done
Parsing dialog_ie8.css
dialog_ie.css has 173 symbols
Searching through them all for /(^|[\s>+~])strong(\[[^\]]*\]|:{1,2}[\w-()]+|\.[\w-]+|#[\w-]+)*\s*/
Done
Parsing dialog_iequirks.css
dialog_iequirks.css has 158 symbols
Searching through them all for /(^|[\s>+~])strong(\[[^\]]*\]|:{1,2}[\w-()]+|\.[\w-]+|#[\w-]+)*\s*/
Done
Parsing dialog.scss
dialog_ie8.css has 161 symbols
Searching through them all for /(^|[\s>+~])strong(\[[^\]]*\]|:{1,2}[\w-()]+|\.[\w-]+|#[\w-]+)*\s*/
Done
Parsing dialog_iequirks.css
dialog_iequirks.css has 158 symbols
Searching through them all for /(^|[\s>+~])strong(\[[^\]]*\]|:{1,2}[\w-()]+|\.[\w-]+|#[\w-]+)*\s*/
Done
Parsing dialog_ie.css
dialog.scss has 155 symbols
Searching through them all for /(^|[\s>+~])strong(\[[^\]]*\]|:{1,2}[\w-()]+|\.[\w-]+|#[\w-]+)*\s*/
Done
Parsing dialog_opera.css
dialog_ie.css has 173 symbols
Searching through them all for /(^|[\s>+~])strong(\[[^\]]*\]|:{1,2}[\w-()]+|\.[\w-]+|#[\w-]+)*\s*/
Done
Parsing dialog_ie7.css
dialog_opera.css has 160 symbols
Searching through them all for /(^|[\s>+~])strong(\[[^\]]*\]|:{1,2}[\w-()]+|\.[\w-]+|#[\w-]+)*\s*/
Done
Parsing dialog_opera.css
dialog_ie7.css has 172 symbols
Searching through them all for /(^|[\s>+~])strong(\[[^\]]*\]|:{1,2}[\w-()]+|\.[\w-]+|#[\w-]+)*\s*/
Done
Parsing dialog.scss
dialog_opera.css has 160 symbols
Searching through them all for /(^|[\s>+~])strong(\[[^\]]*\]|:{1,2}[\w-()]+|\.[\w-]+|#[\w-]+)*\s*/
Done
Parsing dialog_iequirks.css
dialog.scss has 155 symbols
Searching through them all for /(^|[\s>+~])strong(\[[^\]]*\]|:{1,2}[\w-()]+|\.[\w-]+|#[\w-]+)*\s*/
Done
Parsing dialog_opera.css
dialog_iequirks.css has 158 symbols
Searching through them all for /(^|[\s>+~])strong(\[[^\]]*\]|:{1,2}[\w-()]+|\.[\w-]+|#[\w-]+)*\s*/
Done
Parsing dialog_ie.css
dialog_ie.css has 173 symbols
Searching through them all for /(^|[\s>+~])strong(\[[^\]]*\]|:{1,2}[\w-()]+|\.[\w-]+|#[\w-]+)*\s*/
Done
Parsing dialog_ie7.css
dialog_opera.css has 160 symbols
Searching through them all for /(^|[\s>+~])strong(\[[^\]]*\]|:{1,2}[\w-()]+|\.[\w-]+|#[\w-]+)*\s*/
Done
Parsing dialog_ie7.css
dialog_ie7.css has 172 symbols
Searching through them all for /(^|[\s>+~])strong(\[[^\]]*\]|:{1,2}[\w-()]+|\.[\w-]+|#[\w-]+)*\s*/
Done
Parsing dialog_ie8.css
dialog_ie7.css has 172 symbols
Searching through them all for /(^|[\s>+~])strong(\[[^\]]*\]|:{1,2}[\w-()]+|\.[\w-]+|#[\w-]+)*\s*/
Done
Parsing dialog_opera.css
dialog_ie8.css has 161 symbols
Searching through them all for /(^|[\s>+~])strong(\[[^\]]*\]|:{1,2}[\w-()]+|\.[\w-]+|#[\w-]+)*\s*/
Done
Parsing dialog.css
dialog.css has 159 symbols
Searching through them all for /(^|[\s>+~])strong(\[[^\]]*\]|:{1,2}[\w-()]+|\.[\w-]+|#[\w-]+)*\s*/
Done
Parsing dialog.scss
dialog_opera.css has 160 symbols
Searching through them all for /(^|[\s>+~])strong(\[[^\]]*\]|:{1,2}[\w-()]+|\.[\w-]+|#[\w-]+)*\s*/
Done
Parsing dialog_iequirks.css
dialog.scss has 155 symbols
Searching through them all for /(^|[\s>+~])strong(\[[^\]]*\]|:{1,2}[\w-()]+|\.[\w-]+|#[\w-]+)*\s*/
Done
POUR</strong 572
  script 54 60
  script 113 119
  script 122 128
  script 181 187
  table 191 196
  tbody 250 255
  tr 266 268
  td 283 285
  strong 287 293
  strong 300 306
  td 343 345
  td 360 362
  strong 364 370
dialog_iequirks.css has 158 symbols
  strong 392 398
Searching through them all for /(^|[\s>+~])strong(\[[^\]]*\]|:{1,2}[\w-()]+|\.[\w-]+|#[\w-]+)*\s*/
  td 419 421
Done
  td 436 438
Parsing dialog_ie.css
  strong 440 446
  strong 456 462
  td 499 501
  tr 513 515
  tr 526 528
  td 543 545
  strong 547 553
  strong 578 584
  td 642 644
  td 659 661
  strong 663 669
  strong 689 695
  td 714 716
  td 731 733
  strong 735 741
  strong 748 754
  td 891 893
  tr 905 907
  tbody 916 921
  table 925 930
  table 935 940
  thead 1081 1086
  tr 1097 1099
  th 1114 1116
  th 1133 1135
  th 1150 1152
  th 1175 1177
  th 1192 1194
dialog_ie.css has 173 symbols
  br 1211 1213
Searching through them all for /(^|[\s>+~])strong(\[[^\]]*\]|:{1,2}[\w-()]+|\.[\w-]+|#[\w-]+)*\s*/
  th 1220 1222
Done
  th 1237 1239
Parsing dialog_ie8.css
  br 1256 1258
  th 1265 1267
  th 1282 1284
  br 1305 1307
  th 1314 1316
  th 1331 1333
  br 1360 1362
  th 1365 1367
  th 1452 1454
  br 1474 1476
  sup 1486 1489
  sup 1493 1496
  th 1509 1511
  th 1526 1528
  sup 1543 1546
  sup 1551 1554
  br 1557 1559
  th 1572 1574
  th 1589 1591
  sup 1606 1609
  sup 1613 1616
  br 1619 1621
  th 1634 1636
  th 1651 1653
  br 1678 1680
  sup 1684 1687
  sup 1692 1695
  sup 1701 1704
  sup 1708 1711
  sup 1717 1720
  sup 1724 1727
  th 1730 1732
  th 1747 1749
  th 1771 1773
  th 1813 1815
  th 1841 1843
  th 1858 1860
  th 1890 1892
  th 1907 1909
  th 1933 1935
  tr 1947 1949
  thead 1957 1962
  tbody 1970 1975
  tr 2027 2029
  td 2048 2050
  td 2075 2077
  td 2096 2098
  td 2117 2119
  td 2241 2243
  td 2266 2268
  td 2291 2293
  td 2316 2318
  td 2341 2343
  td 2367 2369
  td 2392 2394
  td 2875 2877
  td 2995 2997
  td 3022 3024
  td 3052 3054
  td 3133 3135
  td 3163 3165
  td 3244 3246
  td 3274 3276
  td 3300 3302
  td 3330 3332
  td 3360 3362
  td 3486 3488
  td 3520 3522
  td 3545 3547
  td 4155 4157
  td 4180 4182
  td 4228 4230
  tr 4274 4276
  tr 4792 4794
  td 4809 4811
  strong 4844 4850
  strong 4879 4885
  td 4888 4890
  td 4905 4907
  strong 4939 4945
  strong 4964 4970
  td 4973 4975
  td 5021 5023
  strong 5037 5043
  td 5096 5098
  td 5142 5144
  strong 5158 5164
  td 5218 5220
  tr 5262 5264
  tbody 5272 5277
  table 5281 5286
  script 5339 5345
  script 6139 6145
Invalid Selector
strong 689
  script 54 60
  script 113 119
  script 122 128
  script 181 187
  table 191 196
  tbody 250 255
dialog_ie8.css has 161 symbols
  tr 266 268
Searching through them all for /(^|[\s>+~])strong(\[[^\]]*\]|:{1,2}[\w-()]+|\.[\w-]+|#[\w-]+)*\s*/
  td 283 285
Done
  strong 287 293
Parsing dialog.css
  strong 300 306
  td 343 345
  td 360 362
  strong 364 370
  strong 392 398
  td 419 421
  td 436 438
  strong 440 446
  strong 456 462
  td 499 501
  tr 513 515
  tr 526 528
  td 543 545
  strong 547 553
  strong 578 584
  td 642 644
  td 659 661
  strong 663 669
  strong 689 695
strong is a "html tag"
html.css has 163 symbols
Searching through them all for /(^|[\s>+~])strong(\[[^\]]*\]|:{1,2}[\w-()]+|\.[\w-]+|#[\w-]+)*\s*/
Done
app.css has 3148 symbols
Searching through them all for /(^|[\s>+~])strong(\[[^\]]*\]|:{1,2}[\w-()]+|\.[\w-]+|#[\w-]+)*\s*/
Done
bootstrap.css has 2572 symbols
Searching through them all for /(^|[\s>+~])strong(\[[^\]]*\]|:{1,2}[\w-()]+|\.[\w-]+|#[\w-]+)*\s*/
Done
_d3.scss has 72 symbols
Searching through them all for /(^|[\s>+~])strong(\[[^\]]*\]|:{1,2}[\w-()]+|\.[\w-]+|#[\w-]+)*\s*/
Done
_reboot.scss has 100 symbols
Searching through them all for /(^|[\s>+~])strong(\[[^\]]*\]|:{1,2}[\w-()]+|\.[\w-]+|#[\w-]+)*\s*/
Done
_buttons.scss has 69 symbols
Searching through them all for /(^|[\s>+~])strong(\[[^\]]*\]|:{1,2}[\w-()]+|\.[\w-]+|#[\w-]+)*\s*/
Done
_buttons.scss has 69 symbols
Searching through them all for /(^|[\s>+~])strong(\[[^\]]*\]|:{1,2}[\w-()]+|\.[\w-]+|#[\w-]+)*\s*/
Done
dialog.css has 159 symbols
Searching through them all for /(^|[\s>+~])strong(\[[^\]]*\]|:{1,2}[\w-()]+|\.[\w-]+|#[\w-]+)*\s*/
Done
dialog_ie8.css has 161 symbols
Searching through them all for /(^|[\s>+~])strong(\[[^\]]*\]|:{1,2}[\w-()]+|\.[\w-]+|#[\w-]+)*\s*/
Done
dialog_ie7.css has 172 symbols
Searching through them all for /(^|[\s>+~])strong(\[[^\]]*\]|:{1,2}[\w-()]+|\.[\w-]+|#[\w-]+)*\s*/
Done
dialog_ie.css has 173 symbols
Searching through them all for /(^|[\s>+~])strong(\[[^\]]*\]|:{1,2}[\w-()]+|\.[\w-]+|#[\w-]+)*\s*/
Done
dialog_iequirks.css has 158 symbols
Searching through them all for /(^|[\s>+~])strong(\[[^\]]*\]|:{1,2}[\w-()]+|\.[\w-]+|#[\w-]+)*\s*/
Done
dialog.scss has 155 symbols
Searching through them all for /(^|[\s>+~])strong(\[[^\]]*\]|:{1,2}[\w-()]+|\.[\w-]+|#[\w-]+)*\s*/
Done
dialog_opera.css has 160 symbols
Searching through them all for /(^|[\s>+~])strong(\[[^\]]*\]|:{1,2}[\w-()]+|\.[\w-]+|#[\w-]+)*\s*/
Done
dialog_opera.css has 160 symbols
Searching through them all for /(^|[\s>+~])strong(\[[^\]]*\]|:{1,2}[\w-()]+|\.[\w-]+|#[\w-]+)*\s*/
Done
dialog_iequirks.css has 158 symbols
Searching through them all for /(^|[\s>+~])strong(\[[^\]]*\]|:{1,2}[\w-()]+|\.[\w-]+|#[\w-]+)*\s*/
Done
dialog_ie.css has 173 symbols
Searching through them all for /(^|[\s>+~])strong(\[[^\]]*\]|:{1,2}[\w-()]+|\.[\w-]+|#[\w-]+)*\s*/
Done
dialog_ie7.css has 172 symbols
Searching through them all for /(^|[\s>+~])strong(\[[^\]]*\]|:{1,2}[\w-()]+|\.[\w-]+|#[\w-]+)*\s*/
Done
dialog_ie8.css has 161 symbols
Searching through them all for /(^|[\s>+~])strong(\[[^\]]*\]|:{1,2}[\w-()]+|\.[\w-]+|#[\w-]+)*\s*/
Done
dialog.css has 159 symbols
Searching through them all for /(^|[\s>+~])strong(\[[^\]]*\]|:{1,2}[\w-()]+|\.[\w-]+|#[\w-]+)*\s*/
Done
dialog.scss has 155 symbols
Searching through them all for /(^|[\s>+~])strong(\[[^\]]*\]|:{1,2}[\w-()]+|\.[\w-]+|#[\w-]+)*\s*/
Done
dialog.css has 159 symbols
Searching through them all for /(^|[\s>+~])strong(\[[^\]]*\]|:{1,2}[\w-()]+|\.[\w-]+|#[\w-]+)*\s*/
Done
Parsing dialog.scss
dialog.scss has 155 symbols
Searching through them all for /(^|[\s>+~])strong(\[[^\]]*\]|:{1,2}[\w-()]+|\.[\w-]+|#[\w-]+)*\s*/
Done
Parsing html.css
html.css has 163 symbols
Searching through them all for /(^|[\s>+~])strong(\[[^\]]*\]|:{1,2}[\w-()]+|\.[\w-]+|#[\w-]+)*\s*/
Done
POUR</strong 572
  script 54 60
  script 113 119
  script 122 128
  script 181 187
  table 191 196
  tbody 250 255
  tr 266 268
  td 283 285
  strong 287 293
  strong 300 306
  td 343 345
  td 360 362
  strong 364 370
  strong 392 398
  td 419 421
  td 436 438
  strong 440 446
  strong 456 462
  td 499 501
  tr 513 515
  tr 526 528
  td 543 545
  strong 547 553
  strong 578 584
  td 642 644
  td 659 661
  strong 663 669
  strong 689 695
  td 714 716
  td 731 733
  strong 735 741
  strong 748 754
  td 891 893
  tr 905 907
  tbody 916 921
  table 925 930
  table 935 940
  thead 1081 1086
  tr 1097 1099
  th 1114 1116
  th 1133 1135
  th 1150 1152
  th 1175 1177
  th 1192 1194
  br 1211 1213
  th 1220 1222
  th 1237 1239
  br 1256 1258
  th 1265 1267
  th 1282 1284
  br 1305 1307
  th 1314 1316
  th 1331 1333
  br 1360 1362
  th 1365 1367
  th 1452 1454
  br 1474 1476
  sup 1486 1489
  sup 1493 1496
  th 1509 1511
  th 1526 1528
  sup 1543 1546
  sup 1551 1554
  br 1557 1559
  th 1572 1574
  th 1589 1591
  sup 1606 1609
  sup 1613 1616
  br 1619 1621
  th 1634 1636
  th 1651 1653
  br 1678 1680
  sup 1684 1687
  sup 1692 1695
  sup 1701 1704
  sup 1708 1711
  sup 1717 1720
  sup 1724 1727
  th 1730 1732
  th 1747 1749
  th 1771 1773
  th 1813 1815
  th 1841 1843
  th 1858 1860
  th 1890 1892
  th 1907 1909
  th 1933 1935
  tr 1947 1949
  thead 1957 1962
  tbody 1970 1975
  tr 2027 2029
  td 2048 2050
  td 2075 2077
  td 2096 2098
  td 2117 2119
  td 2241 2243
  td 2266 2268
  td 2291 2293
  td 2316 2318
  td 2341 2343
  td 2367 2369
  td 2392 2394
  td 2875 2877
  td 2995 2997
  td 3022 3024
  td 3052 3054
  td 3133 3135
  td 3163 3165
  td 3244 3246
  td 3274 3276
  td 3300 3302
  td 3330 3332
  td 3360 3362
  td 3486 3488
  td 3520 3522
  td 3545 3547
  td 4155 4157
  td 4180 4182
  td 4228 4230
  tr 4274 4276
  tr 4792 4794
  td 4809 4811
  strong 4844 4850
  strong 4879 4885
  td 4888 4890
  td 4905 4907
  strong 4939 4945
  strong 4964 4970
  td 4973 4975
  td 5021 5023
  strong 5037 5043
  td 5096 5098
  td 5142 5144
  strong 5158 5164
  td 5218 5220
  tr 5262 5264
  tbody 5272 5277
  table 5281 5286
  script 5339 5345
  script 6139 6145
Invalid Selector
strong 689
  script 54 60
  script 113 119
  script 122 128
  script 181 187
  table 191 196
  tbody 250 255
  tr 266 268
  td 283 285
  strong 287 293
  strong 300 306
  td 343 345
  td 360 362
  strong 364 370
  strong 392 398
  td 419 421
  td 436 438
  strong 440 446
  strong 456 462
  td 499 501
  tr 513 515
  tr 526 528
  td 543 545
  strong 547 553
  strong 578 584
  td 642 644
  td 659 661
  strong 663 669
  strong 689 695
strong is a "html tag"
app.css has 3148 symbols
Searching through them all for /(^|[\s>+~])strong(\[[^\]]*\]|:{1,2}[\w-()]+|\.[\w-]+|#[\w-]+)*\s*/
Done
_d3.scss has 72 symbols
Searching through them all for /(^|[\s>+~])strong(\[[^\]]*\]|:{1,2}[\w-()]+|\.[\w-]+|#[\w-]+)*\s*/
Done
_buttons.scss has 69 symbols
Searching through them all for /(^|[\s>+~])strong(\[[^\]]*\]|:{1,2}[\w-()]+|\.[\w-]+|#[\w-]+)*\s*/
Done
bootstrap.css has 2572 symbols
Searching through them all for /(^|[\s>+~])strong(\[[^\]]*\]|:{1,2}[\w-()]+|\.[\w-]+|#[\w-]+)*\s*/
Done
_buttons.scss has 69 symbols
Searching through them all for /(^|[\s>+~])strong(\[[^\]]*\]|:{1,2}[\w-()]+|\.[\w-]+|#[\w-]+)*\s*/
Done
_reboot.scss has 100 symbols
Searching through them all for /(^|[\s>+~])strong(\[[^\]]*\]|:{1,2}[\w-()]+|\.[\w-]+|#[\w-]+)*\s*/
Done
dialog.css has 159 symbols
Searching through them all for /(^|[\s>+~])strong(\[[^\]]*\]|:{1,2}[\w-()]+|\.[\w-]+|#[\w-]+)*\s*/
Done
dialog_ie8.css has 161 symbols
Searching through them all for /(^|[\s>+~])strong(\[[^\]]*\]|:{1,2}[\w-()]+|\.[\w-]+|#[\w-]+)*\s*/
Done
dialog_iequirks.css has 158 symbols
Searching through them all for /(^|[\s>+~])strong(\[[^\]]*\]|:{1,2}[\w-()]+|\.[\w-]+|#[\w-]+)*\s*/
Done
dialog_ie.css has 173 symbols
Searching through them all for /(^|[\s>+~])strong(\[[^\]]*\]|:{1,2}[\w-()]+|\.[\w-]+|#[\w-]+)*\s*/
Done
dialog_ie7.css has 172 symbols
Searching through them all for /(^|[\s>+~])strong(\[[^\]]*\]|:{1,2}[\w-()]+|\.[\w-]+|#[\w-]+)*\s*/
Done
dialog.scss has 155 symbols
Searching through them all for /(^|[\s>+~])strong(\[[^\]]*\]|:{1,2}[\w-()]+|\.[\w-]+|#[\w-]+)*\s*/
Done
dialog_opera.css has 160 symbols
Searching through them all for /(^|[\s>+~])strong(\[[^\]]*\]|:{1,2}[\w-()]+|\.[\w-]+|#[\w-]+)*\s*/
Done
dialog_ie7.css has 172 symbols
Searching through them all for /(^|[\s>+~])strong(\[[^\]]*\]|:{1,2}[\w-()]+|\.[\w-]+|#[\w-]+)*\s*/
Done
dialog_opera.css has 160 symbols
Searching through them all for /(^|[\s>+~])strong(\[[^\]]*\]|:{1,2}[\w-()]+|\.[\w-]+|#[\w-]+)*\s*/
Done
dialog_iequirks.css has 158 symbols
Searching through them all for /(^|[\s>+~])strong(\[[^\]]*\]|:{1,2}[\w-()]+|\.[\w-]+|#[\w-]+)*\s*/
Done
dialog_ie.css has 173 symbols
Searching through them all for /(^|[\s>+~])strong(\[[^\]]*\]|:{1,2}[\w-()]+|\.[\w-]+|#[\w-]+)*\s*/
Done
dialog_ie8.css has 161 symbols
Searching through them all for /(^|[\s>+~])strong(\[[^\]]*\]|:{1,2}[\w-()]+|\.[\w-]+|#[\w-]+)*\s*/
Done
dialog.css has 159 symbols
Searching through them all for /(^|[\s>+~])strong(\[[^\]]*\]|:{1,2}[\w-()]+|\.[\w-]+|#[\w-]+)*\s*/
Done
dialog.scss has 155 symbols
Searching through them all for /(^|[\s>+~])strong(\[[^\]]*\]|:{1,2}[\w-()]+|\.[\w-]+|#[\w-]+)*\s*/
Done
html.css has 163 symbols
Searching through them all for /(^|[\s>+~])strong(\[[^\]]*\]|:{1,2}[\w-()]+|\.[\w-]+|#[\w-]+)*\s*/
Done
strong>NUMÉRO 426
  script 54 60
  script 113 119
strong>NUMÉRO 426
  script 122 128
  script 54 60
  script 181 187
  script 113 119
  table 191 196
  script 122 128
  tbody 250 255
  script 181 187
  tr 266 268
  table 191 196
  td 283 285
  tbody 250 255
  strong 287 293
  tr 266 268
  strong 300 306
  td 283 285
  td 343 345
  strong 287 293
  td 422 424
  strong 300 306
  strong 426 432
  td 343 345
strong>NUMÉRO is a "html tag"
  td 422 424
html.css has 163 symbols
  strong 426 432
Searching through them all for /(^|[\s>+~])strong>NUMÉRO(\[[^\]]*\]|:{1,2}[\w-()]+|\.[\w-]+|#[\w-]+)*\s*/
strong>NUMÉRO is a "html tag"
Done
app.css has 3148 symbols
app.css has 3148 symbols
Searching through them all for /(^|[\s>+~])strong>NUMÉRO(\[[^\]]*\]|:{1,2}[\w-()]+|\.[\w-]+|#[\w-]+)*\s*/
Searching through them all for /(^|[\s>+~])strong>NUMÉRO(\[[^\]]*\]|:{1,2}[\w-()]+|\.[\w-]+|#[\w-]+)*\s*/
Done
Done
_d3.scss has 72 symbols
bootstrap.css has 2572 symbols
Searching through them all for /(^|[\s>+~])strong>NUMÉRO(\[[^\]]*\]|:{1,2}[\w-()]+|\.[\w-]+|#[\w-]+)*\s*/
Searching through them all for /(^|[\s>+~])strong>NUMÉRO(\[[^\]]*\]|:{1,2}[\w-()]+|\.[\w-]+|#[\w-]+)*\s*/
Done
Done
_buttons.scss has 69 symbols
_d3.scss has 72 symbols
Searching through them all for /(^|[\s>+~])strong>NUMÉRO(\[[^\]]*\]|:{1,2}[\w-()]+|\.[\w-]+|#[\w-]+)*\s*/
Searching through them all for /(^|[\s>+~])strong>NUMÉRO(\[[^\]]*\]|:{1,2}[\w-()]+|\.[\w-]+|#[\w-]+)*\s*/
Done
Done
bootstrap.css has 2572 symbols
_reboot.scss has 100 symbols
Searching through them all for /(^|[\s>+~])strong>NUMÉRO(\[[^\]]*\]|:{1,2}[\w-()]+|\.[\w-]+|#[\w-]+)*\s*/
Searching through them all for /(^|[\s>+~])strong>NUMÉRO(\[[^\]]*\]|:{1,2}[\w-()]+|\.[\w-]+|#[\w-]+)*\s*/
Done
Done
_buttons.scss has 69 symbols
Searching through them all for /(^|[\s>+~])strong>NUMÉRO(\[[^\]]*\]|:{1,2}[\w-()]+|\.[\w-]+|#[\w-]+)*\s*/
_buttons.scss has 69 symbols
Done
Searching through them all for /(^|[\s>+~])strong>NUMÉRO(\[[^\]]*\]|:{1,2}[\w-()]+|\.[\w-]+|#[\w-]+)*\s*/
Done
_reboot.scss has 100 symbols
Searching through them all for /(^|[\s>+~])strong>NUMÉRO(\[[^\]]*\]|:{1,2}[\w-()]+|\.[\w-]+|#[\w-]+)*\s*/
Done
_buttons.scss has 69 symbols
Searching through them all for /(^|[\s>+~])strong>NUMÉRO(\[[^\]]*\]|:{1,2}[\w-()]+|\.[\w-]+|#[\w-]+)*\s*/
dialog.css has 159 symbols
Done
Searching through them all for /(^|[\s>+~])strong>NUMÉRO(\[[^\]]*\]|:{1,2}[\w-()]+|\.[\w-]+|#[\w-]+)*\s*/
Done
dialog_ie8.css has 161 symbols
dialog.css has 159 symbols
Searching through them all for /(^|[\s>+~])strong>NUMÉRO(\[[^\]]*\]|:{1,2}[\w-()]+|\.[\w-]+|#[\w-]+)*\s*/
Searching through them all for /(^|[\s>+~])strong>NUMÉRO(\[[^\]]*\]|:{1,2}[\w-()]+|\.[\w-]+|#[\w-]+)*\s*/
Done
Done
dialog_iequirks.css has 158 symbols
dialog_ie8.css has 161 symbols
Searching through them all for /(^|[\s>+~])strong>NUMÉRO(\[[^\]]*\]|:{1,2}[\w-()]+|\.[\w-]+|#[\w-]+)*\s*/
Searching through them all for /(^|[\s>+~])strong>NUMÉRO(\[[^\]]*\]|:{1,2}[\w-()]+|\.[\w-]+|#[\w-]+)*\s*/
Done
Done
dialog_ie.css has 173 symbols
dialog_ie7.css has 172 symbols
Searching through them all for /(^|[\s>+~])strong>NUMÉRO(\[[^\]]*\]|:{1,2}[\w-()]+|\.[\w-]+|#[\w-]+)*\s*/
Searching through them all for /(^|[\s>+~])strong>NUMÉRO(\[[^\]]*\]|:{1,2}[\w-()]+|\.[\w-]+|#[\w-]+)*\s*/
Done
Done
dialog_ie7.css has 172 symbols
dialog_ie.css has 173 symbols
Searching through them all for /(^|[\s>+~])strong>NUMÉRO(\[[^\]]*\]|:{1,2}[\w-()]+|\.[\w-]+|#[\w-]+)*\s*/
Searching through them all for /(^|[\s>+~])strong>NUMÉRO(\[[^\]]*\]|:{1,2}[\w-()]+|\.[\w-]+|#[\w-]+)*\s*/
Done
Done
dialog.scss has 155 symbols
dialog_iequirks.css has 158 symbols
Searching through them all for /(^|[\s>+~])strong>NUMÉRO(\[[^\]]*\]|:{1,2}[\w-()]+|\.[\w-]+|#[\w-]+)*\s*/
Searching through them all for /(^|[\s>+~])strong>NUMÉRO(\[[^\]]*\]|:{1,2}[\w-()]+|\.[\w-]+|#[\w-]+)*\s*/
Done
Done
dialog_opera.css has 160 symbols
dialog.scss has 155 symbols
Searching through them all for /(^|[\s>+~])strong>NUMÉRO(\[[^\]]*\]|:{1,2}[\w-()]+|\.[\w-]+|#[\w-]+)*\s*/
Searching through them all for /(^|[\s>+~])strong>NUMÉRO(\[[^\]]*\]|:{1,2}[\w-()]+|\.[\w-]+|#[\w-]+)*\s*/
Done
Done
dialog_ie7.css has 172 symbols
dialog_opera.css has 160 symbols
Searching through them all for /(^|[\s>+~])strong>NUMÉRO(\[[^\]]*\]|:{1,2}[\w-()]+|\.[\w-]+|#[\w-]+)*\s*/
Searching through them all for /(^|[\s>+~])strong>NUMÉRO(\[[^\]]*\]|:{1,2}[\w-()]+|\.[\w-]+|#[\w-]+)*\s*/
Done
Done
dialog_opera.css has 160 symbols
dialog_opera.css has 160 symbols
Searching through them all for /(^|[\s>+~])strong>NUMÉRO(\[[^\]]*\]|:{1,2}[\w-()]+|\.[\w-]+|#[\w-]+)*\s*/
Searching through them all for /(^|[\s>+~])strong>NUMÉRO(\[[^\]]*\]|:{1,2}[\w-()]+|\.[\w-]+|#[\w-]+)*\s*/
Done
Done
dialog_iequirks.css has 158 symbols
dialog_iequirks.css has 158 symbols
Searching through them all for /(^|[\s>+~])strong>NUMÉRO(\[[^\]]*\]|:{1,2}[\w-()]+|\.[\w-]+|#[\w-]+)*\s*/
Searching through them all for /(^|[\s>+~])strong>NUMÉRO(\[[^\]]*\]|:{1,2}[\w-()]+|\.[\w-]+|#[\w-]+)*\s*/
Done
Done
dialog_ie.css has 173 symbols
dialog_ie.css has 173 symbols
Searching through them all for /(^|[\s>+~])strong>NUMÉRO(\[[^\]]*\]|:{1,2}[\w-()]+|\.[\w-]+|#[\w-]+)*\s*/
Searching through them all for /(^|[\s>+~])strong>NUMÉRO(\[[^\]]*\]|:{1,2}[\w-()]+|\.[\w-]+|#[\w-]+)*\s*/
Done
Done
dialog_ie8.css has 161 symbols
dialog_ie7.css has 172 symbols
Searching through them all for /(^|[\s>+~])strong>NUMÉRO(\[[^\]]*\]|:{1,2}[\w-()]+|\.[\w-]+|#[\w-]+)*\s*/
Searching through them all for /(^|[\s>+~])strong>NUMÉRO(\[[^\]]*\]|:{1,2}[\w-()]+|\.[\w-]+|#[\w-]+)*\s*/
Done
Done
dialog.css has 159 symbols
dialog_ie8.css has 161 symbols
Searching through them all for /(^|[\s>+~])strong>NUMÉRO(\[[^\]]*\]|:{1,2}[\w-()]+|\.[\w-]+|#[\w-]+)*\s*/
Searching through them all for /(^|[\s>+~])strong>NUMÉRO(\[[^\]]*\]|:{1,2}[\w-()]+|\.[\w-]+|#[\w-]+)*\s*/
Done
Done
dialog.scss has 155 symbols
dialog.css has 159 symbols
Searching through them all for /(^|[\s>+~])strong>NUMÉRO(\[[^\]]*\]|:{1,2}[\w-()]+|\.[\w-]+|#[\w-]+)*\s*/
Searching through them all for /(^|[\s>+~])strong>NUMÉRO(\[[^\]]*\]|:{1,2}[\w-()]+|\.[\w-]+|#[\w-]+)*\s*/
Done
Done
html.css has 163 symbols
dialog.scss has 155 symbols
Searching through them all for /(^|[\s>+~])strong>NUMÉRO(\[[^\]]*\]|:{1,2}[\w-()]+|\.[\w-]+|#[\w-]+)*\s*/
Searching through them all for /(^|[\s>+~])strong>NUMÉRO(\[[^\]]*\]|:{1,2}[\w-()]+|\.[\w-]+|#[\w-]+)*\s*/
Done
Done
td 605
td 605
  script 54 60
  script 54 60
  script 113 119
  script 113 119
  script 122 128
  script 122 128
  script 181 187
  script 181 187
  table 191 196
  table 191 196
  tbody 250 255
  tbody 250 255
  tr 266 268
  tr 266 268
  td 283 285
  td 283 285
  strong 287 293
  strong 287 293
  strong 300 306
  strong 300 306
  td 343 345
  td 343 345
  td 422 424
  td 422 424
  strong 426 432
  strong 426 432
  strong 454 460
  strong 454 460
  td 481 483
  td 481 483
  td 498 500
  td 498 500
  strong 502 508
  strong 502 508
  strong 518 524
  strong 518 524
  td 561 563
  td 561 563
  tr 575 577
  tr 575 577
  tr 588 590
  tr 588 590
  td 605 607
  td 605 607
td is a "html tag"
td is a "html tag"
html.css has 163 symbols
app.css has 3148 symbols
Searching through them all for /(^|[\s>+~])td(\[[^\]]*\]|:{1,2}[\w-()]+|\.[\w-]+|#[\w-]+)*\s*/
Searching through them all for /(^|[\s>+~])td(\[[^\]]*\]|:{1,2}[\w-()]+|\.[\w-]+|#[\w-]+)*\s*/
Done
Done
Parsing exception.css
Parsing components.min.css
exception.css has 214 symbols
Searching through them all for /(^|[\s>+~])td(\[[^\]]*\]|:{1,2}[\w-()]+|\.[\w-]+|#[\w-]+)*\s*/
Done
app.css has 3148 symbols
Searching through them all for /(^|[\s>+~])td(\[[^\]]*\]|:{1,2}[\w-()]+|\.[\w-]+|#[\w-]+)*\s*/
Done
Parsing components.min.css
components.min.css has 4339 symbols
Searching through them all for /(^|[\s>+~])td(\[[^\]]*\]|:{1,2}[\w-()]+|\.[\w-]+|#[\w-]+)*\s*/
Done
bootstrap.css has 2572 symbols
Searching through them all for /(^|[\s>+~])td(\[[^\]]*\]|:{1,2}[\w-()]+|\.[\w-]+|#[\w-]+)*\s*/
Done
Parsing my_print.css
my_print.css has 14 symbols
Searching through them all for /(^|[\s>+~])td(\[[^\]]*\]|:{1,2}[\w-()]+|\.[\w-]+|#[\w-]+)*\s*/
Done
Parsing bootstrap_limitless.css
components.min.css has 4339 symbols
Searching through them all for /(^|[\s>+~])td(\[[^\]]*\]|:{1,2}[\w-()]+|\.[\w-]+|#[\w-]+)*\s*/
Done
Parsing my_print.css
my_print.css has 14 symbols
Searching through them all for /(^|[\s>+~])td(\[[^\]]*\]|:{1,2}[\w-()]+|\.[\w-]+|#[\w-]+)*\s*/
Done
Parsing print_tabulation.css
print_tabulation.css has 7 symbols
Searching through them all for /(^|[\s>+~])td(\[[^\]]*\]|:{1,2}[\w-()]+|\.[\w-]+|#[\w-]+)*\s*/
Done
Parsing bootstrap_limitless.css
bootstrap_limitless.css has 1198 symbols
Searching through them all for /(^|[\s>+~])td(\[[^\]]*\]|:{1,2}[\w-()]+|\.[\w-]+|#[\w-]+)*\s*/
Done
Parsing bootstrap_limitless.min.css
bootstrap_limitless.css has 1198 symbols
Searching through them all for /(^|[\s>+~])td(\[[^\]]*\]|:{1,2}[\w-()]+|\.[\w-]+|#[\w-]+)*\s*/
Done
Parsing bootstrap.min.css
bootstrap_limitless.min.css has 1198 symbols
Searching through them all for /(^|[\s>+~])td(\[[^\]]*\]|:{1,2}[\w-()]+|\.[\w-]+|#[\w-]+)*\s*/
Done
Parsing receipt.css
receipt.css has 17 symbols
Searching through them all for /(^|[\s>+~])td(\[[^\]]*\]|:{1,2}[\w-()]+|\.[\w-]+|#[\w-]+)*\s*/
Done
Parsing print_tabulation.css
print_tabulation.css has 7 symbols
Searching through them all for /(^|[\s>+~])td(\[[^\]]*\]|:{1,2}[\w-()]+|\.[\w-]+|#[\w-]+)*\s*/
Done
Parsing bootstrap-datepicker.min.css
bootstrap-datepicker.min.css has 221 symbols
Searching through them all for /(^|[\s>+~])td(\[[^\]]*\]|:{1,2}[\w-()]+|\.[\w-]+|#[\w-]+)*\s*/
Done
Parsing _c3.scss
_c3.scss has 48 symbols
Searching through them all for /(^|[\s>+~])td(\[[^\]]*\]|:{1,2}[\w-()]+|\.[\w-]+|#[\w-]+)*\s*/
Done
Parsing _print.scss
_print.scss has 34 symbols
Searching through them all for /(^|[\s>+~])td(\[[^\]]*\]|:{1,2}[\w-()]+|\.[\w-]+|#[\w-]+)*\s*/
Done
_d3.scss has 72 symbols
Searching through them all for /(^|[\s>+~])td(\[[^\]]*\]|:{1,2}[\w-()]+|\.[\w-]+|#[\w-]+)*\s*/
Done
Parsing bootstrap.min.css
bootstrap.min.css has 2572 symbols
Searching through them all for /(^|[\s>+~])td(\[[^\]]*\]|:{1,2}[\w-()]+|\.[\w-]+|#[\w-]+)*\s*/
Done
Parsing bootstrap_limitless.min.css
bootstrap_limitless.min.css has 1198 symbols
Searching through them all for /(^|[\s>+~])td(\[[^\]]*\]|:{1,2}[\w-()]+|\.[\w-]+|#[\w-]+)*\s*/
Done
Parsing receipt.css
receipt.css has 17 symbols
Searching through them all for /(^|[\s>+~])td(\[[^\]]*\]|:{1,2}[\w-()]+|\.[\w-]+|#[\w-]+)*\s*/
Done
Parsing _inbox.scss
_inbox.scss has 15 symbols
Searching through them all for /(^|[\s>+~])td(\[[^\]]*\]|:{1,2}[\w-()]+|\.[\w-]+|#[\w-]+)*\s*/
Done
Parsing _c3.scss
_c3.scss has 48 symbols
Searching through them all for /(^|[\s>+~])td(\[[^\]]*\]|:{1,2}[\w-()]+|\.[\w-]+|#[\w-]+)*\s*/
Done
_d3.scss has 72 symbols
Searching through them all for /(^|[\s>+~])td(\[[^\]]*\]|:{1,2}[\w-()]+|\.[\w-]+|#[\w-]+)*\s*/
Done
Parsing _alpaca.scss
bootstrap.min.css has 2572 symbols
Searching through them all for /(^|[\s>+~])td(\[[^\]]*\]|:{1,2}[\w-()]+|\.[\w-]+|#[\w-]+)*\s*/
Done
Parsing _tables.scss
_alpaca.scss has 65 symbols
Searching through them all for /(^|[\s>+~])td(\[[^\]]*\]|:{1,2}[\w-()]+|\.[\w-]+|#[\w-]+)*\s*/
Done
_tables.scss has 43 symbols
Parsing _date.scss
Searching through them all for /(^|[\s>+~])td(\[[^\]]*\]|:{1,2}[\w-()]+|\.[\w-]+|#[\w-]+)*\s*/
Done
_reboot.scss has 100 symbols
Searching through them all for /(^|[\s>+~])td(\[[^\]]*\]|:{1,2}[\w-()]+|\.[\w-]+|#[\w-]+)*\s*/
Done
Parsing _table-row.scss
_table-row.scss has 10 symbols
Searching through them all for /(^|[\s>+~])td(\[[^\]]*\]|:{1,2}[\w-()]+|\.[\w-]+|#[\w-]+)*\s*/
Done
Parsing _inbox.scss
_inbox.scss has 15 symbols
Searching through them all for /(^|[\s>+~])td(\[[^\]]*\]|:{1,2}[\w-()]+|\.[\w-]+|#[\w-]+)*\s*/
Done
Parsing components.css
_date.scss has 49 symbols
Searching through them all for /(^|[\s>+~])td(\[[^\]]*\]|:{1,2}[\w-()]+|\.[\w-]+|#[\w-]+)*\s*/
Done
Parsing _alpaca.scss
_alpaca.scss has 64 symbols
Searching through them all for /(^|[\s>+~])td(\[[^\]]*\]|:{1,2}[\w-()]+|\.[\w-]+|#[\w-]+)*\s*/
Done
Parsing _daterange.scss
_daterange.scss has 87 symbols
Searching through them all for /(^|[\s>+~])td(\[[^\]]*\]|:{1,2}[\w-()]+|\.[\w-]+|#[\w-]+)*\s*/
Done
Parsing _daterange.scss
_daterange.scss has 86 symbols
Searching through them all for /(^|[\s>+~])td(\[[^\]]*\]|:{1,2}[\w-()]+|\.[\w-]+|#[\w-]+)*\s*/
Done
Parsing _fullcalendar.scss
_fullcalendar.scss has 285 symbols
Searching through them all for /(^|[\s>+~])td(\[[^\]]*\]|:{1,2}[\w-()]+|\.[\w-]+|#[\w-]+)*\s*/
Done
Parsing _fancytree.scss
_fancytree.scss has 100 symbols
Searching through them all for /(^|[\s>+~])td(\[[^\]]*\]|:{1,2}[\w-()]+|\.[\w-]+|#[\w-]+)*\s*/
Done
Parsing _fancytree.scss
_fancytree.scss has 100 symbols
Searching through them all for /(^|[\s>+~])td(\[[^\]]*\]|:{1,2}[\w-()]+|\.[\w-]+|#[\w-]+)*\s*/
Done
Parsing _fullcalendar.scss
_fullcalendar.scss has 285 symbols
Searching through them all for /(^|[\s>+~])td(\[[^\]]*\]|:{1,2}[\w-()]+|\.[\w-]+|#[\w-]+)*\s*/
Done
Parsing _widgets.scss
_widgets.scss has 251 symbols
Searching through them all for /(^|[\s>+~])td(\[[^\]]*\]|:{1,2}[\w-()]+|\.[\w-]+|#[\w-]+)*\s*/
Done
Parsing _footable.scss
_footable.scss has 17 symbols
Searching through them all for /(^|[\s>+~])td(\[[^\]]*\]|:{1,2}[\w-()]+|\.[\w-]+|#[\w-]+)*\s*/
Done
Parsing _handsontable.scss
_handsontable.scss has 342 symbols
Searching through them all for /(^|[\s>+~])td(\[[^\]]*\]|:{1,2}[\w-()]+|\.[\w-]+|#[\w-]+)*\s*/
Done
Parsing _footable.scss
_footable.scss has 17 symbols
Searching through them all for /(^|[\s>+~])td(\[[^\]]*\]|:{1,2}[\w-()]+|\.[\w-]+|#[\w-]+)*\s*/
Done
Parsing _widgets.scss
_widgets.scss has 281 symbols
Searching through them all for /(^|[\s>+~])td(\[[^\]]*\]|:{1,2}[\w-()]+|\.[\w-]+|#[\w-]+)*\s*/
Done
Parsing _handsontable.scss
_handsontable.scss has 342 symbols
Searching through them all for /(^|[\s>+~])td(\[[^\]]*\]|:{1,2}[\w-()]+|\.[\w-]+|#[\w-]+)*\s*/
Done
Parsing _datatable-columns-reorder.scss
_datatable-columns-reorder.scss has 4 symbols
Searching through them all for /(^|[\s>+~])td(\[[^\]]*\]|:{1,2}[\w-()]+|\.[\w-]+|#[\w-]+)*\s*/
Done
Parsing _datatables.scss
_datatables.scss has 132 symbols
Searching through them all for /(^|[\s>+~])td(\[[^\]]*\]|:{1,2}[\w-()]+|\.[\w-]+|#[\w-]+)*\s*/
Done
Parsing _datatable-responsive.scss
_datatable-responsive.scss has 31 symbols
Searching through them all for /(^|[\s>+~])td(\[[^\]]*\]|:{1,2}[\w-()]+|\.[\w-]+|#[\w-]+)*\s*/
Done
Parsing _datatable-rows-reorder.scss
_datatable-rows-reorder.scss has 4 symbols
Searching through them all for /(^|[\s>+~])td(\[[^\]]*\]|:{1,2}[\w-()]+|\.[\w-]+|#[\w-]+)*\s*/
Done
Parsing _datatable-scroller.scss
_datatable-scroller.scss has 8 symbols
Searching through them all for /(^|[\s>+~])td(\[[^\]]*\]|:{1,2}[\w-()]+|\.[\w-]+|#[\w-]+)*\s*/
Done
Parsing _datatable-rows-reorder.scss
_datatable-rows-reorder.scss has 4 symbols
Searching through them all for /(^|[\s>+~])td(\[[^\]]*\]|:{1,2}[\w-()]+|\.[\w-]+|#[\w-]+)*\s*/
Done
Parsing _datatable-columns-reorder.scss
_datatable-columns-reorder.scss has 4 symbols
Searching through them all for /(^|[\s>+~])td(\[[^\]]*\]|:{1,2}[\w-()]+|\.[\w-]+|#[\w-]+)*\s*/
Done
Parsing _datatable-fixed-columns.scss
_datatable-fixed-columns.scss has 21 symbols
Searching through them all for /(^|[\s>+~])td(\[[^\]]*\]|:{1,2}[\w-()]+|\.[\w-]+|#[\w-]+)*\s*/
Done
_buttons.scss has 69 symbols
Searching through them all for /(^|[\s>+~])td(\[[^\]]*\]|:{1,2}[\w-()]+|\.[\w-]+|#[\w-]+)*\s*/
Done
Parsing _datatable-keytable.scss
_datatable-keytable.scss has 8 symbols
Searching through them all for /(^|[\s>+~])td(\[[^\]]*\]|:{1,2}[\w-()]+|\.[\w-]+|#[\w-]+)*\s*/
Done
Parsing _datatable-responsive.scss
_datatable-responsive.scss has 31 symbols
Searching through them all for /(^|[\s>+~])td(\[[^\]]*\]|:{1,2}[\w-()]+|\.[\w-]+|#[\w-]+)*\s*/
Done
Parsing _datatable-scroller.scss
_datatable-scroller.scss has 8 symbols
Searching through them all for /(^|[\s>+~])td(\[[^\]]*\]|:{1,2}[\w-()]+|\.[\w-]+|#[\w-]+)*\s*/
Done
Parsing _datatable-fixed-columns.scss
_datatable-fixed-columns.scss has 21 symbols
Searching through them all for /(^|[\s>+~])td(\[[^\]]*\]|:{1,2}[\w-()]+|\.[\w-]+|#[\w-]+)*\s*/
Done
Parsing _datatable-keytable.scss
_datatable-keytable.scss has 8 symbols
Searching through them all for /(^|[\s>+~])td(\[[^\]]*\]|:{1,2}[\w-()]+|\.[\w-]+|#[\w-]+)*\s*/
Done
Parsing _datatables.scss
_datatables.scss has 133 symbols
Searching through them all for /(^|[\s>+~])td(\[[^\]]*\]|:{1,2}[\w-()]+|\.[\w-]+|#[\w-]+)*\s*/
Done
Parsing bootstrap-datepicker.min.css
bootstrap-datepicker.min.css has 221 symbols
Searching through them all for /(^|[\s>+~])td(\[[^\]]*\]|:{1,2}[\w-()]+|\.[\w-]+|#[\w-]+)*\s*/
Done
bootstrap.css has 2572 symbols
Searching through them all for /(^|[\s>+~])td(\[[^\]]*\]|:{1,2}[\w-()]+|\.[\w-]+|#[\w-]+)*\s*/
Done
Parsing components.css
components.css has 4341 symbols
Searching through them all for /(^|[\s>+~])td(\[[^\]]*\]|:{1,2}[\w-()]+|\.[\w-]+|#[\w-]+)*\s*/
Done
_buttons.scss has 69 symbols
Searching through them all for /(^|[\s>+~])td(\[[^\]]*\]|:{1,2}[\w-()]+|\.[\w-]+|#[\w-]+)*\s*/
Done
Parsing _handsontable.scss
_handsontable.scss has 342 symbols
Searching through them all for /(^|[\s>+~])td(\[[^\]]*\]|:{1,2}[\w-()]+|\.[\w-]+|#[\w-]+)*\s*/
Done
Parsing _fancytree.scss
_fancytree.scss has 100 symbols
Searching through them all for /(^|[\s>+~])td(\[[^\]]*\]|:{1,2}[\w-()]+|\.[\w-]+|#[\w-]+)*\s*/
Done
Parsing _tables.scss
_tables.scss has 136 symbols
Searching through them all for /(^|[\s>+~])td(\[[^\]]*\]|:{1,2}[\w-()]+|\.[\w-]+|#[\w-]+)*\s*/
Done
Parsing _footable.scss
_footable.scss has 17 symbols
Searching through them all for /(^|[\s>+~])td(\[[^\]]*\]|:{1,2}[\w-()]+|\.[\w-]+|#[\w-]+)*\s*/
Done
Parsing _fullcalendar.scss
_fullcalendar.scss has 285 symbols
Searching through them all for /(^|[\s>+~])td(\[[^\]]*\]|:{1,2}[\w-()]+|\.[\w-]+|#[\w-]+)*\s*/
Done
Parsing _datatable-rows-reorder.scss
_datatable-rows-reorder.scss has 4 symbols
Searching through them all for /(^|[\s>+~])td(\[[^\]]*\]|:{1,2}[\w-()]+|\.[\w-]+|#[\w-]+)*\s*/
Done
Parsing _datatable-responsive.scss
_datatable-responsive.scss has 31 symbols
Searching through them all for /(^|[\s>+~])td(\[[^\]]*\]|:{1,2}[\w-()]+|\.[\w-]+|#[\w-]+)*\s*/
Done
Parsing _datatable-columns-reorder.scss
_datatable-columns-reorder.scss has 4 symbols
Searching through them all for /(^|[\s>+~])td(\[[^\]]*\]|:{1,2}[\w-()]+|\.[\w-]+|#[\w-]+)*\s*/
Done
Parsing _datatables.scss
_datatables.scss has 132 symbols
Searching through them all for /(^|[\s>+~])td(\[[^\]]*\]|:{1,2}[\w-()]+|\.[\w-]+|#[\w-]+)*\s*/
Done
Parsing _alpaca.scss
_alpaca.scss has 64 symbols
Searching through them all for /(^|[\s>+~])td(\[[^\]]*\]|:{1,2}[\w-()]+|\.[\w-]+|#[\w-]+)*\s*/
Done
_buttons.scss has 69 symbols
Searching through them all for /(^|[\s>+~])td(\[[^\]]*\]|:{1,2}[\w-()]+|\.[\w-]+|#[\w-]+)*\s*/
Done
Parsing _datatable-keytable.scss
_datatable-keytable.scss has 8 symbols
Searching through them all for /(^|[\s>+~])td(\[[^\]]*\]|:{1,2}[\w-()]+|\.[\w-]+|#[\w-]+)*\s*/
Done
Parsing _datatable-fixed-columns.scss
_datatable-fixed-columns.scss has 21 symbols
Searching through them all for /(^|[\s>+~])td(\[[^\]]*\]|:{1,2}[\w-()]+|\.[\w-]+|#[\w-]+)*\s*/
Done
Parsing _datatable-scroller.scss
_datatable-scroller.scss has 8 symbols
Searching through them all for /(^|[\s>+~])td(\[[^\]]*\]|:{1,2}[\w-()]+|\.[\w-]+|#[\w-]+)*\s*/
Done
Parsing _handsontable.scss
_handsontable.scss has 342 symbols
Searching through them all for /(^|[\s>+~])td(\[[^\]]*\]|:{1,2}[\w-()]+|\.[\w-]+|#[\w-]+)*\s*/
Done
Parsing _alpaca.scss
_alpaca.scss has 65 symbols
Searching through them all for /(^|[\s>+~])td(\[[^\]]*\]|:{1,2}[\w-()]+|\.[\w-]+|#[\w-]+)*\s*/
Done
Parsing _daterange.scss
_daterange.scss has 86 symbols
Searching through them all for /(^|[\s>+~])td(\[[^\]]*\]|:{1,2}[\w-()]+|\.[\w-]+|#[\w-]+)*\s*/
Done
Parsing _footable.scss
_footable.scss has 17 symbols
Searching through them all for /(^|[\s>+~])td(\[[^\]]*\]|:{1,2}[\w-()]+|\.[\w-]+|#[\w-]+)*\s*/
Done
Parsing _widgets.scss
_widgets.scss has 251 symbols
Searching through them all for /(^|[\s>+~])td(\[[^\]]*\]|:{1,2}[\w-()]+|\.[\w-]+|#[\w-]+)*\s*/
Done
Parsing _widgets.scss
_widgets.scss has 281 symbols
Searching through them all for /(^|[\s>+~])td(\[[^\]]*\]|:{1,2}[\w-()]+|\.[\w-]+|#[\w-]+)*\s*/
Done
Parsing _datatable-rows-reorder.scss
_datatable-rows-reorder.scss has 4 symbols
Searching through them all for /(^|[\s>+~])td(\[[^\]]*\]|:{1,2}[\w-()]+|\.[\w-]+|#[\w-]+)*\s*/
Done
Parsing _datatable-responsive.scss
_datatable-responsive.scss has 31 symbols
Searching through them all for /(^|[\s>+~])td(\[[^\]]*\]|:{1,2}[\w-()]+|\.[\w-]+|#[\w-]+)*\s*/
Done
Parsing _datatable-columns-reorder.scss
_datatable-columns-reorder.scss has 4 symbols
Searching through them all for /(^|[\s>+~])td(\[[^\]]*\]|:{1,2}[\w-()]+|\.[\w-]+|#[\w-]+)*\s*/
Done
Parsing _datatables.scss
_datatables.scss has 133 symbols
Searching through them all for /(^|[\s>+~])td(\[[^\]]*\]|:{1,2}[\w-()]+|\.[\w-]+|#[\w-]+)*\s*/
Done
Parsing _datatable-fixed-columns.scss
_datatable-fixed-columns.scss has 21 symbols
Searching through them all for /(^|[\s>+~])td(\[[^\]]*\]|:{1,2}[\w-()]+|\.[\w-]+|#[\w-]+)*\s*/
Done
Parsing _date.scss
_date.scss has 49 symbols
Searching through them all for /(^|[\s>+~])td(\[[^\]]*\]|:{1,2}[\w-()]+|\.[\w-]+|#[\w-]+)*\s*/
Done
Parsing _daterange.scss
_daterange.scss has 87 symbols
Searching through them all for /(^|[\s>+~])td(\[[^\]]*\]|:{1,2}[\w-()]+|\.[\w-]+|#[\w-]+)*\s*/
Done
Parsing _datatable-scroller.scss
_datatable-scroller.scss has 8 symbols
Searching through them all for /(^|[\s>+~])td(\[[^\]]*\]|:{1,2}[\w-()]+|\.[\w-]+|#[\w-]+)*\s*/
Done
Parsing _datatable-keytable.scss
_datatable-keytable.scss has 8 symbols
Searching through them all for /(^|[\s>+~])td(\[[^\]]*\]|:{1,2}[\w-()]+|\.[\w-]+|#[\w-]+)*\s*/
Done
Parsing _date.scss
_date.scss has 49 symbols
Searching through them all for /(^|[\s>+~])td(\[[^\]]*\]|:{1,2}[\w-()]+|\.[\w-]+|#[\w-]+)*\s*/
Done
Parsing _tables.scss
_tables.scss has 136 symbols
Searching through them all for /(^|[\s>+~])td(\[[^\]]*\]|:{1,2}[\w-()]+|\.[\w-]+|#[\w-]+)*\s*/
Done
Parsing _fancytree.scss
_fancytree.scss has 100 symbols
Searching through them all for /(^|[\s>+~])td(\[[^\]]*\]|:{1,2}[\w-()]+|\.[\w-]+|#[\w-]+)*\s*/
Done
Parsing _fullcalendar.scss
_fullcalendar.scss has 285 symbols
Searching through them all for /(^|[\s>+~])td(\[[^\]]*\]|:{1,2}[\w-()]+|\.[\w-]+|#[\w-]+)*\s*/
Done
dialog.css has 159 symbols
Searching through them all for /(^|[\s>+~])td(\[[^\]]*\]|:{1,2}[\w-()]+|\.[\w-]+|#[\w-]+)*\s*/
Done
dialog_ie8.css has 161 symbols
Searching through them all for /(^|[\s>+~])td(\[[^\]]*\]|:{1,2}[\w-()]+|\.[\w-]+|#[\w-]+)*\s*/
Done
dialog_ie7.css has 172 symbols
Searching through them all for /(^|[\s>+~])td(\[[^\]]*\]|:{1,2}[\w-()]+|\.[\w-]+|#[\w-]+)*\s*/
Done
dialog_ie.css has 173 symbols
Searching through them all for /(^|[\s>+~])td(\[[^\]]*\]|:{1,2}[\w-()]+|\.[\w-]+|#[\w-]+)*\s*/
Done
dialog_iequirks.css has 158 symbols
Searching through them all for /(^|[\s>+~])td(\[[^\]]*\]|:{1,2}[\w-()]+|\.[\w-]+|#[\w-]+)*\s*/
Done
dialog.scss has 155 symbols
Searching through them all for /(^|[\s>+~])td(\[[^\]]*\]|:{1,2}[\w-()]+|\.[\w-]+|#[\w-]+)*\s*/
Done
Parsing dialog_opera.scss
dialog_opera.scss has 3 symbols
Searching through them all for /(^|[\s>+~])td(\[[^\]]*\]|:{1,2}[\w-()]+|\.[\w-]+|#[\w-]+)*\s*/
Done
dialog_opera.css has 160 symbols
Searching through them all for /(^|[\s>+~])td(\[[^\]]*\]|:{1,2}[\w-()]+|\.[\w-]+|#[\w-]+)*\s*/
Done
dialog_opera.css has 160 symbols
Searching through them all for /(^|[\s>+~])td(\[[^\]]*\]|:{1,2}[\w-()]+|\.[\w-]+|#[\w-]+)*\s*/
Done
dialog_iequirks.css has 158 symbols
Searching through them all for /(^|[\s>+~])td(\[[^\]]*\]|:{1,2}[\w-()]+|\.[\w-]+|#[\w-]+)*\s*/
Done
dialog_ie.css has 173 symbols
Searching through them all for /(^|[\s>+~])td(\[[^\]]*\]|:{1,2}[\w-()]+|\.[\w-]+|#[\w-]+)*\s*/
Done
dialog_ie7.css has 172 symbols
Searching through them all for /(^|[\s>+~])td(\[[^\]]*\]|:{1,2}[\w-()]+|\.[\w-]+|#[\w-]+)*\s*/
Done
dialog_ie8.css has 161 symbols
Searching through them all for /(^|[\s>+~])td(\[[^\]]*\]|:{1,2}[\w-()]+|\.[\w-]+|#[\w-]+)*\s*/
Done
Parsing _colorpanel.scss
_colorpanel.scss has 20 symbols
Searching through them all for /(^|[\s>+~])td(\[[^\]]*\]|:{1,2}[\w-()]+|\.[\w-]+|#[\w-]+)*\s*/
Done
dialog.css has 159 symbols
Searching through them all for /(^|[\s>+~])td(\[[^\]]*\]|:{1,2}[\w-()]+|\.[\w-]+|#[\w-]+)*\s*/
Done
dialog.scss has 155 symbols
Searching through them all for /(^|[\s>+~])td(\[[^\]]*\]|:{1,2}[\w-()]+|\.[\w-]+|#[\w-]+)*\s*/
Done
Parsing dialog_opera.scss
dialog_opera.scss has 3 symbols
Searching through them all for /(^|[\s>+~])td(\[[^\]]*\]|:{1,2}[\w-()]+|\.[\w-]+|#[\w-]+)*\s*/
Done
Parsing _colorpanel.scss
_colorpanel.scss has 20 symbols
Searching through them all for /(^|[\s>+~])td(\[[^\]]*\]|:{1,2}[\w-()]+|\.[\w-]+|#[\w-]+)*\s*/
Done
Parsing wsc.css
wsc.css has 18 symbols
Searching through them all for /(^|[\s>+~])td(\[[^\]]*\]|:{1,2}[\w-()]+|\.[\w-]+|#[\w-]+)*\s*/
Done
Parsing default.css
default.css has 45 symbols
Searching through them all for /(^|[\s>+~])td(\[[^\]]*\]|:{1,2}[\w-()]+|\.[\w-]+|#[\w-]+)*\s*/
Done
Parsing whoops.base.css
whoops.base.css has 120 symbols
components.css has 4341 symbols
Searching through them all for /(^|[\s>+~])td(\[[^\]]*\]|:{1,2}[\w-()]+|\.[\w-]+|#[\w-]+)*\s*/
Searching through them all for /(^|[\s>+~])td(\[[^\]]*\]|:{1,2}[\w-()]+|\.[\w-]+|#[\w-]+)*\s*/
Done
Parsing style.css
Done
style.css has 50 symbols
Parsing _tables.scss
Searching through them all for /(^|[\s>+~])td(\[[^\]]*\]|:{1,2}[\w-()]+|\.[\w-]+|#[\w-]+)*\s*/
Done
Parsing bootstrap.min.css
_tables.scss has 136 symbols
Searching through them all for /(^|[\s>+~])td(\[[^\]]*\]|:{1,2}[\w-()]+|\.[\w-]+|#[\w-]+)*\s*/
Done
_buttons.scss has 69 symbols
Searching through them all for /(^|[\s>+~])td(\[[^\]]*\]|:{1,2}[\w-()]+|\.[\w-]+|#[\w-]+)*\s*/
Done
Parsing _print.scss
_print.scss has 34 symbols
Searching through them all for /(^|[\s>+~])td(\[[^\]]*\]|:{1,2}[\w-()]+|\.[\w-]+|#[\w-]+)*\s*/
Done
Parsing _tables.scss
_tables.scss has 43 symbols
Searching through them all for /(^|[\s>+~])td(\[[^\]]*\]|:{1,2}[\w-()]+|\.[\w-]+|#[\w-]+)*\s*/
Done
Parsing _tables.scss
_tables.scss has 136 symbols
Searching through them all for /(^|[\s>+~])td(\[[^\]]*\]|:{1,2}[\w-()]+|\.[\w-]+|#[\w-]+)*\s*/
Done
_reboot.scss has 100 symbols
Searching through them all for /(^|[\s>+~])td(\[[^\]]*\]|:{1,2}[\w-()]+|\.[\w-]+|#[\w-]+)*\s*/
Done
Parsing _table-row.scss
_table-row.scss has 10 symbols
Searching through them all for /(^|[\s>+~])td(\[[^\]]*\]|:{1,2}[\w-()]+|\.[\w-]+|#[\w-]+)*\s*/
Done
Parsing _date.scss
_date.scss has 49 symbols
Searching through them all for /(^|[\s>+~])td(\[[^\]]*\]|:{1,2}[\w-()]+|\.[\w-]+|#[\w-]+)*\s*/
Done
dialog.css has 159 symbols
Searching through them all for /(^|[\s>+~])td(\[[^\]]*\]|:{1,2}[\w-()]+|\.[\w-]+|#[\w-]+)*\s*/
Done
dialog_ie8.css has 161 symbols
Searching through them all for /(^|[\s>+~])td(\[[^\]]*\]|:{1,2}[\w-()]+|\.[\w-]+|#[\w-]+)*\s*/
Done
dialog_iequirks.css has 158 symbols
Searching through them all for /(^|[\s>+~])td(\[[^\]]*\]|:{1,2}[\w-()]+|\.[\w-]+|#[\w-]+)*\s*/
Done
dialog_ie.css has 173 symbols
Searching through them all for /(^|[\s>+~])td(\[[^\]]*\]|:{1,2}[\w-()]+|\.[\w-]+|#[\w-]+)*\s*/
Done
dialog_ie7.css has 172 symbols
Searching through them all for /(^|[\s>+~])td(\[[^\]]*\]|:{1,2}[\w-()]+|\.[\w-]+|#[\w-]+)*\s*/
Done
dialog.scss has 155 symbols
Searching through them all for /(^|[\s>+~])td(\[[^\]]*\]|:{1,2}[\w-()]+|\.[\w-]+|#[\w-]+)*\s*/
Done
dialog_opera.css has 160 symbols
Searching through them all for /(^|[\s>+~])td(\[[^\]]*\]|:{1,2}[\w-()]+|\.[\w-]+|#[\w-]+)*\s*/
Done
Parsing _colorpanel.scss
_colorpanel.scss has 20 symbols
Searching through them all for /(^|[\s>+~])td(\[[^\]]*\]|:{1,2}[\w-()]+|\.[\w-]+|#[\w-]+)*\s*/
Done
Parsing dialog_opera.scss
dialog_opera.scss has 3 symbols
Searching through them all for /(^|[\s>+~])td(\[[^\]]*\]|:{1,2}[\w-()]+|\.[\w-]+|#[\w-]+)*\s*/
Done
dialog_ie7.css has 172 symbols
Searching through them all for /(^|[\s>+~])td(\[[^\]]*\]|:{1,2}[\w-()]+|\.[\w-]+|#[\w-]+)*\s*/
Done
dialog_opera.css has 160 symbols
Searching through them all for /(^|[\s>+~])td(\[[^\]]*\]|:{1,2}[\w-()]+|\.[\w-]+|#[\w-]+)*\s*/
Done
Parsing dialog_opera.scss
dialog_opera.scss has 3 symbols
Searching through them all for /(^|[\s>+~])td(\[[^\]]*\]|:{1,2}[\w-()]+|\.[\w-]+|#[\w-]+)*\s*/
Done
dialog_iequirks.css has 158 symbols
Searching through them all for /(^|[\s>+~])td(\[[^\]]*\]|:{1,2}[\w-()]+|\.[\w-]+|#[\w-]+)*\s*/
Done
dialog_ie.css has 173 symbols
Searching through them all for /(^|[\s>+~])td(\[[^\]]*\]|:{1,2}[\w-()]+|\.[\w-]+|#[\w-]+)*\s*/
Done
dialog_ie8.css has 161 symbols
Searching through them all for /(^|[\s>+~])td(\[[^\]]*\]|:{1,2}[\w-()]+|\.[\w-]+|#[\w-]+)*\s*/
Done
Parsing wsc.css
wsc.css has 18 symbols
Searching through them all for /(^|[\s>+~])td(\[[^\]]*\]|:{1,2}[\w-()]+|\.[\w-]+|#[\w-]+)*\s*/
Done
dialog.css has 159 symbols
Searching through them all for /(^|[\s>+~])td(\[[^\]]*\]|:{1,2}[\w-()]+|\.[\w-]+|#[\w-]+)*\s*/
Done
dialog.scss has 155 symbols
Searching through them all for /(^|[\s>+~])td(\[[^\]]*\]|:{1,2}[\w-()]+|\.[\w-]+|#[\w-]+)*\s*/
Done
Parsing _colorpanel.scss
_colorpanel.scss has 20 symbols
Searching through them all for /(^|[\s>+~])td(\[[^\]]*\]|:{1,2}[\w-()]+|\.[\w-]+|#[\w-]+)*\s*/
Done
Parsing exception.css
exception.css has 214 symbols
Searching through them all for /(^|[\s>+~])td(\[[^\]]*\]|:{1,2}[\w-()]+|\.[\w-]+|#[\w-]+)*\s*/
Done
Parsing default.css
default.css has 45 symbols
Searching through them all for /(^|[\s>+~])td(\[[^\]]*\]|:{1,2}[\w-()]+|\.[\w-]+|#[\w-]+)*\s*/
Done
html.css has 163 symbols
Searching through them all for /(^|[\s>+~])td(\[[^\]]*\]|:{1,2}[\w-()]+|\.[\w-]+|#[\w-]+)*\s*/
Done
Parsing whoops.base.css
whoops.base.css has 120 symbols
Searching through them all for /(^|[\s>+~])td(\[[^\]]*\]|:{1,2}[\w-()]+|\.[\w-]+|#[\w-]+)*\s*/
Done
Parsing bootstrap.min.css
bootstrap.min.css has 3147 symbols
Searching through them all for /(^|[\s>+~])td(\[[^\]]*\]|:{1,2}[\w-()]+|\.[\w-]+|#[\w-]+)*\s*/
Done
Parsing nv.d3.min.css
nv.d3.min.css has 135 symbols
Searching through them all for /(^|[\s>+~])td(\[[^\]]*\]|:{1,2}[\w-()]+|\.[\w-]+|#[\w-]+)*\s*/
Done
bootstrap.min.css has 3147 symbols
Searching through them all for /(^|[\s>+~])td(\[[^\]]*\]|:{1,2}[\w-()]+|\.[\w-]+|#[\w-]+)*\s*/
Done
Parsing nv.d3.min.css
nv.d3.min.css has 135 symbols
Searching through them all for /(^|[\s>+~])td(\[[^\]]*\]|:{1,2}[\w-()]+|\.[\w-]+|#[\w-]+)*\s*/
Done
Parsing style.css
style.css has 50 symbols
Searching through them all for /(^|[\s>+~])td(\[[^\]]*\]|:{1,2}[\w-()]+|\.[\w-]+|#[\w-]+)*\s*/
Done
strong>ÂGE:</strong 809
  script 54 60
strong>ÂGE:</strong 809
  script 113 119
  script 54 60
  script 122 128
  script 113 119
  script 181 187
  script 122 128
  table 191 196
  script 181 187
  tbody 250 255
  table 191 196
  tr 266 268
  tbody 250 255
  td 283 285
  tr 266 268
  strong 287 293
  td 283 285
  strong 300 306
  strong 287 293
  td 343 345
  strong 300 306
  td 434 436
  td 343 345
  strong 438 444
  td 434 436
  strong 466 472
  strong 438 444
  td 493 495
  strong 466 472
  td 510 512
  td 493 495
  strong 514 520
  td 510 512
  strong 530 536
  strong 514 520
  td 573 575
  strong 530 536
  tr 587 589
  td 573 575
  tr 600 602
  tr 587 589
  td 617 619
  tr 600 602
  strong 621 627
  td 617 619
  strong 652 658
  strong 621 627
  td 716 718
  strong 652 658
  td 733 735
  td 716 718
  strong 737 743
  td 733 735
  strong 763 769
  strong 737 743
  td 788 790
  strong 763 769
  td 805 807
  td 788 790
  strong 809 815
  td 805 807
strong>ÂGE:</strong is a "html tag"
  strong 809 815
html.css has 163 symbols
strong>ÂGE:</strong is a "html tag"
Searching through them all for /(^|[\s>+~])strong>ÂGE:</strong(\[[^\]]*\]|:{1,2}[\w-()]+|\.[\w-]+|#[\w-]+)*\s*/
app.css has 3148 symbols
Done
Searching through them all for /(^|[\s>+~])strong>ÂGE:</strong(\[[^\]]*\]|:{1,2}[\w-()]+|\.[\w-]+|#[\w-]+)*\s*/
exception.css has 214 symbols
Done
Searching through them all for /(^|[\s>+~])strong>ÂGE:</strong(\[[^\]]*\]|:{1,2}[\w-()]+|\.[\w-]+|#[\w-]+)*\s*/
components.min.css has 4339 symbols
Done
Searching through them all for /(^|[\s>+~])strong>ÂGE:</strong(\[[^\]]*\]|:{1,2}[\w-()]+|\.[\w-]+|#[\w-]+)*\s*/
app.css has 3148 symbols
Done
Searching through them all for /(^|[\s>+~])strong>ÂGE:</strong(\[[^\]]*\]|:{1,2}[\w-()]+|\.[\w-]+|#[\w-]+)*\s*/
my_print.css has 14 symbols
Done
Searching through them all for /(^|[\s>+~])strong>ÂGE:</strong(\[[^\]]*\]|:{1,2}[\w-()]+|\.[\w-]+|#[\w-]+)*\s*/
components.min.css has 4339 symbols
Done
Searching through them all for /(^|[\s>+~])strong>ÂGE:</strong(\[[^\]]*\]|:{1,2}[\w-()]+|\.[\w-]+|#[\w-]+)*\s*/
print_tabulation.css has 7 symbols
Done
Searching through them all for /(^|[\s>+~])strong>ÂGE:</strong(\[[^\]]*\]|:{1,2}[\w-()]+|\.[\w-]+|#[\w-]+)*\s*/
bootstrap.css has 2572 symbols
Done
Searching through them all for /(^|[\s>+~])strong>ÂGE:</strong(\[[^\]]*\]|:{1,2}[\w-()]+|\.[\w-]+|#[\w-]+)*\s*/
bootstrap_limitless.css has 1198 symbols
Done
Searching through them all for /(^|[\s>+~])strong>ÂGE:</strong(\[[^\]]*\]|:{1,2}[\w-()]+|\.[\w-]+|#[\w-]+)*\s*/
my_print.css has 14 symbols
Done
Searching through them all for /(^|[\s>+~])strong>ÂGE:</strong(\[[^\]]*\]|:{1,2}[\w-()]+|\.[\w-]+|#[\w-]+)*\s*/
bootstrap.min.css has 2572 symbols
Done
Searching through them all for /(^|[\s>+~])strong>ÂGE:</strong(\[[^\]]*\]|:{1,2}[\w-()]+|\.[\w-]+|#[\w-]+)*\s*/
bootstrap_limitless.css has 1198 symbols
Done
Searching through them all for /(^|[\s>+~])strong>ÂGE:</strong(\[[^\]]*\]|:{1,2}[\w-()]+|\.[\w-]+|#[\w-]+)*\s*/
bootstrap_limitless.min.css has 1198 symbols
Done
Searching through them all for /(^|[\s>+~])strong>ÂGE:</strong(\[[^\]]*\]|:{1,2}[\w-()]+|\.[\w-]+|#[\w-]+)*\s*/
bootstrap_limitless.min.css has 1198 symbols
Done
Searching through them all for /(^|[\s>+~])strong>ÂGE:</strong(\[[^\]]*\]|:{1,2}[\w-()]+|\.[\w-]+|#[\w-]+)*\s*/
receipt.css has 17 symbols
Done
Searching through them all for /(^|[\s>+~])strong>ÂGE:</strong(\[[^\]]*\]|:{1,2}[\w-()]+|\.[\w-]+|#[\w-]+)*\s*/
receipt.css has 17 symbols
Done
Searching through them all for /(^|[\s>+~])strong>ÂGE:</strong(\[[^\]]*\]|:{1,2}[\w-()]+|\.[\w-]+|#[\w-]+)*\s*/
_inbox.scss has 15 symbols
Done
Searching through them all for /(^|[\s>+~])strong>ÂGE:</strong(\[[^\]]*\]|:{1,2}[\w-()]+|\.[\w-]+|#[\w-]+)*\s*/
print_tabulation.css has 7 symbols
Done
Searching through them all for /(^|[\s>+~])strong>ÂGE:</strong(\[[^\]]*\]|:{1,2}[\w-()]+|\.[\w-]+|#[\w-]+)*\s*/
_c3.scss has 48 symbols
Done
Searching through them all for /(^|[\s>+~])strong>ÂGE:</strong(\[[^\]]*\]|:{1,2}[\w-()]+|\.[\w-]+|#[\w-]+)*\s*/
bootstrap-datepicker.min.css has 221 symbols
Done
Searching through them all for /(^|[\s>+~])strong>ÂGE:</strong(\[[^\]]*\]|:{1,2}[\w-()]+|\.[\w-]+|#[\w-]+)*\s*/
_d3.scss has 72 symbols
Done
Searching through them all for /(^|[\s>+~])strong>ÂGE:</strong(\[[^\]]*\]|:{1,2}[\w-()]+|\.[\w-]+|#[\w-]+)*\s*/
_c3.scss has 48 symbols
Done
Searching through them all for /(^|[\s>+~])strong>ÂGE:</strong(\[[^\]]*\]|:{1,2}[\w-()]+|\.[\w-]+|#[\w-]+)*\s*/
_alpaca.scss has 65 symbols
Done
Searching through them all for /(^|[\s>+~])strong>ÂGE:</strong(\[[^\]]*\]|:{1,2}[\w-()]+|\.[\w-]+|#[\w-]+)*\s*/
_print.scss has 34 symbols
Done
Searching through them all for /(^|[\s>+~])strong>ÂGE:</strong(\[[^\]]*\]|:{1,2}[\w-()]+|\.[\w-]+|#[\w-]+)*\s*/
_date.scss has 49 symbols
Done
Searching through them all for /(^|[\s>+~])strong>ÂGE:</strong(\[[^\]]*\]|:{1,2}[\w-()]+|\.[\w-]+|#[\w-]+)*\s*/
_d3.scss has 72 symbols
Done
Searching through them all for /(^|[\s>+~])strong>ÂGE:</strong(\[[^\]]*\]|:{1,2}[\w-()]+|\.[\w-]+|#[\w-]+)*\s*/
_alpaca.scss has 64 symbols
Done
Searching through them all for /(^|[\s>+~])strong>ÂGE:</strong(\[[^\]]*\]|:{1,2}[\w-()]+|\.[\w-]+|#[\w-]+)*\s*/
bootstrap.min.css has 2572 symbols
Done
Searching through them all for /(^|[\s>+~])strong>ÂGE:</strong(\[[^\]]*\]|:{1,2}[\w-()]+|\.[\w-]+|#[\w-]+)*\s*/
_daterange.scss has 87 symbols
Done
Searching through them all for /(^|[\s>+~])strong>ÂGE:</strong(\[[^\]]*\]|:{1,2}[\w-()]+|\.[\w-]+|#[\w-]+)*\s*/
_tables.scss has 43 symbols
Done
Searching through them all for /(^|[\s>+~])strong>ÂGE:</strong(\[[^\]]*\]|:{1,2}[\w-()]+|\.[\w-]+|#[\w-]+)*\s*/
_daterange.scss has 86 symbols
Done
Searching through them all for /(^|[\s>+~])strong>ÂGE:</strong(\[[^\]]*\]|:{1,2}[\w-()]+|\.[\w-]+|#[\w-]+)*\s*/
_reboot.scss has 100 symbols
Done
Searching through them all for /(^|[\s>+~])strong>ÂGE:</strong(\[[^\]]*\]|:{1,2}[\w-()]+|\.[\w-]+|#[\w-]+)*\s*/
_fullcalendar.scss has 285 symbols
Done
Searching through them all for /(^|[\s>+~])strong>ÂGE:</strong(\[[^\]]*\]|:{1,2}[\w-()]+|\.[\w-]+|#[\w-]+)*\s*/
_table-row.scss has 10 symbols
Done
Searching through them all for /(^|[\s>+~])strong>ÂGE:</strong(\[[^\]]*\]|:{1,2}[\w-()]+|\.[\w-]+|#[\w-]+)*\s*/
_fancytree.scss has 100 symbols
Done
Searching through them all for /(^|[\s>+~])strong>ÂGE:</strong(\[[^\]]*\]|:{1,2}[\w-()]+|\.[\w-]+|#[\w-]+)*\s*/
_inbox.scss has 15 symbols
Done
Searching through them all for /(^|[\s>+~])strong>ÂGE:</strong(\[[^\]]*\]|:{1,2}[\w-()]+|\.[\w-]+|#[\w-]+)*\s*/
_fancytree.scss has 100 symbols
Done
Searching through them all for /(^|[\s>+~])strong>ÂGE:</strong(\[[^\]]*\]|:{1,2}[\w-()]+|\.[\w-]+|#[\w-]+)*\s*/
components.css has 4341 symbols
Done
Searching through them all for /(^|[\s>+~])strong>ÂGE:</strong(\[[^\]]*\]|:{1,2}[\w-()]+|\.[\w-]+|#[\w-]+)*\s*/
_fullcalendar.scss has 285 symbols
Done
Searching through them all for /(^|[\s>+~])strong>ÂGE:</strong(\[[^\]]*\]|:{1,2}[\w-()]+|\.[\w-]+|#[\w-]+)*\s*/
_buttons.scss has 69 symbols
Done
Searching through them all for /(^|[\s>+~])strong>ÂGE:</strong(\[[^\]]*\]|:{1,2}[\w-()]+|\.[\w-]+|#[\w-]+)*\s*/
_widgets.scss has 251 symbols
Done
Searching through them all for /(^|[\s>+~])strong>ÂGE:</strong(\[[^\]]*\]|:{1,2}[\w-()]+|\.[\w-]+|#[\w-]+)*\s*/
_handsontable.scss has 342 symbols
Done
Searching through them all for /(^|[\s>+~])strong>ÂGE:</strong(\[[^\]]*\]|:{1,2}[\w-()]+|\.[\w-]+|#[\w-]+)*\s*/
_footable.scss has 17 symbols
Done
Searching through them all for /(^|[\s>+~])strong>ÂGE:</strong(\[[^\]]*\]|:{1,2}[\w-()]+|\.[\w-]+|#[\w-]+)*\s*/
_fancytree.scss has 100 symbols
Done
Searching through them all for /(^|[\s>+~])strong>ÂGE:</strong(\[[^\]]*\]|:{1,2}[\w-()]+|\.[\w-]+|#[\w-]+)*\s*/
_handsontable.scss has 342 symbols
Done
Searching through them all for /(^|[\s>+~])strong>ÂGE:</strong(\[[^\]]*\]|:{1,2}[\w-()]+|\.[\w-]+|#[\w-]+)*\s*/
_tables.scss has 136 symbols
Done
Searching through them all for /(^|[\s>+~])strong>ÂGE:</strong(\[[^\]]*\]|:{1,2}[\w-()]+|\.[\w-]+|#[\w-]+)*\s*/
_footable.scss has 17 symbols
Done
Searching through them all for /(^|[\s>+~])strong>ÂGE:</strong(\[[^\]]*\]|:{1,2}[\w-()]+|\.[\w-]+|#[\w-]+)*\s*/
_footable.scss has 17 symbols
Done
Searching through them all for /(^|[\s>+~])strong>ÂGE:</strong(\[[^\]]*\]|:{1,2}[\w-()]+|\.[\w-]+|#[\w-]+)*\s*/
_widgets.scss has 281 symbols
Done
Searching through them all for /(^|[\s>+~])strong>ÂGE:</strong(\[[^\]]*\]|:{1,2}[\w-()]+|\.[\w-]+|#[\w-]+)*\s*/
_fullcalendar.scss has 285 symbols
Done
Searching through them all for /(^|[\s>+~])strong>ÂGE:</strong(\[[^\]]*\]|:{1,2}[\w-()]+|\.[\w-]+|#[\w-]+)*\s*/
_handsontable.scss has 342 symbols
Done
Searching through them all for /(^|[\s>+~])strong>ÂGE:</strong(\[[^\]]*\]|:{1,2}[\w-()]+|\.[\w-]+|#[\w-]+)*\s*/
_datatable-rows-reorder.scss has 4 symbols
Done
Searching through them all for /(^|[\s>+~])strong>ÂGE:</strong(\[[^\]]*\]|:{1,2}[\w-()]+|\.[\w-]+|#[\w-]+)*\s*/
_datatable-columns-reorder.scss has 4 symbols
Done
Searching through them all for /(^|[\s>+~])strong>ÂGE:</strong(\[[^\]]*\]|:{1,2}[\w-()]+|\.[\w-]+|#[\w-]+)*\s*/
_datatable-responsive.scss has 31 symbols
Done
Searching through them all for /(^|[\s>+~])strong>ÂGE:</strong(\[[^\]]*\]|:{1,2}[\w-()]+|\.[\w-]+|#[\w-]+)*\s*/
_datatables.scss has 132 symbols
Done
Searching through them all for /(^|[\s>+~])strong>ÂGE:</strong(\[[^\]]*\]|:{1,2}[\w-()]+|\.[\w-]+|#[\w-]+)*\s*/
_datatable-columns-reorder.scss has 4 symbols
Done
Searching through them all for /(^|[\s>+~])strong>ÂGE:</strong(\[[^\]]*\]|:{1,2}[\w-()]+|\.[\w-]+|#[\w-]+)*\s*/
_datatable-responsive.scss has 31 symbols
Done
Searching through them all for /(^|[\s>+~])strong>ÂGE:</strong(\[[^\]]*\]|:{1,2}[\w-()]+|\.[\w-]+|#[\w-]+)*\s*/
_datatables.scss has 132 symbols
Done
Searching through them all for /(^|[\s>+~])strong>ÂGE:</strong(\[[^\]]*\]|:{1,2}[\w-()]+|\.[\w-]+|#[\w-]+)*\s*/
_datatable-rows-reorder.scss has 4 symbols
Done
Searching through them all for /(^|[\s>+~])strong>ÂGE:</strong(\[[^\]]*\]|:{1,2}[\w-()]+|\.[\w-]+|#[\w-]+)*\s*/
_alpaca.scss has 64 symbols
Done
Searching through them all for /(^|[\s>+~])strong>ÂGE:</strong(\[[^\]]*\]|:{1,2}[\w-()]+|\.[\w-]+|#[\w-]+)*\s*/
_datatable-scroller.scss has 8 symbols
Done
Searching through them all for /(^|[\s>+~])strong>ÂGE:</strong(\[[^\]]*\]|:{1,2}[\w-()]+|\.[\w-]+|#[\w-]+)*\s*/
_buttons.scss has 69 symbols
Done
Searching through them all for /(^|[\s>+~])strong>ÂGE:</strong(\[[^\]]*\]|:{1,2}[\w-()]+|\.[\w-]+|#[\w-]+)*\s*/
_datatable-rows-reorder.scss has 4 symbols
Done
Searching through them all for /(^|[\s>+~])strong>ÂGE:</strong(\[[^\]]*\]|:{1,2}[\w-()]+|\.[\w-]+|#[\w-]+)*\s*/
_datatable-keytable.scss has 8 symbols
Done
Searching through them all for /(^|[\s>+~])strong>ÂGE:</strong(\[[^\]]*\]|:{1,2}[\w-()]+|\.[\w-]+|#[\w-]+)*\s*/
_datatable-columns-reorder.scss has 4 symbols
Done
Searching through them all for /(^|[\s>+~])strong>ÂGE:</strong(\[[^\]]*\]|:{1,2}[\w-()]+|\.[\w-]+|#[\w-]+)*\s*/
_datatable-fixed-columns.scss has 21 symbols
Done
Searching through them all for /(^|[\s>+~])strong>ÂGE:</strong(\[[^\]]*\]|:{1,2}[\w-()]+|\.[\w-]+|#[\w-]+)*\s*/
_datatable-fixed-columns.scss has 21 symbols
Done
Searching through them all for /(^|[\s>+~])strong>ÂGE:</strong(\[[^\]]*\]|:{1,2}[\w-()]+|\.[\w-]+|#[\w-]+)*\s*/
_datatable-scroller.scss has 8 symbols
Done
Searching through them all for /(^|[\s>+~])strong>ÂGE:</strong(\[[^\]]*\]|:{1,2}[\w-()]+|\.[\w-]+|#[\w-]+)*\s*/
_buttons.scss has 69 symbols
Done
Searching through them all for /(^|[\s>+~])strong>ÂGE:</strong(\[[^\]]*\]|:{1,2}[\w-()]+|\.[\w-]+|#[\w-]+)*\s*/
_handsontable.scss has 342 symbols
Done
Searching through them all for /(^|[\s>+~])strong>ÂGE:</strong(\[[^\]]*\]|:{1,2}[\w-()]+|\.[\w-]+|#[\w-]+)*\s*/
_datatable-keytable.scss has 8 symbols
Done
Searching through them all for /(^|[\s>+~])strong>ÂGE:</strong(\[[^\]]*\]|:{1,2}[\w-()]+|\.[\w-]+|#[\w-]+)*\s*/
_alpaca.scss has 65 symbols
Done
Searching through them all for /(^|[\s>+~])strong>ÂGE:</strong(\[[^\]]*\]|:{1,2}[\w-()]+|\.[\w-]+|#[\w-]+)*\s*/
_datatable-responsive.scss has 31 symbols
Done
Searching through them all for /(^|[\s>+~])strong>ÂGE:</strong(\[[^\]]*\]|:{1,2}[\w-()]+|\.[\w-]+|#[\w-]+)*\s*/
_daterange.scss has 86 symbols
Done
Searching through them all for /(^|[\s>+~])strong>ÂGE:</strong(\[[^\]]*\]|:{1,2}[\w-()]+|\.[\w-]+|#[\w-]+)*\s*/
_datatable-scroller.scss has 8 symbols
Done
Searching through them all for /(^|[\s>+~])strong>ÂGE:</strong(\[[^\]]*\]|:{1,2}[\w-()]+|\.[\w-]+|#[\w-]+)*\s*/
_footable.scss has 17 symbols
Done
Searching through them all for /(^|[\s>+~])strong>ÂGE:</strong(\[[^\]]*\]|:{1,2}[\w-()]+|\.[\w-]+|#[\w-]+)*\s*/
_datatable-fixed-columns.scss has 21 symbols
Done
Searching through them all for /(^|[\s>+~])strong>ÂGE:</strong(\[[^\]]*\]|:{1,2}[\w-()]+|\.[\w-]+|#[\w-]+)*\s*/
_widgets.scss has 251 symbols
Done
Searching through them all for /(^|[\s>+~])strong>ÂGE:</strong(\[[^\]]*\]|:{1,2}[\w-()]+|\.[\w-]+|#[\w-]+)*\s*/
_datatable-keytable.scss has 8 symbols
Done
Searching through them all for /(^|[\s>+~])strong>ÂGE:</strong(\[[^\]]*\]|:{1,2}[\w-()]+|\.[\w-]+|#[\w-]+)*\s*/
_widgets.scss has 281 symbols
Done
Searching through them all for /(^|[\s>+~])strong>ÂGE:</strong(\[[^\]]*\]|:{1,2}[\w-()]+|\.[\w-]+|#[\w-]+)*\s*/
_datatables.scss has 133 symbols
Done
Searching through them all for /(^|[\s>+~])strong>ÂGE:</strong(\[[^\]]*\]|:{1,2}[\w-()]+|\.[\w-]+|#[\w-]+)*\s*/
_datatable-rows-reorder.scss has 4 symbols
Done
Searching through them all for /(^|[\s>+~])strong>ÂGE:</strong(\[[^\]]*\]|:{1,2}[\w-()]+|\.[\w-]+|#[\w-]+)*\s*/
bootstrap-datepicker.min.css has 221 symbols
Done
Searching through them all for /(^|[\s>+~])strong>ÂGE:</strong(\[[^\]]*\]|:{1,2}[\w-()]+|\.[\w-]+|#[\w-]+)*\s*/
_datatable-responsive.scss has 31 symbols
Done
Searching through them all for /(^|[\s>+~])strong>ÂGE:</strong(\[[^\]]*\]|:{1,2}[\w-()]+|\.[\w-]+|#[\w-]+)*\s*/
bootstrap.css has 2572 symbols
Done
Searching through them all for /(^|[\s>+~])strong>ÂGE:</strong(\[[^\]]*\]|:{1,2}[\w-()]+|\.[\w-]+|#[\w-]+)*\s*/
_datatable-columns-reorder.scss has 4 symbols
Done
Searching through them all for /(^|[\s>+~])strong>ÂGE:</strong(\[[^\]]*\]|:{1,2}[\w-()]+|\.[\w-]+|#[\w-]+)*\s*/
components.css has 4341 symbols
Done
Searching through them all for /(^|[\s>+~])strong>ÂGE:</strong(\[[^\]]*\]|:{1,2}[\w-()]+|\.[\w-]+|#[\w-]+)*\s*/
_datatables.scss has 133 symbols
Done
Searching through them all for /(^|[\s>+~])strong>ÂGE:</strong(\[[^\]]*\]|:{1,2}[\w-()]+|\.[\w-]+|#[\w-]+)*\s*/
_tables.scss has 136 symbols
Done
Searching through them all for /(^|[\s>+~])strong>ÂGE:</strong(\[[^\]]*\]|:{1,2}[\w-()]+|\.[\w-]+|#[\w-]+)*\s*/
_datatable-fixed-columns.scss has 21 symbols
Done
Searching through them all for /(^|[\s>+~])strong>ÂGE:</strong(\[[^\]]*\]|:{1,2}[\w-()]+|\.[\w-]+|#[\w-]+)*\s*/
_buttons.scss has 69 symbols
Done
Searching through them all for /(^|[\s>+~])strong>ÂGE:</strong(\[[^\]]*\]|:{1,2}[\w-()]+|\.[\w-]+|#[\w-]+)*\s*/
_date.scss has 49 symbols
Done
Searching through them all for /(^|[\s>+~])strong>ÂGE:</strong(\[[^\]]*\]|:{1,2}[\w-()]+|\.[\w-]+|#[\w-]+)*\s*/
_print.scss has 34 symbols
Done
Searching through them all for /(^|[\s>+~])strong>ÂGE:</strong(\[[^\]]*\]|:{1,2}[\w-()]+|\.[\w-]+|#[\w-]+)*\s*/
_daterange.scss has 87 symbols
Done
Searching through them all for /(^|[\s>+~])strong>ÂGE:</strong(\[[^\]]*\]|:{1,2}[\w-()]+|\.[\w-]+|#[\w-]+)*\s*/
_tables.scss has 43 symbols
Done
Searching through them all for /(^|[\s>+~])strong>ÂGE:</strong(\[[^\]]*\]|:{1,2}[\w-()]+|\.[\w-]+|#[\w-]+)*\s*/
_datatable-scroller.scss has 8 symbols
Done
Searching through them all for /(^|[\s>+~])strong>ÂGE:</strong(\[[^\]]*\]|:{1,2}[\w-()]+|\.[\w-]+|#[\w-]+)*\s*/
_tables.scss has 136 symbols
Done
Searching through them all for /(^|[\s>+~])strong>ÂGE:</strong(\[[^\]]*\]|:{1,2}[\w-()]+|\.[\w-]+|#[\w-]+)*\s*/
_datatable-keytable.scss has 8 symbols
Done
Searching through them all for /(^|[\s>+~])strong>ÂGE:</strong(\[[^\]]*\]|:{1,2}[\w-()]+|\.[\w-]+|#[\w-]+)*\s*/
_reboot.scss has 100 symbols
Done
Searching through them all for /(^|[\s>+~])strong>ÂGE:</strong(\[[^\]]*\]|:{1,2}[\w-()]+|\.[\w-]+|#[\w-]+)*\s*/
_date.scss has 49 symbols
Done
Searching through them all for /(^|[\s>+~])strong>ÂGE:</strong(\[[^\]]*\]|:{1,2}[\w-()]+|\.[\w-]+|#[\w-]+)*\s*/
_table-row.scss has 10 symbols
Done
Searching through them all for /(^|[\s>+~])strong>ÂGE:</strong(\[[^\]]*\]|:{1,2}[\w-()]+|\.[\w-]+|#[\w-]+)*\s*/
_tables.scss has 136 symbols
Done
Searching through them all for /(^|[\s>+~])strong>ÂGE:</strong(\[[^\]]*\]|:{1,2}[\w-()]+|\.[\w-]+|#[\w-]+)*\s*/
_date.scss has 49 symbols
Done
Searching through them all for /(^|[\s>+~])strong>ÂGE:</strong(\[[^\]]*\]|:{1,2}[\w-()]+|\.[\w-]+|#[\w-]+)*\s*/
_fancytree.scss has 100 symbols
Done
Searching through them all for /(^|[\s>+~])strong>ÂGE:</strong(\[[^\]]*\]|:{1,2}[\w-()]+|\.[\w-]+|#[\w-]+)*\s*/
dialog.css has 159 symbols
Done
Searching through them all for /(^|[\s>+~])strong>ÂGE:</strong(\[[^\]]*\]|:{1,2}[\w-()]+|\.[\w-]+|#[\w-]+)*\s*/
_fullcalendar.scss has 285 symbols
Done
Searching through them all for /(^|[\s>+~])strong>ÂGE:</strong(\[[^\]]*\]|:{1,2}[\w-()]+|\.[\w-]+|#[\w-]+)*\s*/
dialog_ie8.css has 161 symbols
Done
Searching through them all for /(^|[\s>+~])strong>ÂGE:</strong(\[[^\]]*\]|:{1,2}[\w-()]+|\.[\w-]+|#[\w-]+)*\s*/
dialog.css has 159 symbols
Done
Searching through them all for /(^|[\s>+~])strong>ÂGE:</strong(\[[^\]]*\]|:{1,2}[\w-()]+|\.[\w-]+|#[\w-]+)*\s*/
dialog_iequirks.css has 158 symbols
Done
Searching through them all for /(^|[\s>+~])strong>ÂGE:</strong(\[[^\]]*\]|:{1,2}[\w-()]+|\.[\w-]+|#[\w-]+)*\s*/
dialog_ie8.css has 161 symbols
Done
Searching through them all for /(^|[\s>+~])strong>ÂGE:</strong(\[[^\]]*\]|:{1,2}[\w-()]+|\.[\w-]+|#[\w-]+)*\s*/
dialog_ie.css has 173 symbols
Done
Searching through them all for /(^|[\s>+~])strong>ÂGE:</strong(\[[^\]]*\]|:{1,2}[\w-()]+|\.[\w-]+|#[\w-]+)*\s*/
dialog_ie7.css has 172 symbols
Done
Searching through them all for /(^|[\s>+~])strong>ÂGE:</strong(\[[^\]]*\]|:{1,2}[\w-()]+|\.[\w-]+|#[\w-]+)*\s*/
dialog_ie7.css has 172 symbols
Done
Searching through them all for /(^|[\s>+~])strong>ÂGE:</strong(\[[^\]]*\]|:{1,2}[\w-()]+|\.[\w-]+|#[\w-]+)*\s*/
dialog_ie.css has 173 symbols
Done
Searching through them all for /(^|[\s>+~])strong>ÂGE:</strong(\[[^\]]*\]|:{1,2}[\w-()]+|\.[\w-]+|#[\w-]+)*\s*/
dialog.scss has 155 symbols
Done
Searching through them all for /(^|[\s>+~])strong>ÂGE:</strong(\[[^\]]*\]|:{1,2}[\w-()]+|\.[\w-]+|#[\w-]+)*\s*/
dialog_iequirks.css has 158 symbols
Done
Searching through them all for /(^|[\s>+~])strong>ÂGE:</strong(\[[^\]]*\]|:{1,2}[\w-()]+|\.[\w-]+|#[\w-]+)*\s*/
dialog_opera.css has 160 symbols
Done
Searching through them all for /(^|[\s>+~])strong>ÂGE:</strong(\[[^\]]*\]|:{1,2}[\w-()]+|\.[\w-]+|#[\w-]+)*\s*/
dialog.scss has 155 symbols
Done
Searching through them all for /(^|[\s>+~])strong>ÂGE:</strong(\[[^\]]*\]|:{1,2}[\w-()]+|\.[\w-]+|#[\w-]+)*\s*/
_colorpanel.scss has 20 symbols
Done
Searching through them all for /(^|[\s>+~])strong>ÂGE:</strong(\[[^\]]*\]|:{1,2}[\w-()]+|\.[\w-]+|#[\w-]+)*\s*/
dialog_opera.scss has 3 symbols
Done
Searching through them all for /(^|[\s>+~])strong>ÂGE:</strong(\[[^\]]*\]|:{1,2}[\w-()]+|\.[\w-]+|#[\w-]+)*\s*/
dialog_opera.scss has 3 symbols
Done
Searching through them all for /(^|[\s>+~])strong>ÂGE:</strong(\[[^\]]*\]|:{1,2}[\w-()]+|\.[\w-]+|#[\w-]+)*\s*/
dialog_opera.css has 160 symbols
Done
Searching through them all for /(^|[\s>+~])strong>ÂGE:</strong(\[[^\]]*\]|:{1,2}[\w-()]+|\.[\w-]+|#[\w-]+)*\s*/
dialog_ie7.css has 172 symbols
Done
Searching through them all for /(^|[\s>+~])strong>ÂGE:</strong(\[[^\]]*\]|:{1,2}[\w-()]+|\.[\w-]+|#[\w-]+)*\s*/
dialog_opera.css has 160 symbols
Done
Searching through them all for /(^|[\s>+~])strong>ÂGE:</strong(\[[^\]]*\]|:{1,2}[\w-()]+|\.[\w-]+|#[\w-]+)*\s*/
dialog_opera.css has 160 symbols
Done
Searching through them all for /(^|[\s>+~])strong>ÂGE:</strong(\[[^\]]*\]|:{1,2}[\w-()]+|\.[\w-]+|#[\w-]+)*\s*/
dialog_iequirks.css has 158 symbols
Done
Searching through them all for /(^|[\s>+~])strong>ÂGE:</strong(\[[^\]]*\]|:{1,2}[\w-()]+|\.[\w-]+|#[\w-]+)*\s*/
dialog_opera.scss has 3 symbols
Done
Searching through them all for /(^|[\s>+~])strong>ÂGE:</strong(\[[^\]]*\]|:{1,2}[\w-()]+|\.[\w-]+|#[\w-]+)*\s*/
dialog_ie.css has 173 symbols
Done
Searching through them all for /(^|[\s>+~])strong>ÂGE:</strong(\[[^\]]*\]|:{1,2}[\w-()]+|\.[\w-]+|#[\w-]+)*\s*/
dialog_iequirks.css has 158 symbols
Done
Searching through them all for /(^|[\s>+~])strong>ÂGE:</strong(\[[^\]]*\]|:{1,2}[\w-()]+|\.[\w-]+|#[\w-]+)*\s*/
dialog_ie7.css has 172 symbols
Done
Searching through them all for /(^|[\s>+~])strong>ÂGE:</strong(\[[^\]]*\]|:{1,2}[\w-()]+|\.[\w-]+|#[\w-]+)*\s*/
dialog_ie.css has 173 symbols
Done
Searching through them all for /(^|[\s>+~])strong>ÂGE:</strong(\[[^\]]*\]|:{1,2}[\w-()]+|\.[\w-]+|#[\w-]+)*\s*/
dialog_ie8.css has 161 symbols
Done
Searching through them all for /(^|[\s>+~])strong>ÂGE:</strong(\[[^\]]*\]|:{1,2}[\w-()]+|\.[\w-]+|#[\w-]+)*\s*/
dialog_ie8.css has 161 symbols
Done
Searching through them all for /(^|[\s>+~])strong>ÂGE:</strong(\[[^\]]*\]|:{1,2}[\w-()]+|\.[\w-]+|#[\w-]+)*\s*/
_colorpanel.scss has 20 symbols
Done
Searching through them all for /(^|[\s>+~])strong>ÂGE:</strong(\[[^\]]*\]|:{1,2}[\w-()]+|\.[\w-]+|#[\w-]+)*\s*/
wsc.css has 18 symbols
Done
Searching through them all for /(^|[\s>+~])strong>ÂGE:</strong(\[[^\]]*\]|:{1,2}[\w-()]+|\.[\w-]+|#[\w-]+)*\s*/
dialog.css has 159 symbols
Done
Searching through them all for /(^|[\s>+~])strong>ÂGE:</strong(\[[^\]]*\]|:{1,2}[\w-()]+|\.[\w-]+|#[\w-]+)*\s*/
dialog.css has 159 symbols
Done
Searching through them all for /(^|[\s>+~])strong>ÂGE:</strong(\[[^\]]*\]|:{1,2}[\w-()]+|\.[\w-]+|#[\w-]+)*\s*/
dialog.scss has 155 symbols
Done
Searching through them all for /(^|[\s>+~])strong>ÂGE:</strong(\[[^\]]*\]|:{1,2}[\w-()]+|\.[\w-]+|#[\w-]+)*\s*/
dialog.scss has 155 symbols
Done
Searching through them all for /(^|[\s>+~])strong>ÂGE:</strong(\[[^\]]*\]|:{1,2}[\w-()]+|\.[\w-]+|#[\w-]+)*\s*/
dialog_opera.scss has 3 symbols
Done
Searching through them all for /(^|[\s>+~])strong>ÂGE:</strong(\[[^\]]*\]|:{1,2}[\w-()]+|\.[\w-]+|#[\w-]+)*\s*/
_colorpanel.scss has 20 symbols
Done
Searching through them all for /(^|[\s>+~])strong>ÂGE:</strong(\[[^\]]*\]|:{1,2}[\w-()]+|\.[\w-]+|#[\w-]+)*\s*/
_colorpanel.scss has 20 symbols
Done
Searching through them all for /(^|[\s>+~])strong>ÂGE:</strong(\[[^\]]*\]|:{1,2}[\w-()]+|\.[\w-]+|#[\w-]+)*\s*/
exception.css has 214 symbols
Done
Searching through them all for /(^|[\s>+~])strong>ÂGE:</strong(\[[^\]]*\]|:{1,2}[\w-()]+|\.[\w-]+|#[\w-]+)*\s*/
wsc.css has 18 symbols
Done
Searching through them all for /(^|[\s>+~])strong>ÂGE:</strong(\[[^\]]*\]|:{1,2}[\w-()]+|\.[\w-]+|#[\w-]+)*\s*/
default.css has 45 symbols
Done
Searching through them all for /(^|[\s>+~])strong>ÂGE:</strong(\[[^\]]*\]|:{1,2}[\w-()]+|\.[\w-]+|#[\w-]+)*\s*/
default.css has 45 symbols
Done
Searching through them all for /(^|[\s>+~])strong>ÂGE:</strong(\[[^\]]*\]|:{1,2}[\w-()]+|\.[\w-]+|#[\w-]+)*\s*/
html.css has 163 symbols
Done
Searching through them all for /(^|[\s>+~])strong>ÂGE:</strong(\[[^\]]*\]|:{1,2}[\w-()]+|\.[\w-]+|#[\w-]+)*\s*/
whoops.base.css has 120 symbols
Done
Searching through them all for /(^|[\s>+~])strong>ÂGE:</strong(\[[^\]]*\]|:{1,2}[\w-()]+|\.[\w-]+|#[\w-]+)*\s*/
whoops.base.css has 120 symbols
Done
Searching through them all for /(^|[\s>+~])strong>ÂGE:</strong(\[[^\]]*\]|:{1,2}[\w-()]+|\.[\w-]+|#[\w-]+)*\s*/
style.css has 50 symbols
Done
Searching through them all for /(^|[\s>+~])strong>ÂGE:</strong(\[[^\]]*\]|:{1,2}[\w-()]+|\.[\w-]+|#[\w-]+)*\s*/
bootstrap.min.css has 3147 symbols
Done
Searching through them all for /(^|[\s>+~])strong>ÂGE:</strong(\[[^\]]*\]|:{1,2}[\w-()]+|\.[\w-]+|#[\w-]+)*\s*/
bootstrap.min.css has 3147 symbols
Done
Searching through them all for /(^|[\s>+~])strong>ÂGE:</strong(\[[^\]]*\]|:{1,2}[\w-()]+|\.[\w-]+|#[\w-]+)*\s*/
nv.d3.min.css has 135 symbols
Done
Searching through them all for /(^|[\s>+~])strong>ÂGE:</strong(\[[^\]]*\]|:{1,2}[\w-()]+|\.[\w-]+|#[\w-]+)*\s*/
nv.d3.min.css has 135 symbols
Done
Searching through them all for /(^|[\s>+~])strong>ÂGE:</strong(\[[^\]]*\]|:{1,2}[\w-()]+|\.[\w-]+|#[\w-]+)*\s*/
style.css has 50 symbols
Done
Searching through them all for /(^|[\s>+~])strong>ÂGE:</strong(\[[^\]]*\]|:{1,2}[\w-()]+|\.[\w-]+|#[\w-]+)*\s*/
Done
strong>ANNÉE 737
  script 54 60
strong>ANNÉE 737
  script 113 119
  script 54 60
  script 122 128
  script 113 119
  script 181 187
  script 122 128
  table 191 196
  script 181 187
  tbody 250 255
  table 191 196
  tr 266 268
  tbody 250 255
  td 283 285
  tr 266 268
  strong 287 293
  td 283 285
  strong 300 306
  strong 287 293
  td 343 345
  strong 300 306
  td 434 436
  td 343 345
  strong 438 444
  td 434 436
  strong 466 472
  strong 438 444
  td 493 495
  strong 466 472
  td 510 512
  td 493 495
  strong 514 520
  td 510 512
  strong 530 536
  strong 514 520
  td 573 575
  strong 530 536
  tr 587 589
  td 573 575
  tr 600 602
  tr 587 589
  td 617 619
  tr 600 602
  strong 621 627
  td 617 619
  strong 652 658
  strong 621 627
  td 716 718
  strong 652 658
  td 733 735
  td 716 718
  strong 737 743
  td 733 735
strong>ANNÉE is a "html tag"
  strong 737 743
html.css has 163 symbols
strong>ANNÉE is a "html tag"
Searching through them all for /(^|[\s>+~])strong>ANNÉE(\[[^\]]*\]|:{1,2}[\w-()]+|\.[\w-]+|#[\w-]+)*\s*/
app.css has 3148 symbols
Done
Searching through them all for /(^|[\s>+~])strong>ANNÉE(\[[^\]]*\]|:{1,2}[\w-()]+|\.[\w-]+|#[\w-]+)*\s*/
exception.css has 214 symbols
Done
Searching through them all for /(^|[\s>+~])strong>ANNÉE(\[[^\]]*\]|:{1,2}[\w-()]+|\.[\w-]+|#[\w-]+)*\s*/
components.min.css has 4339 symbols
Done
Searching through them all for /(^|[\s>+~])strong>ANNÉE(\[[^\]]*\]|:{1,2}[\w-()]+|\.[\w-]+|#[\w-]+)*\s*/
app.css has 3148 symbols
Done
Searching through them all for /(^|[\s>+~])strong>ANNÉE(\[[^\]]*\]|:{1,2}[\w-()]+|\.[\w-]+|#[\w-]+)*\s*/
my_print.css has 14 symbols
Done
Searching through them all for /(^|[\s>+~])strong>ANNÉE(\[[^\]]*\]|:{1,2}[\w-()]+|\.[\w-]+|#[\w-]+)*\s*/
components.min.css has 4339 symbols
Done
Searching through them all for /(^|[\s>+~])strong>ANNÉE(\[[^\]]*\]|:{1,2}[\w-()]+|\.[\w-]+|#[\w-]+)*\s*/
print_tabulation.css has 7 symbols
Searching through them all for /(^|[\s>+~])strong>ANNÉE(\[[^\]]*\]|:{1,2}[\w-()]+|\.[\w-]+|#[\w-]+)*\s*/
Done
bootstrap_limitless.css has 1198 symbols
Searching through them all for /(^|[\s>+~])strong>ANNÉE(\[[^\]]*\]|:{1,2}[\w-()]+|\.[\w-]+|#[\w-]+)*\s*/
Done
bootstrap.min.css has 2572 symbols
Searching through them all for /(^|[\s>+~])strong>ANNÉE(\[[^\]]*\]|:{1,2}[\w-()]+|\.[\w-]+|#[\w-]+)*\s*/
Done
bootstrap_limitless.min.css has 1198 symbols
Searching through them all for /(^|[\s>+~])strong>ANNÉE(\[[^\]]*\]|:{1,2}[\w-()]+|\.[\w-]+|#[\w-]+)*\s*/
Done
receipt.css has 17 symbols
Searching through them all for /(^|[\s>+~])strong>ANNÉE(\[[^\]]*\]|:{1,2}[\w-()]+|\.[\w-]+|#[\w-]+)*\s*/
Done
_inbox.scss has 15 symbols
Searching through them all for /(^|[\s>+~])strong>ANNÉE(\[[^\]]*\]|:{1,2}[\w-()]+|\.[\w-]+|#[\w-]+)*\s*/
Done
_c3.scss has 48 symbols
Searching through them all for /(^|[\s>+~])strong>ANNÉE(\[[^\]]*\]|:{1,2}[\w-()]+|\.[\w-]+|#[\w-]+)*\s*/
Done
Done
bootstrap.css has 2572 symbols
_d3.scss has 72 symbols
Searching through them all for /(^|[\s>+~])strong>ANNÉE(\[[^\]]*\]|:{1,2}[\w-()]+|\.[\w-]+|#[\w-]+)*\s*/
Searching through them all for /(^|[\s>+~])strong>ANNÉE(\[[^\]]*\]|:{1,2}[\w-()]+|\.[\w-]+|#[\w-]+)*\s*/
Done
Done
my_print.css has 14 symbols
_alpaca.scss has 65 symbols
Searching through them all for /(^|[\s>+~])strong>ANNÉE(\[[^\]]*\]|:{1,2}[\w-()]+|\.[\w-]+|#[\w-]+)*\s*/
Searching through them all for /(^|[\s>+~])strong>ANNÉE(\[[^\]]*\]|:{1,2}[\w-()]+|\.[\w-]+|#[\w-]+)*\s*/
Done
Done
bootstrap_limitless.css has 1198 symbols
_date.scss has 49 symbols
Searching through them all for /(^|[\s>+~])strong>ANNÉE(\[[^\]]*\]|:{1,2}[\w-()]+|\.[\w-]+|#[\w-]+)*\s*/
Searching through them all for /(^|[\s>+~])strong>ANNÉE(\[[^\]]*\]|:{1,2}[\w-()]+|\.[\w-]+|#[\w-]+)*\s*/
Done
Done
bootstrap_limitless.min.css has 1198 symbols
_alpaca.scss has 64 symbols
Searching through them all for /(^|[\s>+~])strong>ANNÉE(\[[^\]]*\]|:{1,2}[\w-()]+|\.[\w-]+|#[\w-]+)*\s*/
Searching through them all for /(^|[\s>+~])strong>ANNÉE(\[[^\]]*\]|:{1,2}[\w-()]+|\.[\w-]+|#[\w-]+)*\s*/
Done
Done
receipt.css has 17 symbols
_daterange.scss has 87 symbols
Searching through them all for /(^|[\s>+~])strong>ANNÉE(\[[^\]]*\]|:{1,2}[\w-()]+|\.[\w-]+|#[\w-]+)*\s*/
Searching through them all for /(^|[\s>+~])strong>ANNÉE(\[[^\]]*\]|:{1,2}[\w-()]+|\.[\w-]+|#[\w-]+)*\s*/
Done
Done
print_tabulation.css has 7 symbols
_daterange.scss has 86 symbols
Searching through them all for /(^|[\s>+~])strong>ANNÉE(\[[^\]]*\]|:{1,2}[\w-()]+|\.[\w-]+|#[\w-]+)*\s*/
Searching through them all for /(^|[\s>+~])strong>ANNÉE(\[[^\]]*\]|:{1,2}[\w-()]+|\.[\w-]+|#[\w-]+)*\s*/
Done
Done
bootstrap-datepicker.min.css has 221 symbols
_fullcalendar.scss has 285 symbols
Searching through them all for /(^|[\s>+~])strong>ANNÉE(\[[^\]]*\]|:{1,2}[\w-()]+|\.[\w-]+|#[\w-]+)*\s*/
Searching through them all for /(^|[\s>+~])strong>ANNÉE(\[[^\]]*\]|:{1,2}[\w-()]+|\.[\w-]+|#[\w-]+)*\s*/
Done
Done
_c3.scss has 48 symbols
_fancytree.scss has 100 symbols
Searching through them all for /(^|[\s>+~])strong>ANNÉE(\[[^\]]*\]|:{1,2}[\w-()]+|\.[\w-]+|#[\w-]+)*\s*/
Searching through them all for /(^|[\s>+~])strong>ANNÉE(\[[^\]]*\]|:{1,2}[\w-()]+|\.[\w-]+|#[\w-]+)*\s*/
Done
Done
_print.scss has 34 symbols
_fancytree.scss has 100 symbols
Searching through them all for /(^|[\s>+~])strong>ANNÉE(\[[^\]]*\]|:{1,2}[\w-()]+|\.[\w-]+|#[\w-]+)*\s*/
Searching through them all for /(^|[\s>+~])strong>ANNÉE(\[[^\]]*\]|:{1,2}[\w-()]+|\.[\w-]+|#[\w-]+)*\s*/
Done
Done
_d3.scss has 72 symbols
_fullcalendar.scss has 285 symbols
Searching through them all for /(^|[\s>+~])strong>ANNÉE(\[[^\]]*\]|:{1,2}[\w-()]+|\.[\w-]+|#[\w-]+)*\s*/
Searching through them all for /(^|[\s>+~])strong>ANNÉE(\[[^\]]*\]|:{1,2}[\w-()]+|\.[\w-]+|#[\w-]+)*\s*/
Done
Done
bootstrap.min.css has 2572 symbols
_widgets.scss has 251 symbols
Searching through them all for /(^|[\s>+~])strong>ANNÉE(\[[^\]]*\]|:{1,2}[\w-()]+|\.[\w-]+|#[\w-]+)*\s*/
Searching through them all for /(^|[\s>+~])strong>ANNÉE(\[[^\]]*\]|:{1,2}[\w-()]+|\.[\w-]+|#[\w-]+)*\s*/
Done
Done
_tables.scss has 43 symbols
_footable.scss has 17 symbols
Searching through them all for /(^|[\s>+~])strong>ANNÉE(\[[^\]]*\]|:{1,2}[\w-()]+|\.[\w-]+|#[\w-]+)*\s*/
Searching through them all for /(^|[\s>+~])strong>ANNÉE(\[[^\]]*\]|:{1,2}[\w-()]+|\.[\w-]+|#[\w-]+)*\s*/
Done
Done
_reboot.scss has 100 symbols
_handsontable.scss has 342 symbols
Searching through them all for /(^|[\s>+~])strong>ANNÉE(\[[^\]]*\]|:{1,2}[\w-()]+|\.[\w-]+|#[\w-]+)*\s*/
Searching through them all for /(^|[\s>+~])strong>ANNÉE(\[[^\]]*\]|:{1,2}[\w-()]+|\.[\w-]+|#[\w-]+)*\s*/
Done
Done
_table-row.scss has 10 symbols
_footable.scss has 17 symbols
Searching through them all for /(^|[\s>+~])strong>ANNÉE(\[[^\]]*\]|:{1,2}[\w-()]+|\.[\w-]+|#[\w-]+)*\s*/
Searching through them all for /(^|[\s>+~])strong>ANNÉE(\[[^\]]*\]|:{1,2}[\w-()]+|\.[\w-]+|#[\w-]+)*\s*/
Done
Done
_inbox.scss has 15 symbols
_widgets.scss has 281 symbols
Searching through them all for /(^|[\s>+~])strong>ANNÉE(\[[^\]]*\]|:{1,2}[\w-()]+|\.[\w-]+|#[\w-]+)*\s*/
Searching through them all for /(^|[\s>+~])strong>ANNÉE(\[[^\]]*\]|:{1,2}[\w-()]+|\.[\w-]+|#[\w-]+)*\s*/
Done
Done
components.css has 4341 symbols
_handsontable.scss has 342 symbols
Searching through them all for /(^|[\s>+~])strong>ANNÉE(\[[^\]]*\]|:{1,2}[\w-()]+|\.[\w-]+|#[\w-]+)*\s*/
Searching through them all for /(^|[\s>+~])strong>ANNÉE(\[[^\]]*\]|:{1,2}[\w-()]+|\.[\w-]+|#[\w-]+)*\s*/
Done
Done
_buttons.scss has 69 symbols
_datatable-columns-reorder.scss has 4 symbols
Searching through them all for /(^|[\s>+~])strong>ANNÉE(\[[^\]]*\]|:{1,2}[\w-()]+|\.[\w-]+|#[\w-]+)*\s*/
Searching through them all for /(^|[\s>+~])strong>ANNÉE(\[[^\]]*\]|:{1,2}[\w-()]+|\.[\w-]+|#[\w-]+)*\s*/
Done
Done
_handsontable.scss has 342 symbols
_datatables.scss has 132 symbols
Searching through them all for /(^|[\s>+~])strong>ANNÉE(\[[^\]]*\]|:{1,2}[\w-()]+|\.[\w-]+|#[\w-]+)*\s*/
Searching through them all for /(^|[\s>+~])strong>ANNÉE(\[[^\]]*\]|:{1,2}[\w-()]+|\.[\w-]+|#[\w-]+)*\s*/
Done
Done
_fancytree.scss has 100 symbols
_datatable-responsive.scss has 31 symbols
Searching through them all for /(^|[\s>+~])strong>ANNÉE(\[[^\]]*\]|:{1,2}[\w-()]+|\.[\w-]+|#[\w-]+)*\s*/
Searching through them all for /(^|[\s>+~])strong>ANNÉE(\[[^\]]*\]|:{1,2}[\w-()]+|\.[\w-]+|#[\w-]+)*\s*/
Done
Done
_tables.scss has 136 symbols
_datatable-rows-reorder.scss has 4 symbols
Searching through them all for /(^|[\s>+~])strong>ANNÉE(\[[^\]]*\]|:{1,2}[\w-()]+|\.[\w-]+|#[\w-]+)*\s*/
Searching through them all for /(^|[\s>+~])strong>ANNÉE(\[[^\]]*\]|:{1,2}[\w-()]+|\.[\w-]+|#[\w-]+)*\s*/
Done
Done
_footable.scss has 17 symbols
_datatable-scroller.scss has 8 symbols
Searching through them all for /(^|[\s>+~])strong>ANNÉE(\[[^\]]*\]|:{1,2}[\w-()]+|\.[\w-]+|#[\w-]+)*\s*/
Searching through them all for /(^|[\s>+~])strong>ANNÉE(\[[^\]]*\]|:{1,2}[\w-()]+|\.[\w-]+|#[\w-]+)*\s*/
Done
Done
_fullcalendar.scss has 285 symbols
_datatable-rows-reorder.scss has 4 symbols
Searching through them all for /(^|[\s>+~])strong>ANNÉE(\[[^\]]*\]|:{1,2}[\w-()]+|\.[\w-]+|#[\w-]+)*\s*/
Searching through them all for /(^|[\s>+~])strong>ANNÉE(\[[^\]]*\]|:{1,2}[\w-()]+|\.[\w-]+|#[\w-]+)*\s*/
Done
Done
_datatable-rows-reorder.scss has 4 symbols
_datatable-columns-reorder.scss has 4 symbols
Searching through them all for /(^|[\s>+~])strong>ANNÉE(\[[^\]]*\]|:{1,2}[\w-()]+|\.[\w-]+|#[\w-]+)*\s*/
Searching through them all for /(^|[\s>+~])strong>ANNÉE(\[[^\]]*\]|:{1,2}[\w-()]+|\.[\w-]+|#[\w-]+)*\s*/
Done
Done
_datatable-responsive.scss has 31 symbols
_datatable-fixed-columns.scss has 21 symbols
Searching through them all for /(^|[\s>+~])strong>ANNÉE(\[[^\]]*\]|:{1,2}[\w-()]+|\.[\w-]+|#[\w-]+)*\s*/
Searching through them all for /(^|[\s>+~])strong>ANNÉE(\[[^\]]*\]|:{1,2}[\w-()]+|\.[\w-]+|#[\w-]+)*\s*/
Done
Done
_datatable-columns-reorder.scss has 4 symbols
_buttons.scss has 69 symbols
Searching through them all for /(^|[\s>+~])strong>ANNÉE(\[[^\]]*\]|:{1,2}[\w-()]+|\.[\w-]+|#[\w-]+)*\s*/
Searching through them all for /(^|[\s>+~])strong>ANNÉE(\[[^\]]*\]|:{1,2}[\w-()]+|\.[\w-]+|#[\w-]+)*\s*/
Done
Done
_datatables.scss has 132 symbols
_datatable-keytable.scss has 8 symbols
Searching through them all for /(^|[\s>+~])strong>ANNÉE(\[[^\]]*\]|:{1,2}[\w-()]+|\.[\w-]+|#[\w-]+)*\s*/
Searching through them all for /(^|[\s>+~])strong>ANNÉE(\[[^\]]*\]|:{1,2}[\w-()]+|\.[\w-]+|#[\w-]+)*\s*/
Done
Done
_alpaca.scss has 64 symbols
_datatable-responsive.scss has 31 symbols
Searching through them all for /(^|[\s>+~])strong>ANNÉE(\[[^\]]*\]|:{1,2}[\w-()]+|\.[\w-]+|#[\w-]+)*\s*/
Searching through them all for /(^|[\s>+~])strong>ANNÉE(\[[^\]]*\]|:{1,2}[\w-()]+|\.[\w-]+|#[\w-]+)*\s*/
Done
Done
_buttons.scss has 69 symbols
_datatable-scroller.scss has 8 symbols
Searching through them all for /(^|[\s>+~])strong>ANNÉE(\[[^\]]*\]|:{1,2}[\w-()]+|\.[\w-]+|#[\w-]+)*\s*/
Searching through them all for /(^|[\s>+~])strong>ANNÉE(\[[^\]]*\]|:{1,2}[\w-()]+|\.[\w-]+|#[\w-]+)*\s*/
Done
Done
_datatable-keytable.scss has 8 symbols
_datatable-fixed-columns.scss has 21 symbols
Searching through them all for /(^|[\s>+~])strong>ANNÉE(\[[^\]]*\]|:{1,2}[\w-()]+|\.[\w-]+|#[\w-]+)*\s*/
Searching through them all for /(^|[\s>+~])strong>ANNÉE(\[[^\]]*\]|:{1,2}[\w-()]+|\.[\w-]+|#[\w-]+)*\s*/
Done
Done
_datatable-fixed-columns.scss has 21 symbols
_datatable-keytable.scss has 8 symbols
Searching through them all for /(^|[\s>+~])strong>ANNÉE(\[[^\]]*\]|:{1,2}[\w-()]+|\.[\w-]+|#[\w-]+)*\s*/
Searching through them all for /(^|[\s>+~])strong>ANNÉE(\[[^\]]*\]|:{1,2}[\w-()]+|\.[\w-]+|#[\w-]+)*\s*/
Done
Done
_datatable-scroller.scss has 8 symbols
_datatables.scss has 133 symbols
Searching through them all for /(^|[\s>+~])strong>ANNÉE(\[[^\]]*\]|:{1,2}[\w-()]+|\.[\w-]+|#[\w-]+)*\s*/
Searching through them all for /(^|[\s>+~])strong>ANNÉE(\[[^\]]*\]|:{1,2}[\w-()]+|\.[\w-]+|#[\w-]+)*\s*/
Done
Done
_handsontable.scss has 342 symbols
bootstrap-datepicker.min.css has 221 symbols
Searching through them all for /(^|[\s>+~])strong>ANNÉE(\[[^\]]*\]|:{1,2}[\w-()]+|\.[\w-]+|#[\w-]+)*\s*/
Searching through them all for /(^|[\s>+~])strong>ANNÉE(\[[^\]]*\]|:{1,2}[\w-()]+|\.[\w-]+|#[\w-]+)*\s*/
Done
Done
_alpaca.scss has 65 symbols
bootstrap.css has 2572 symbols
Searching through them all for /(^|[\s>+~])strong>ANNÉE(\[[^\]]*\]|:{1,2}[\w-()]+|\.[\w-]+|#[\w-]+)*\s*/
Searching through them all for /(^|[\s>+~])strong>ANNÉE(\[[^\]]*\]|:{1,2}[\w-()]+|\.[\w-]+|#[\w-]+)*\s*/
Done
Done
_daterange.scss has 86 symbols
components.css has 4341 symbols
Searching through them all for /(^|[\s>+~])strong>ANNÉE(\[[^\]]*\]|:{1,2}[\w-()]+|\.[\w-]+|#[\w-]+)*\s*/
Searching through them all for /(^|[\s>+~])strong>ANNÉE(\[[^\]]*\]|:{1,2}[\w-()]+|\.[\w-]+|#[\w-]+)*\s*/
Done
Done
_footable.scss has 17 symbols
_tables.scss has 136 symbols
Searching through them all for /(^|[\s>+~])strong>ANNÉE(\[[^\]]*\]|:{1,2}[\w-()]+|\.[\w-]+|#[\w-]+)*\s*/
Searching through them all for /(^|[\s>+~])strong>ANNÉE(\[[^\]]*\]|:{1,2}[\w-()]+|\.[\w-]+|#[\w-]+)*\s*/
Done
Done
_widgets.scss has 251 symbols
_buttons.scss has 69 symbols
Searching through them all for /(^|[\s>+~])strong>ANNÉE(\[[^\]]*\]|:{1,2}[\w-()]+|\.[\w-]+|#[\w-]+)*\s*/
Searching through them all for /(^|[\s>+~])strong>ANNÉE(\[[^\]]*\]|:{1,2}[\w-()]+|\.[\w-]+|#[\w-]+)*\s*/
Done
Done
_widgets.scss has 281 symbols
_print.scss has 34 symbols
Searching through them all for /(^|[\s>+~])strong>ANNÉE(\[[^\]]*\]|:{1,2}[\w-()]+|\.[\w-]+|#[\w-]+)*\s*/
Searching through them all for /(^|[\s>+~])strong>ANNÉE(\[[^\]]*\]|:{1,2}[\w-()]+|\.[\w-]+|#[\w-]+)*\s*/
Done
Done
_datatable-rows-reorder.scss has 4 symbols
_tables.scss has 43 symbols
Searching through them all for /(^|[\s>+~])strong>ANNÉE(\[[^\]]*\]|:{1,2}[\w-()]+|\.[\w-]+|#[\w-]+)*\s*/
Searching through them all for /(^|[\s>+~])strong>ANNÉE(\[[^\]]*\]|:{1,2}[\w-()]+|\.[\w-]+|#[\w-]+)*\s*/
Done
Done
_datatable-responsive.scss has 31 symbols
_tables.scss has 136 symbols
Searching through them all for /(^|[\s>+~])strong>ANNÉE(\[[^\]]*\]|:{1,2}[\w-()]+|\.[\w-]+|#[\w-]+)*\s*/
Searching through them all for /(^|[\s>+~])strong>ANNÉE(\[[^\]]*\]|:{1,2}[\w-()]+|\.[\w-]+|#[\w-]+)*\s*/
Done
Done
_datatable-columns-reorder.scss has 4 symbols
_reboot.scss has 100 symbols
Searching through them all for /(^|[\s>+~])strong>ANNÉE(\[[^\]]*\]|:{1,2}[\w-()]+|\.[\w-]+|#[\w-]+)*\s*/
Searching through them all for /(^|[\s>+~])strong>ANNÉE(\[[^\]]*\]|:{1,2}[\w-()]+|\.[\w-]+|#[\w-]+)*\s*/
Done
Done
_datatables.scss has 133 symbols
_table-row.scss has 10 symbols
Searching through them all for /(^|[\s>+~])strong>ANNÉE(\[[^\]]*\]|:{1,2}[\w-()]+|\.[\w-]+|#[\w-]+)*\s*/
Searching through them all for /(^|[\s>+~])strong>ANNÉE(\[[^\]]*\]|:{1,2}[\w-()]+|\.[\w-]+|#[\w-]+)*\s*/
Done
Done
_datatable-fixed-columns.scss has 21 symbols
_date.scss has 49 symbols
Searching through them all for /(^|[\s>+~])strong>ANNÉE(\[[^\]]*\]|:{1,2}[\w-()]+|\.[\w-]+|#[\w-]+)*\s*/
Searching through them all for /(^|[\s>+~])strong>ANNÉE(\[[^\]]*\]|:{1,2}[\w-()]+|\.[\w-]+|#[\w-]+)*\s*/
Done
Done
_date.scss has 49 symbols
dialog.css has 159 symbols
Searching through them all for /(^|[\s>+~])strong>ANNÉE(\[[^\]]*\]|:{1,2}[\w-()]+|\.[\w-]+|#[\w-]+)*\s*/
Searching through them all for /(^|[\s>+~])strong>ANNÉE(\[[^\]]*\]|:{1,2}[\w-()]+|\.[\w-]+|#[\w-]+)*\s*/
Done
Done
_daterange.scss has 87 symbols
dialog_ie8.css has 161 symbols
Searching through them all for /(^|[\s>+~])strong>ANNÉE(\[[^\]]*\]|:{1,2}[\w-()]+|\.[\w-]+|#[\w-]+)*\s*/
Searching through them all for /(^|[\s>+~])strong>ANNÉE(\[[^\]]*\]|:{1,2}[\w-()]+|\.[\w-]+|#[\w-]+)*\s*/
Done
Done
_datatable-scroller.scss has 8 symbols
dialog_iequirks.css has 158 symbols
Searching through them all for /(^|[\s>+~])strong>ANNÉE(\[[^\]]*\]|:{1,2}[\w-()]+|\.[\w-]+|#[\w-]+)*\s*/
Searching through them all for /(^|[\s>+~])strong>ANNÉE(\[[^\]]*\]|:{1,2}[\w-()]+|\.[\w-]+|#[\w-]+)*\s*/
Done
Done
_datatable-keytable.scss has 8 symbols
dialog_ie.css has 173 symbols
Searching through them all for /(^|[\s>+~])strong>ANNÉE(\[[^\]]*\]|:{1,2}[\w-()]+|\.[\w-]+|#[\w-]+)*\s*/
Searching through them all for /(^|[\s>+~])strong>ANNÉE(\[[^\]]*\]|:{1,2}[\w-()]+|\.[\w-]+|#[\w-]+)*\s*/
Done
Done
_date.scss has 49 symbols
dialog_ie7.css has 172 symbols
Searching through them all for /(^|[\s>+~])strong>ANNÉE(\[[^\]]*\]|:{1,2}[\w-()]+|\.[\w-]+|#[\w-]+)*\s*/
Searching through them all for /(^|[\s>+~])strong>ANNÉE(\[[^\]]*\]|:{1,2}[\w-()]+|\.[\w-]+|#[\w-]+)*\s*/
Done
Done
_tables.scss has 136 symbols
dialog.scss has 155 symbols
Searching through them all for /(^|[\s>+~])strong>ANNÉE(\[[^\]]*\]|:{1,2}[\w-()]+|\.[\w-]+|#[\w-]+)*\s*/
Searching through them all for /(^|[\s>+~])strong>ANNÉE(\[[^\]]*\]|:{1,2}[\w-()]+|\.[\w-]+|#[\w-]+)*\s*/
Done
Done
_fancytree.scss has 100 symbols
dialog_opera.css has 160 symbols
Searching through them all for /(^|[\s>+~])strong>ANNÉE(\[[^\]]*\]|:{1,2}[\w-()]+|\.[\w-]+|#[\w-]+)*\s*/
Searching through them all for /(^|[\s>+~])strong>ANNÉE(\[[^\]]*\]|:{1,2}[\w-()]+|\.[\w-]+|#[\w-]+)*\s*/
Done
Done
_fullcalendar.scss has 285 symbols
_colorpanel.scss has 20 symbols
Searching through them all for /(^|[\s>+~])strong>ANNÉE(\[[^\]]*\]|:{1,2}[\w-()]+|\.[\w-]+|#[\w-]+)*\s*/
Searching through them all for /(^|[\s>+~])strong>ANNÉE(\[[^\]]*\]|:{1,2}[\w-()]+|\.[\w-]+|#[\w-]+)*\s*/
Done
Done
dialog.css has 159 symbols
dialog_opera.scss has 3 symbols
Searching through them all for /(^|[\s>+~])strong>ANNÉE(\[[^\]]*\]|:{1,2}[\w-()]+|\.[\w-]+|#[\w-]+)*\s*/
Searching through them all for /(^|[\s>+~])strong>ANNÉE(\[[^\]]*\]|:{1,2}[\w-()]+|\.[\w-]+|#[\w-]+)*\s*/
Done
Done
dialog_ie8.css has 161 symbols
dialog_ie7.css has 172 symbols
Searching through them all for /(^|[\s>+~])strong>ANNÉE(\[[^\]]*\]|:{1,2}[\w-()]+|\.[\w-]+|#[\w-]+)*\s*/
Searching through them all for /(^|[\s>+~])strong>ANNÉE(\[[^\]]*\]|:{1,2}[\w-()]+|\.[\w-]+|#[\w-]+)*\s*/
Done
Done
dialog_ie7.css has 172 symbols
dialog_opera.css has 160 symbols
Searching through them all for /(^|[\s>+~])strong>ANNÉE(\[[^\]]*\]|:{1,2}[\w-()]+|\.[\w-]+|#[\w-]+)*\s*/
Searching through them all for /(^|[\s>+~])strong>ANNÉE(\[[^\]]*\]|:{1,2}[\w-()]+|\.[\w-]+|#[\w-]+)*\s*/
Done
Done
dialog_ie.css has 173 symbols
dialog_opera.scss has 3 symbols
Searching through them all for /(^|[\s>+~])strong>ANNÉE(\[[^\]]*\]|:{1,2}[\w-()]+|\.[\w-]+|#[\w-]+)*\s*/
Searching through them all for /(^|[\s>+~])strong>ANNÉE(\[[^\]]*\]|:{1,2}[\w-()]+|\.[\w-]+|#[\w-]+)*\s*/
Done
Done
dialog_iequirks.css has 158 symbols
dialog_iequirks.css has 158 symbols
Searching through them all for /(^|[\s>+~])strong>ANNÉE(\[[^\]]*\]|:{1,2}[\w-()]+|\.[\w-]+|#[\w-]+)*\s*/
Searching through them all for /(^|[\s>+~])strong>ANNÉE(\[[^\]]*\]|:{1,2}[\w-()]+|\.[\w-]+|#[\w-]+)*\s*/
Done
Done
dialog.scss has 155 symbols
dialog_ie.css has 173 symbols
Searching through them all for /(^|[\s>+~])strong>ANNÉE(\[[^\]]*\]|:{1,2}[\w-()]+|\.[\w-]+|#[\w-]+)*\s*/
Searching through them all for /(^|[\s>+~])strong>ANNÉE(\[[^\]]*\]|:{1,2}[\w-()]+|\.[\w-]+|#[\w-]+)*\s*/
Done
Done
dialog_opera.scss has 3 symbols
dialog_ie8.css has 161 symbols
Searching through them all for /(^|[\s>+~])strong>ANNÉE(\[[^\]]*\]|:{1,2}[\w-()]+|\.[\w-]+|#[\w-]+)*\s*/
Searching through them all for /(^|[\s>+~])strong>ANNÉE(\[[^\]]*\]|:{1,2}[\w-()]+|\.[\w-]+|#[\w-]+)*\s*/
Done
Done
dialog_opera.css has 160 symbols
wsc.css has 18 symbols
Searching through them all for /(^|[\s>+~])strong>ANNÉE(\[[^\]]*\]|:{1,2}[\w-()]+|\.[\w-]+|#[\w-]+)*\s*/
Searching through them all for /(^|[\s>+~])strong>ANNÉE(\[[^\]]*\]|:{1,2}[\w-()]+|\.[\w-]+|#[\w-]+)*\s*/
Done
Done
dialog_opera.css has 160 symbols
dialog.css has 159 symbols
Searching through them all for /(^|[\s>+~])strong>ANNÉE(\[[^\]]*\]|:{1,2}[\w-()]+|\.[\w-]+|#[\w-]+)*\s*/
Searching through them all for /(^|[\s>+~])strong>ANNÉE(\[[^\]]*\]|:{1,2}[\w-()]+|\.[\w-]+|#[\w-]+)*\s*/
Done
Done
dialog_iequirks.css has 158 symbols
dialog.scss has 155 symbols
Searching through them all for /(^|[\s>+~])strong>ANNÉE(\[[^\]]*\]|:{1,2}[\w-()]+|\.[\w-]+|#[\w-]+)*\s*/
Searching through them all for /(^|[\s>+~])strong>ANNÉE(\[[^\]]*\]|:{1,2}[\w-()]+|\.[\w-]+|#[\w-]+)*\s*/
Done
Done
dialog_ie.css has 173 symbols
_colorpanel.scss has 20 symbols
Searching through them all for /(^|[\s>+~])strong>ANNÉE(\[[^\]]*\]|:{1,2}[\w-()]+|\.[\w-]+|#[\w-]+)*\s*/
Searching through them all for /(^|[\s>+~])strong>ANNÉE(\[[^\]]*\]|:{1,2}[\w-()]+|\.[\w-]+|#[\w-]+)*\s*/
Done
Done
dialog_ie7.css has 172 symbols
exception.css has 214 symbols
Searching through them all for /(^|[\s>+~])strong>ANNÉE(\[[^\]]*\]|:{1,2}[\w-()]+|\.[\w-]+|#[\w-]+)*\s*/
Searching through them all for /(^|[\s>+~])strong>ANNÉE(\[[^\]]*\]|:{1,2}[\w-()]+|\.[\w-]+|#[\w-]+)*\s*/
Done
Done
dialog_ie8.css has 161 symbols
default.css has 45 symbols
Searching through them all for /(^|[\s>+~])strong>ANNÉE(\[[^\]]*\]|:{1,2}[\w-()]+|\.[\w-]+|#[\w-]+)*\s*/
Searching through them all for /(^|[\s>+~])strong>ANNÉE(\[[^\]]*\]|:{1,2}[\w-()]+|\.[\w-]+|#[\w-]+)*\s*/
Done
Done
_colorpanel.scss has 20 symbols
html.css has 163 symbols
Searching through them all for /(^|[\s>+~])strong>ANNÉE(\[[^\]]*\]|:{1,2}[\w-()]+|\.[\w-]+|#[\w-]+)*\s*/
Searching through them all for /(^|[\s>+~])strong>ANNÉE(\[[^\]]*\]|:{1,2}[\w-()]+|\.[\w-]+|#[\w-]+)*\s*/
Done
Done
dialog.css has 159 symbols
whoops.base.css has 120 symbols
Searching through them all for /(^|[\s>+~])strong>ANNÉE(\[[^\]]*\]|:{1,2}[\w-()]+|\.[\w-]+|#[\w-]+)*\s*/
Searching through them all for /(^|[\s>+~])strong>ANNÉE(\[[^\]]*\]|:{1,2}[\w-()]+|\.[\w-]+|#[\w-]+)*\s*/
Done
Done
dialog.scss has 155 symbols
bootstrap.min.css has 3147 symbols
Searching through them all for /(^|[\s>+~])strong>ANNÉE(\[[^\]]*\]|:{1,2}[\w-()]+|\.[\w-]+|#[\w-]+)*\s*/
Searching through them all for /(^|[\s>+~])strong>ANNÉE(\[[^\]]*\]|:{1,2}[\w-()]+|\.[\w-]+|#[\w-]+)*\s*/
Done
Done
dialog_opera.scss has 3 symbols
nv.d3.min.css has 135 symbols
Searching through them all for /(^|[\s>+~])strong>ANNÉE(\[[^\]]*\]|:{1,2}[\w-()]+|\.[\w-]+|#[\w-]+)*\s*/
Searching through them all for /(^|[\s>+~])strong>ANNÉE(\[[^\]]*\]|:{1,2}[\w-()]+|\.[\w-]+|#[\w-]+)*\s*/
Done
Done
_colorpanel.scss has 20 symbols
style.css has 50 symbols
Searching through them all for /(^|[\s>+~])strong>ANNÉE(\[[^\]]*\]|:{1,2}[\w-()]+|\.[\w-]+|#[\w-]+)*\s*/
Searching through them all for /(^|[\s>+~])strong>ANNÉE(\[[^\]]*\]|:{1,2}[\w-()]+|\.[\w-]+|#[\w-]+)*\s*/
Done
Done
wsc.css has 18 symbols
Searching through them all for /(^|[\s>+~])strong>ANNÉE(\[[^\]]*\]|:{1,2}[\w-()]+|\.[\w-]+|#[\w-]+)*\s*/
strong>BULLETIN 621
Done
  script 54 60
default.css has 45 symbols
  script 113 119
Searching through them all for /(^|[\s>+~])strong>ANNÉE(\[[^\]]*\]|:{1,2}[\w-()]+|\.[\w-]+|#[\w-]+)*\s*/
  script 122 128
Done
  script 181 187
whoops.base.css has 120 symbols
  table 191 196
Searching through them all for /(^|[\s>+~])strong>ANNÉE(\[[^\]]*\]|:{1,2}[\w-()]+|\.[\w-]+|#[\w-]+)*\s*/
  tbody 250 255
Done
  tr 266 268
style.css has 50 symbols
  td 283 285
Searching through them all for /(^|[\s>+~])strong>ANNÉE(\[[^\]]*\]|:{1,2}[\w-()]+|\.[\w-]+|#[\w-]+)*\s*/
  strong 287 293
Done
  strong 300 306
bootstrap.min.css has 3147 symbols
  td 343 345
Searching through them all for /(^|[\s>+~])strong>ANNÉE(\[[^\]]*\]|:{1,2}[\w-()]+|\.[\w-]+|#[\w-]+)*\s*/
  td 434 436
Done
  strong 438 444
nv.d3.min.css has 135 symbols
  strong 466 472
Searching through them all for /(^|[\s>+~])strong>ANNÉE(\[[^\]]*\]|:{1,2}[\w-()]+|\.[\w-]+|#[\w-]+)*\s*/
  td 493 495
Done
  td 510 512
  strong 514 520
strong>BULLETIN 621
  strong 530 536
  script 54 60
  td 573 575
  script 113 119
  tr 587 589
  script 122 128
  tr 600 602
  script 181 187
  td 617 619
  table 191 196
  strong 621 627
  tbody 250 255
strong>BULLETIN is a "html tag"
  tr 266 268
app.css has 3148 symbols
  td 283 285
Searching through them all for /(^|[\s>+~])strong>BULLETIN(\[[^\]]*\]|:{1,2}[\w-()]+|\.[\w-]+|#[\w-]+)*\s*/
  strong 287 293
Done
  strong 300 306
components.min.css has 4339 symbols
  td 343 345
Searching through them all for /(^|[\s>+~])strong>BULLETIN(\[[^\]]*\]|:{1,2}[\w-()]+|\.[\w-]+|#[\w-]+)*\s*/
  td 434 436
Done
  strong 438 444
my_print.css has 14 symbols
  strong 466 472
Searching through them all for /(^|[\s>+~])strong>BULLETIN(\[[^\]]*\]|:{1,2}[\w-()]+|\.[\w-]+|#[\w-]+)*\s*/
  td 493 495
Done
  td 510 512
print_tabulation.css has 7 symbols
  strong 514 520
Searching through them all for /(^|[\s>+~])strong>BULLETIN(\[[^\]]*\]|:{1,2}[\w-()]+|\.[\w-]+|#[\w-]+)*\s*/
  strong 530 536
Done
  td 573 575
bootstrap_limitless.css has 1198 symbols
  tr 587 589
Searching through them all for /(^|[\s>+~])strong>BULLETIN(\[[^\]]*\]|:{1,2}[\w-()]+|\.[\w-]+|#[\w-]+)*\s*/
  tr 600 602
Done
  td 617 619
bootstrap.min.css has 2572 symbols
  strong 621 627
Searching through them all for /(^|[\s>+~])strong>BULLETIN(\[[^\]]*\]|:{1,2}[\w-()]+|\.[\w-]+|#[\w-]+)*\s*/
strong>BULLETIN is a "html tag"
Done
html.css has 163 symbols
bootstrap_limitless.min.css has 1198 symbols
Searching through them all for /(^|[\s>+~])strong>BULLETIN(\[[^\]]*\]|:{1,2}[\w-()]+|\.[\w-]+|#[\w-]+)*\s*/
Searching through them all for /(^|[\s>+~])strong>BULLETIN(\[[^\]]*\]|:{1,2}[\w-()]+|\.[\w-]+|#[\w-]+)*\s*/
Done
Done
exception.css has 214 symbols
receipt.css has 17 symbols
Searching through them all for /(^|[\s>+~])strong>BULLETIN(\[[^\]]*\]|:{1,2}[\w-()]+|\.[\w-]+|#[\w-]+)*\s*/
Searching through them all for /(^|[\s>+~])strong>BULLETIN(\[[^\]]*\]|:{1,2}[\w-()]+|\.[\w-]+|#[\w-]+)*\s*/
Done
Done
app.css has 3148 symbols
_inbox.scss has 15 symbols
Searching through them all for /(^|[\s>+~])strong>BULLETIN(\[[^\]]*\]|:{1,2}[\w-()]+|\.[\w-]+|#[\w-]+)*\s*/
Searching through them all for /(^|[\s>+~])strong>BULLETIN(\[[^\]]*\]|:{1,2}[\w-()]+|\.[\w-]+|#[\w-]+)*\s*/
Done
Done
components.min.css has 4339 symbols
_c3.scss has 48 symbols
Searching through them all for /(^|[\s>+~])strong>BULLETIN(\[[^\]]*\]|:{1,2}[\w-()]+|\.[\w-]+|#[\w-]+)*\s*/
Searching through them all for /(^|[\s>+~])strong>BULLETIN(\[[^\]]*\]|:{1,2}[\w-()]+|\.[\w-]+|#[\w-]+)*\s*/
Done
Done
bootstrap.css has 2572 symbols
_d3.scss has 72 symbols
Searching through them all for /(^|[\s>+~])strong>BULLETIN(\[[^\]]*\]|:{1,2}[\w-()]+|\.[\w-]+|#[\w-]+)*\s*/
Searching through them all for /(^|[\s>+~])strong>BULLETIN(\[[^\]]*\]|:{1,2}[\w-()]+|\.[\w-]+|#[\w-]+)*\s*/
Done
Done
my_print.css has 14 symbols
_alpaca.scss has 65 symbols
Searching through them all for /(^|[\s>+~])strong>BULLETIN(\[[^\]]*\]|:{1,2}[\w-()]+|\.[\w-]+|#[\w-]+)*\s*/
Searching through them all for /(^|[\s>+~])strong>BULLETIN(\[[^\]]*\]|:{1,2}[\w-()]+|\.[\w-]+|#[\w-]+)*\s*/
Done
Done
bootstrap_limitless.css has 1198 symbols
_date.scss has 49 symbols
Searching through them all for /(^|[\s>+~])strong>BULLETIN(\[[^\]]*\]|:{1,2}[\w-()]+|\.[\w-]+|#[\w-]+)*\s*/
Searching through them all for /(^|[\s>+~])strong>BULLETIN(\[[^\]]*\]|:{1,2}[\w-()]+|\.[\w-]+|#[\w-]+)*\s*/
Done
Done
bootstrap_limitless.min.css has 1198 symbols
_alpaca.scss has 64 symbols
Searching through them all for /(^|[\s>+~])strong>BULLETIN(\[[^\]]*\]|:{1,2}[\w-()]+|\.[\w-]+|#[\w-]+)*\s*/
Searching through them all for /(^|[\s>+~])strong>BULLETIN(\[[^\]]*\]|:{1,2}[\w-()]+|\.[\w-]+|#[\w-]+)*\s*/
Done
Done
receipt.css has 17 symbols
_daterange.scss has 87 symbols
Searching through them all for /(^|[\s>+~])strong>BULLETIN(\[[^\]]*\]|:{1,2}[\w-()]+|\.[\w-]+|#[\w-]+)*\s*/
Searching through them all for /(^|[\s>+~])strong>BULLETIN(\[[^\]]*\]|:{1,2}[\w-()]+|\.[\w-]+|#[\w-]+)*\s*/
Done
Done
print_tabulation.css has 7 symbols
_daterange.scss has 86 symbols
Searching through them all for /(^|[\s>+~])strong>BULLETIN(\[[^\]]*\]|:{1,2}[\w-()]+|\.[\w-]+|#[\w-]+)*\s*/
Searching through them all for /(^|[\s>+~])strong>BULLETIN(\[[^\]]*\]|:{1,2}[\w-()]+|\.[\w-]+|#[\w-]+)*\s*/
Done
Done
bootstrap-datepicker.min.css has 221 symbols
_fullcalendar.scss has 285 symbols
Searching through them all for /(^|[\s>+~])strong>BULLETIN(\[[^\]]*\]|:{1,2}[\w-()]+|\.[\w-]+|#[\w-]+)*\s*/
Searching through them all for /(^|[\s>+~])strong>BULLETIN(\[[^\]]*\]|:{1,2}[\w-()]+|\.[\w-]+|#[\w-]+)*\s*/
Done
Done
_c3.scss has 48 symbols
_fancytree.scss has 100 symbols
Searching through them all for /(^|[\s>+~])strong>BULLETIN(\[[^\]]*\]|:{1,2}[\w-()]+|\.[\w-]+|#[\w-]+)*\s*/
Searching through them all for /(^|[\s>+~])strong>BULLETIN(\[[^\]]*\]|:{1,2}[\w-()]+|\.[\w-]+|#[\w-]+)*\s*/
Done
Done
_print.scss has 34 symbols
_fancytree.scss has 100 symbols
Searching through them all for /(^|[\s>+~])strong>BULLETIN(\[[^\]]*\]|:{1,2}[\w-()]+|\.[\w-]+|#[\w-]+)*\s*/
Searching through them all for /(^|[\s>+~])strong>BULLETIN(\[[^\]]*\]|:{1,2}[\w-()]+|\.[\w-]+|#[\w-]+)*\s*/
Done
Done
_d3.scss has 72 symbols
_fullcalendar.scss has 285 symbols
Searching through them all for /(^|[\s>+~])strong>BULLETIN(\[[^\]]*\]|:{1,2}[\w-()]+|\.[\w-]+|#[\w-]+)*\s*/
Searching through them all for /(^|[\s>+~])strong>BULLETIN(\[[^\]]*\]|:{1,2}[\w-()]+|\.[\w-]+|#[\w-]+)*\s*/
Done
Done
bootstrap.min.css has 2572 symbols
_widgets.scss has 251 symbols
Searching through them all for /(^|[\s>+~])strong>BULLETIN(\[[^\]]*\]|:{1,2}[\w-()]+|\.[\w-]+|#[\w-]+)*\s*/
Searching through them all for /(^|[\s>+~])strong>BULLETIN(\[[^\]]*\]|:{1,2}[\w-()]+|\.[\w-]+|#[\w-]+)*\s*/
Done
Done
_tables.scss has 43 symbols
_footable.scss has 17 symbols
Searching through them all for /(^|[\s>+~])strong>BULLETIN(\[[^\]]*\]|:{1,2}[\w-()]+|\.[\w-]+|#[\w-]+)*\s*/
Searching through them all for /(^|[\s>+~])strong>BULLETIN(\[[^\]]*\]|:{1,2}[\w-()]+|\.[\w-]+|#[\w-]+)*\s*/
Done
Done
_reboot.scss has 100 symbols
_handsontable.scss has 342 symbols
Searching through them all for /(^|[\s>+~])strong>BULLETIN(\[[^\]]*\]|:{1,2}[\w-()]+|\.[\w-]+|#[\w-]+)*\s*/
Searching through them all for /(^|[\s>+~])strong>BULLETIN(\[[^\]]*\]|:{1,2}[\w-()]+|\.[\w-]+|#[\w-]+)*\s*/
Done
Done
_table-row.scss has 10 symbols
_footable.scss has 17 symbols
Searching through them all for /(^|[\s>+~])strong>BULLETIN(\[[^\]]*\]|:{1,2}[\w-()]+|\.[\w-]+|#[\w-]+)*\s*/
Searching through them all for /(^|[\s>+~])strong>BULLETIN(\[[^\]]*\]|:{1,2}[\w-()]+|\.[\w-]+|#[\w-]+)*\s*/
Done
Done
_inbox.scss has 15 symbols
_widgets.scss has 281 symbols
Searching through them all for /(^|[\s>+~])strong>BULLETIN(\[[^\]]*\]|:{1,2}[\w-()]+|\.[\w-]+|#[\w-]+)*\s*/
Searching through them all for /(^|[\s>+~])strong>BULLETIN(\[[^\]]*\]|:{1,2}[\w-()]+|\.[\w-]+|#[\w-]+)*\s*/
Done
Done
components.css has 4341 symbols
_handsontable.scss has 342 symbols
Searching through them all for /(^|[\s>+~])strong>BULLETIN(\[[^\]]*\]|:{1,2}[\w-()]+|\.[\w-]+|#[\w-]+)*\s*/
Searching through them all for /(^|[\s>+~])strong>BULLETIN(\[[^\]]*\]|:{1,2}[\w-()]+|\.[\w-]+|#[\w-]+)*\s*/
Done
Done
_buttons.scss has 69 symbols
_datatable-columns-reorder.scss has 4 symbols
Searching through them all for /(^|[\s>+~])strong>BULLETIN(\[[^\]]*\]|:{1,2}[\w-()]+|\.[\w-]+|#[\w-]+)*\s*/
Searching through them all for /(^|[\s>+~])strong>BULLETIN(\[[^\]]*\]|:{1,2}[\w-()]+|\.[\w-]+|#[\w-]+)*\s*/
Done
Done
_handsontable.scss has 342 symbols
_datatables.scss has 132 symbols
Searching through them all for /(^|[\s>+~])strong>BULLETIN(\[[^\]]*\]|:{1,2}[\w-()]+|\.[\w-]+|#[\w-]+)*\s*/
Searching through them all for /(^|[\s>+~])strong>BULLETIN(\[[^\]]*\]|:{1,2}[\w-()]+|\.[\w-]+|#[\w-]+)*\s*/
Done
Done
_fancytree.scss has 100 symbols
_datatable-responsive.scss has 31 symbols
Searching through them all for /(^|[\s>+~])strong>BULLETIN(\[[^\]]*\]|:{1,2}[\w-()]+|\.[\w-]+|#[\w-]+)*\s*/
Searching through them all for /(^|[\s>+~])strong>BULLETIN(\[[^\]]*\]|:{1,2}[\w-()]+|\.[\w-]+|#[\w-]+)*\s*/
Done
Done
_tables.scss has 136 symbols
_datatable-rows-reorder.scss has 4 symbols
Searching through them all for /(^|[\s>+~])strong>BULLETIN(\[[^\]]*\]|:{1,2}[\w-()]+|\.[\w-]+|#[\w-]+)*\s*/
Searching through them all for /(^|[\s>+~])strong>BULLETIN(\[[^\]]*\]|:{1,2}[\w-()]+|\.[\w-]+|#[\w-]+)*\s*/
Done
Done
_footable.scss has 17 symbols
_datatable-scroller.scss has 8 symbols
Searching through them all for /(^|[\s>+~])strong>BULLETIN(\[[^\]]*\]|:{1,2}[\w-()]+|\.[\w-]+|#[\w-]+)*\s*/
Searching through them all for /(^|[\s>+~])strong>BULLETIN(\[[^\]]*\]|:{1,2}[\w-()]+|\.[\w-]+|#[\w-]+)*\s*/
Done
Done
_fullcalendar.scss has 285 symbols
_datatable-rows-reorder.scss has 4 symbols
Searching through them all for /(^|[\s>+~])strong>BULLETIN(\[[^\]]*\]|:{1,2}[\w-()]+|\.[\w-]+|#[\w-]+)*\s*/
Searching through them all for /(^|[\s>+~])strong>BULLETIN(\[[^\]]*\]|:{1,2}[\w-()]+|\.[\w-]+|#[\w-]+)*\s*/
Done
Done
_datatable-rows-reorder.scss has 4 symbols
_datatable-columns-reorder.scss has 4 symbols
Searching through them all for /(^|[\s>+~])strong>BULLETIN(\[[^\]]*\]|:{1,2}[\w-()]+|\.[\w-]+|#[\w-]+)*\s*/
Searching through them all for /(^|[\s>+~])strong>BULLETIN(\[[^\]]*\]|:{1,2}[\w-()]+|\.[\w-]+|#[\w-]+)*\s*/
Done
Done
_datatable-responsive.scss has 31 symbols
_datatable-fixed-columns.scss has 21 symbols
Searching through them all for /(^|[\s>+~])strong>BULLETIN(\[[^\]]*\]|:{1,2}[\w-()]+|\.[\w-]+|#[\w-]+)*\s*/
Searching through them all for /(^|[\s>+~])strong>BULLETIN(\[[^\]]*\]|:{1,2}[\w-()]+|\.[\w-]+|#[\w-]+)*\s*/
Done
Done
_datatable-columns-reorder.scss has 4 symbols
_buttons.scss has 69 symbols
Searching through them all for /(^|[\s>+~])strong>BULLETIN(\[[^\]]*\]|:{1,2}[\w-()]+|\.[\w-]+|#[\w-]+)*\s*/
Searching through them all for /(^|[\s>+~])strong>BULLETIN(\[[^\]]*\]|:{1,2}[\w-()]+|\.[\w-]+|#[\w-]+)*\s*/
Done
Done
_datatables.scss has 132 symbols
_datatable-keytable.scss has 8 symbols
Searching through them all for /(^|[\s>+~])strong>BULLETIN(\[[^\]]*\]|:{1,2}[\w-()]+|\.[\w-]+|#[\w-]+)*\s*/
Searching through them all for /(^|[\s>+~])strong>BULLETIN(\[[^\]]*\]|:{1,2}[\w-()]+|\.[\w-]+|#[\w-]+)*\s*/
Done
Done
_alpaca.scss has 64 symbols
_datatable-responsive.scss has 31 symbols
Searching through them all for /(^|[\s>+~])strong>BULLETIN(\[[^\]]*\]|:{1,2}[\w-()]+|\.[\w-]+|#[\w-]+)*\s*/
Searching through them all for /(^|[\s>+~])strong>BULLETIN(\[[^\]]*\]|:{1,2}[\w-()]+|\.[\w-]+|#[\w-]+)*\s*/
Done
Done
_buttons.scss has 69 symbols
_datatable-scroller.scss has 8 symbols
Searching through them all for /(^|[\s>+~])strong>BULLETIN(\[[^\]]*\]|:{1,2}[\w-()]+|\.[\w-]+|#[\w-]+)*\s*/
Searching through them all for /(^|[\s>+~])strong>BULLETIN(\[[^\]]*\]|:{1,2}[\w-()]+|\.[\w-]+|#[\w-]+)*\s*/
Done
Done
_datatable-keytable.scss has 8 symbols
_datatable-fixed-columns.scss has 21 symbols
Searching through them all for /(^|[\s>+~])strong>BULLETIN(\[[^\]]*\]|:{1,2}[\w-()]+|\.[\w-]+|#[\w-]+)*\s*/
Searching through them all for /(^|[\s>+~])strong>BULLETIN(\[[^\]]*\]|:{1,2}[\w-()]+|\.[\w-]+|#[\w-]+)*\s*/
Done
Done
_datatable-fixed-columns.scss has 21 symbols
_datatable-keytable.scss has 8 symbols
Searching through them all for /(^|[\s>+~])strong>BULLETIN(\[[^\]]*\]|:{1,2}[\w-()]+|\.[\w-]+|#[\w-]+)*\s*/
Searching through them all for /(^|[\s>+~])strong>BULLETIN(\[[^\]]*\]|:{1,2}[\w-()]+|\.[\w-]+|#[\w-]+)*\s*/
Done
Done
_datatable-scroller.scss has 8 symbols
_datatables.scss has 133 symbols
Searching through them all for /(^|[\s>+~])strong>BULLETIN(\[[^\]]*\]|:{1,2}[\w-()]+|\.[\w-]+|#[\w-]+)*\s*/
Searching through them all for /(^|[\s>+~])strong>BULLETIN(\[[^\]]*\]|:{1,2}[\w-()]+|\.[\w-]+|#[\w-]+)*\s*/
Done
Done
_handsontable.scss has 342 symbols
bootstrap-datepicker.min.css has 221 symbols
Searching through them all for /(^|[\s>+~])strong>BULLETIN(\[[^\]]*\]|:{1,2}[\w-()]+|\.[\w-]+|#[\w-]+)*\s*/
Searching through them all for /(^|[\s>+~])strong>BULLETIN(\[[^\]]*\]|:{1,2}[\w-()]+|\.[\w-]+|#[\w-]+)*\s*/
Done
Done
_alpaca.scss has 65 symbols
bootstrap.css has 2572 symbols
Searching through them all for /(^|[\s>+~])strong>BULLETIN(\[[^\]]*\]|:{1,2}[\w-()]+|\.[\w-]+|#[\w-]+)*\s*/
Searching through them all for /(^|[\s>+~])strong>BULLETIN(\[[^\]]*\]|:{1,2}[\w-()]+|\.[\w-]+|#[\w-]+)*\s*/
Done
Done
_daterange.scss has 86 symbols
components.css has 4341 symbols
Searching through them all for /(^|[\s>+~])strong>BULLETIN(\[[^\]]*\]|:{1,2}[\w-()]+|\.[\w-]+|#[\w-]+)*\s*/
Searching through them all for /(^|[\s>+~])strong>BULLETIN(\[[^\]]*\]|:{1,2}[\w-()]+|\.[\w-]+|#[\w-]+)*\s*/
Done
Done
_footable.scss has 17 symbols
_tables.scss has 136 symbols
Searching through them all for /(^|[\s>+~])strong>BULLETIN(\[[^\]]*\]|:{1,2}[\w-()]+|\.[\w-]+|#[\w-]+)*\s*/
Searching through them all for /(^|[\s>+~])strong>BULLETIN(\[[^\]]*\]|:{1,2}[\w-()]+|\.[\w-]+|#[\w-]+)*\s*/
Done
Done
_widgets.scss has 251 symbols
_buttons.scss has 69 symbols
Searching through them all for /(^|[\s>+~])strong>BULLETIN(\[[^\]]*\]|:{1,2}[\w-()]+|\.[\w-]+|#[\w-]+)*\s*/
Searching through them all for /(^|[\s>+~])strong>BULLETIN(\[[^\]]*\]|:{1,2}[\w-()]+|\.[\w-]+|#[\w-]+)*\s*/
Done
Done
_widgets.scss has 281 symbols
_print.scss has 34 symbols
Searching through them all for /(^|[\s>+~])strong>BULLETIN(\[[^\]]*\]|:{1,2}[\w-()]+|\.[\w-]+|#[\w-]+)*\s*/
Searching through them all for /(^|[\s>+~])strong>BULLETIN(\[[^\]]*\]|:{1,2}[\w-()]+|\.[\w-]+|#[\w-]+)*\s*/
Done
Done
_datatable-rows-reorder.scss has 4 symbols
_tables.scss has 43 symbols
Searching through them all for /(^|[\s>+~])strong>BULLETIN(\[[^\]]*\]|:{1,2}[\w-()]+|\.[\w-]+|#[\w-]+)*\s*/
Searching through them all for /(^|[\s>+~])strong>BULLETIN(\[[^\]]*\]|:{1,2}[\w-()]+|\.[\w-]+|#[\w-]+)*\s*/
Done
Done
_datatable-responsive.scss has 31 symbols
_tables.scss has 136 symbols
Searching through them all for /(^|[\s>+~])strong>BULLETIN(\[[^\]]*\]|:{1,2}[\w-()]+|\.[\w-]+|#[\w-]+)*\s*/
Searching through them all for /(^|[\s>+~])strong>BULLETIN(\[[^\]]*\]|:{1,2}[\w-()]+|\.[\w-]+|#[\w-]+)*\s*/
Done
Done
_datatable-columns-reorder.scss has 4 symbols
_reboot.scss has 100 symbols
Searching through them all for /(^|[\s>+~])strong>BULLETIN(\[[^\]]*\]|:{1,2}[\w-()]+|\.[\w-]+|#[\w-]+)*\s*/
Searching through them all for /(^|[\s>+~])strong>BULLETIN(\[[^\]]*\]|:{1,2}[\w-()]+|\.[\w-]+|#[\w-]+)*\s*/
Done
Done
_datatables.scss has 133 symbols
_table-row.scss has 10 symbols
Searching through them all for /(^|[\s>+~])strong>BULLETIN(\[[^\]]*\]|:{1,2}[\w-()]+|\.[\w-]+|#[\w-]+)*\s*/
Searching through them all for /(^|[\s>+~])strong>BULLETIN(\[[^\]]*\]|:{1,2}[\w-()]+|\.[\w-]+|#[\w-]+)*\s*/
Done
Done
_datatable-fixed-columns.scss has 21 symbols
_date.scss has 49 symbols
Searching through them all for /(^|[\s>+~])strong>BULLETIN(\[[^\]]*\]|:{1,2}[\w-()]+|\.[\w-]+|#[\w-]+)*\s*/
Searching through them all for /(^|[\s>+~])strong>BULLETIN(\[[^\]]*\]|:{1,2}[\w-()]+|\.[\w-]+|#[\w-]+)*\s*/
Done
Done
_date.scss has 49 symbols
dialog.css has 159 symbols
Searching through them all for /(^|[\s>+~])strong>BULLETIN(\[[^\]]*\]|:{1,2}[\w-()]+|\.[\w-]+|#[\w-]+)*\s*/
Searching through them all for /(^|[\s>+~])strong>BULLETIN(\[[^\]]*\]|:{1,2}[\w-()]+|\.[\w-]+|#[\w-]+)*\s*/
Done
Done
_daterange.scss has 87 symbols
dialog_ie8.css has 161 symbols
Searching through them all for /(^|[\s>+~])strong>BULLETIN(\[[^\]]*\]|:{1,2}[\w-()]+|\.[\w-]+|#[\w-]+)*\s*/
Searching through them all for /(^|[\s>+~])strong>BULLETIN(\[[^\]]*\]|:{1,2}[\w-()]+|\.[\w-]+|#[\w-]+)*\s*/
Done
Done
_datatable-scroller.scss has 8 symbols
dialog_iequirks.css has 158 symbols
Searching through them all for /(^|[\s>+~])strong>BULLETIN(\[[^\]]*\]|:{1,2}[\w-()]+|\.[\w-]+|#[\w-]+)*\s*/
Searching through them all for /(^|[\s>+~])strong>BULLETIN(\[[^\]]*\]|:{1,2}[\w-()]+|\.[\w-]+|#[\w-]+)*\s*/
Done
Done
_datatable-keytable.scss has 8 symbols
dialog_ie.css has 173 symbols
Searching through them all for /(^|[\s>+~])strong>BULLETIN(\[[^\]]*\]|:{1,2}[\w-()]+|\.[\w-]+|#[\w-]+)*\s*/
Searching through them all for /(^|[\s>+~])strong>BULLETIN(\[[^\]]*\]|:{1,2}[\w-()]+|\.[\w-]+|#[\w-]+)*\s*/
Done
Done
_date.scss has 49 symbols
dialog_ie7.css has 172 symbols
Searching through them all for /(^|[\s>+~])strong>BULLETIN(\[[^\]]*\]|:{1,2}[\w-()]+|\.[\w-]+|#[\w-]+)*\s*/
Searching through them all for /(^|[\s>+~])strong>BULLETIN(\[[^\]]*\]|:{1,2}[\w-()]+|\.[\w-]+|#[\w-]+)*\s*/
Done
Done
_tables.scss has 136 symbols
dialog.scss has 155 symbols
Searching through them all for /(^|[\s>+~])strong>BULLETIN(\[[^\]]*\]|:{1,2}[\w-()]+|\.[\w-]+|#[\w-]+)*\s*/
Searching through them all for /(^|[\s>+~])strong>BULLETIN(\[[^\]]*\]|:{1,2}[\w-()]+|\.[\w-]+|#[\w-]+)*\s*/
Done
Done
_fancytree.scss has 100 symbols
dialog_opera.css has 160 symbols
Searching through them all for /(^|[\s>+~])strong>BULLETIN(\[[^\]]*\]|:{1,2}[\w-()]+|\.[\w-]+|#[\w-]+)*\s*/
Searching through them all for /(^|[\s>+~])strong>BULLETIN(\[[^\]]*\]|:{1,2}[\w-()]+|\.[\w-]+|#[\w-]+)*\s*/
Done
Done
_fullcalendar.scss has 285 symbols
_colorpanel.scss has 20 symbols
Searching through them all for /(^|[\s>+~])strong>BULLETIN(\[[^\]]*\]|:{1,2}[\w-()]+|\.[\w-]+|#[\w-]+)*\s*/
Searching through them all for /(^|[\s>+~])strong>BULLETIN(\[[^\]]*\]|:{1,2}[\w-()]+|\.[\w-]+|#[\w-]+)*\s*/
Done
Done
dialog.css has 159 symbols
dialog_opera.scss has 3 symbols
Searching through them all for /(^|[\s>+~])strong>BULLETIN(\[[^\]]*\]|:{1,2}[\w-()]+|\.[\w-]+|#[\w-]+)*\s*/
Searching through them all for /(^|[\s>+~])strong>BULLETIN(\[[^\]]*\]|:{1,2}[\w-()]+|\.[\w-]+|#[\w-]+)*\s*/
Done
Done
dialog_ie8.css has 161 symbols
dialog_ie7.css has 172 symbols
Searching through them all for /(^|[\s>+~])strong>BULLETIN(\[[^\]]*\]|:{1,2}[\w-()]+|\.[\w-]+|#[\w-]+)*\s*/
Searching through them all for /(^|[\s>+~])strong>BULLETIN(\[[^\]]*\]|:{1,2}[\w-()]+|\.[\w-]+|#[\w-]+)*\s*/
Done
Done
dialog_ie7.css has 172 symbols
dialog_opera.css has 160 symbols
Searching through them all for /(^|[\s>+~])strong>BULLETIN(\[[^\]]*\]|:{1,2}[\w-()]+|\.[\w-]+|#[\w-]+)*\s*/
Searching through them all for /(^|[\s>+~])strong>BULLETIN(\[[^\]]*\]|:{1,2}[\w-()]+|\.[\w-]+|#[\w-]+)*\s*/
Done
Done
dialog_ie.css has 173 symbols
dialog_opera.scss has 3 symbols
Searching through them all for /(^|[\s>+~])strong>BULLETIN(\[[^\]]*\]|:{1,2}[\w-()]+|\.[\w-]+|#[\w-]+)*\s*/
Searching through them all for /(^|[\s>+~])strong>BULLETIN(\[[^\]]*\]|:{1,2}[\w-()]+|\.[\w-]+|#[\w-]+)*\s*/
Done
Done
dialog_iequirks.css has 158 symbols
dialog_iequirks.css has 158 symbols
Searching through them all for /(^|[\s>+~])strong>BULLETIN(\[[^\]]*\]|:{1,2}[\w-()]+|\.[\w-]+|#[\w-]+)*\s*/
Searching through them all for /(^|[\s>+~])strong>BULLETIN(\[[^\]]*\]|:{1,2}[\w-()]+|\.[\w-]+|#[\w-]+)*\s*/
Done
Done
dialog.scss has 155 symbols
dialog_ie.css has 173 symbols
Searching through them all for /(^|[\s>+~])strong>BULLETIN(\[[^\]]*\]|:{1,2}[\w-()]+|\.[\w-]+|#[\w-]+)*\s*/
Searching through them all for /(^|[\s>+~])strong>BULLETIN(\[[^\]]*\]|:{1,2}[\w-()]+|\.[\w-]+|#[\w-]+)*\s*/
Done
Done
dialog_opera.scss has 3 symbols
dialog_ie8.css has 161 symbols
Searching through them all for /(^|[\s>+~])strong>BULLETIN(\[[^\]]*\]|:{1,2}[\w-()]+|\.[\w-]+|#[\w-]+)*\s*/
Searching through them all for /(^|[\s>+~])strong>BULLETIN(\[[^\]]*\]|:{1,2}[\w-()]+|\.[\w-]+|#[\w-]+)*\s*/
Done
Done
dialog_opera.css has 160 symbols
wsc.css has 18 symbols
Searching through them all for /(^|[\s>+~])strong>BULLETIN(\[[^\]]*\]|:{1,2}[\w-()]+|\.[\w-]+|#[\w-]+)*\s*/
Searching through them all for /(^|[\s>+~])strong>BULLETIN(\[[^\]]*\]|:{1,2}[\w-()]+|\.[\w-]+|#[\w-]+)*\s*/
Done
Done
dialog_opera.css has 160 symbols
dialog.css has 159 symbols
Searching through them all for /(^|[\s>+~])strong>BULLETIN(\[[^\]]*\]|:{1,2}[\w-()]+|\.[\w-]+|#[\w-]+)*\s*/
Searching through them all for /(^|[\s>+~])strong>BULLETIN(\[[^\]]*\]|:{1,2}[\w-()]+|\.[\w-]+|#[\w-]+)*\s*/
Done
Done
dialog_iequirks.css has 158 symbols
dialog.scss has 155 symbols
Searching through them all for /(^|[\s>+~])strong>BULLETIN(\[[^\]]*\]|:{1,2}[\w-()]+|\.[\w-]+|#[\w-]+)*\s*/
Searching through them all for /(^|[\s>+~])strong>BULLETIN(\[[^\]]*\]|:{1,2}[\w-()]+|\.[\w-]+|#[\w-]+)*\s*/
Done
Done
dialog_ie.css has 173 symbols
_colorpanel.scss has 20 symbols
Searching through them all for /(^|[\s>+~])strong>BULLETIN(\[[^\]]*\]|:{1,2}[\w-()]+|\.[\w-]+|#[\w-]+)*\s*/
Searching through them all for /(^|[\s>+~])strong>BULLETIN(\[[^\]]*\]|:{1,2}[\w-()]+|\.[\w-]+|#[\w-]+)*\s*/
Done
Done
dialog_ie7.css has 172 symbols
exception.css has 214 symbols
Searching through them all for /(^|[\s>+~])strong>BULLETIN(\[[^\]]*\]|:{1,2}[\w-()]+|\.[\w-]+|#[\w-]+)*\s*/
Searching through them all for /(^|[\s>+~])strong>BULLETIN(\[[^\]]*\]|:{1,2}[\w-()]+|\.[\w-]+|#[\w-]+)*\s*/
Done
Done
dialog_ie8.css has 161 symbols
default.css has 45 symbols
Searching through them all for /(^|[\s>+~])strong>BULLETIN(\[[^\]]*\]|:{1,2}[\w-()]+|\.[\w-]+|#[\w-]+)*\s*/
Searching through them all for /(^|[\s>+~])strong>BULLETIN(\[[^\]]*\]|:{1,2}[\w-()]+|\.[\w-]+|#[\w-]+)*\s*/
Done
Done
_colorpanel.scss has 20 symbols
html.css has 163 symbols
Searching through them all for /(^|[\s>+~])strong>BULLETIN(\[[^\]]*\]|:{1,2}[\w-()]+|\.[\w-]+|#[\w-]+)*\s*/
Searching through them all for /(^|[\s>+~])strong>BULLETIN(\[[^\]]*\]|:{1,2}[\w-()]+|\.[\w-]+|#[\w-]+)*\s*/
Done
Done
dialog.css has 159 symbols
whoops.base.css has 120 symbols
Searching through them all for /(^|[\s>+~])strong>BULLETIN(\[[^\]]*\]|:{1,2}[\w-()]+|\.[\w-]+|#[\w-]+)*\s*/
Searching through them all for /(^|[\s>+~])strong>BULLETIN(\[[^\]]*\]|:{1,2}[\w-()]+|\.[\w-]+|#[\w-]+)*\s*/
Done
Done
dialog.scss has 155 symbols
bootstrap.min.css has 3147 symbols
Searching through them all for /(^|[\s>+~])strong>BULLETIN(\[[^\]]*\]|:{1,2}[\w-()]+|\.[\w-]+|#[\w-]+)*\s*/
Searching through them all for /(^|[\s>+~])strong>BULLETIN(\[[^\]]*\]|:{1,2}[\w-()]+|\.[\w-]+|#[\w-]+)*\s*/
Done
Done
dialog_opera.scss has 3 symbols
nv.d3.min.css has 135 symbols
Searching through them all for /(^|[\s>+~])strong>BULLETIN(\[[^\]]*\]|:{1,2}[\w-()]+|\.[\w-]+|#[\w-]+)*\s*/
Searching through them all for /(^|[\s>+~])strong>BULLETIN(\[[^\]]*\]|:{1,2}[\w-()]+|\.[\w-]+|#[\w-]+)*\s*/
Done
Done
_colorpanel.scss has 20 symbols
style.css has 50 symbols
Searching through them all for /(^|[\s>+~])strong>BULLETIN(\[[^\]]*\]|:{1,2}[\w-()]+|\.[\w-]+|#[\w-]+)*\s*/
Searching through them all for /(^|[\s>+~])strong>BULLETIN(\[[^\]]*\]|:{1,2}[\w-()]+|\.[\w-]+|#[\w-]+)*\s*/
Done
Done
wsc.css has 18 symbols
Searching through them all for /(^|[\s>+~])strong>BULLETIN(\[[^\]]*\]|:{1,2}[\w-()]+|\.[\w-]+|#[\w-]+)*\s*/
Done
default.css has 45 symbols
Searching through them all for /(^|[\s>+~])strong>BULLETIN(\[[^\]]*\]|:{1,2}[\w-()]+|\.[\w-]+|#[\w-]+)*\s*/
Done
whoops.base.css has 120 symbols
Searching through them all for /(^|[\s>+~])strong>BULLETIN(\[[^\]]*\]|:{1,2}[\w-()]+|\.[\w-]+|#[\w-]+)*\s*/
Done
style.css has 50 symbols
Searching through them all for /(^|[\s>+~])strong>BULLETIN(\[[^\]]*\]|:{1,2}[\w-()]+|\.[\w-]+|#[\w-]+)*\s*/
Done
bootstrap.min.css has 3147 symbols
Searching through them all for /(^|[\s>+~])strong>BULLETIN(\[[^\]]*\]|:{1,2}[\w-()]+|\.[\w-]+|#[\w-]+)*\s*/
Done
nv.d3.min.css has 135 symbols
Searching through them all for /(^|[\s>+~])strong>BULLETIN(\[[^\]]*\]|:{1,2}[\w-()]+|\.[\w-]+|#[\w-]+)*\s*/
Done
dd($sr- 373
  script 54 60
dd($sr- 373
  script 113 119
  script 54 60
  script 122 128
  script 113 119
  script 181 187
  script 122 128
  table 191 196
  script 181 187
  tbody 250 255
  table 191 196
  tr 266 268
  tbody 250 255
  td 283 285
  tr 266 268
  strong 287 293
  td 283 285
  strong 300 306
  strong 287 293
  td 343 345
  strong 300 306
  td 419 421
  td 343 345
  strong 423 429
  td 419 421
  strong 451 457
  strong 423 429
  td 478 480
  strong 451 457
  td 495 497
  td 478 480
  strong 499 505
  td 495 497
  strong 515 521
  strong 499 505
  td 558 560
  strong 515 521
  tr 572 574
  td 558 560
  tr 585 587
  tr 572 574
  td 602 604
  tr 585 587
  strong 606 612
  td 602 604
  strong 637 643
  strong 606 612
  td 701 703
  strong 637 643
  td 718 720
  td 701 703
  strong 722 728
  td 718 720
  strong 748 754
  strong 722 728
  td 773 775
  strong 748 754
  td 790 792
  td 773 775
  strong 794 800
  td 790 792
  strong 807 813
  strong 794 800
  td 950 952
  strong 807 813
  tr 964 966
  td 950 952
  tbody 975 980
  tr 964 966
  table 984 989
  tbody 975 980
  table 994 999
  table 984 989
  thead 1140 1145
  table 994 999
  tr 1156 1158
  thead 1140 1145
  th 1173 1175
  tr 1156 1158
  th 1192 1194
  th 1173 1175
  th 1209 1211
  th 1192 1194
  th 1234 1236
  th 1209 1211
  th 1251 1253
  th 1234 1236
  br 1270 1272
  th 1251 1253
  th 1279 1281
  br 1270 1272
  th 1296 1298
  th 1279 1281
  br 1315 1317
  th 1296 1298
  th 1324 1326
  br 1315 1317
  th 1341 1343
  th 1324 1326
  br 1364 1366
  th 1341 1343
  th 1373 1375
  br 1364 1366
  th 1390 1392
  th 1373 1375
  br 1419 1421
  th 1390 1392
  th 1424 1426
  br 1419 1421
  th 1511 1513
  th 1424 1426
  br 1533 1535
  th 1511 1513
  sup 1545 1548
  br 1533 1535
  sup 1552 1555
  sup 1545 1548
  th 1568 1570
  sup 1552 1555
  th 1585 1587
  th 1568 1570
  sup 1602 1605
  th 1585 1587
  sup 1610 1613
  sup 1602 1605
  br 1616 1618
  sup 1610 1613
  th 1631 1633
  br 1616 1618
  th 1648 1650
  th 1631 1633
  sup 1665 1668
  th 1648 1650
  sup 1672 1675
  sup 1665 1668
  br 1678 1680
  sup 1672 1675
  th 1693 1695
  br 1678 1680
  th 1710 1712
  th 1693 1695
  br 1737 1739
  th 1710 1712
  sup 1743 1746
  br 1737 1739
  sup 1751 1754
  sup 1743 1746
  sup 1760 1763
  sup 1751 1754
  sup 1767 1770
  sup 1760 1763
  sup 1776 1779
  sup 1767 1770
  sup 1783 1786
  sup 1776 1779
  th 1789 1791
  sup 1783 1786
  th 1806 1808
  th 1789 1791
  th 1830 1832
  th 1806 1808
  th 1872 1874
  th 1830 1832
  th 1900 1902
  th 1872 1874
  th 1917 1919
  th 1900 1902
  th 1949 1951
  th 1917 1919
  th 1966 1968
  th 1949 1951
  th 1992 1994
  th 1966 1968
  tr 2006 2008
  th 1992 1994
  thead 2016 2021
  tr 2006 2008
  tbody 2029 2034
  thead 2016 2021
  tr 2086 2088
  tbody 2029 2034
  td 2107 2109
  tr 2086 2088
  td 2134 2136
  td 2107 2109
  td 2155 2157
  td 2134 2136
  td 2176 2178
  td 2155 2157
  td 2300 2302
  td 2176 2178
  td 2325 2327
  td 2300 2302
  td 2350 2352
  td 2325 2327
  td 2375 2377
  td 2350 2352
  td 2400 2402
  td 2375 2377
  td 2426 2428
  td 2400 2402
  td 2451 2453
  td 2426 2428
  td 2934 2936
  td 2451 2453
  td 3054 3056
  td 2934 2936
  td 3081 3083
  td 3054 3056
  td 3111 3113
  td 3081 3083
  td 3192 3194
  td 3111 3113
  td 3222 3224
  td 3192 3194
  td 3303 3305
  td 3222 3224
  td 3333 3335
  td 3303 3305
  td 3359 3361
  td 3333 3335
  td 3389 3391
  td 3359 3361
  td 3419 3421
  td 3389 3391
  td 3545 3547
  td 3419 3421
  td 3579 3581
  td 3545 3547
  td 3604 3606
  td 3579 3581
  td 4214 4216
  td 3604 3606
  td 4239 4241
  td 4214 4216
  td 4287 4289
  td 4239 4241
  tr 4333 4335
  td 4287 4289
  tr 4851 4853
  tr 4333 4335
  td 4868 4870
  tr 4851 4853
  strong 4903 4909
  td 4868 4870
  strong 4938 4944
  strong 4903 4909
  td 4947 4949
  strong 4938 4944
  td 4964 4966
  td 4947 4949
  strong 4998 5004
  td 4964 4966
  strong 5023 5029
  strong 4998 5004
  td 5032 5034
  strong 5023 5029
  td 5080 5082
  td 5032 5034
  strong 5096 5102
  td 5080 5082
  td 5155 5157
  strong 5096 5102
  td 5201 5203
  td 5155 5157
  strong 5217 5223
  td 5201 5203
  td 5277 5279
  strong 5217 5223
  tr 5321 5323
  td 5277 5279
  tbody 5331 5336
  tr 5321 5323
  table 5340 5345
  tbody 5331 5336
  script 5398 5404
  table 5340 5345
  script 6198 6204
  script 5398 5404
Invalid Selector
  script 6198 6204
Invalid Selector
dd($sr- 373
dd($sr- 373
  script 54 60
  script 54 60
  script 113 119
  script 113 119
  script 122 128
  script 122 128
  script 181 187
  script 181 187
  table 191 196
  table 191 196
  tbody 250 255
  tbody 250 255
  tr 266 268
  tr 266 268
  td 283 285
  td 283 285
  strong 287 293
  strong 287 293
  strong 300 306
  strong 300 306
  td 343 345
  td 343 345
  td 419 421
  td 419 421
  strong 423 429
  strong 423 429
  strong 451 457
  strong 451 457
  td 478 480
  td 478 480
  td 495 497
  td 495 497
  strong 499 505
  strong 499 505
  strong 515 521
  strong 515 521
  td 558 560
  td 558 560
  tr 572 574
  tr 572 574
  tr 585 587
  tr 585 587
  td 602 604
  td 602 604
  strong 606 612
  strong 606 612
  strong 637 643
  strong 637 643
  td 701 703
  td 701 703
  td 718 720
  td 718 720
  strong 722 728
  strong 722 728
  strong 748 754
  strong 748 754
  td 773 775
  td 773 775
  td 790 792
  td 790 792
  strong 794 800
  strong 794 800
  strong 807 813
  strong 807 813
  td 950 952
  td 950 952
  tr 964 966
  tr 964 966
  tbody 975 980
  tbody 975 980
  table 984 989
  table 984 989
  table 994 999
  table 994 999
  thead 1140 1145
  thead 1140 1145
  tr 1156 1158
  tr 1156 1158
  th 1173 1175
  th 1173 1175
  th 1192 1194
  th 1192 1194
  th 1209 1211
  th 1209 1211
  th 1234 1236
  th 1234 1236
  th 1251 1253
  th 1251 1253
  br 1270 1272
  br 1270 1272
  th 1279 1281
  th 1279 1281
  th 1296 1298
  th 1296 1298
  br 1315 1317
  br 1315 1317
  th 1324 1326
  th 1324 1326
  th 1341 1343
  th 1341 1343
  br 1364 1366
  br 1364 1366
  th 1373 1375
  th 1373 1375
  th 1390 1392
  th 1390 1392
  br 1419 1421
  br 1419 1421
  th 1424 1426
  th 1424 1426
  th 1511 1513
  th 1511 1513
  br 1533 1535
  br 1533 1535
  sup 1545 1548
  sup 1545 1548
  sup 1552 1555
  sup 1552 1555
  th 1568 1570
  th 1568 1570
  th 1585 1587
  th 1585 1587
  sup 1602 1605
  sup 1602 1605
  sup 1610 1613
  sup 1610 1613
  br 1616 1618
  br 1616 1618
  th 1631 1633
  th 1631 1633
  th 1648 1650
  th 1648 1650
  sup 1665 1668
  sup 1665 1668
  sup 1672 1675
  sup 1672 1675
  br 1678 1680
  br 1678 1680
  th 1693 1695
  th 1693 1695
  th 1710 1712
  th 1710 1712
  br 1737 1739
  br 1737 1739
  sup 1743 1746
  sup 1743 1746
  sup 1751 1754
  sup 1751 1754
  sup 1760 1763
  sup 1760 1763
  sup 1767 1770
  sup 1767 1770
  sup 1776 1779
  sup 1776 1779
  sup 1783 1786
  sup 1783 1786
  th 1789 1791
  th 1789 1791
  th 1806 1808
  th 1806 1808
  th 1830 1832
  th 1830 1832
  th 1872 1874
  th 1872 1874
  th 1900 1902
  th 1900 1902
  th 1917 1919
  th 1917 1919
  th 1949 1951
  th 1949 1951
  th 1966 1968
  th 1966 1968
  th 1992 1994
  th 1992 1994
  tr 2006 2008
  tr 2006 2008
  thead 2016 2021
  thead 2016 2021
  tbody 2029 2034
  tbody 2029 2034
  tr 2086 2088
  tr 2086 2088
  td 2107 2109
  td 2107 2109
  td 2134 2136
  td 2134 2136
  td 2155 2157
  td 2155 2157
  td 2176 2178
  td 2176 2178
  td 2300 2302
  td 2300 2302
  td 2325 2327
  td 2325 2327
  td 2350 2352
  td 2350 2352
  td 2375 2377
  td 2375 2377
  td 2400 2402
  td 2400 2402
  td 2426 2428
  td 2426 2428
  td 2451 2453
  td 2451 2453
  td 2934 2936
  td 2934 2936
  td 3054 3056
  td 3054 3056
  td 3081 3083
  td 3081 3083
  td 3111 3113
  td 3111 3113
  td 3192 3194
  td 3192 3194
  td 3222 3224
  td 3222 3224
  td 3303 3305
  td 3303 3305
  td 3333 3335
  td 3333 3335
  td 3359 3361
  td 3359 3361
  td 3389 3391
  td 3389 3391
  td 3419 3421
  td 3419 3421
  td 3545 3547
  td 3545 3547
  td 3579 3581
  td 3579 3581
  td 3604 3606
  td 3604 3606
  td 4214 4216
  td 4214 4216
  td 4239 4241
  td 4239 4241
  td 4287 4289
  td 4287 4289
  tr 4333 4335
  tr 4333 4335
  tr 4851 4853
  tr 4851 4853
  td 4868 4870
  td 4868 4870
  strong 4903 4909
  strong 4903 4909
  strong 4938 4944
  strong 4938 4944
  td 4947 4949
  td 4947 4949
  td 4964 4966
  td 4964 4966
  strong 4998 5004
  strong 4998 5004
  strong 5023 5029
  strong 5023 5029
  td 5032 5034
  td 5032 5034
  td 5080 5082
  td 5080 5082
  strong 5096 5102
  strong 5096 5102
  td 5155 5157
  td 5155 5157
  td 5201 5203
  td 5201 5203
  strong 5217 5223
  strong 5217 5223
  td 5277 5279
  td 5277 5279
  tr 5321 5323
  tr 5321 5323
  tbody 5331 5336
  tbody 5331 5336
  table 5340 5345
  table 5340 5345
  script 5398 5404
  script 5398 5404
  script 6198 6204
  script 6198 6204
Invalid Selector
Invalid Selector
dd($sr->section_id); 373
  script 54 60
dd($sr->section_id); 373
  script 113 119
  script 54 60
  script 122 128
  script 113 119
  script 181 187
  script 122 128
  table 191 196
  script 181 187
  tbody 250 255
  table 191 196
  tr 266 268
  tbody 250 255
  td 283 285
  tr 266 268
  strong 287 293
  td 283 285
  strong 300 306
  strong 287 293
  td 343 345
  strong 300 306
  td 419 421
  td 343 345
  strong 423 429
  td 419 421
  strong 451 457
  strong 423 429
  td 478 480
  strong 451 457
  td 495 497
  td 478 480
  strong 499 505
  td 495 497
  strong 515 521
  strong 499 505
  td 558 560
  strong 515 521
  tr 572 574
  td 558 560
  tr 585 587
  tr 572 574
  td 602 604
  tr 585 587
  strong 606 612
  td 602 604
  strong 637 643
  strong 606 612
  td 701 703
  strong 637 643
  td 718 720
  td 701 703
  strong 722 728
  td 718 720
  strong 748 754
  strong 722 728
  td 773 775
  strong 748 754
  td 790 792
  td 773 775
  strong 794 800
  td 790 792
  strong 807 813
  strong 794 800
  td 950 952
  strong 807 813
  tr 964 966
  td 950 952
  tbody 975 980
  tr 964 966
  table 984 989
  tbody 975 980
  table 994 999
  table 984 989
  thead 1140 1145
  table 994 999
  tr 1156 1158
  thead 1140 1145
  th 1173 1175
  tr 1156 1158
  th 1192 1194
  th 1173 1175
  th 1209 1211
  th 1192 1194
  th 1234 1236
  th 1209 1211
  th 1251 1253
  th 1234 1236
  br 1270 1272
  th 1251 1253
  th 1279 1281
  br 1270 1272
  th 1296 1298
  th 1279 1281
  br 1315 1317
  th 1296 1298
  th 1324 1326
  br 1315 1317
  th 1341 1343
  th 1324 1326
  br 1364 1366
  th 1341 1343
  th 1373 1375
  br 1364 1366
  th 1390 1392
  th 1373 1375
  br 1419 1421
  th 1390 1392
  th 1424 1426
  br 1419 1421
  th 1511 1513
  th 1424 1426
  br 1533 1535
  th 1511 1513
  sup 1545 1548
  br 1533 1535
  sup 1552 1555
  sup 1545 1548
  th 1568 1570
  sup 1552 1555
  th 1585 1587
  th 1568 1570
  sup 1602 1605
  th 1585 1587
  sup 1610 1613
  sup 1602 1605
  br 1616 1618
  sup 1610 1613
  th 1631 1633
  br 1616 1618
  th 1648 1650
  th 1631 1633
  sup 1665 1668
  th 1648 1650
  sup 1672 1675
  sup 1665 1668
  br 1678 1680
  sup 1672 1675
  th 1693 1695
  br 1678 1680
  th 1710 1712
  th 1693 1695
  br 1737 1739
  th 1710 1712
  sup 1743 1746
  br 1737 1739
  sup 1751 1754
  sup 1743 1746
  sup 1760 1763
  sup 1751 1754
  sup 1767 1770
  sup 1760 1763
  sup 1776 1779
  sup 1767 1770
  sup 1783 1786
  sup 1776 1779
  th 1789 1791
  sup 1783 1786
  th 1806 1808
  th 1789 1791
  th 1830 1832
  th 1806 1808
  th 1872 1874
  th 1830 1832
  th 1900 1902
  th 1872 1874
  th 1917 1919
  th 1900 1902
  th 1949 1951
  th 1917 1919
  th 1966 1968
  th 1949 1951
  th 1992 1994
  th 1966 1968
  tr 2006 2008
  th 1992 1994
  thead 2016 2021
  tr 2006 2008
  tbody 2029 2034
  thead 2016 2021
  tr 2086 2088
  tbody 2029 2034
  td 2107 2109
  tr 2086 2088
  td 2134 2136
  td 2107 2109
  td 2155 2157
  td 2134 2136
  td 2176 2178
  td 2155 2157
  td 2300 2302
  td 2176 2178
  td 2325 2327
  td 2300 2302
  td 2350 2352
  td 2325 2327
  td 2375 2377
  td 2350 2352
  td 2400 2402
  td 2375 2377
  td 2426 2428
  td 2400 2402
  td 2451 2453
  td 2426 2428
  td 2934 2936
  td 2451 2453
  td 3054 3056
  td 2934 2936
  td 3081 3083
  td 3054 3056
  td 3111 3113
  td 3081 3083
  td 3192 3194
  td 3111 3113
  td 3222 3224
  td 3192 3194
  td 3303 3305
  td 3222 3224
  td 3333 3335
  td 3303 3305
  td 3359 3361
  td 3333 3335
  td 3389 3391
  td 3359 3361
  td 3419 3421
  td 3389 3391
  td 3545 3547
  td 3419 3421
  td 3579 3581
  td 3545 3547
  td 3604 3606
  td 3579 3581
  td 4214 4216
  td 3604 3606
  td 4239 4241
  td 4214 4216
  td 4287 4289
  td 4239 4241
  tr 4333 4335
  td 4287 4289
  tr 4851 4853
  tr 4333 4335
  td 4868 4870
  tr 4851 4853
  strong 4903 4909
  td 4868 4870
  strong 4938 4944
  strong 4903 4909
  td 4947 4949
  strong 4938 4944
  td 4964 4966
  td 4947 4949
  strong 4998 5004
  td 4964 4966
  strong 5023 5029
  strong 4998 5004
  td 5032 5034
  strong 5023 5029
  td 5080 5082
  td 5032 5034
  strong 5096 5102
  td 5080 5082
  td 5155 5157
  strong 5096 5102
  td 5201 5203
  td 5155 5157
  strong 5217 5223
  td 5201 5203
  td 5277 5279
  strong 5217 5223
  tr 5321 5323
  td 5277 5279
  tbody 5331 5336
  tr 5321 5323
  table 5340 5345
  tbody 5331 5336
  script 5398 5404
  table 5340 5345
  script 6198 6204
  script 5398 5404
Invalid Selector
  script 6198 6204
Invalid Selector
ADMISSION:</strong 418
  script 54 60
  script 113 119
ADMISSION:</strong 418
  script 122 128
  script 54 60
  script 181 187
  script 113 119
  table 191 196
  script 122 128
  tbody 250 255
  script 181 187
  tr 266 268
  table 191 196
  td 283 285
  tbody 250 255
  strong 287 293
  tr 266 268
  strong 300 306
  td 283 285
  td 343 345
  strong 287 293
  td 398 400
  strong 300 306
  strong 402 408
  td 343 345
  strong 430 436
  td 398 400
  td 457 459
  strong 402 408
  td 474 476
  strong 430 436
  strong 478 484
  td 457 459
  strong 494 500
  td 474 476
  td 537 539
  strong 478 484
  tr 551 553
  strong 494 500
  tr 564 566
  td 537 539
  td 581 583
  tr 551 553
  strong 585 591
  tr 564 566
  strong 616 622
  td 581 583
  td 680 682
  strong 585 591
  td 697 699
  strong 616 622
  strong 701 707
  td 680 682
  strong 727 733
  td 697 699
  td 752 754
  strong 701 707
  td 769 771
  strong 727 733
  strong 773 779
  td 752 754
  strong 786 792
  td 769 771
  td 929 931
  strong 773 779
  tr 943 945
  strong 786 792
  tbody 954 959
  td 929 931
  table 963 968
  tr 943 945
  table 973 978
  tbody 954 959
  thead 1119 1124
  table 963 968
  tr 1135 1137
  table 973 978
  th 1152 1154
  thead 1119 1124
  th 1171 1173
  tr 1135 1137
  th 1188 1190
  th 1152 1154
  th 1213 1215
  th 1171 1173
  th 1230 1232
  th 1188 1190
  br 1249 1251
  th 1213 1215
  th 1258 1260
  th 1230 1232
  th 1275 1277
  br 1249 1251
  br 1294 1296
  th 1258 1260
  th 1303 1305
  th 1275 1277
  th 1320 1322
  br 1294 1296
  br 1343 1345
  th 1303 1305
  th 1352 1354
  th 1320 1322
  th 1369 1371
  br 1343 1345
  br 1398 1400
  th 1352 1354
  th 1403 1405
  th 1369 1371
  th 1490 1492
  br 1398 1400
  br 1512 1514
  th 1403 1405
  sup 1524 1527
  th 1490 1492
  sup 1531 1534
  br 1512 1514
  th 1547 1549
  sup 1524 1527
  th 1564 1566
  sup 1531 1534
  sup 1581 1584
  th 1547 1549
  sup 1589 1592
  th 1564 1566
  br 1595 1597
  sup 1581 1584
  th 1610 1612
  sup 1589 1592
  th 1627 1629
  br 1595 1597
  sup 1644 1647
  th 1610 1612
  sup 1651 1654
  th 1627 1629
  br 1657 1659
  sup 1644 1647
  th 1672 1674
  sup 1651 1654
  th 1689 1691
  br 1657 1659
  br 1716 1718
  th 1672 1674
  sup 1722 1725
  th 1689 1691
  sup 1730 1733
  br 1716 1718
  sup 1739 1742
  sup 1722 1725
  sup 1746 1749
  sup 1730 1733
  sup 1755 1758
  sup 1739 1742
  sup 1762 1765
  sup 1746 1749
  th 1768 1770
  sup 1755 1758
  th 1785 1787
  sup 1762 1765
  th 1809 1811
  th 1768 1770
  th 1851 1853
  th 1785 1787
  th 1879 1881
  th 1809 1811
  th 1896 1898
  th 1851 1853
  th 1928 1930
  th 1879 1881
  th 1945 1947
  th 1896 1898
  th 1971 1973
  th 1928 1930
  tr 1985 1987
  th 1945 1947
  thead 1995 2000
  th 1971 1973
  tbody 2008 2013
  tr 1985 1987
  tr 2065 2067
  thead 1995 2000
  td 2086 2088
  tbody 2008 2013
  td 2113 2115
  tr 2065 2067
  td 2134 2136
  td 2086 2088
  td 2155 2157
  td 2113 2115
  td 2279 2281
  td 2134 2136
  td 2304 2306
  td 2155 2157
  td 2329 2331
  td 2279 2281
  td 2354 2356
  td 2304 2306
  td 2379 2381
  td 2329 2331
  td 2405 2407
  td 2354 2356
  td 2430 2432
  td 2379 2381
  td 2913 2915
  td 2405 2407
  td 3033 3035
  td 2430 2432
  td 3060 3062
  td 2913 2915
  td 3090 3092
  td 3033 3035
  td 3171 3173
  td 3060 3062
  td 3201 3203
  td 3090 3092
  td 3282 3284
  td 3171 3173
  td 3312 3314
  td 3201 3203
  td 3338 3340
  td 3282 3284
  td 3368 3370
  td 3312 3314
  td 3398 3400
  td 3338 3340
  td 3524 3526
  td 3368 3370
  td 3558 3560
  td 3398 3400
  td 3583 3585
  td 3524 3526
  td 4193 4195
  td 3558 3560
  td 4218 4220
  td 3583 3585
  td 4266 4268
  td 4193 4195
  tr 4312 4314
  td 4218 4220
  tr 4830 4832
  td 4266 4268
  td 4847 4849
  tr 4312 4314
  strong 4882 4888
  tr 4830 4832
  strong 4917 4923
  td 4847 4849
  td 4926 4928
  strong 4882 4888
  td 4943 4945
  strong 4917 4923
  strong 4977 4983
  td 4926 4928
  strong 5002 5008
  td 4943 4945
  td 5011 5013
  strong 4977 4983
  td 5059 5061
  strong 5002 5008
  strong 5075 5081
  td 5011 5013
  td 5134 5136
  td 5059 5061
  td 5180 5182
  strong 5075 5081
  strong 5196 5202
  td 5134 5136
  td 5256 5258
  td 5180 5182
  tr 5300 5302
  strong 5196 5202
  tbody 5310 5315
  td 5256 5258
  table 5319 5324
  tr 5300 5302
  script 5377 5383
  tbody 5310 5315
  script 6177 6183
  table 5319 5324
Invalid Selector
  script 5377 5383
  script 6177 6183
strtoupper($my_class- 505
Invalid Selector
  script 54 60
  script 113 119
strtoupper($my_class- 505
  script 122 128
  script 54 60
  script 181 187
  script 113 119
  table 191 196
  script 122 128
  tbody 250 255
  script 181 187
  tr 266 268
  table 191 196
  td 283 285
  tbody 250 255
  strong 287 293
  tr 266 268
  strong 300 306
  td 283 285
  td 343 345
  strong 287 293
  td 398 400
  strong 300 306
  strong 402 408
  td 343 345
  strong 430 436
  td 398 400
  td 457 459
  strong 402 408
  td 474 476
  strong 430 436
  strong 478 484
  td 457 459
  strong 494 500
  td 474 476
  td 537 539
  strong 478 484
  tr 551 553
  strong 494 500
  tr 564 566
  td 537 539
  td 581 583
  tr 551 553
  strong 585 591
  tr 564 566
  strong 616 622
  td 581 583
  td 680 682
  strong 585 591
  td 697 699
  strong 616 622
  strong 701 707
  td 680 682
  strong 727 733
  td 697 699
  td 752 754
  strong 701 707
  td 769 771
  strong 727 733
  strong 773 779
  td 752 754
  strong 786 792
  td 769 771
  td 929 931
  strong 773 779
  tr 943 945
  strong 786 792
  tbody 954 959
  td 929 931
  table 963 968
  tr 943 945
  table 973 978
  tbody 954 959
  thead 1119 1124
  table 963 968
  tr 1135 1137
  table 973 978
  th 1152 1154
  thead 1119 1124
  th 1171 1173
  tr 1135 1137
  th 1188 1190
  th 1152 1154
  th 1213 1215
  th 1171 1173
  th 1230 1232
  th 1188 1190
  br 1249 1251
  th 1213 1215
  th 1258 1260
  th 1230 1232
  th 1275 1277
  br 1249 1251
  br 1294 1296
  th 1258 1260
  th 1303 1305
  th 1275 1277
  th 1320 1322
  br 1294 1296
  br 1343 1345
  th 1303 1305
  th 1352 1354
  th 1320 1322
  th 1369 1371
  br 1343 1345
  br 1398 1400
  th 1352 1354
  th 1403 1405
  th 1369 1371
  th 1490 1492
  br 1398 1400
  br 1512 1514
  th 1403 1405
  sup 1524 1527
  th 1490 1492
  sup 1531 1534
  br 1512 1514
  th 1547 1549
  sup 1524 1527
  th 1564 1566
  sup 1531 1534
  sup 1581 1584
  th 1547 1549
  sup 1589 1592
  th 1564 1566
  br 1595 1597
  sup 1581 1584
  th 1610 1612
  sup 1589 1592
  th 1627 1629
  br 1595 1597
  sup 1644 1647
  th 1610 1612
  sup 1651 1654
  th 1627 1629
  br 1657 1659
  sup 1644 1647
  th 1672 1674
  sup 1651 1654
  th 1689 1691
  br 1657 1659
  br 1716 1718
  th 1672 1674
  sup 1722 1725
  th 1689 1691
  sup 1730 1733
  br 1716 1718
  sup 1739 1742
  sup 1722 1725
  sup 1746 1749
  sup 1730 1733
  sup 1755 1758
  sup 1739 1742
  sup 1762 1765
  sup 1746 1749
  th 1768 1770
  sup 1755 1758
  th 1785 1787
  sup 1762 1765
  th 1809 1811
  th 1768 1770
  th 1851 1853
  th 1785 1787
  th 1879 1881
  th 1809 1811
  th 1896 1898
  th 1851 1853
  th 1928 1930
  th 1879 1881
  th 1945 1947
  th 1896 1898
  th 1971 1973
  th 1928 1930
  tr 1985 1987
  th 1945 1947
  thead 1995 2000
  th 1971 1973
  tbody 2008 2013
  tr 1985 1987
  tr 2065 2067
  thead 1995 2000
  td 2086 2088
  tbody 2008 2013
  td 2113 2115
  tr 2065 2067
  td 2134 2136
  td 2086 2088
  td 2155 2157
  td 2113 2115
  td 2279 2281
  td 2134 2136
  td 2304 2306
  td 2155 2157
  td 2329 2331
  td 2279 2281
  td 2354 2356
  td 2304 2306
  td 2379 2381
  td 2329 2331
  td 2405 2407
  td 2354 2356
  td 2430 2432
  td 2379 2381
  td 2913 2915
  td 2405 2407
  td 3033 3035
  td 2430 2432
  td 3060 3062
  td 2913 2915
  td 3090 3092
  td 3033 3035
  td 3171 3173
  td 3060 3062
  td 3201 3203
  td 3090 3092
  td 3282 3284
  td 3171 3173
  td 3312 3314
  td 3201 3203
  td 3338 3340
  td 3282 3284
  td 3368 3370
  td 3312 3314
  td 3398 3400
  td 3338 3340
  td 3524 3526
  td 3368 3370
  td 3558 3560
  td 3398 3400
  td 3583 3585
  td 3524 3526
  td 4193 4195
  td 3558 3560
  td 4218 4220
  td 3583 3585
  td 4266 4268
  td 4193 4195
  tr 4312 4314
  td 4218 4220
  tr 4830 4832
  td 4266 4268
  td 4847 4849
  tr 4312 4314
  strong 4882 4888
  tr 4830 4832
  strong 4917 4923
  td 4847 4849
  td 4926 4928
  strong 4882 4888
  td 4943 4945
  strong 4917 4923
  strong 4977 4983
  td 4926 4928
  strong 5002 5008
  td 4943 4945
  td 5011 5013
  strong 4977 4983
  td 5059 5061
  strong 5002 5008
  strong 5075 5081
  td 5011 5013
  td 5134 5136
  td 5059 5061
  td 5180 5182
  strong 5075 5081
  strong 5196 5202
  td 5134 5136
  td 5256 5258
  td 5180 5182
  tr 5300 5302
  strong 5196 5202
  tbody 5310 5315
  td 5256 5258
  table 5319 5324
  tr 5300 5302
  script 5377 5383
  tbody 5310 5315
  script 6177 6183
  table 5319 5324
Invalid Selector
  script 5377 5383
  script 6177 6183
Invalid Selector
date_create( 882
date_create( 882
  script 54 60
  script 54 60
  script 113 119
  script 113 119
  script 122 128
  script 122 128
  script 181 187
  script 181 187
  table 191 196
  table 191 196
  tbody 250 255
  tbody 250 255
  tr 266 268
  tr 266 268
  td 283 285
  td 283 285
  strong 287 293
  strong 287 293
  strong 300 306
  strong 300 306
  td 343 345
  td 343 345
  td 398 400
  td 398 400
  strong 402 408
  strong 402 408
  strong 430 436
  strong 430 436
  td 457 459
  td 457 459
  td 474 476
  td 474 476
  strong 478 484
  strong 478 484
  strong 494 500
  strong 494 500
  td 537 539
  td 537 539
  tr 551 553
  tr 551 553
  tr 564 566
  tr 564 566
  td 581 583
  td 581 583
  strong 585 591
  strong 585 591
  strong 616 622
  strong 616 622
  td 680 682
  td 680 682
  td 697 699
  td 697 699
  strong 701 707
  strong 701 707
  strong 727 733
  strong 727 733
  td 752 754
  td 752 754
  td 769 771
  td 769 771
  strong 773 779
  strong 773 779
  strong 786 792
  strong 786 792
  td 929 931
  td 929 931
  tr 943 945
  tr 943 945
  tbody 954 959
  tbody 954 959
  table 963 968
  table 963 968
  table 973 978
  table 973 978
  thead 1119 1124
  thead 1119 1124
  tr 1135 1137
  tr 1135 1137
  th 1152 1154
  th 1152 1154
  th 1171 1173
  th 1171 1173
  th 1188 1190
  th 1188 1190
  th 1213 1215
  th 1213 1215
  th 1230 1232
  th 1230 1232
  br 1249 1251
  br 1249 1251
  th 1258 1260
  th 1258 1260
  th 1275 1277
  th 1275 1277
  br 1294 1296
  br 1294 1296
  th 1303 1305
  th 1303 1305
  th 1320 1322
  th 1320 1322
  br 1343 1345
  br 1343 1345
  th 1352 1354
  th 1352 1354
  th 1369 1371
  th 1369 1371
  br 1398 1400
  br 1398 1400
  th 1403 1405
  th 1403 1405
  th 1490 1492
  th 1490 1492
  br 1512 1514
  br 1512 1514
  sup 1524 1527
  sup 1524 1527
  sup 1531 1534
  sup 1531 1534
  th 1547 1549
  th 1547 1549
  th 1564 1566
  th 1564 1566
  sup 1581 1584
  sup 1581 1584
  sup 1589 1592
  sup 1589 1592
  br 1595 1597
  br 1595 1597
  th 1610 1612
  th 1610 1612
  th 1627 1629
  th 1627 1629
  sup 1644 1647
  sup 1644 1647
  sup 1651 1654
  sup 1651 1654
  br 1657 1659
  br 1657 1659
  th 1672 1674
  th 1672 1674
  th 1689 1691
  th 1689 1691
  br 1716 1718
  br 1716 1718
  sup 1722 1725
  sup 1722 1725
  sup 1730 1733
  sup 1730 1733
  sup 1739 1742
  sup 1739 1742
  sup 1746 1749
  sup 1746 1749
  sup 1755 1758
  sup 1755 1758
  sup 1762 1765
  sup 1762 1765
  th 1768 1770
  th 1768 1770
  th 1785 1787
  th 1785 1787
  th 1809 1811
  th 1809 1811
  th 1851 1853
  th 1851 1853
  th 1879 1881
  th 1879 1881
  th 1896 1898
  th 1896 1898
  th 1928 1930
  th 1928 1930
  th 1945 1947
  th 1945 1947
  th 1971 1973
  th 1971 1973
  tr 1985 1987
  tr 1985 1987
  thead 1995 2000
  thead 1995 2000
  tbody 2008 2013
  tbody 2008 2013
  tr 2065 2067
  tr 2065 2067
  td 2086 2088
  td 2086 2088
  td 2113 2115
  td 2113 2115
  td 2134 2136
  td 2134 2136
  td 2155 2157
  td 2155 2157
  td 2279 2281
  td 2279 2281
  td 2304 2306
  td 2304 2306
  td 2329 2331
  td 2329 2331
  td 2354 2356
  td 2354 2356
  td 2379 2381
  td 2379 2381
  td 2405 2407
  td 2405 2407
  td 2430 2432
  td 2430 2432
  td 2913 2915
  td 2913 2915
  td 3033 3035
  td 3033 3035
  td 3060 3062
  td 3060 3062
  td 3090 3092
  td 3090 3092
  td 3171 3173
  td 3171 3173
  td 3201 3203
  td 3201 3203
  td 3282 3284
  td 3282 3284
  td 3312 3314
  td 3312 3314
  td 3338 3340
  td 3338 3340
  td 3368 3370
  td 3368 3370
  td 3398 3400
  td 3398 3400
  td 3524 3526
  td 3524 3526
  td 3558 3560
  td 3558 3560
  td 3583 3585
  td 3583 3585
  td 4193 4195
  td 4193 4195
  td 4218 4220
  td 4218 4220
  td 4266 4268
  td 4266 4268
  tr 4312 4314
  tr 4312 4314
  tr 4830 4832
  tr 4830 4832
  td 4847 4849
  td 4847 4849
  strong 4882 4888
  strong 4882 4888
  strong 4917 4923
  strong 4917 4923
  td 4926 4928
  td 4926 4928
  td 4943 4945
  td 4943 4945
  strong 4977 4983
  strong 4977 4983
  strong 5002 5008
  strong 5002 5008
  td 5011 5013
  td 5011 5013
  td 5059 5061
  td 5059 5061
  strong 5075 5081
  strong 5075 5081
  td 5134 5136
  td 5134 5136
  td 5180 5182
  td 5180 5182
  strong 5196 5202
  strong 5196 5202
  td 5256 5258
  td 5256 5258
  tr 5300 5302
  tr 5300 5302
  tbody 5310 5315
  tbody 5310 5315
  table 5319 5324
  table 5319 5324
  script 5377 5383
  script 5377 5383
  script 6177 6183
  script 6177 6183
Invalid Selector
Invalid Selector
strong 4873
  script 54 60
strong 4873
  script 113 119
  script 54 60
  script 122 128
  script 113 119
  script 181 187
  script 122 128
  table 191 196
  script 181 187
  tbody 250 255
  table 191 196
  tr 266 268
  tbody 250 255
  td 283 285
  tr 266 268
  strong 287 293
  td 283 285
  strong 300 306
  strong 287 293
  td 343 345
  strong 300 306
  td 398 400
  td 343 345
  strong 402 408
  td 398 400
  strong 430 436
  strong 402 408
  td 457 459
  strong 430 436
  td 474 476
  td 457 459
  strong 478 484
  td 474 476
  strong 494 500
  strong 478 484
  td 537 539
  strong 494 500
  tr 551 553
  td 537 539
  tr 564 566
  tr 551 553
  td 581 583
  tr 564 566
  strong 585 591
  td 581 583
  strong 616 622
  strong 585 591
  td 680 682
  strong 616 622
  td 697 699
  td 680 682
  strong 701 707
  td 697 699
  strong 727 733
  strong 701 707
  td 752 754
  strong 727 733
  td 769 771
  td 752 754
  strong 773 779
  td 769 771
  strong 786 792
  strong 773 779
  td 929 931
  strong 786 792
  tr 943 945
  td 929 931
  tbody 954 959
  tr 943 945
  table 963 968
  tbody 954 959
  table 973 978
  table 963 968
  thead 1119 1124
  table 973 978
  tr 1135 1137
  thead 1119 1124
  th 1152 1154
  tr 1135 1137
  th 1171 1173
  th 1152 1154
  th 1188 1190
  th 1171 1173
  th 1213 1215
  th 1188 1190
  th 1230 1232
  th 1213 1215
  br 1249 1251
  th 1230 1232
  th 1258 1260
  br 1249 1251
  th 1275 1277
  th 1258 1260
  br 1294 1296
  th 1275 1277
  th 1303 1305
  br 1294 1296
  th 1320 1322
  th 1303 1305
  br 1343 1345
  th 1320 1322
  th 1352 1354
  br 1343 1345
  th 1369 1371
  th 1352 1354
  br 1398 1400
  th 1369 1371
  th 1403 1405
  br 1398 1400
  th 1490 1492
  th 1403 1405
  br 1512 1514
  th 1490 1492
  sup 1524 1527
  br 1512 1514
  sup 1531 1534
  sup 1524 1527
  th 1547 1549
  sup 1531 1534
  th 1564 1566
  th 1547 1549
  sup 1581 1584
  th 1564 1566
  sup 1589 1592
  sup 1581 1584
  br 1595 1597
  sup 1589 1592
  th 1610 1612
  br 1595 1597
  th 1627 1629
  th 1610 1612
  sup 1644 1647
  th 1627 1629
  sup 1651 1654
  sup 1644 1647
  br 1657 1659
  sup 1651 1654
  th 1672 1674
  br 1657 1659
  th 1689 1691
  th 1672 1674
  br 1716 1718
  th 1689 1691
  sup 1722 1725
  br 1716 1718
  sup 1730 1733
  sup 1722 1725
  sup 1739 1742
  sup 1730 1733
  sup 1746 1749
  sup 1739 1742
  sup 1755 1758
  sup 1746 1749
  sup 1762 1765
  sup 1755 1758
  th 1768 1770
  sup 1762 1765
  th 1785 1787
  th 1768 1770
  th 1809 1811
  th 1785 1787
  th 1851 1853
  th 1809 1811
  th 1879 1881
  th 1851 1853
  th 1896 1898
  th 1879 1881
  th 1928 1930
  th 1896 1898
  th 1945 1947
  th 1928 1930
  th 1971 1973
  th 1945 1947
  tr 1985 1987
  th 1971 1973
  thead 1995 2000
  tr 1985 1987
  tbody 2008 2013
  thead 1995 2000
  tr 2065 2067
  tbody 2008 2013
  td 2086 2088
  tr 2065 2067
  td 2113 2115
  td 2086 2088
  td 2134 2136
  td 2113 2115
  td 2155 2157
  td 2134 2136
  td 2279 2281
  td 2155 2157
  td 2304 2306
  td 2279 2281
  td 2329 2331
  td 2304 2306
  td 2354 2356
  td 2329 2331
  td 2379 2381
  td 2354 2356
  td 2405 2407
  td 2379 2381
  td 2430 2432
  td 2405 2407
  td 2913 2915
  td 2430 2432
  td 3033 3035
  td 2913 2915
  td 3060 3062
  td 3033 3035
  td 3090 3092
  td 3060 3062
  td 3171 3173
  td 3090 3092
  td 3201 3203
  td 3171 3173
  td 3282 3284
  td 3201 3203
  td 3312 3314
  td 3282 3284
  td 3338 3340
  td 3312 3314
  td 3368 3370
  td 3338 3340
  td 3398 3400
  td 3368 3370
  td 3524 3526
  td 3398 3400
  td 3558 3560
  td 3524 3526
  td 3583 3585
  td 3558 3560
  td 4193 4195
  td 3583 3585
  td 4218 4220
  td 4193 4195
  td 4266 4268
  td 4218 4220
  tr 4312 4314
  td 4266 4268
  tr 4821 4823
  tr 4312 4314
  td 4838 4840
  tr 4821 4823
  strong 4873 4879
  td 4838 4840
strong is a "html tag"
  strong 4873 4879
html.css has 163 symbols
strong is a "html tag"
Searching through them all for /(^|[\s>+~])strong(\[[^\]]*\]|:{1,2}[\w-()]+|\.[\w-]+|#[\w-]+)*\s*/
app.css has 3148 symbols
Done
Searching through them all for /(^|[\s>+~])strong(\[[^\]]*\]|:{1,2}[\w-()]+|\.[\w-]+|#[\w-]+)*\s*/
exception.css has 214 symbols
Done
Searching through them all for /(^|[\s>+~])strong(\[[^\]]*\]|:{1,2}[\w-()]+|\.[\w-]+|#[\w-]+)*\s*/
components.min.css has 4339 symbols
Done
Searching through them all for /(^|[\s>+~])strong(\[[^\]]*\]|:{1,2}[\w-()]+|\.[\w-]+|#[\w-]+)*\s*/
app.css has 3148 symbols
Done
Searching through them all for /(^|[\s>+~])strong(\[[^\]]*\]|:{1,2}[\w-()]+|\.[\w-]+|#[\w-]+)*\s*/
my_print.css has 14 symbols
Done
Searching through them all for /(^|[\s>+~])strong(\[[^\]]*\]|:{1,2}[\w-()]+|\.[\w-]+|#[\w-]+)*\s*/
components.min.css has 4339 symbols
Done
Searching through them all for /(^|[\s>+~])strong(\[[^\]]*\]|:{1,2}[\w-()]+|\.[\w-]+|#[\w-]+)*\s*/
print_tabulation.css has 7 symbols
Done
Searching through them all for /(^|[\s>+~])strong(\[[^\]]*\]|:{1,2}[\w-()]+|\.[\w-]+|#[\w-]+)*\s*/
bootstrap.css has 2572 symbols
Done
Searching through them all for /(^|[\s>+~])strong(\[[^\]]*\]|:{1,2}[\w-()]+|\.[\w-]+|#[\w-]+)*\s*/
bootstrap_limitless.css has 1198 symbols
Done
Searching through them all for /(^|[\s>+~])strong(\[[^\]]*\]|:{1,2}[\w-()]+|\.[\w-]+|#[\w-]+)*\s*/
my_print.css has 14 symbols
Done
Searching through them all for /(^|[\s>+~])strong(\[[^\]]*\]|:{1,2}[\w-()]+|\.[\w-]+|#[\w-]+)*\s*/
bootstrap.min.css has 2572 symbols
Done
Searching through them all for /(^|[\s>+~])strong(\[[^\]]*\]|:{1,2}[\w-()]+|\.[\w-]+|#[\w-]+)*\s*/
bootstrap_limitless.css has 1198 symbols
Done
Searching through them all for /(^|[\s>+~])strong(\[[^\]]*\]|:{1,2}[\w-()]+|\.[\w-]+|#[\w-]+)*\s*/
bootstrap_limitless.min.css has 1198 symbols
Done
Searching through them all for /(^|[\s>+~])strong(\[[^\]]*\]|:{1,2}[\w-()]+|\.[\w-]+|#[\w-]+)*\s*/
bootstrap_limitless.min.css has 1198 symbols
Done
Searching through them all for /(^|[\s>+~])strong(\[[^\]]*\]|:{1,2}[\w-()]+|\.[\w-]+|#[\w-]+)*\s*/
receipt.css has 17 symbols
Done
Searching through them all for /(^|[\s>+~])strong(\[[^\]]*\]|:{1,2}[\w-()]+|\.[\w-]+|#[\w-]+)*\s*/
receipt.css has 17 symbols
Done
Searching through them all for /(^|[\s>+~])strong(\[[^\]]*\]|:{1,2}[\w-()]+|\.[\w-]+|#[\w-]+)*\s*/
_inbox.scss has 15 symbols
Done
Searching through them all for /(^|[\s>+~])strong(\[[^\]]*\]|:{1,2}[\w-()]+|\.[\w-]+|#[\w-]+)*\s*/
print_tabulation.css has 7 symbols
Done
Searching through them all for /(^|[\s>+~])strong(\[[^\]]*\]|:{1,2}[\w-()]+|\.[\w-]+|#[\w-]+)*\s*/
_c3.scss has 48 symbols
Done
Searching through them all for /(^|[\s>+~])strong(\[[^\]]*\]|:{1,2}[\w-()]+|\.[\w-]+|#[\w-]+)*\s*/
bootstrap-datepicker.min.css has 221 symbols
Done
Searching through them all for /(^|[\s>+~])strong(\[[^\]]*\]|:{1,2}[\w-()]+|\.[\w-]+|#[\w-]+)*\s*/
_d3.scss has 72 symbols
Done
Searching through them all for /(^|[\s>+~])strong(\[[^\]]*\]|:{1,2}[\w-()]+|\.[\w-]+|#[\w-]+)*\s*/
_c3.scss has 48 symbols
Done
Searching through them all for /(^|[\s>+~])strong(\[[^\]]*\]|:{1,2}[\w-()]+|\.[\w-]+|#[\w-]+)*\s*/
_alpaca.scss has 65 symbols
Done
Searching through them all for /(^|[\s>+~])strong(\[[^\]]*\]|:{1,2}[\w-()]+|\.[\w-]+|#[\w-]+)*\s*/
_print.scss has 34 symbols
Done
Searching through them all for /(^|[\s>+~])strong(\[[^\]]*\]|:{1,2}[\w-()]+|\.[\w-]+|#[\w-]+)*\s*/
_date.scss has 49 symbols
Done
Searching through them all for /(^|[\s>+~])strong(\[[^\]]*\]|:{1,2}[\w-()]+|\.[\w-]+|#[\w-]+)*\s*/
_d3.scss has 72 symbols
Done
Searching through them all for /(^|[\s>+~])strong(\[[^\]]*\]|:{1,2}[\w-()]+|\.[\w-]+|#[\w-]+)*\s*/
_alpaca.scss has 64 symbols
Done
Searching through them all for /(^|[\s>+~])strong(\[[^\]]*\]|:{1,2}[\w-()]+|\.[\w-]+|#[\w-]+)*\s*/
bootstrap.min.css has 2572 symbols
Done
Searching through them all for /(^|[\s>+~])strong(\[[^\]]*\]|:{1,2}[\w-()]+|\.[\w-]+|#[\w-]+)*\s*/
_daterange.scss has 87 symbols
Done
Searching through them all for /(^|[\s>+~])strong(\[[^\]]*\]|:{1,2}[\w-()]+|\.[\w-]+|#[\w-]+)*\s*/
_tables.scss has 43 symbols
Done
Searching through them all for /(^|[\s>+~])strong(\[[^\]]*\]|:{1,2}[\w-()]+|\.[\w-]+|#[\w-]+)*\s*/
_daterange.scss has 86 symbols
Done
Searching through them all for /(^|[\s>+~])strong(\[[^\]]*\]|:{1,2}[\w-()]+|\.[\w-]+|#[\w-]+)*\s*/
_reboot.scss has 100 symbols
Done
Searching through them all for /(^|[\s>+~])strong(\[[^\]]*\]|:{1,2}[\w-()]+|\.[\w-]+|#[\w-]+)*\s*/
_fullcalendar.scss has 285 symbols
Done
Searching through them all for /(^|[\s>+~])strong(\[[^\]]*\]|:{1,2}[\w-()]+|\.[\w-]+|#[\w-]+)*\s*/
_table-row.scss has 10 symbols
Done
Searching through them all for /(^|[\s>+~])strong(\[[^\]]*\]|:{1,2}[\w-()]+|\.[\w-]+|#[\w-]+)*\s*/
_fancytree.scss has 100 symbols
Done
Searching through them all for /(^|[\s>+~])strong(\[[^\]]*\]|:{1,2}[\w-()]+|\.[\w-]+|#[\w-]+)*\s*/
_inbox.scss has 15 symbols
Done
Searching through them all for /(^|[\s>+~])strong(\[[^\]]*\]|:{1,2}[\w-()]+|\.[\w-]+|#[\w-]+)*\s*/
_fancytree.scss has 100 symbols
Done
Searching through them all for /(^|[\s>+~])strong(\[[^\]]*\]|:{1,2}[\w-()]+|\.[\w-]+|#[\w-]+)*\s*/
components.css has 4341 symbols
Done
Searching through them all for /(^|[\s>+~])strong(\[[^\]]*\]|:{1,2}[\w-()]+|\.[\w-]+|#[\w-]+)*\s*/
_fullcalendar.scss has 285 symbols
Done
Searching through them all for /(^|[\s>+~])strong(\[[^\]]*\]|:{1,2}[\w-()]+|\.[\w-]+|#[\w-]+)*\s*/
_buttons.scss has 69 symbols
Done
Searching through them all for /(^|[\s>+~])strong(\[[^\]]*\]|:{1,2}[\w-()]+|\.[\w-]+|#[\w-]+)*\s*/
_widgets.scss has 251 symbols
Done
Searching through them all for /(^|[\s>+~])strong(\[[^\]]*\]|:{1,2}[\w-()]+|\.[\w-]+|#[\w-]+)*\s*/
_handsontable.scss has 342 symbols
Done
Searching through them all for /(^|[\s>+~])strong(\[[^\]]*\]|:{1,2}[\w-()]+|\.[\w-]+|#[\w-]+)*\s*/
_footable.scss has 17 symbols
Done
Searching through them all for /(^|[\s>+~])strong(\[[^\]]*\]|:{1,2}[\w-()]+|\.[\w-]+|#[\w-]+)*\s*/
_fancytree.scss has 100 symbols
Done
Searching through them all for /(^|[\s>+~])strong(\[[^\]]*\]|:{1,2}[\w-()]+|\.[\w-]+|#[\w-]+)*\s*/
_handsontable.scss has 342 symbols
Done
Searching through them all for /(^|[\s>+~])strong(\[[^\]]*\]|:{1,2}[\w-()]+|\.[\w-]+|#[\w-]+)*\s*/
_tables.scss has 136 symbols
Done
Searching through them all for /(^|[\s>+~])strong(\[[^\]]*\]|:{1,2}[\w-()]+|\.[\w-]+|#[\w-]+)*\s*/
_footable.scss has 17 symbols
Done
Searching through them all for /(^|[\s>+~])strong(\[[^\]]*\]|:{1,2}[\w-()]+|\.[\w-]+|#[\w-]+)*\s*/
_footable.scss has 17 symbols
Done
Searching through them all for /(^|[\s>+~])strong(\[[^\]]*\]|:{1,2}[\w-()]+|\.[\w-]+|#[\w-]+)*\s*/
_widgets.scss has 281 symbols
Done
Searching through them all for /(^|[\s>+~])strong(\[[^\]]*\]|:{1,2}[\w-()]+|\.[\w-]+|#[\w-]+)*\s*/
_fullcalendar.scss has 285 symbols
Done
Searching through them all for /(^|[\s>+~])strong(\[[^\]]*\]|:{1,2}[\w-()]+|\.[\w-]+|#[\w-]+)*\s*/
_handsontable.scss has 342 symbols
Done
Searching through them all for /(^|[\s>+~])strong(\[[^\]]*\]|:{1,2}[\w-()]+|\.[\w-]+|#[\w-]+)*\s*/
_datatable-rows-reorder.scss has 4 symbols
Done
Searching through them all for /(^|[\s>+~])strong(\[[^\]]*\]|:{1,2}[\w-()]+|\.[\w-]+|#[\w-]+)*\s*/
_datatable-columns-reorder.scss has 4 symbols
Done
Searching through them all for /(^|[\s>+~])strong(\[[^\]]*\]|:{1,2}[\w-()]+|\.[\w-]+|#[\w-]+)*\s*/
_datatable-responsive.scss has 31 symbols
Done
Searching through them all for /(^|[\s>+~])strong(\[[^\]]*\]|:{1,2}[\w-()]+|\.[\w-]+|#[\w-]+)*\s*/
_datatables.scss has 132 symbols
Done
Searching through them all for /(^|[\s>+~])strong(\[[^\]]*\]|:{1,2}[\w-()]+|\.[\w-]+|#[\w-]+)*\s*/
_datatable-columns-reorder.scss has 4 symbols
Done
Searching through them all for /(^|[\s>+~])strong(\[[^\]]*\]|:{1,2}[\w-()]+|\.[\w-]+|#[\w-]+)*\s*/
_datatable-responsive.scss has 31 symbols
Done
Searching through them all for /(^|[\s>+~])strong(\[[^\]]*\]|:{1,2}[\w-()]+|\.[\w-]+|#[\w-]+)*\s*/
_datatables.scss has 132 symbols
Done
Searching through them all for /(^|[\s>+~])strong(\[[^\]]*\]|:{1,2}[\w-()]+|\.[\w-]+|#[\w-]+)*\s*/
_datatable-rows-reorder.scss has 4 symbols
Done
Searching through them all for /(^|[\s>+~])strong(\[[^\]]*\]|:{1,2}[\w-()]+|\.[\w-]+|#[\w-]+)*\s*/
_alpaca.scss has 64 symbols
Done
Searching through them all for /(^|[\s>+~])strong(\[[^\]]*\]|:{1,2}[\w-()]+|\.[\w-]+|#[\w-]+)*\s*/
_datatable-scroller.scss has 8 symbols
Done
Searching through them all for /(^|[\s>+~])strong(\[[^\]]*\]|:{1,2}[\w-()]+|\.[\w-]+|#[\w-]+)*\s*/
_buttons.scss has 69 symbols
Done
Searching through them all for /(^|[\s>+~])strong(\[[^\]]*\]|:{1,2}[\w-()]+|\.[\w-]+|#[\w-]+)*\s*/
_datatable-rows-reorder.scss has 4 symbols
Done
Searching through them all for /(^|[\s>+~])strong(\[[^\]]*\]|:{1,2}[\w-()]+|\.[\w-]+|#[\w-]+)*\s*/
_datatable-keytable.scss has 8 symbols
Done
Searching through them all for /(^|[\s>+~])strong(\[[^\]]*\]|:{1,2}[\w-()]+|\.[\w-]+|#[\w-]+)*\s*/
_datatable-columns-reorder.scss has 4 symbols
Done
Searching through them all for /(^|[\s>+~])strong(\[[^\]]*\]|:{1,2}[\w-()]+|\.[\w-]+|#[\w-]+)*\s*/
_datatable-fixed-columns.scss has 21 symbols
Done
Searching through them all for /(^|[\s>+~])strong(\[[^\]]*\]|:{1,2}[\w-()]+|\.[\w-]+|#[\w-]+)*\s*/
_datatable-fixed-columns.scss has 21 symbols
Done
Searching through them all for /(^|[\s>+~])strong(\[[^\]]*\]|:{1,2}[\w-()]+|\.[\w-]+|#[\w-]+)*\s*/
_datatable-scroller.scss has 8 symbols
Done
Searching through them all for /(^|[\s>+~])strong(\[[^\]]*\]|:{1,2}[\w-()]+|\.[\w-]+|#[\w-]+)*\s*/
_buttons.scss has 69 symbols
Done
Searching through them all for /(^|[\s>+~])strong(\[[^\]]*\]|:{1,2}[\w-()]+|\.[\w-]+|#[\w-]+)*\s*/
_handsontable.scss has 342 symbols
Done
Searching through them all for /(^|[\s>+~])strong(\[[^\]]*\]|:{1,2}[\w-()]+|\.[\w-]+|#[\w-]+)*\s*/
_datatable-keytable.scss has 8 symbols
Done
Searching through them all for /(^|[\s>+~])strong(\[[^\]]*\]|:{1,2}[\w-()]+|\.[\w-]+|#[\w-]+)*\s*/
_alpaca.scss has 65 symbols
Done
Searching through them all for /(^|[\s>+~])strong(\[[^\]]*\]|:{1,2}[\w-()]+|\.[\w-]+|#[\w-]+)*\s*/
_datatable-responsive.scss has 31 symbols
Done
Searching through them all for /(^|[\s>+~])strong(\[[^\]]*\]|:{1,2}[\w-()]+|\.[\w-]+|#[\w-]+)*\s*/
_daterange.scss has 86 symbols
Done
Searching through them all for /(^|[\s>+~])strong(\[[^\]]*\]|:{1,2}[\w-()]+|\.[\w-]+|#[\w-]+)*\s*/
_datatable-scroller.scss has 8 symbols
Done
Searching through them all for /(^|[\s>+~])strong(\[[^\]]*\]|:{1,2}[\w-()]+|\.[\w-]+|#[\w-]+)*\s*/
_footable.scss has 17 symbols
Done
Searching through them all for /(^|[\s>+~])strong(\[[^\]]*\]|:{1,2}[\w-()]+|\.[\w-]+|#[\w-]+)*\s*/
_datatable-fixed-columns.scss has 21 symbols
Done
Searching through them all for /(^|[\s>+~])strong(\[[^\]]*\]|:{1,2}[\w-()]+|\.[\w-]+|#[\w-]+)*\s*/
_widgets.scss has 251 symbols
Done
Searching through them all for /(^|[\s>+~])strong(\[[^\]]*\]|:{1,2}[\w-()]+|\.[\w-]+|#[\w-]+)*\s*/
_datatable-keytable.scss has 8 symbols
Done
Searching through them all for /(^|[\s>+~])strong(\[[^\]]*\]|:{1,2}[\w-()]+|\.[\w-]+|#[\w-]+)*\s*/
_widgets.scss has 281 symbols
Done
Searching through them all for /(^|[\s>+~])strong(\[[^\]]*\]|:{1,2}[\w-()]+|\.[\w-]+|#[\w-]+)*\s*/
_datatables.scss has 133 symbols
Done
Searching through them all for /(^|[\s>+~])strong(\[[^\]]*\]|:{1,2}[\w-()]+|\.[\w-]+|#[\w-]+)*\s*/
_datatable-rows-reorder.scss has 4 symbols
Done
Searching through them all for /(^|[\s>+~])strong(\[[^\]]*\]|:{1,2}[\w-()]+|\.[\w-]+|#[\w-]+)*\s*/
bootstrap-datepicker.min.css has 221 symbols
Done
Searching through them all for /(^|[\s>+~])strong(\[[^\]]*\]|:{1,2}[\w-()]+|\.[\w-]+|#[\w-]+)*\s*/
_datatable-responsive.scss has 31 symbols
Done
Searching through them all for /(^|[\s>+~])strong(\[[^\]]*\]|:{1,2}[\w-()]+|\.[\w-]+|#[\w-]+)*\s*/
bootstrap.css has 2572 symbols
Done
Searching through them all for /(^|[\s>+~])strong(\[[^\]]*\]|:{1,2}[\w-()]+|\.[\w-]+|#[\w-]+)*\s*/
_datatable-columns-reorder.scss has 4 symbols
Done
Searching through them all for /(^|[\s>+~])strong(\[[^\]]*\]|:{1,2}[\w-()]+|\.[\w-]+|#[\w-]+)*\s*/
components.css has 4341 symbols
Done
Searching through them all for /(^|[\s>+~])strong(\[[^\]]*\]|:{1,2}[\w-()]+|\.[\w-]+|#[\w-]+)*\s*/
_datatables.scss has 133 symbols
Done
Searching through them all for /(^|[\s>+~])strong(\[[^\]]*\]|:{1,2}[\w-()]+|\.[\w-]+|#[\w-]+)*\s*/
_tables.scss has 136 symbols
Done
Searching through them all for /(^|[\s>+~])strong(\[[^\]]*\]|:{1,2}[\w-()]+|\.[\w-]+|#[\w-]+)*\s*/
_datatable-fixed-columns.scss has 21 symbols
Done
Searching through them all for /(^|[\s>+~])strong(\[[^\]]*\]|:{1,2}[\w-()]+|\.[\w-]+|#[\w-]+)*\s*/
_buttons.scss has 69 symbols
Done
Searching through them all for /(^|[\s>+~])strong(\[[^\]]*\]|:{1,2}[\w-()]+|\.[\w-]+|#[\w-]+)*\s*/
_date.scss has 49 symbols
Done
Searching through them all for /(^|[\s>+~])strong(\[[^\]]*\]|:{1,2}[\w-()]+|\.[\w-]+|#[\w-]+)*\s*/
_print.scss has 34 symbols
Done
Searching through them all for /(^|[\s>+~])strong(\[[^\]]*\]|:{1,2}[\w-()]+|\.[\w-]+|#[\w-]+)*\s*/
_daterange.scss has 87 symbols
Done
Searching through them all for /(^|[\s>+~])strong(\[[^\]]*\]|:{1,2}[\w-()]+|\.[\w-]+|#[\w-]+)*\s*/
_tables.scss has 43 symbols
Done
Searching through them all for /(^|[\s>+~])strong(\[[^\]]*\]|:{1,2}[\w-()]+|\.[\w-]+|#[\w-]+)*\s*/
_datatable-scroller.scss has 8 symbols
Done
Searching through them all for /(^|[\s>+~])strong(\[[^\]]*\]|:{1,2}[\w-()]+|\.[\w-]+|#[\w-]+)*\s*/
_tables.scss has 136 symbols
Done
Searching through them all for /(^|[\s>+~])strong(\[[^\]]*\]|:{1,2}[\w-()]+|\.[\w-]+|#[\w-]+)*\s*/
_datatable-keytable.scss has 8 symbols
Done
Searching through them all for /(^|[\s>+~])strong(\[[^\]]*\]|:{1,2}[\w-()]+|\.[\w-]+|#[\w-]+)*\s*/
_reboot.scss has 100 symbols
Done
Searching through them all for /(^|[\s>+~])strong(\[[^\]]*\]|:{1,2}[\w-()]+|\.[\w-]+|#[\w-]+)*\s*/
_date.scss has 49 symbols
Done
Searching through them all for /(^|[\s>+~])strong(\[[^\]]*\]|:{1,2}[\w-()]+|\.[\w-]+|#[\w-]+)*\s*/
_table-row.scss has 10 symbols
Done
Searching through them all for /(^|[\s>+~])strong(\[[^\]]*\]|:{1,2}[\w-()]+|\.[\w-]+|#[\w-]+)*\s*/
_tables.scss has 136 symbols
Done
Searching through them all for /(^|[\s>+~])strong(\[[^\]]*\]|:{1,2}[\w-()]+|\.[\w-]+|#[\w-]+)*\s*/
_date.scss has 49 symbols
Done
Searching through them all for /(^|[\s>+~])strong(\[[^\]]*\]|:{1,2}[\w-()]+|\.[\w-]+|#[\w-]+)*\s*/
_fancytree.scss has 100 symbols
Done
Searching through them all for /(^|[\s>+~])strong(\[[^\]]*\]|:{1,2}[\w-()]+|\.[\w-]+|#[\w-]+)*\s*/
dialog.css has 159 symbols
Done
Searching through them all for /(^|[\s>+~])strong(\[[^\]]*\]|:{1,2}[\w-()]+|\.[\w-]+|#[\w-]+)*\s*/
_fullcalendar.scss has 285 symbols
Done
Searching through them all for /(^|[\s>+~])strong(\[[^\]]*\]|:{1,2}[\w-()]+|\.[\w-]+|#[\w-]+)*\s*/
dialog_ie8.css has 161 symbols
Done
Searching through them all for /(^|[\s>+~])strong(\[[^\]]*\]|:{1,2}[\w-()]+|\.[\w-]+|#[\w-]+)*\s*/
dialog.css has 159 symbols
Done
Searching through them all for /(^|[\s>+~])strong(\[[^\]]*\]|:{1,2}[\w-()]+|\.[\w-]+|#[\w-]+)*\s*/
dialog_iequirks.css has 158 symbols
Done
Searching through them all for /(^|[\s>+~])strong(\[[^\]]*\]|:{1,2}[\w-()]+|\.[\w-]+|#[\w-]+)*\s*/
dialog_ie8.css has 161 symbols
Done
Searching through them all for /(^|[\s>+~])strong(\[[^\]]*\]|:{1,2}[\w-()]+|\.[\w-]+|#[\w-]+)*\s*/
dialog_ie.css has 173 symbols
Done
Searching through them all for /(^|[\s>+~])strong(\[[^\]]*\]|:{1,2}[\w-()]+|\.[\w-]+|#[\w-]+)*\s*/
dialog_ie7.css has 172 symbols
Done
Searching through them all for /(^|[\s>+~])strong(\[[^\]]*\]|:{1,2}[\w-()]+|\.[\w-]+|#[\w-]+)*\s*/
dialog_ie7.css has 172 symbols
Done
Searching through them all for /(^|[\s>+~])strong(\[[^\]]*\]|:{1,2}[\w-()]+|\.[\w-]+|#[\w-]+)*\s*/
dialog_ie.css has 173 symbols
Done
Searching through them all for /(^|[\s>+~])strong(\[[^\]]*\]|:{1,2}[\w-()]+|\.[\w-]+|#[\w-]+)*\s*/
dialog.scss has 155 symbols
Done
Searching through them all for /(^|[\s>+~])strong(\[[^\]]*\]|:{1,2}[\w-()]+|\.[\w-]+|#[\w-]+)*\s*/
dialog_iequirks.css has 158 symbols
Done
Searching through them all for /(^|[\s>+~])strong(\[[^\]]*\]|:{1,2}[\w-()]+|\.[\w-]+|#[\w-]+)*\s*/
dialog_opera.css has 160 symbols
Done
Searching through them all for /(^|[\s>+~])strong(\[[^\]]*\]|:{1,2}[\w-()]+|\.[\w-]+|#[\w-]+)*\s*/
dialog.scss has 155 symbols
Done
Searching through them all for /(^|[\s>+~])strong(\[[^\]]*\]|:{1,2}[\w-()]+|\.[\w-]+|#[\w-]+)*\s*/
_colorpanel.scss has 20 symbols
Done
Searching through them all for /(^|[\s>+~])strong(\[[^\]]*\]|:{1,2}[\w-()]+|\.[\w-]+|#[\w-]+)*\s*/
dialog_opera.scss has 3 symbols
Done
Searching through them all for /(^|[\s>+~])strong(\[[^\]]*\]|:{1,2}[\w-()]+|\.[\w-]+|#[\w-]+)*\s*/
dialog_opera.scss has 3 symbols
Done
Searching through them all for /(^|[\s>+~])strong(\[[^\]]*\]|:{1,2}[\w-()]+|\.[\w-]+|#[\w-]+)*\s*/
dialog_opera.css has 160 symbols
Done
Searching through them all for /(^|[\s>+~])strong(\[[^\]]*\]|:{1,2}[\w-()]+|\.[\w-]+|#[\w-]+)*\s*/
dialog_ie7.css has 172 symbols
Done
Searching through them all for /(^|[\s>+~])strong(\[[^\]]*\]|:{1,2}[\w-()]+|\.[\w-]+|#[\w-]+)*\s*/
dialog_opera.css has 160 symbols
Done
Searching through them all for /(^|[\s>+~])strong(\[[^\]]*\]|:{1,2}[\w-()]+|\.[\w-]+|#[\w-]+)*\s*/
dialog_opera.css has 160 symbols
Done
Searching through them all for /(^|[\s>+~])strong(\[[^\]]*\]|:{1,2}[\w-()]+|\.[\w-]+|#[\w-]+)*\s*/
dialog_iequirks.css has 158 symbols
Done
Searching through them all for /(^|[\s>+~])strong(\[[^\]]*\]|:{1,2}[\w-()]+|\.[\w-]+|#[\w-]+)*\s*/
dialog_opera.scss has 3 symbols
Done
Searching through them all for /(^|[\s>+~])strong(\[[^\]]*\]|:{1,2}[\w-()]+|\.[\w-]+|#[\w-]+)*\s*/
dialog_ie.css has 173 symbols
Done
Searching through them all for /(^|[\s>+~])strong(\[[^\]]*\]|:{1,2}[\w-()]+|\.[\w-]+|#[\w-]+)*\s*/
dialog_iequirks.css has 158 symbols
Done
Searching through them all for /(^|[\s>+~])strong(\[[^\]]*\]|:{1,2}[\w-()]+|\.[\w-]+|#[\w-]+)*\s*/
dialog_ie7.css has 172 symbols
Done
Searching through them all for /(^|[\s>+~])strong(\[[^\]]*\]|:{1,2}[\w-()]+|\.[\w-]+|#[\w-]+)*\s*/
dialog_ie.css has 173 symbols
Done
Searching through them all for /(^|[\s>+~])strong(\[[^\]]*\]|:{1,2}[\w-()]+|\.[\w-]+|#[\w-]+)*\s*/
dialog_ie8.css has 161 symbols
Done
Searching through them all for /(^|[\s>+~])strong(\[[^\]]*\]|:{1,2}[\w-()]+|\.[\w-]+|#[\w-]+)*\s*/
dialog_ie8.css has 161 symbols
Done
Searching through them all for /(^|[\s>+~])strong(\[[^\]]*\]|:{1,2}[\w-()]+|\.[\w-]+|#[\w-]+)*\s*/
_colorpanel.scss has 20 symbols
Done
Searching through them all for /(^|[\s>+~])strong(\[[^\]]*\]|:{1,2}[\w-()]+|\.[\w-]+|#[\w-]+)*\s*/
wsc.css has 18 symbols
Done
Searching through them all for /(^|[\s>+~])strong(\[[^\]]*\]|:{1,2}[\w-()]+|\.[\w-]+|#[\w-]+)*\s*/
dialog.css has 159 symbols
Done
Searching through them all for /(^|[\s>+~])strong(\[[^\]]*\]|:{1,2}[\w-()]+|\.[\w-]+|#[\w-]+)*\s*/
dialog.css has 159 symbols
Done
Searching through them all for /(^|[\s>+~])strong(\[[^\]]*\]|:{1,2}[\w-()]+|\.[\w-]+|#[\w-]+)*\s*/
dialog.scss has 155 symbols
Done
Searching through them all for /(^|[\s>+~])strong(\[[^\]]*\]|:{1,2}[\w-()]+|\.[\w-]+|#[\w-]+)*\s*/
dialog.scss has 155 symbols
Done
Searching through them all for /(^|[\s>+~])strong(\[[^\]]*\]|:{1,2}[\w-()]+|\.[\w-]+|#[\w-]+)*\s*/
dialog_opera.scss has 3 symbols
Done
Searching through them all for /(^|[\s>+~])strong(\[[^\]]*\]|:{1,2}[\w-()]+|\.[\w-]+|#[\w-]+)*\s*/
_colorpanel.scss has 20 symbols
Done
Searching through them all for /(^|[\s>+~])strong(\[[^\]]*\]|:{1,2}[\w-()]+|\.[\w-]+|#[\w-]+)*\s*/
_colorpanel.scss has 20 symbols
Done
Searching through them all for /(^|[\s>+~])strong(\[[^\]]*\]|:{1,2}[\w-()]+|\.[\w-]+|#[\w-]+)*\s*/
exception.css has 214 symbols
Done
Searching through them all for /(^|[\s>+~])strong(\[[^\]]*\]|:{1,2}[\w-()]+|\.[\w-]+|#[\w-]+)*\s*/
wsc.css has 18 symbols
Done
Searching through them all for /(^|[\s>+~])strong(\[[^\]]*\]|:{1,2}[\w-()]+|\.[\w-]+|#[\w-]+)*\s*/
default.css has 45 symbols
Done
Searching through them all for /(^|[\s>+~])strong(\[[^\]]*\]|:{1,2}[\w-()]+|\.[\w-]+|#[\w-]+)*\s*/
default.css has 45 symbols
Done
Searching through them all for /(^|[\s>+~])strong(\[[^\]]*\]|:{1,2}[\w-()]+|\.[\w-]+|#[\w-]+)*\s*/
html.css has 163 symbols
Done
Searching through them all for /(^|[\s>+~])strong(\[[^\]]*\]|:{1,2}[\w-()]+|\.[\w-]+|#[\w-]+)*\s*/
whoops.base.css has 120 symbols
Done
Searching through them all for /(^|[\s>+~])strong(\[[^\]]*\]|:{1,2}[\w-()]+|\.[\w-]+|#[\w-]+)*\s*/
whoops.base.css has 120 symbols
Done
Searching through them all for /(^|[\s>+~])strong(\[[^\]]*\]|:{1,2}[\w-()]+|\.[\w-]+|#[\w-]+)*\s*/
style.css has 50 symbols
Done
Searching through them all for /(^|[\s>+~])strong(\[[^\]]*\]|:{1,2}[\w-()]+|\.[\w-]+|#[\w-]+)*\s*/
bootstrap.min.css has 3147 symbols
Done
Searching through them all for /(^|[\s>+~])strong(\[[^\]]*\]|:{1,2}[\w-()]+|\.[\w-]+|#[\w-]+)*\s*/
bootstrap.min.css has 3147 symbols
Done
Searching through them all for /(^|[\s>+~])strong(\[[^\]]*\]|:{1,2}[\w-()]+|\.[\w-]+|#[\w-]+)*\s*/
nv.d3.min.css has 135 symbols
Done
Searching through them all for /(^|[\s>+~])strong(\[[^\]]*\]|:{1,2}[\w-()]+|\.[\w-]+|#[\w-]+)*\s*/
nv.d3.min.css has 135 symbols
Done
Searching through them all for /(^|[\s>+~])strong(\[[^\]]*\]|:{1,2}[\w-()]+|\.[\w-]+|#[\w-]+)*\s*/
style.css has 50 symbols
Done
Searching through them all for /(^|[\s>+~])strong(\[[^\]]*\]|:{1,2}[\w-()]+|\.[\w-]+|#[\w-]+)*\s*/
Done
P_totalpoi 4860
  script 54 60
P_totalpoi 4860
  script 113 119
  script 54 60
  script 122 128
  script 113 119
  script 181 187
  script 122 128
  table 191 196
  script 181 187
  tbody 250 255
  table 191 196
  tr 266 268
  tbody 250 255
  td 283 285
  tr 266 268
  strong 287 293
  td 283 285
  strong 300 306
  strong 287 293
  td 343 345
  strong 300 306
  td 398 400
  td 343 345
  strong 402 408
  td 398 400
  strong 430 436
  strong 402 408
  td 457 459
  strong 430 436
  td 474 476
  td 457 459
  strong 478 484
  td 474 476
  strong 494 500
  strong 478 484
  td 537 539
  strong 494 500
  tr 551 553
  td 537 539
  tr 564 566
  tr 551 553
  td 581 583
  tr 564 566
  strong 585 591
  td 581 583
  strong 616 622
  strong 585 591
  td 680 682
  strong 616 622
  td 697 699
  td 680 682
  strong 701 707
  td 697 699
  strong 727 733
  strong 701 707
  td 752 754
  strong 727 733
  td 769 771
  td 752 754
  strong 773 779
  td 769 771
  strong 786 792
  strong 773 779
  td 929 931
  strong 786 792
  tr 943 945
  td 929 931
  tbody 954 959
  tr 943 945
  table 963 968
  tbody 954 959
  table 973 978
  table 963 968
  thead 1119 1124
  table 973 978
  tr 1135 1137
  thead 1119 1124
  th 1152 1154
  tr 1135 1137
  th 1171 1173
  th 1152 1154
  th 1188 1190
  th 1171 1173
  th 1213 1215
  th 1188 1190
  th 1230 1232
  th 1213 1215
  br 1249 1251
  th 1230 1232
  th 1258 1260
  br 1249 1251
  th 1275 1277
  th 1258 1260
  br 1294 1296
  th 1275 1277
  th 1303 1305
  br 1294 1296
  th 1320 1322
  th 1303 1305
  br 1343 1345
  th 1320 1322
  th 1352 1354
  br 1343 1345
  th 1369 1371
  th 1352 1354
  br 1398 1400
  th 1369 1371
  th 1403 1405
  br 1398 1400
  th 1490 1492
  th 1403 1405
  br 1512 1514
  th 1490 1492
  sup 1524 1527
  br 1512 1514
  sup 1531 1534
  sup 1524 1527
  th 1547 1549
  sup 1531 1534
  th 1564 1566
  th 1547 1549
  sup 1581 1584
  th 1564 1566
  sup 1589 1592
  sup 1581 1584
  br 1595 1597
  sup 1589 1592
  th 1610 1612
  br 1595 1597
  th 1627 1629
  th 1610 1612
  sup 1644 1647
  th 1627 1629
  sup 1651 1654
  sup 1644 1647
  br 1657 1659
  sup 1651 1654
  th 1672 1674
  br 1657 1659
  th 1689 1691
  th 1672 1674
  br 1716 1718
  th 1689 1691
  sup 1722 1725
  br 1716 1718
  sup 1730 1733
  sup 1722 1725
  sup 1739 1742
  sup 1730 1733
  sup 1746 1749
  sup 1739 1742
  sup 1755 1758
  sup 1746 1749
  sup 1762 1765
  sup 1755 1758
  th 1768 1770
  sup 1762 1765
  th 1785 1787
  th 1768 1770
  th 1809 1811
  th 1785 1787
  th 1851 1853
  th 1809 1811
  th 1879 1881
  th 1851 1853
  th 1896 1898
  th 1879 1881
  th 1928 1930
  th 1896 1898
  th 1945 1947
  th 1928 1930
  th 1971 1973
  th 1945 1947
  tr 1985 1987
  th 1971 1973
  thead 1995 2000
  tr 1985 1987
  tbody 2008 2013
  thead 1995 2000
  tr 2065 2067
  tbody 2008 2013
  td 2086 2088
  tr 2065 2067
  td 2113 2115
  td 2086 2088
  td 2134 2136
  td 2113 2115
  td 2155 2157
  td 2134 2136
  td 2279 2281
  td 2155 2157
  td 2304 2306
  td 2279 2281
  td 2329 2331
  td 2304 2306
  td 2354 2356
  td 2329 2331
  td 2379 2381
  td 2354 2356
  td 2405 2407
  td 2379 2381
  td 2430 2432
  td 2405 2407
  td 2913 2915
  td 2430 2432
  td 3033 3035
  td 2913 2915
  td 3060 3062
  td 3033 3035
  td 3090 3092
  td 3060 3062
  td 3171 3173
  td 3090 3092
  td 3201 3203
  td 3171 3173
  td 3282 3284
  td 3201 3203
  td 3312 3314
  td 3282 3284
  td 3338 3340
  td 3312 3314
  td 3368 3370
  td 3338 3340
  td 3398 3400
  td 3368 3370
  td 3524 3526
  td 3398 3400
  td 3558 3560
  td 3524 3526
  td 3583 3585
  td 3558 3560
  td 4193 4195
  td 3583 3585
  td 4218 4220
  td 4193 4195
  td 4266 4268
  td 4218 4220
  tr 4312 4314
  td 4266 4268
  tr 4821 4823
  tr 4312 4314
  td 4838 4840
  tr 4821 4823
P_totalpoi is a "class"
  td 4838 4840
html.css has 163 symbols
P_totalpoi is a "class"
Searching through them all for /\.P_totalpoi(\[[^\]]*\]|:{1,2}[\w-()]+|\.[\w-]+|#[\w-]+)*\s*/
app.css has 3148 symbols
Done
Searching through them all for /\.P_totalpoi(\[[^\]]*\]|:{1,2}[\w-()]+|\.[\w-]+|#[\w-]+)*\s*/
exception.css has 214 symbols
Done
Searching through them all for /\.P_totalpoi(\[[^\]]*\]|:{1,2}[\w-()]+|\.[\w-]+|#[\w-]+)*\s*/
components.min.css has 4339 symbols
Done
Searching through them all for /\.P_totalpoi(\[[^\]]*\]|:{1,2}[\w-()]+|\.[\w-]+|#[\w-]+)*\s*/
app.css has 3148 symbols
Done
Searching through them all for /\.P_totalpoi(\[[^\]]*\]|:{1,2}[\w-()]+|\.[\w-]+|#[\w-]+)*\s*/
my_print.css has 14 symbols
Done
Searching through them all for /\.P_totalpoi(\[[^\]]*\]|:{1,2}[\w-()]+|\.[\w-]+|#[\w-]+)*\s*/
components.min.css has 4339 symbols
Done
Searching through them all for /\.P_totalpoi(\[[^\]]*\]|:{1,2}[\w-()]+|\.[\w-]+|#[\w-]+)*\s*/
print_tabulation.css has 7 symbols
Done
Searching through them all for /\.P_totalpoi(\[[^\]]*\]|:{1,2}[\w-()]+|\.[\w-]+|#[\w-]+)*\s*/
bootstrap.css has 2572 symbols
Done
Searching through them all for /\.P_totalpoi(\[[^\]]*\]|:{1,2}[\w-()]+|\.[\w-]+|#[\w-]+)*\s*/
bootstrap_limitless.css has 1198 symbols
Done
Searching through them all for /\.P_totalpoi(\[[^\]]*\]|:{1,2}[\w-()]+|\.[\w-]+|#[\w-]+)*\s*/
my_print.css has 14 symbols
Done
Searching through them all for /\.P_totalpoi(\[[^\]]*\]|:{1,2}[\w-()]+|\.[\w-]+|#[\w-]+)*\s*/
bootstrap.min.css has 2572 symbols
Done
Searching through them all for /\.P_totalpoi(\[[^\]]*\]|:{1,2}[\w-()]+|\.[\w-]+|#[\w-]+)*\s*/
bootstrap_limitless.css has 1198 symbols
Done
Searching through them all for /\.P_totalpoi(\[[^\]]*\]|:{1,2}[\w-()]+|\.[\w-]+|#[\w-]+)*\s*/
bootstrap_limitless.min.css has 1198 symbols
Done
Searching through them all for /\.P_totalpoi(\[[^\]]*\]|:{1,2}[\w-()]+|\.[\w-]+|#[\w-]+)*\s*/
bootstrap_limitless.min.css has 1198 symbols
Done
Searching through them all for /\.P_totalpoi(\[[^\]]*\]|:{1,2}[\w-()]+|\.[\w-]+|#[\w-]+)*\s*/
receipt.css has 17 symbols
Done
Searching through them all for /\.P_totalpoi(\[[^\]]*\]|:{1,2}[\w-()]+|\.[\w-]+|#[\w-]+)*\s*/
receipt.css has 17 symbols
Done
Searching through them all for /\.P_totalpoi(\[[^\]]*\]|:{1,2}[\w-()]+|\.[\w-]+|#[\w-]+)*\s*/
_inbox.scss has 15 symbols
Done
Searching through them all for /\.P_totalpoi(\[[^\]]*\]|:{1,2}[\w-()]+|\.[\w-]+|#[\w-]+)*\s*/
print_tabulation.css has 7 symbols
Done
Searching through them all for /\.P_totalpoi(\[[^\]]*\]|:{1,2}[\w-()]+|\.[\w-]+|#[\w-]+)*\s*/
_c3.scss has 48 symbols
Done
Searching through them all for /\.P_totalpoi(\[[^\]]*\]|:{1,2}[\w-()]+|\.[\w-]+|#[\w-]+)*\s*/
bootstrap-datepicker.min.css has 221 symbols
Done
Searching through them all for /\.P_totalpoi(\[[^\]]*\]|:{1,2}[\w-()]+|\.[\w-]+|#[\w-]+)*\s*/
_d3.scss has 72 symbols
Done
Searching through them all for /\.P_totalpoi(\[[^\]]*\]|:{1,2}[\w-()]+|\.[\w-]+|#[\w-]+)*\s*/
_c3.scss has 48 symbols
Done
Searching through them all for /\.P_totalpoi(\[[^\]]*\]|:{1,2}[\w-()]+|\.[\w-]+|#[\w-]+)*\s*/
_alpaca.scss has 65 symbols
Done
Searching through them all for /\.P_totalpoi(\[[^\]]*\]|:{1,2}[\w-()]+|\.[\w-]+|#[\w-]+)*\s*/
_print.scss has 34 symbols
Done
Searching through them all for /\.P_totalpoi(\[[^\]]*\]|:{1,2}[\w-()]+|\.[\w-]+|#[\w-]+)*\s*/
_date.scss has 49 symbols
Done
Searching through them all for /\.P_totalpoi(\[[^\]]*\]|:{1,2}[\w-()]+|\.[\w-]+|#[\w-]+)*\s*/
_d3.scss has 72 symbols
Done
Searching through them all for /\.P_totalpoi(\[[^\]]*\]|:{1,2}[\w-()]+|\.[\w-]+|#[\w-]+)*\s*/
_alpaca.scss has 64 symbols
Done
Searching through them all for /\.P_totalpoi(\[[^\]]*\]|:{1,2}[\w-()]+|\.[\w-]+|#[\w-]+)*\s*/
bootstrap.min.css has 2572 symbols
Done
Searching through them all for /\.P_totalpoi(\[[^\]]*\]|:{1,2}[\w-()]+|\.[\w-]+|#[\w-]+)*\s*/
_daterange.scss has 87 symbols
Done
Searching through them all for /\.P_totalpoi(\[[^\]]*\]|:{1,2}[\w-()]+|\.[\w-]+|#[\w-]+)*\s*/
_tables.scss has 43 symbols
Done
Searching through them all for /\.P_totalpoi(\[[^\]]*\]|:{1,2}[\w-()]+|\.[\w-]+|#[\w-]+)*\s*/
_daterange.scss has 86 symbols
Done
Searching through them all for /\.P_totalpoi(\[[^\]]*\]|:{1,2}[\w-()]+|\.[\w-]+|#[\w-]+)*\s*/
_reboot.scss has 100 symbols
Done
Searching through them all for /\.P_totalpoi(\[[^\]]*\]|:{1,2}[\w-()]+|\.[\w-]+|#[\w-]+)*\s*/
_fullcalendar.scss has 285 symbols
Done
Searching through them all for /\.P_totalpoi(\[[^\]]*\]|:{1,2}[\w-()]+|\.[\w-]+|#[\w-]+)*\s*/
_table-row.scss has 10 symbols
Done
Searching through them all for /\.P_totalpoi(\[[^\]]*\]|:{1,2}[\w-()]+|\.[\w-]+|#[\w-]+)*\s*/
_fancytree.scss has 100 symbols
Done
Searching through them all for /\.P_totalpoi(\[[^\]]*\]|:{1,2}[\w-()]+|\.[\w-]+|#[\w-]+)*\s*/
_inbox.scss has 15 symbols
Done
Searching through them all for /\.P_totalpoi(\[[^\]]*\]|:{1,2}[\w-()]+|\.[\w-]+|#[\w-]+)*\s*/
_fancytree.scss has 100 symbols
Done
Searching through them all for /\.P_totalpoi(\[[^\]]*\]|:{1,2}[\w-()]+|\.[\w-]+|#[\w-]+)*\s*/
components.css has 4341 symbols
Done
Searching through them all for /\.P_totalpoi(\[[^\]]*\]|:{1,2}[\w-()]+|\.[\w-]+|#[\w-]+)*\s*/
_fullcalendar.scss has 285 symbols
Done
Searching through them all for /\.P_totalpoi(\[[^\]]*\]|:{1,2}[\w-()]+|\.[\w-]+|#[\w-]+)*\s*/
_buttons.scss has 69 symbols
Done
Searching through them all for /\.P_totalpoi(\[[^\]]*\]|:{1,2}[\w-()]+|\.[\w-]+|#[\w-]+)*\s*/
_widgets.scss has 251 symbols
Done
Searching through them all for /\.P_totalpoi(\[[^\]]*\]|:{1,2}[\w-()]+|\.[\w-]+|#[\w-]+)*\s*/
_handsontable.scss has 342 symbols
Done
Searching through them all for /\.P_totalpoi(\[[^\]]*\]|:{1,2}[\w-()]+|\.[\w-]+|#[\w-]+)*\s*/
_footable.scss has 17 symbols
Done
Searching through them all for /\.P_totalpoi(\[[^\]]*\]|:{1,2}[\w-()]+|\.[\w-]+|#[\w-]+)*\s*/
_fancytree.scss has 100 symbols
Done
Searching through them all for /\.P_totalpoi(\[[^\]]*\]|:{1,2}[\w-()]+|\.[\w-]+|#[\w-]+)*\s*/
_handsontable.scss has 342 symbols
Done
Searching through them all for /\.P_totalpoi(\[[^\]]*\]|:{1,2}[\w-()]+|\.[\w-]+|#[\w-]+)*\s*/
_tables.scss has 136 symbols
Done
Searching through them all for /\.P_totalpoi(\[[^\]]*\]|:{1,2}[\w-()]+|\.[\w-]+|#[\w-]+)*\s*/
_footable.scss has 17 symbols
Done
Searching through them all for /\.P_totalpoi(\[[^\]]*\]|:{1,2}[\w-()]+|\.[\w-]+|#[\w-]+)*\s*/
_footable.scss has 17 symbols
Done
Searching through them all for /\.P_totalpoi(\[[^\]]*\]|:{1,2}[\w-()]+|\.[\w-]+|#[\w-]+)*\s*/
_widgets.scss has 281 symbols
Done
Searching through them all for /\.P_totalpoi(\[[^\]]*\]|:{1,2}[\w-()]+|\.[\w-]+|#[\w-]+)*\s*/
_fullcalendar.scss has 285 symbols
Done
Searching through them all for /\.P_totalpoi(\[[^\]]*\]|:{1,2}[\w-()]+|\.[\w-]+|#[\w-]+)*\s*/
_handsontable.scss has 342 symbols
Done
Searching through them all for /\.P_totalpoi(\[[^\]]*\]|:{1,2}[\w-()]+|\.[\w-]+|#[\w-]+)*\s*/
_datatable-rows-reorder.scss has 4 symbols
Done
Searching through them all for /\.P_totalpoi(\[[^\]]*\]|:{1,2}[\w-()]+|\.[\w-]+|#[\w-]+)*\s*/
_datatable-columns-reorder.scss has 4 symbols
Done
Searching through them all for /\.P_totalpoi(\[[^\]]*\]|:{1,2}[\w-()]+|\.[\w-]+|#[\w-]+)*\s*/
_datatable-responsive.scss has 31 symbols
Done
Searching through them all for /\.P_totalpoi(\[[^\]]*\]|:{1,2}[\w-()]+|\.[\w-]+|#[\w-]+)*\s*/
_datatables.scss has 132 symbols
Done
Searching through them all for /\.P_totalpoi(\[[^\]]*\]|:{1,2}[\w-()]+|\.[\w-]+|#[\w-]+)*\s*/
_datatable-columns-reorder.scss has 4 symbols
Done
Searching through them all for /\.P_totalpoi(\[[^\]]*\]|:{1,2}[\w-()]+|\.[\w-]+|#[\w-]+)*\s*/
_datatable-responsive.scss has 31 symbols
Done
Searching through them all for /\.P_totalpoi(\[[^\]]*\]|:{1,2}[\w-()]+|\.[\w-]+|#[\w-]+)*\s*/
_datatables.scss has 132 symbols
Done
Searching through them all for /\.P_totalpoi(\[[^\]]*\]|:{1,2}[\w-()]+|\.[\w-]+|#[\w-]+)*\s*/
_datatable-rows-reorder.scss has 4 symbols
Done
Searching through them all for /\.P_totalpoi(\[[^\]]*\]|:{1,2}[\w-()]+|\.[\w-]+|#[\w-]+)*\s*/
_alpaca.scss has 64 symbols
Done
Searching through them all for /\.P_totalpoi(\[[^\]]*\]|:{1,2}[\w-()]+|\.[\w-]+|#[\w-]+)*\s*/
_datatable-scroller.scss has 8 symbols
Done
Searching through them all for /\.P_totalpoi(\[[^\]]*\]|:{1,2}[\w-()]+|\.[\w-]+|#[\w-]+)*\s*/
_buttons.scss has 69 symbols
Done
Searching through them all for /\.P_totalpoi(\[[^\]]*\]|:{1,2}[\w-()]+|\.[\w-]+|#[\w-]+)*\s*/
_datatable-rows-reorder.scss has 4 symbols
Done
Searching through them all for /\.P_totalpoi(\[[^\]]*\]|:{1,2}[\w-()]+|\.[\w-]+|#[\w-]+)*\s*/
_datatable-keytable.scss has 8 symbols
Done
Searching through them all for /\.P_totalpoi(\[[^\]]*\]|:{1,2}[\w-()]+|\.[\w-]+|#[\w-]+)*\s*/
_datatable-columns-reorder.scss has 4 symbols
Done
Searching through them all for /\.P_totalpoi(\[[^\]]*\]|:{1,2}[\w-()]+|\.[\w-]+|#[\w-]+)*\s*/
_datatable-fixed-columns.scss has 21 symbols
Done
Searching through them all for /\.P_totalpoi(\[[^\]]*\]|:{1,2}[\w-()]+|\.[\w-]+|#[\w-]+)*\s*/
_datatable-fixed-columns.scss has 21 symbols
Done
Searching through them all for /\.P_totalpoi(\[[^\]]*\]|:{1,2}[\w-()]+|\.[\w-]+|#[\w-]+)*\s*/
_datatable-scroller.scss has 8 symbols
Done
Searching through them all for /\.P_totalpoi(\[[^\]]*\]|:{1,2}[\w-()]+|\.[\w-]+|#[\w-]+)*\s*/
_buttons.scss has 69 symbols
Done
Searching through them all for /\.P_totalpoi(\[[^\]]*\]|:{1,2}[\w-()]+|\.[\w-]+|#[\w-]+)*\s*/
_handsontable.scss has 342 symbols
Done
Searching through them all for /\.P_totalpoi(\[[^\]]*\]|:{1,2}[\w-()]+|\.[\w-]+|#[\w-]+)*\s*/
_datatable-keytable.scss has 8 symbols
Done
Searching through them all for /\.P_totalpoi(\[[^\]]*\]|:{1,2}[\w-()]+|\.[\w-]+|#[\w-]+)*\s*/
_alpaca.scss has 65 symbols
Done
Searching through them all for /\.P_totalpoi(\[[^\]]*\]|:{1,2}[\w-()]+|\.[\w-]+|#[\w-]+)*\s*/
_datatable-responsive.scss has 31 symbols
Done
Searching through them all for /\.P_totalpoi(\[[^\]]*\]|:{1,2}[\w-()]+|\.[\w-]+|#[\w-]+)*\s*/
_daterange.scss has 86 symbols
Done
Searching through them all for /\.P_totalpoi(\[[^\]]*\]|:{1,2}[\w-()]+|\.[\w-]+|#[\w-]+)*\s*/
_datatable-scroller.scss has 8 symbols
Done
Searching through them all for /\.P_totalpoi(\[[^\]]*\]|:{1,2}[\w-()]+|\.[\w-]+|#[\w-]+)*\s*/
_footable.scss has 17 symbols
Done
Searching through them all for /\.P_totalpoi(\[[^\]]*\]|:{1,2}[\w-()]+|\.[\w-]+|#[\w-]+)*\s*/
_datatable-fixed-columns.scss has 21 symbols
Done
Searching through them all for /\.P_totalpoi(\[[^\]]*\]|:{1,2}[\w-()]+|\.[\w-]+|#[\w-]+)*\s*/
_widgets.scss has 251 symbols
Done
Searching through them all for /\.P_totalpoi(\[[^\]]*\]|:{1,2}[\w-()]+|\.[\w-]+|#[\w-]+)*\s*/
_datatable-keytable.scss has 8 symbols
Done
Searching through them all for /\.P_totalpoi(\[[^\]]*\]|:{1,2}[\w-()]+|\.[\w-]+|#[\w-]+)*\s*/
_widgets.scss has 281 symbols
Done
Searching through them all for /\.P_totalpoi(\[[^\]]*\]|:{1,2}[\w-()]+|\.[\w-]+|#[\w-]+)*\s*/
_datatables.scss has 133 symbols
Done
Searching through them all for /\.P_totalpoi(\[[^\]]*\]|:{1,2}[\w-()]+|\.[\w-]+|#[\w-]+)*\s*/
_datatable-rows-reorder.scss has 4 symbols
Done
Searching through them all for /\.P_totalpoi(\[[^\]]*\]|:{1,2}[\w-()]+|\.[\w-]+|#[\w-]+)*\s*/
bootstrap-datepicker.min.css has 221 symbols
Done
Searching through them all for /\.P_totalpoi(\[[^\]]*\]|:{1,2}[\w-()]+|\.[\w-]+|#[\w-]+)*\s*/
_datatable-responsive.scss has 31 symbols
Done
Searching through them all for /\.P_totalpoi(\[[^\]]*\]|:{1,2}[\w-()]+|\.[\w-]+|#[\w-]+)*\s*/
bootstrap.css has 2572 symbols
Done
Searching through them all for /\.P_totalpoi(\[[^\]]*\]|:{1,2}[\w-()]+|\.[\w-]+|#[\w-]+)*\s*/
_datatable-columns-reorder.scss has 4 symbols
Done
Searching through them all for /\.P_totalpoi(\[[^\]]*\]|:{1,2}[\w-()]+|\.[\w-]+|#[\w-]+)*\s*/
components.css has 4341 symbols
Done
Searching through them all for /\.P_totalpoi(\[[^\]]*\]|:{1,2}[\w-()]+|\.[\w-]+|#[\w-]+)*\s*/
_datatables.scss has 133 symbols
Done
Searching through them all for /\.P_totalpoi(\[[^\]]*\]|:{1,2}[\w-()]+|\.[\w-]+|#[\w-]+)*\s*/
_tables.scss has 136 symbols
Done
Searching through them all for /\.P_totalpoi(\[[^\]]*\]|:{1,2}[\w-()]+|\.[\w-]+|#[\w-]+)*\s*/
_datatable-fixed-columns.scss has 21 symbols
Done
Searching through them all for /\.P_totalpoi(\[[^\]]*\]|:{1,2}[\w-()]+|\.[\w-]+|#[\w-]+)*\s*/
_buttons.scss has 69 symbols
Done
Searching through them all for /\.P_totalpoi(\[[^\]]*\]|:{1,2}[\w-()]+|\.[\w-]+|#[\w-]+)*\s*/
_date.scss has 49 symbols
Done
Searching through them all for /\.P_totalpoi(\[[^\]]*\]|:{1,2}[\w-()]+|\.[\w-]+|#[\w-]+)*\s*/
_print.scss has 34 symbols
Done
Searching through them all for /\.P_totalpoi(\[[^\]]*\]|:{1,2}[\w-()]+|\.[\w-]+|#[\w-]+)*\s*/
_daterange.scss has 87 symbols
Done
Searching through them all for /\.P_totalpoi(\[[^\]]*\]|:{1,2}[\w-()]+|\.[\w-]+|#[\w-]+)*\s*/
_tables.scss has 43 symbols
Done
Searching through them all for /\.P_totalpoi(\[[^\]]*\]|:{1,2}[\w-()]+|\.[\w-]+|#[\w-]+)*\s*/
_datatable-scroller.scss has 8 symbols
Done
Searching through them all for /\.P_totalpoi(\[[^\]]*\]|:{1,2}[\w-()]+|\.[\w-]+|#[\w-]+)*\s*/
_tables.scss has 136 symbols
Done
Searching through them all for /\.P_totalpoi(\[[^\]]*\]|:{1,2}[\w-()]+|\.[\w-]+|#[\w-]+)*\s*/
_datatable-keytable.scss has 8 symbols
Done
Searching through them all for /\.P_totalpoi(\[[^\]]*\]|:{1,2}[\w-()]+|\.[\w-]+|#[\w-]+)*\s*/
_reboot.scss has 100 symbols
Done
Searching through them all for /\.P_totalpoi(\[[^\]]*\]|:{1,2}[\w-()]+|\.[\w-]+|#[\w-]+)*\s*/
_date.scss has 49 symbols
Done
Searching through them all for /\.P_totalpoi(\[[^\]]*\]|:{1,2}[\w-()]+|\.[\w-]+|#[\w-]+)*\s*/
_table-row.scss has 10 symbols
Done
Searching through them all for /\.P_totalpoi(\[[^\]]*\]|:{1,2}[\w-()]+|\.[\w-]+|#[\w-]+)*\s*/
_tables.scss has 136 symbols
Done
Searching through them all for /\.P_totalpoi(\[[^\]]*\]|:{1,2}[\w-()]+|\.[\w-]+|#[\w-]+)*\s*/
_date.scss has 49 symbols
Done
Searching through them all for /\.P_totalpoi(\[[^\]]*\]|:{1,2}[\w-()]+|\.[\w-]+|#[\w-]+)*\s*/
_fancytree.scss has 100 symbols
Done
Searching through them all for /\.P_totalpoi(\[[^\]]*\]|:{1,2}[\w-()]+|\.[\w-]+|#[\w-]+)*\s*/
dialog.css has 159 symbols
Done
Searching through them all for /\.P_totalpoi(\[[^\]]*\]|:{1,2}[\w-()]+|\.[\w-]+|#[\w-]+)*\s*/
_fullcalendar.scss has 285 symbols
Done
Searching through them all for /\.P_totalpoi(\[[^\]]*\]|:{1,2}[\w-()]+|\.[\w-]+|#[\w-]+)*\s*/
dialog_ie8.css has 161 symbols
Done
Searching through them all for /\.P_totalpoi(\[[^\]]*\]|:{1,2}[\w-()]+|\.[\w-]+|#[\w-]+)*\s*/
dialog.css has 159 symbols
Done
Searching through them all for /\.P_totalpoi(\[[^\]]*\]|:{1,2}[\w-()]+|\.[\w-]+|#[\w-]+)*\s*/
dialog_iequirks.css has 158 symbols
Done
Searching through them all for /\.P_totalpoi(\[[^\]]*\]|:{1,2}[\w-()]+|\.[\w-]+|#[\w-]+)*\s*/
dialog_ie8.css has 161 symbols
Done
Searching through them all for /\.P_totalpoi(\[[^\]]*\]|:{1,2}[\w-()]+|\.[\w-]+|#[\w-]+)*\s*/
dialog_ie.css has 173 symbols
Done
Searching through them all for /\.P_totalpoi(\[[^\]]*\]|:{1,2}[\w-()]+|\.[\w-]+|#[\w-]+)*\s*/
dialog_ie7.css has 172 symbols
Done
Searching through them all for /\.P_totalpoi(\[[^\]]*\]|:{1,2}[\w-()]+|\.[\w-]+|#[\w-]+)*\s*/
dialog_ie7.css has 172 symbols
Done
Searching through them all for /\.P_totalpoi(\[[^\]]*\]|:{1,2}[\w-()]+|\.[\w-]+|#[\w-]+)*\s*/
dialog_ie.css has 173 symbols
Done
Searching through them all for /\.P_totalpoi(\[[^\]]*\]|:{1,2}[\w-()]+|\.[\w-]+|#[\w-]+)*\s*/
dialog.scss has 155 symbols
Done
Searching through them all for /\.P_totalpoi(\[[^\]]*\]|:{1,2}[\w-()]+|\.[\w-]+|#[\w-]+)*\s*/
dialog_iequirks.css has 158 symbols
Done
Searching through them all for /\.P_totalpoi(\[[^\]]*\]|:{1,2}[\w-()]+|\.[\w-]+|#[\w-]+)*\s*/
dialog_opera.css has 160 symbols
Done
Searching through them all for /\.P_totalpoi(\[[^\]]*\]|:{1,2}[\w-()]+|\.[\w-]+|#[\w-]+)*\s*/
dialog.scss has 155 symbols
Done
Searching through them all for /\.P_totalpoi(\[[^\]]*\]|:{1,2}[\w-()]+|\.[\w-]+|#[\w-]+)*\s*/
_colorpanel.scss has 20 symbols
Done
Searching through them all for /\.P_totalpoi(\[[^\]]*\]|:{1,2}[\w-()]+|\.[\w-]+|#[\w-]+)*\s*/
dialog_opera.scss has 3 symbols
Done
Searching through them all for /\.P_totalpoi(\[[^\]]*\]|:{1,2}[\w-()]+|\.[\w-]+|#[\w-]+)*\s*/
dialog_opera.scss has 3 symbols
Done
Searching through them all for /\.P_totalpoi(\[[^\]]*\]|:{1,2}[\w-()]+|\.[\w-]+|#[\w-]+)*\s*/
dialog_opera.css has 160 symbols
Done
Searching through them all for /\.P_totalpoi(\[[^\]]*\]|:{1,2}[\w-()]+|\.[\w-]+|#[\w-]+)*\s*/
dialog_ie7.css has 172 symbols
Done
Searching through them all for /\.P_totalpoi(\[[^\]]*\]|:{1,2}[\w-()]+|\.[\w-]+|#[\w-]+)*\s*/
dialog_opera.css has 160 symbols
Done
Searching through them all for /\.P_totalpoi(\[[^\]]*\]|:{1,2}[\w-()]+|\.[\w-]+|#[\w-]+)*\s*/
dialog_opera.css has 160 symbols
Done
Searching through them all for /\.P_totalpoi(\[[^\]]*\]|:{1,2}[\w-()]+|\.[\w-]+|#[\w-]+)*\s*/
dialog_iequirks.css has 158 symbols
Done
Searching through them all for /\.P_totalpoi(\[[^\]]*\]|:{1,2}[\w-()]+|\.[\w-]+|#[\w-]+)*\s*/
dialog_opera.scss has 3 symbols
Done
Searching through them all for /\.P_totalpoi(\[[^\]]*\]|:{1,2}[\w-()]+|\.[\w-]+|#[\w-]+)*\s*/
dialog_ie.css has 173 symbols
Done
Searching through them all for /\.P_totalpoi(\[[^\]]*\]|:{1,2}[\w-()]+|\.[\w-]+|#[\w-]+)*\s*/
dialog_iequirks.css has 158 symbols
Done
Searching through them all for /\.P_totalpoi(\[[^\]]*\]|:{1,2}[\w-()]+|\.[\w-]+|#[\w-]+)*\s*/
dialog_ie7.css has 172 symbols
Done
Searching through them all for /\.P_totalpoi(\[[^\]]*\]|:{1,2}[\w-()]+|\.[\w-]+|#[\w-]+)*\s*/
dialog_ie.css has 173 symbols
Done
Searching through them all for /\.P_totalpoi(\[[^\]]*\]|:{1,2}[\w-()]+|\.[\w-]+|#[\w-]+)*\s*/
dialog_ie8.css has 161 symbols
Done
Searching through them all for /\.P_totalpoi(\[[^\]]*\]|:{1,2}[\w-()]+|\.[\w-]+|#[\w-]+)*\s*/
dialog_ie8.css has 161 symbols
Done
Searching through them all for /\.P_totalpoi(\[[^\]]*\]|:{1,2}[\w-()]+|\.[\w-]+|#[\w-]+)*\s*/
_colorpanel.scss has 20 symbols
Done
Searching through them all for /\.P_totalpoi(\[[^\]]*\]|:{1,2}[\w-()]+|\.[\w-]+|#[\w-]+)*\s*/
wsc.css has 18 symbols
Done
Searching through them all for /\.P_totalpoi(\[[^\]]*\]|:{1,2}[\w-()]+|\.[\w-]+|#[\w-]+)*\s*/
dialog.css has 159 symbols
Done
Searching through them all for /\.P_totalpoi(\[[^\]]*\]|:{1,2}[\w-()]+|\.[\w-]+|#[\w-]+)*\s*/
dialog.css has 159 symbols
Done
Searching through them all for /\.P_totalpoi(\[[^\]]*\]|:{1,2}[\w-()]+|\.[\w-]+|#[\w-]+)*\s*/
dialog.scss has 155 symbols
Done
Searching through them all for /\.P_totalpoi(\[[^\]]*\]|:{1,2}[\w-()]+|\.[\w-]+|#[\w-]+)*\s*/
dialog.scss has 155 symbols
Done
Searching through them all for /\.P_totalpoi(\[[^\]]*\]|:{1,2}[\w-()]+|\.[\w-]+|#[\w-]+)*\s*/
dialog_opera.scss has 3 symbols
Done
Searching through them all for /\.P_totalpoi(\[[^\]]*\]|:{1,2}[\w-()]+|\.[\w-]+|#[\w-]+)*\s*/
_colorpanel.scss has 20 symbols
Done
Searching through them all for /\.P_totalpoi(\[[^\]]*\]|:{1,2}[\w-()]+|\.[\w-]+|#[\w-]+)*\s*/
_colorpanel.scss has 20 symbols
Done
Searching through them all for /\.P_totalpoi(\[[^\]]*\]|:{1,2}[\w-()]+|\.[\w-]+|#[\w-]+)*\s*/
exception.css has 214 symbols
Done
Searching through them all for /\.P_totalpoi(\[[^\]]*\]|:{1,2}[\w-()]+|\.[\w-]+|#[\w-]+)*\s*/
wsc.css has 18 symbols
Done
Searching through them all for /\.P_totalpoi(\[[^\]]*\]|:{1,2}[\w-()]+|\.[\w-]+|#[\w-]+)*\s*/
default.css has 45 symbols
Done
Searching through them all for /\.P_totalpoi(\[[^\]]*\]|:{1,2}[\w-()]+|\.[\w-]+|#[\w-]+)*\s*/
default.css has 45 symbols
Done
Searching through them all for /\.P_totalpoi(\[[^\]]*\]|:{1,2}[\w-()]+|\.[\w-]+|#[\w-]+)*\s*/
html.css has 163 symbols
Done
Searching through them all for /\.P_totalpoi(\[[^\]]*\]|:{1,2}[\w-()]+|\.[\w-]+|#[\w-]+)*\s*/
whoops.base.css has 120 symbols
Done
Searching through them all for /\.P_totalpoi(\[[^\]]*\]|:{1,2}[\w-()]+|\.[\w-]+|#[\w-]+)*\s*/
whoops.base.css has 120 symbols
Done
Searching through them all for /\.P_totalpoi(\[[^\]]*\]|:{1,2}[\w-()]+|\.[\w-]+|#[\w-]+)*\s*/
style.css has 50 symbols
Done
Searching through them all for /\.P_totalpoi(\[[^\]]*\]|:{1,2}[\w-()]+|\.[\w-]+|#[\w-]+)*\s*/
bootstrap.min.css has 3147 symbols
Done
Searching through them all for /\.P_totalpoi(\[[^\]]*\]|:{1,2}[\w-()]+|\.[\w-]+|#[\w-]+)*\s*/
bootstrap.min.css has 3147 symbols
Done
Searching through them all for /\.P_totalpoi(\[[^\]]*\]|:{1,2}[\w-()]+|\.[\w-]+|#[\w-]+)*\s*/
nv.d3.min.css has 135 symbols
Done
Searching through them all for /\.P_totalpoi(\[[^\]]*\]|:{1,2}[\w-()]+|\.[\w-]+|#[\w-]+)*\s*/
nv.d3.min.css has 135 symbols
Done
Searching through them all for /\.P_totalpoi(\[[^\]]*\]|:{1,2}[\w-()]+|\.[\w-]+|#[\w-]+)*\s*/
style.css has 50 symbols
Done
Searching through them all for /\.P_totalpoi(\[[^\]]*\]|:{1,2}[\w-()]+|\.[\w-]+|#[\w-]+)*\s*/
Done
P_moyenne 4956
  script 54 60
P_moyenne 4956
  script 113 119
  script 54 60
  script 122 128
  script 113 119
  script 181 187
  script 122 128
  table 191 196
  script 181 187
  tbody 250 255
  table 191 196
  tr 266 268
  tbody 250 255
  td 283 285
  tr 266 268
  strong 287 293
  td 283 285
  strong 300 306
  strong 287 293
  td 343 345
  strong 300 306
  td 398 400
  td 343 345
  strong 402 408
  td 398 400
  strong 430 436
  strong 402 408
  td 457 459
  strong 430 436
  td 474 476
  td 457 459
  strong 478 484
  td 474 476
  strong 494 500
  strong 478 484
  td 537 539
  strong 494 500
  tr 551 553
  td 537 539
  tr 564 566
  tr 551 553
  td 581 583
  tr 564 566
  strong 585 591
  td 581 583
  strong 616 622
  strong 585 591
  td 680 682
  strong 616 622
  td 697 699
  td 680 682
  strong 701 707
  td 697 699
  strong 727 733
  strong 701 707
  td 752 754
  strong 727 733
  td 769 771
  td 752 754
  strong 773 779
  td 769 771
  strong 786 792
  strong 773 779
  td 929 931
  strong 786 792
  tr 943 945
  td 929 931
  tbody 954 959
  tr 943 945
  table 963 968
  tbody 954 959
  table 973 978
  table 963 968
  thead 1119 1124
  table 973 978
  tr 1135 1137
  thead 1119 1124
  th 1152 1154
  tr 1135 1137
  th 1171 1173
  th 1152 1154
  th 1188 1190
  th 1171 1173
  th 1213 1215
  th 1188 1190
  th 1230 1232
  th 1213 1215
  br 1249 1251
  th 1230 1232
  th 1258 1260
  br 1249 1251
  th 1275 1277
  th 1258 1260
  br 1294 1296
  th 1275 1277
  th 1303 1305
  br 1294 1296
  th 1320 1322
  th 1303 1305
  br 1343 1345
  th 1320 1322
  th 1352 1354
  br 1343 1345
  th 1369 1371
  th 1352 1354
  br 1398 1400
  th 1369 1371
  th 1403 1405
  br 1398 1400
  th 1490 1492
  th 1403 1405
  br 1512 1514
  th 1490 1492
  sup 1524 1527
  br 1512 1514
  sup 1531 1534
  sup 1524 1527
  th 1547 1549
  sup 1531 1534
  th 1564 1566
  th 1547 1549
  sup 1581 1584
  th 1564 1566
  sup 1589 1592
  sup 1581 1584
  br 1595 1597
  sup 1589 1592
  th 1610 1612
  br 1595 1597
  th 1627 1629
  th 1610 1612
  sup 1644 1647
  th 1627 1629
  sup 1651 1654
  sup 1644 1647
  br 1657 1659
  sup 1651 1654
  th 1672 1674
  br 1657 1659
  th 1689 1691
  th 1672 1674
  br 1716 1718
  th 1689 1691
  sup 1722 1725
  br 1716 1718
  sup 1730 1733
  sup 1722 1725
  sup 1739 1742
  sup 1730 1733
  sup 1746 1749
  sup 1739 1742
  sup 1755 1758
  sup 1746 1749
  sup 1762 1765
  sup 1755 1758
  th 1768 1770
  sup 1762 1765
  th 1785 1787
  th 1768 1770
  th 1809 1811
  th 1785 1787
  th 1851 1853
  th 1809 1811
  th 1879 1881
  th 1851 1853
  th 1896 1898
  th 1879 1881
  th 1928 1930
  th 1896 1898
  th 1945 1947
  th 1928 1930
  th 1971 1973
  th 1945 1947
  tr 1985 1987
  th 1971 1973
  thead 1995 2000
  tr 1985 1987
  tbody 2008 2013
  thead 1995 2000
  tr 2065 2067
  tbody 2008 2013
  td 2086 2088
  tr 2065 2067
  td 2113 2115
  td 2086 2088
  td 2134 2136
  td 2113 2115
  td 2155 2157
  td 2134 2136
  td 2279 2281
  td 2155 2157
  td 2304 2306
  td 2279 2281
  td 2329 2331
  td 2304 2306
  td 2354 2356
  td 2329 2331
  td 2379 2381
  td 2354 2356
  td 2405 2407
  td 2379 2381
  td 2430 2432
  td 2405 2407
  td 2913 2915
  td 2430 2432
  td 3033 3035
  td 2913 2915
  td 3060 3062
  td 3033 3035
  td 3090 3092
  td 3060 3062
  td 3171 3173
  td 3090 3092
  td 3201 3203
  td 3171 3173
  td 3282 3284
  td 3201 3203
  td 3312 3314
  td 3282 3284
  td 3338 3340
  td 3312 3314
  td 3368 3370
  td 3338 3340
  td 3398 3400
  td 3368 3370
  td 3524 3526
  td 3398 3400
  td 3558 3560
  td 3524 3526
  td 3583 3585
  td 3558 3560
  td 4193 4195
  td 3583 3585
  td 4218 4220
  td 4193 4195
  td 4266 4268
  td 4218 4220
  tr 4312 4314
  td 4266 4268
  tr 4821 4823
  tr 4312 4314
  td 4838 4840
  tr 4821 4823
  strong 4873 4879
  td 4838 4840
  strong 4908 4914
  strong 4873 4879
  td 4917 4919
  strong 4908 4914
  td 4934 4936
  td 4917 4919
P_moyenne is a "class"
  td 4934 4936
html.css has 163 symbols
P_moyenne is a "class"
Searching through them all for /\.P_moyenne(\[[^\]]*\]|:{1,2}[\w-()]+|\.[\w-]+|#[\w-]+)*\s*/
app.css has 3148 symbols
Done
Searching through them all for /\.P_moyenne(\[[^\]]*\]|:{1,2}[\w-()]+|\.[\w-]+|#[\w-]+)*\s*/
exception.css has 214 symbols
Done
Searching through them all for /\.P_moyenne(\[[^\]]*\]|:{1,2}[\w-()]+|\.[\w-]+|#[\w-]+)*\s*/
components.min.css has 4339 symbols
Done
Searching through them all for /\.P_moyenne(\[[^\]]*\]|:{1,2}[\w-()]+|\.[\w-]+|#[\w-]+)*\s*/
app.css has 3148 symbols
Done
Searching through them all for /\.P_moyenne(\[[^\]]*\]|:{1,2}[\w-()]+|\.[\w-]+|#[\w-]+)*\s*/
my_print.css has 14 symbols
Done
Searching through them all for /\.P_moyenne(\[[^\]]*\]|:{1,2}[\w-()]+|\.[\w-]+|#[\w-]+)*\s*/
components.min.css has 4339 symbols
Done
Searching through them all for /\.P_moyenne(\[[^\]]*\]|:{1,2}[\w-()]+|\.[\w-]+|#[\w-]+)*\s*/
print_tabulation.css has 7 symbols
Done
Searching through them all for /\.P_moyenne(\[[^\]]*\]|:{1,2}[\w-()]+|\.[\w-]+|#[\w-]+)*\s*/
bootstrap.css has 2572 symbols
Done
Searching through them all for /\.P_moyenne(\[[^\]]*\]|:{1,2}[\w-()]+|\.[\w-]+|#[\w-]+)*\s*/
bootstrap_limitless.css has 1198 symbols
Done
Searching through them all for /\.P_moyenne(\[[^\]]*\]|:{1,2}[\w-()]+|\.[\w-]+|#[\w-]+)*\s*/
my_print.css has 14 symbols
Done
Searching through them all for /\.P_moyenne(\[[^\]]*\]|:{1,2}[\w-()]+|\.[\w-]+|#[\w-]+)*\s*/
bootstrap.min.css has 2572 symbols
Done
Searching through them all for /\.P_moyenne(\[[^\]]*\]|:{1,2}[\w-()]+|\.[\w-]+|#[\w-]+)*\s*/
bootstrap_limitless.css has 1198 symbols
Done
Searching through them all for /\.P_moyenne(\[[^\]]*\]|:{1,2}[\w-()]+|\.[\w-]+|#[\w-]+)*\s*/
bootstrap_limitless.min.css has 1198 symbols
Done
Searching through them all for /\.P_moyenne(\[[^\]]*\]|:{1,2}[\w-()]+|\.[\w-]+|#[\w-]+)*\s*/
bootstrap_limitless.min.css has 1198 symbols
Done
Searching through them all for /\.P_moyenne(\[[^\]]*\]|:{1,2}[\w-()]+|\.[\w-]+|#[\w-]+)*\s*/
receipt.css has 17 symbols
Done
Searching through them all for /\.P_moyenne(\[[^\]]*\]|:{1,2}[\w-()]+|\.[\w-]+|#[\w-]+)*\s*/
receipt.css has 17 symbols
Done
Searching through them all for /\.P_moyenne(\[[^\]]*\]|:{1,2}[\w-()]+|\.[\w-]+|#[\w-]+)*\s*/
_inbox.scss has 15 symbols
Done
Searching through them all for /\.P_moyenne(\[[^\]]*\]|:{1,2}[\w-()]+|\.[\w-]+|#[\w-]+)*\s*/
print_tabulation.css has 7 symbols
Done
Searching through them all for /\.P_moyenne(\[[^\]]*\]|:{1,2}[\w-()]+|\.[\w-]+|#[\w-]+)*\s*/
_c3.scss has 48 symbols
Done
Searching through them all for /\.P_moyenne(\[[^\]]*\]|:{1,2}[\w-()]+|\.[\w-]+|#[\w-]+)*\s*/
bootstrap-datepicker.min.css has 221 symbols
Done
Searching through them all for /\.P_moyenne(\[[^\]]*\]|:{1,2}[\w-()]+|\.[\w-]+|#[\w-]+)*\s*/
_d3.scss has 72 symbols
Done
Searching through them all for /\.P_moyenne(\[[^\]]*\]|:{1,2}[\w-()]+|\.[\w-]+|#[\w-]+)*\s*/
_c3.scss has 48 symbols
Done
Searching through them all for /\.P_moyenne(\[[^\]]*\]|:{1,2}[\w-()]+|\.[\w-]+|#[\w-]+)*\s*/
_alpaca.scss has 65 symbols
Done
Searching through them all for /\.P_moyenne(\[[^\]]*\]|:{1,2}[\w-()]+|\.[\w-]+|#[\w-]+)*\s*/
_print.scss has 34 symbols
Done
Searching through them all for /\.P_moyenne(\[[^\]]*\]|:{1,2}[\w-()]+|\.[\w-]+|#[\w-]+)*\s*/
_date.scss has 49 symbols
Done
Searching through them all for /\.P_moyenne(\[[^\]]*\]|:{1,2}[\w-()]+|\.[\w-]+|#[\w-]+)*\s*/
_d3.scss has 72 symbols
Done
Searching through them all for /\.P_moyenne(\[[^\]]*\]|:{1,2}[\w-()]+|\.[\w-]+|#[\w-]+)*\s*/
_alpaca.scss has 64 symbols
Done
Searching through them all for /\.P_moyenne(\[[^\]]*\]|:{1,2}[\w-()]+|\.[\w-]+|#[\w-]+)*\s*/
bootstrap.min.css has 2572 symbols
Done
Searching through them all for /\.P_moyenne(\[[^\]]*\]|:{1,2}[\w-()]+|\.[\w-]+|#[\w-]+)*\s*/
_daterange.scss has 87 symbols
Done
Searching through them all for /\.P_moyenne(\[[^\]]*\]|:{1,2}[\w-()]+|\.[\w-]+|#[\w-]+)*\s*/
_tables.scss has 43 symbols
Done
Searching through them all for /\.P_moyenne(\[[^\]]*\]|:{1,2}[\w-()]+|\.[\w-]+|#[\w-]+)*\s*/
_daterange.scss has 86 symbols
Done
Searching through them all for /\.P_moyenne(\[[^\]]*\]|:{1,2}[\w-()]+|\.[\w-]+|#[\w-]+)*\s*/
_reboot.scss has 100 symbols
Done
Searching through them all for /\.P_moyenne(\[[^\]]*\]|:{1,2}[\w-()]+|\.[\w-]+|#[\w-]+)*\s*/
_fullcalendar.scss has 285 symbols
Done
Searching through them all for /\.P_moyenne(\[[^\]]*\]|:{1,2}[\w-()]+|\.[\w-]+|#[\w-]+)*\s*/
_table-row.scss has 10 symbols
Done
Searching through them all for /\.P_moyenne(\[[^\]]*\]|:{1,2}[\w-()]+|\.[\w-]+|#[\w-]+)*\s*/
_fancytree.scss has 100 symbols
Done
Searching through them all for /\.P_moyenne(\[[^\]]*\]|:{1,2}[\w-()]+|\.[\w-]+|#[\w-]+)*\s*/
_inbox.scss has 15 symbols
Done
Searching through them all for /\.P_moyenne(\[[^\]]*\]|:{1,2}[\w-()]+|\.[\w-]+|#[\w-]+)*\s*/
_fancytree.scss has 100 symbols
Done
Searching through them all for /\.P_moyenne(\[[^\]]*\]|:{1,2}[\w-()]+|\.[\w-]+|#[\w-]+)*\s*/
components.css has 4341 symbols
Done
Searching through them all for /\.P_moyenne(\[[^\]]*\]|:{1,2}[\w-()]+|\.[\w-]+|#[\w-]+)*\s*/
_fullcalendar.scss has 285 symbols
Done
Searching through them all for /\.P_moyenne(\[[^\]]*\]|:{1,2}[\w-()]+|\.[\w-]+|#[\w-]+)*\s*/
_buttons.scss has 69 symbols
Done
Searching through them all for /\.P_moyenne(\[[^\]]*\]|:{1,2}[\w-()]+|\.[\w-]+|#[\w-]+)*\s*/
_widgets.scss has 251 symbols
Done
Searching through them all for /\.P_moyenne(\[[^\]]*\]|:{1,2}[\w-()]+|\.[\w-]+|#[\w-]+)*\s*/
_handsontable.scss has 342 symbols
Done
Searching through them all for /\.P_moyenne(\[[^\]]*\]|:{1,2}[\w-()]+|\.[\w-]+|#[\w-]+)*\s*/
_footable.scss has 17 symbols
Done
Searching through them all for /\.P_moyenne(\[[^\]]*\]|:{1,2}[\w-()]+|\.[\w-]+|#[\w-]+)*\s*/
_fancytree.scss has 100 symbols
Done
Searching through them all for /\.P_moyenne(\[[^\]]*\]|:{1,2}[\w-()]+|\.[\w-]+|#[\w-]+)*\s*/
_handsontable.scss has 342 symbols
Done
Searching through them all for /\.P_moyenne(\[[^\]]*\]|:{1,2}[\w-()]+|\.[\w-]+|#[\w-]+)*\s*/
_tables.scss has 136 symbols
Done
Searching through them all for /\.P_moyenne(\[[^\]]*\]|:{1,2}[\w-()]+|\.[\w-]+|#[\w-]+)*\s*/
_footable.scss has 17 symbols
Done
Searching through them all for /\.P_moyenne(\[[^\]]*\]|:{1,2}[\w-()]+|\.[\w-]+|#[\w-]+)*\s*/
_footable.scss has 17 symbols
Done
Searching through them all for /\.P_moyenne(\[[^\]]*\]|:{1,2}[\w-()]+|\.[\w-]+|#[\w-]+)*\s*/
_widgets.scss has 281 symbols
Done
Searching through them all for /\.P_moyenne(\[[^\]]*\]|:{1,2}[\w-()]+|\.[\w-]+|#[\w-]+)*\s*/
_fullcalendar.scss has 285 symbols
Done
Searching through them all for /\.P_moyenne(\[[^\]]*\]|:{1,2}[\w-()]+|\.[\w-]+|#[\w-]+)*\s*/
_handsontable.scss has 342 symbols
Done
Searching through them all for /\.P_moyenne(\[[^\]]*\]|:{1,2}[\w-()]+|\.[\w-]+|#[\w-]+)*\s*/
_datatable-rows-reorder.scss has 4 symbols
Done
Searching through them all for /\.P_moyenne(\[[^\]]*\]|:{1,2}[\w-()]+|\.[\w-]+|#[\w-]+)*\s*/
_datatable-columns-reorder.scss has 4 symbols
Done
Searching through them all for /\.P_moyenne(\[[^\]]*\]|:{1,2}[\w-()]+|\.[\w-]+|#[\w-]+)*\s*/
_datatable-responsive.scss has 31 symbols
Done
Searching through them all for /\.P_moyenne(\[[^\]]*\]|:{1,2}[\w-()]+|\.[\w-]+|#[\w-]+)*\s*/
_datatables.scss has 132 symbols
Done
Searching through them all for /\.P_moyenne(\[[^\]]*\]|:{1,2}[\w-()]+|\.[\w-]+|#[\w-]+)*\s*/
_datatable-columns-reorder.scss has 4 symbols
Done
Searching through them all for /\.P_moyenne(\[[^\]]*\]|:{1,2}[\w-()]+|\.[\w-]+|#[\w-]+)*\s*/
_datatable-responsive.scss has 31 symbols
Done
Searching through them all for /\.P_moyenne(\[[^\]]*\]|:{1,2}[\w-()]+|\.[\w-]+|#[\w-]+)*\s*/
_datatables.scss has 132 symbols
Done
Searching through them all for /\.P_moyenne(\[[^\]]*\]|:{1,2}[\w-()]+|\.[\w-]+|#[\w-]+)*\s*/
_datatable-rows-reorder.scss has 4 symbols
Done
Searching through them all for /\.P_moyenne(\[[^\]]*\]|:{1,2}[\w-()]+|\.[\w-]+|#[\w-]+)*\s*/
_alpaca.scss has 64 symbols
Done
Searching through them all for /\.P_moyenne(\[[^\]]*\]|:{1,2}[\w-()]+|\.[\w-]+|#[\w-]+)*\s*/
_datatable-scroller.scss has 8 symbols
Done
Searching through them all for /\.P_moyenne(\[[^\]]*\]|:{1,2}[\w-()]+|\.[\w-]+|#[\w-]+)*\s*/
_buttons.scss has 69 symbols
Done
Searching through them all for /\.P_moyenne(\[[^\]]*\]|:{1,2}[\w-()]+|\.[\w-]+|#[\w-]+)*\s*/
_datatable-rows-reorder.scss has 4 symbols
Done
Searching through them all for /\.P_moyenne(\[[^\]]*\]|:{1,2}[\w-()]+|\.[\w-]+|#[\w-]+)*\s*/
_datatable-keytable.scss has 8 symbols
Done
Searching through them all for /\.P_moyenne(\[[^\]]*\]|:{1,2}[\w-()]+|\.[\w-]+|#[\w-]+)*\s*/
_datatable-columns-reorder.scss has 4 symbols
Done
Searching through them all for /\.P_moyenne(\[[^\]]*\]|:{1,2}[\w-()]+|\.[\w-]+|#[\w-]+)*\s*/
_datatable-fixed-columns.scss has 21 symbols
Done
Searching through them all for /\.P_moyenne(\[[^\]]*\]|:{1,2}[\w-()]+|\.[\w-]+|#[\w-]+)*\s*/
_datatable-fixed-columns.scss has 21 symbols
Done
Searching through them all for /\.P_moyenne(\[[^\]]*\]|:{1,2}[\w-()]+|\.[\w-]+|#[\w-]+)*\s*/
_datatable-scroller.scss has 8 symbols
Done
Searching through them all for /\.P_moyenne(\[[^\]]*\]|:{1,2}[\w-()]+|\.[\w-]+|#[\w-]+)*\s*/
_buttons.scss has 69 symbols
Done
Searching through them all for /\.P_moyenne(\[[^\]]*\]|:{1,2}[\w-()]+|\.[\w-]+|#[\w-]+)*\s*/
_handsontable.scss has 342 symbols
Done
Searching through them all for /\.P_moyenne(\[[^\]]*\]|:{1,2}[\w-()]+|\.[\w-]+|#[\w-]+)*\s*/
_datatable-keytable.scss has 8 symbols
Done
Searching through them all for /\.P_moyenne(\[[^\]]*\]|:{1,2}[\w-()]+|\.[\w-]+|#[\w-]+)*\s*/
_alpaca.scss has 65 symbols
Done
Searching through them all for /\.P_moyenne(\[[^\]]*\]|:{1,2}[\w-()]+|\.[\w-]+|#[\w-]+)*\s*/
_datatable-responsive.scss has 31 symbols
Done
Searching through them all for /\.P_moyenne(\[[^\]]*\]|:{1,2}[\w-()]+|\.[\w-]+|#[\w-]+)*\s*/
_daterange.scss has 86 symbols
Done
Searching through them all for /\.P_moyenne(\[[^\]]*\]|:{1,2}[\w-()]+|\.[\w-]+|#[\w-]+)*\s*/
_datatable-scroller.scss has 8 symbols
Done
Searching through them all for /\.P_moyenne(\[[^\]]*\]|:{1,2}[\w-()]+|\.[\w-]+|#[\w-]+)*\s*/
_footable.scss has 17 symbols
Done
Searching through them all for /\.P_moyenne(\[[^\]]*\]|:{1,2}[\w-()]+|\.[\w-]+|#[\w-]+)*\s*/
_datatable-fixed-columns.scss has 21 symbols
Done
Searching through them all for /\.P_moyenne(\[[^\]]*\]|:{1,2}[\w-()]+|\.[\w-]+|#[\w-]+)*\s*/
_widgets.scss has 251 symbols
Done
Searching through them all for /\.P_moyenne(\[[^\]]*\]|:{1,2}[\w-()]+|\.[\w-]+|#[\w-]+)*\s*/
_datatable-keytable.scss has 8 symbols
Done
Searching through them all for /\.P_moyenne(\[[^\]]*\]|:{1,2}[\w-()]+|\.[\w-]+|#[\w-]+)*\s*/
_widgets.scss has 281 symbols
Done
Searching through them all for /\.P_moyenne(\[[^\]]*\]|:{1,2}[\w-()]+|\.[\w-]+|#[\w-]+)*\s*/
_datatables.scss has 133 symbols
Done
Searching through them all for /\.P_moyenne(\[[^\]]*\]|:{1,2}[\w-()]+|\.[\w-]+|#[\w-]+)*\s*/
_datatable-rows-reorder.scss has 4 symbols
Done
Searching through them all for /\.P_moyenne(\[[^\]]*\]|:{1,2}[\w-()]+|\.[\w-]+|#[\w-]+)*\s*/
bootstrap-datepicker.min.css has 221 symbols
Done
Searching through them all for /\.P_moyenne(\[[^\]]*\]|:{1,2}[\w-()]+|\.[\w-]+|#[\w-]+)*\s*/
_datatable-responsive.scss has 31 symbols
Done
Searching through them all for /\.P_moyenne(\[[^\]]*\]|:{1,2}[\w-()]+|\.[\w-]+|#[\w-]+)*\s*/
bootstrap.css has 2572 symbols
Done
Searching through them all for /\.P_moyenne(\[[^\]]*\]|:{1,2}[\w-()]+|\.[\w-]+|#[\w-]+)*\s*/
_datatable-columns-reorder.scss has 4 symbols
Done
Searching through them all for /\.P_moyenne(\[[^\]]*\]|:{1,2}[\w-()]+|\.[\w-]+|#[\w-]+)*\s*/
components.css has 4341 symbols
Done
Searching through them all for /\.P_moyenne(\[[^\]]*\]|:{1,2}[\w-()]+|\.[\w-]+|#[\w-]+)*\s*/
_datatables.scss has 133 symbols
Done
Searching through them all for /\.P_moyenne(\[[^\]]*\]|:{1,2}[\w-()]+|\.[\w-]+|#[\w-]+)*\s*/
_tables.scss has 136 symbols
Done
Searching through them all for /\.P_moyenne(\[[^\]]*\]|:{1,2}[\w-()]+|\.[\w-]+|#[\w-]+)*\s*/
_datatable-fixed-columns.scss has 21 symbols
Done
Searching through them all for /\.P_moyenne(\[[^\]]*\]|:{1,2}[\w-()]+|\.[\w-]+|#[\w-]+)*\s*/
_buttons.scss has 69 symbols
Done
Searching through them all for /\.P_moyenne(\[[^\]]*\]|:{1,2}[\w-()]+|\.[\w-]+|#[\w-]+)*\s*/
_date.scss has 49 symbols
Done
Searching through them all for /\.P_moyenne(\[[^\]]*\]|:{1,2}[\w-()]+|\.[\w-]+|#[\w-]+)*\s*/
_print.scss has 34 symbols
Done
Searching through them all for /\.P_moyenne(\[[^\]]*\]|:{1,2}[\w-()]+|\.[\w-]+|#[\w-]+)*\s*/
_daterange.scss has 87 symbols
Done
Searching through them all for /\.P_moyenne(\[[^\]]*\]|:{1,2}[\w-()]+|\.[\w-]+|#[\w-]+)*\s*/
_tables.scss has 43 symbols
Done
Searching through them all for /\.P_moyenne(\[[^\]]*\]|:{1,2}[\w-()]+|\.[\w-]+|#[\w-]+)*\s*/
_datatable-scroller.scss has 8 symbols
Done
Searching through them all for /\.P_moyenne(\[[^\]]*\]|:{1,2}[\w-()]+|\.[\w-]+|#[\w-]+)*\s*/
_tables.scss has 136 symbols
Done
Searching through them all for /\.P_moyenne(\[[^\]]*\]|:{1,2}[\w-()]+|\.[\w-]+|#[\w-]+)*\s*/
_datatable-keytable.scss has 8 symbols
Done
Searching through them all for /\.P_moyenne(\[[^\]]*\]|:{1,2}[\w-()]+|\.[\w-]+|#[\w-]+)*\s*/
_reboot.scss has 100 symbols
Done
Searching through them all for /\.P_moyenne(\[[^\]]*\]|:{1,2}[\w-()]+|\.[\w-]+|#[\w-]+)*\s*/
_date.scss has 49 symbols
Done
Searching through them all for /\.P_moyenne(\[[^\]]*\]|:{1,2}[\w-()]+|\.[\w-]+|#[\w-]+)*\s*/
_table-row.scss has 10 symbols
Done
Searching through them all for /\.P_moyenne(\[[^\]]*\]|:{1,2}[\w-()]+|\.[\w-]+|#[\w-]+)*\s*/
_tables.scss has 136 symbols
Done
Searching through them all for /\.P_moyenne(\[[^\]]*\]|:{1,2}[\w-()]+|\.[\w-]+|#[\w-]+)*\s*/
_date.scss has 49 symbols
Done
Searching through them all for /\.P_moyenne(\[[^\]]*\]|:{1,2}[\w-()]+|\.[\w-]+|#[\w-]+)*\s*/
_fancytree.scss has 100 symbols
Done
Searching through them all for /\.P_moyenne(\[[^\]]*\]|:{1,2}[\w-()]+|\.[\w-]+|#[\w-]+)*\s*/
dialog.css has 159 symbols
Done
Searching through them all for /\.P_moyenne(\[[^\]]*\]|:{1,2}[\w-()]+|\.[\w-]+|#[\w-]+)*\s*/
_fullcalendar.scss has 285 symbols
Done
Searching through them all for /\.P_moyenne(\[[^\]]*\]|:{1,2}[\w-()]+|\.[\w-]+|#[\w-]+)*\s*/
dialog_ie8.css has 161 symbols
Done
Searching through them all for /\.P_moyenne(\[[^\]]*\]|:{1,2}[\w-()]+|\.[\w-]+|#[\w-]+)*\s*/
dialog.css has 159 symbols
Done
Searching through them all for /\.P_moyenne(\[[^\]]*\]|:{1,2}[\w-()]+|\.[\w-]+|#[\w-]+)*\s*/
dialog_iequirks.css has 158 symbols
Done
Searching through them all for /\.P_moyenne(\[[^\]]*\]|:{1,2}[\w-()]+|\.[\w-]+|#[\w-]+)*\s*/
dialog_ie8.css has 161 symbols
Done
Searching through them all for /\.P_moyenne(\[[^\]]*\]|:{1,2}[\w-()]+|\.[\w-]+|#[\w-]+)*\s*/
dialog_ie.css has 173 symbols
Done
Searching through them all for /\.P_moyenne(\[[^\]]*\]|:{1,2}[\w-()]+|\.[\w-]+|#[\w-]+)*\s*/
dialog_ie7.css has 172 symbols
Done
Searching through them all for /\.P_moyenne(\[[^\]]*\]|:{1,2}[\w-()]+|\.[\w-]+|#[\w-]+)*\s*/
dialog_ie7.css has 172 symbols
Done
Searching through them all for /\.P_moyenne(\[[^\]]*\]|:{1,2}[\w-()]+|\.[\w-]+|#[\w-]+)*\s*/
dialog_ie.css has 173 symbols
Done
Searching through them all for /\.P_moyenne(\[[^\]]*\]|:{1,2}[\w-()]+|\.[\w-]+|#[\w-]+)*\s*/
dialog.scss has 155 symbols
Done
Searching through them all for /\.P_moyenne(\[[^\]]*\]|:{1,2}[\w-()]+|\.[\w-]+|#[\w-]+)*\s*/
dialog_iequirks.css has 158 symbols
Done
Searching through them all for /\.P_moyenne(\[[^\]]*\]|:{1,2}[\w-()]+|\.[\w-]+|#[\w-]+)*\s*/
dialog_opera.css has 160 symbols
Done
Searching through them all for /\.P_moyenne(\[[^\]]*\]|:{1,2}[\w-()]+|\.[\w-]+|#[\w-]+)*\s*/
dialog.scss has 155 symbols
Done
Searching through them all for /\.P_moyenne(\[[^\]]*\]|:{1,2}[\w-()]+|\.[\w-]+|#[\w-]+)*\s*/
_colorpanel.scss has 20 symbols
Done
Searching through them all for /\.P_moyenne(\[[^\]]*\]|:{1,2}[\w-()]+|\.[\w-]+|#[\w-]+)*\s*/
dialog_opera.scss has 3 symbols
Done
Searching through them all for /\.P_moyenne(\[[^\]]*\]|:{1,2}[\w-()]+|\.[\w-]+|#[\w-]+)*\s*/
dialog_opera.scss has 3 symbols
Done
Searching through them all for /\.P_moyenne(\[[^\]]*\]|:{1,2}[\w-()]+|\.[\w-]+|#[\w-]+)*\s*/
dialog_opera.css has 160 symbols
Done
Searching through them all for /\.P_moyenne(\[[^\]]*\]|:{1,2}[\w-()]+|\.[\w-]+|#[\w-]+)*\s*/
dialog_ie7.css has 172 symbols
Done
Searching through them all for /\.P_moyenne(\[[^\]]*\]|:{1,2}[\w-()]+|\.[\w-]+|#[\w-]+)*\s*/
dialog_opera.css has 160 symbols
Done
Searching through them all for /\.P_moyenne(\[[^\]]*\]|:{1,2}[\w-()]+|\.[\w-]+|#[\w-]+)*\s*/
dialog_opera.css has 160 symbols
Done
Searching through them all for /\.P_moyenne(\[[^\]]*\]|:{1,2}[\w-()]+|\.[\w-]+|#[\w-]+)*\s*/
dialog_iequirks.css has 158 symbols
Done
Searching through them all for /\.P_moyenne(\[[^\]]*\]|:{1,2}[\w-()]+|\.[\w-]+|#[\w-]+)*\s*/
dialog_opera.scss has 3 symbols
Done
Searching through them all for /\.P_moyenne(\[[^\]]*\]|:{1,2}[\w-()]+|\.[\w-]+|#[\w-]+)*\s*/
dialog_ie.css has 173 symbols
Done
Searching through them all for /\.P_moyenne(\[[^\]]*\]|:{1,2}[\w-()]+|\.[\w-]+|#[\w-]+)*\s*/
dialog_iequirks.css has 158 symbols
Done
Searching through them all for /\.P_moyenne(\[[^\]]*\]|:{1,2}[\w-()]+|\.[\w-]+|#[\w-]+)*\s*/
dialog_ie7.css has 172 symbols
Done
Searching through them all for /\.P_moyenne(\[[^\]]*\]|:{1,2}[\w-()]+|\.[\w-]+|#[\w-]+)*\s*/
dialog_ie.css has 173 symbols
Done
Searching through them all for /\.P_moyenne(\[[^\]]*\]|:{1,2}[\w-()]+|\.[\w-]+|#[\w-]+)*\s*/
dialog_ie8.css has 161 symbols
Done
Searching through them all for /\.P_moyenne(\[[^\]]*\]|:{1,2}[\w-()]+|\.[\w-]+|#[\w-]+)*\s*/
dialog_ie8.css has 161 symbols
Done
Searching through them all for /\.P_moyenne(\[[^\]]*\]|:{1,2}[\w-()]+|\.[\w-]+|#[\w-]+)*\s*/
_colorpanel.scss has 20 symbols
Done
Searching through them all for /\.P_moyenne(\[[^\]]*\]|:{1,2}[\w-()]+|\.[\w-]+|#[\w-]+)*\s*/
wsc.css has 18 symbols
Done
Searching through them all for /\.P_moyenne(\[[^\]]*\]|:{1,2}[\w-()]+|\.[\w-]+|#[\w-]+)*\s*/
dialog.css has 159 symbols
Done
Searching through them all for /\.P_moyenne(\[[^\]]*\]|:{1,2}[\w-()]+|\.[\w-]+|#[\w-]+)*\s*/
dialog.css has 159 symbols
Done
Searching through them all for /\.P_moyenne(\[[^\]]*\]|:{1,2}[\w-()]+|\.[\w-]+|#[\w-]+)*\s*/
dialog.scss has 155 symbols
Done
Searching through them all for /\.P_moyenne(\[[^\]]*\]|:{1,2}[\w-()]+|\.[\w-]+|#[\w-]+)*\s*/
dialog.scss has 155 symbols
Done
Searching through them all for /\.P_moyenne(\[[^\]]*\]|:{1,2}[\w-()]+|\.[\w-]+|#[\w-]+)*\s*/
dialog_opera.scss has 3 symbols
Done
Searching through them all for /\.P_moyenne(\[[^\]]*\]|:{1,2}[\w-()]+|\.[\w-]+|#[\w-]+)*\s*/
_colorpanel.scss has 20 symbols
Done
Searching through them all for /\.P_moyenne(\[[^\]]*\]|:{1,2}[\w-()]+|\.[\w-]+|#[\w-]+)*\s*/
_colorpanel.scss has 20 symbols
Done
Searching through them all for /\.P_moyenne(\[[^\]]*\]|:{1,2}[\w-()]+|\.[\w-]+|#[\w-]+)*\s*/
exception.css has 214 symbols
Done
Searching through them all for /\.P_moyenne(\[[^\]]*\]|:{1,2}[\w-()]+|\.[\w-]+|#[\w-]+)*\s*/
wsc.css has 18 symbols
Done
Searching through them all for /\.P_moyenne(\[[^\]]*\]|:{1,2}[\w-()]+|\.[\w-]+|#[\w-]+)*\s*/
default.css has 45 symbols
Done
Searching through them all for /\.P_moyenne(\[[^\]]*\]|:{1,2}[\w-()]+|\.[\w-]+|#[\w-]+)*\s*/
default.css has 45 symbols
Done
Searching through them all for /\.P_moyenne(\[[^\]]*\]|:{1,2}[\w-()]+|\.[\w-]+|#[\w-]+)*\s*/
html.css has 163 symbols
Done
Searching through them all for /\.P_moyenne(\[[^\]]*\]|:{1,2}[\w-()]+|\.[\w-]+|#[\w-]+)*\s*/
whoops.base.css has 120 symbols
Done
Searching through them all for /\.P_moyenne(\[[^\]]*\]|:{1,2}[\w-()]+|\.[\w-]+|#[\w-]+)*\s*/
whoops.base.css has 120 symbols
Done
Searching through them all for /\.P_moyenne(\[[^\]]*\]|:{1,2}[\w-()]+|\.[\w-]+|#[\w-]+)*\s*/
style.css has 50 symbols
Done
Searching through them all for /\.P_moyenne(\[[^\]]*\]|:{1,2}[\w-()]+|\.[\w-]+|#[\w-]+)*\s*/
bootstrap.min.css has 3147 symbols
Done
Searching through them all for /\.P_moyenne(\[[^\]]*\]|:{1,2}[\w-()]+|\.[\w-]+|#[\w-]+)*\s*/
bootstrap.min.css has 3147 symbols
Done
Searching through them all for /\.P_moyenne(\[[^\]]*\]|:{1,2}[\w-()]+|\.[\w-]+|#[\w-]+)*\s*/
nv.d3.min.css has 135 symbols
Done
Searching through them all for /\.P_moyenne(\[[^\]]*\]|:{1,2}[\w-()]+|\.[\w-]+|#[\w-]+)*\s*/
nv.d3.min.css has 135 symbols
Done
Searching through them all for /\.P_moyenne(\[[^\]]*\]|:{1,2}[\w-()]+|\.[\w-]+|#[\w-]+)*\s*/
style.css has 50 symbols
Done
Searching through them all for /\.P_moyenne(\[[^\]]*\]|:{1,2}[\w-()]+|\.[\w-]+|#[\w-]+)*\s*/
Done
class= 4949
class= 4949
  script 54 60
  script 54 60
  script 113 119
  script 113 119
  script 122 128
  script 122 128
  script 181 187
  script 181 187
  table 191 196
  table 191 196
  tbody 250 255
  tbody 250 255
  tr 266 268
  tr 266 268
  td 283 285
  td 283 285
  strong 287 293
  strong 287 293
  strong 300 306
  strong 300 306
  td 343 345
  td 343 345
  td 398 400
  td 398 400
  strong 402 408
  strong 402 408
  strong 430 436
  strong 430 436
  td 457 459
  td 457 459
  td 474 476
  td 474 476
  strong 478 484
  strong 478 484
  strong 494 500
  strong 494 500
  td 537 539
  td 537 539
  tr 551 553
  tr 551 553
  tr 564 566
  tr 564 566
  td 581 583
  td 581 583
  strong 585 591
  strong 585 591
  strong 616 622
  strong 616 622
  td 680 682
  td 680 682
  td 697 699
  td 697 699
  strong 701 707
  strong 701 707
  strong 727 733
  strong 727 733
  td 752 754
  td 752 754
  td 769 771
  td 769 771
  strong 773 779
  strong 773 779
  strong 786 792
  strong 786 792
  td 929 931
  td 929 931
  tr 943 945
  tr 943 945
  tbody 954 959
  tbody 954 959
  table 963 968
  table 963 968
  table 973 978
  table 973 978
  thead 1119 1124
  thead 1119 1124
  tr 1135 1137
  tr 1135 1137
  th 1152 1154
  th 1152 1154
  th 1171 1173
  th 1171 1173
  th 1188 1190
  th 1188 1190
  th 1213 1215
  th 1213 1215
  th 1230 1232
  th 1230 1232
  br 1249 1251
  br 1249 1251
  th 1258 1260
  th 1258 1260
  th 1275 1277
  th 1275 1277
  br 1294 1296
  br 1294 1296
  th 1303 1305
  th 1303 1305
  th 1320 1322
  th 1320 1322
  br 1343 1345
  br 1343 1345
  th 1352 1354
  th 1352 1354
  th 1369 1371
  th 1369 1371
  br 1398 1400
  br 1398 1400
  th 1403 1405
  th 1403 1405
  th 1490 1492
  th 1490 1492
  br 1512 1514
  br 1512 1514
  sup 1524 1527
  sup 1524 1527
  sup 1531 1534
  sup 1531 1534
  th 1547 1549
  th 1547 1549
  th 1564 1566
  th 1564 1566
  sup 1581 1584
  sup 1581 1584
  sup 1589 1592
  sup 1589 1592
  br 1595 1597
  br 1595 1597
  th 1610 1612
  th 1610 1612
  th 1627 1629
  th 1627 1629
  sup 1644 1647
  sup 1644 1647
  sup 1651 1654
  sup 1651 1654
  br 1657 1659
  br 1657 1659
  th 1672 1674
  th 1672 1674
  th 1689 1691
  th 1689 1691
  br 1716 1718
  br 1716 1718
  sup 1722 1725
  sup 1722 1725
  sup 1730 1733
  sup 1730 1733
  sup 1739 1742
  sup 1739 1742
  sup 1746 1749
  sup 1746 1749
  sup 1755 1758
  sup 1755 1758
  sup 1762 1765
  sup 1762 1765
  th 1768 1770
  th 1768 1770
  th 1785 1787
  th 1785 1787
  th 1809 1811
  th 1809 1811
  th 1851 1853
  th 1851 1853
  th 1879 1881
  th 1879 1881
  th 1896 1898
  th 1896 1898
  th 1928 1930
  th 1928 1930
  th 1945 1947
  th 1945 1947
  th 1971 1973
  th 1971 1973
  tr 1985 1987
  tr 1985 1987
  thead 1995 2000
  thead 1995 2000
  tbody 2008 2013
  tbody 2008 2013
  tr 2065 2067
  tr 2065 2067
  td 2086 2088
  td 2086 2088
  td 2113 2115
  td 2113 2115
  td 2134 2136
  td 2134 2136
  td 2155 2157
  td 2155 2157
  td 2279 2281
  td 2279 2281
  td 2304 2306
  td 2304 2306
  td 2329 2331
  td 2329 2331
  td 2354 2356
  td 2354 2356
  td 2379 2381
  td 2379 2381
  td 2405 2407
  td 2405 2407
  td 2430 2432
  td 2430 2432
  td 2913 2915
  td 2913 2915
  td 3033 3035
  td 3033 3035
  td 3060 3062
  td 3060 3062
  td 3090 3092
  td 3090 3092
  td 3171 3173
  td 3171 3173
  td 3201 3203
  td 3201 3203
  td 3282 3284
  td 3282 3284
  td 3312 3314
  td 3312 3314
  td 3338 3340
  td 3338 3340
  td 3368 3370
  td 3368 3370
  td 3398 3400
  td 3398 3400
  td 3524 3526
  td 3524 3526
  td 3558 3560
  td 3558 3560
  td 3583 3585
  td 3583 3585
  td 4193 4195
  td 4193 4195
  td 4218 4220
  td 4218 4220
  td 4266 4268
  td 4266 4268
  tr 4312 4314
  tr 4312 4314
  tr 4821 4823
  tr 4821 4823
  td 4838 4840
  td 4838 4840
  strong 4873 4879
  strong 4873 4879
  strong 4908 4914
  strong 4908 4914
  td 4917 4919
  td 4917 4919
  td 4934 4936
  td 4934 4936
  strong 4968 4974
  strong 4968 4974
  strong 4993 4999
  strong 4993 4999
  td 5002 5004
  td 5002 5004
  td 5050 5052
  td 5050 5052
  strong 5066 5072
  strong 5066 5072
  td 5125 5127
  td 5125 5127
  td 5171 5173
  td 5171 5173
  strong 5187 5193
  strong 5187 5193
  td 5247 5249
  td 5247 5249
  tr 5291 5293
  tr 5291 5293
  tbody 5301 5306
  tbody 5301 5306
  table 5310 5315
  table 5310 5315
  script 5368 5374
  script 5368 5374
  script 6168 6174
  script 6168 6174
Invalid Selector
Invalid Selector
dd($rang->pos); 4779
dd($rang->pos); 4779
  script 54 60
  script 54 60
  script 113 119
  script 113 119
  script 122 128
  script 122 128
  script 181 187
  script 181 187
  table 191 196
  table 191 196
  tbody 250 255
  tbody 250 255
  tr 266 268
  tr 266 268
  td 283 285
  td 283 285
  strong 287 293
  strong 287 293
  strong 300 306
  strong 300 306
  td 343 345
  td 343 345
  td 398 400
  td 398 400
  strong 402 408
  strong 402 408
  strong 430 436
  strong 430 436
  td 457 459
  td 457 459
  td 474 476
  td 474 476
  strong 478 484
  strong 478 484
  strong 494 500
  strong 494 500
  td 537 539
  td 537 539
  tr 551 553
  tr 551 553
  tr 564 566
  tr 564 566
  td 581 583
  td 581 583
  strong 585 591
  strong 585 591
  strong 616 622
  strong 616 622
  td 680 682
  td 680 682
  td 697 699
  td 697 699
  strong 701 707
  strong 701 707
  strong 727 733
  strong 727 733
  td 752 754
  td 752 754
  td 769 771
  td 769 771
  strong 773 779
  strong 773 779
  strong 786 792
  strong 786 792
  td 929 931
  td 929 931
  tr 943 945
  tr 943 945
  tbody 954 959
  tbody 954 959
  table 963 968
  table 963 968
  table 973 978
  table 973 978
  thead 1119 1124
  thead 1119 1124
  tr 1135 1137
  tr 1135 1137
  th 1152 1154
  th 1152 1154
  th 1171 1173
  th 1171 1173
  th 1188 1190
  th 1188 1190
  th 1213 1215
  th 1213 1215
  th 1230 1232
  th 1230 1232
  br 1249 1251
  br 1249 1251
  th 1258 1260
  th 1258 1260
  th 1275 1277
  th 1275 1277
  br 1294 1296
  br 1294 1296
  th 1303 1305
  th 1303 1305
  th 1320 1322
  th 1320 1322
  br 1343 1345
  br 1343 1345
  th 1352 1354
  th 1352 1354
  th 1369 1371
  th 1369 1371
  br 1398 1400
  br 1398 1400
  th 1403 1405
  th 1403 1405
  th 1490 1492
  th 1490 1492
  br 1512 1514
  br 1512 1514
  sup 1524 1527
  sup 1524 1527
  sup 1531 1534
  sup 1531 1534
  th 1547 1549
  th 1547 1549
  th 1564 1566
  th 1564 1566
  sup 1581 1584
  sup 1581 1584
  sup 1589 1592
  sup 1589 1592
  br 1595 1597
  br 1595 1597
  th 1610 1612
  th 1610 1612
  th 1627 1629
  th 1627 1629
  sup 1644 1647
  sup 1644 1647
  sup 1651 1654
  sup 1651 1654
  br 1657 1659
  br 1657 1659
  th 1672 1674
  th 1672 1674
  th 1689 1691
  th 1689 1691
  br 1716 1718
  br 1716 1718
  sup 1722 1725
  sup 1722 1725
  sup 1730 1733
  sup 1730 1733
  sup 1739 1742
  sup 1739 1742
  sup 1746 1749
  sup 1746 1749
  sup 1755 1758
  sup 1755 1758
  sup 1762 1765
  sup 1762 1765
  th 1768 1770
  th 1768 1770
  th 1785 1787
  th 1785 1787
  th 1809 1811
  th 1809 1811
  th 1851 1853
  th 1851 1853
  th 1879 1881
  th 1879 1881
  th 1896 1898
  th 1896 1898
  th 1928 1930
  th 1928 1930
  th 1945 1947
  th 1945 1947
  th 1971 1973
  th 1971 1973
  tr 1985 1987
  tr 1985 1987
  thead 1995 2000
  thead 1995 2000
  tbody 2008 2013
  tbody 2008 2013
  tr 2065 2067
  tr 2065 2067
  td 2086 2088
  td 2086 2088
  td 2113 2115
  td 2113 2115
  td 2134 2136
  td 2134 2136
  td 2155 2157
  td 2155 2157
  td 2279 2281
  td 2279 2281
  td 2304 2306
  td 2304 2306
  td 2329 2331
  td 2329 2331
  td 2354 2356
  td 2354 2356
  td 2379 2381
  td 2379 2381
  td 2405 2407
  td 2405 2407
  td 2430 2432
  td 2430 2432
  td 2913 2915
  td 2913 2915
  td 3033 3035
  td 3033 3035
  td 3060 3062
  td 3060 3062
  td 3090 3092
  td 3090 3092
  td 3171 3173
  td 3171 3173
  td 3201 3203
  td 3201 3203
  td 3282 3284
  td 3282 3284
  td 3312 3314
  td 3312 3314
  td 3338 3340
  td 3338 3340
  td 3368 3370
  td 3368 3370
  td 3398 3400
  td 3398 3400
  td 3524 3526
  td 3524 3526
  td 3558 3560
  td 3558 3560
  td 3583 3585
  td 3583 3585
  td 4193 4195
  td 4193 4195
  td 4218 4220
  td 4218 4220
  td 4266 4268
  td 4266 4268
  tr 4312 4314
  tr 4312 4314
  tr 4821 4823
  tr 4821 4823
  td 4838 4840
  td 4838 4840
  strong 4873 4879
  strong 4873 4879
  strong 4908 4914
  strong 4908 4914
  td 4917 4919
  td 4917 4919
  td 4934 4936
  td 4934 4936
  strong 4968 4974
  strong 4968 4974
  strong 4993 4999
  strong 4993 4999
  td 5002 5004
  td 5002 5004
  td 5050 5052
  td 5050 5052
  strong 5066 5072
  strong 5066 5072
  td 5125 5127
  td 5125 5127
  td 5171 5173
  td 5171 5173
  strong 5187 5193
  strong 5187 5193
  td 5247 5249
  td 5247 5249
  tr 5291 5293
  tr 5291 5293
  tbody 5301 5306
  tbody 5301 5306
  table 5310 5315
  table 5310 5315
  script 5368 5374
  script 5368 5374
  script 6168 6174
  script 6168 6174
Invalid Selector
Invalid Selector
td 5247
  script 54 60
td 5247
  script 113 119
  script 54 60
  script 122 128
  script 113 119
  script 181 187
  script 122 128
  table 191 196
  script 181 187
  tbody 250 255
  table 191 196
  tr 266 268
  tbody 250 255
  td 283 285
  tr 266 268
  strong 287 293
  td 283 285
  strong 300 306
  strong 287 293
  td 343 345
  strong 300 306
  td 398 400
  td 343 345
  strong 402 408
  td 398 400
  strong 430 436
  strong 402 408
  td 457 459
  strong 430 436
  td 474 476
  td 457 459
  strong 478 484
  td 474 476
  strong 494 500
  strong 478 484
  td 537 539
  strong 494 500
  tr 551 553
  td 537 539
  tr 564 566
  tr 551 553
  td 581 583
  tr 564 566
  strong 585 591
  td 581 583
  strong 616 622
  strong 585 591
  td 680 682
  strong 616 622
  td 697 699
  td 680 682
  strong 701 707
  td 697 699
  strong 727 733
  strong 701 707
  td 752 754
  strong 727 733
  td 769 771
  td 752 754
  strong 773 779
  td 769 771
  strong 786 792
  strong 773 779
  td 929 931
  strong 786 792
  tr 943 945
  td 929 931
  tbody 954 959
  tr 943 945
  table 963 968
  tbody 954 959
  table 973 978
  table 963 968
  thead 1119 1124
  table 973 978
  tr 1135 1137
  thead 1119 1124
  th 1152 1154
  tr 1135 1137
  th 1171 1173
  th 1152 1154
  th 1188 1190
  th 1171 1173
  th 1213 1215
  th 1188 1190
  th 1230 1232
  th 1213 1215
  br 1249 1251
  th 1230 1232
  th 1258 1260
  br 1249 1251
  th 1275 1277
  th 1258 1260
  br 1294 1296
  th 1275 1277
  th 1303 1305
  br 1294 1296
  th 1320 1322
  th 1303 1305
  br 1343 1345
  th 1320 1322
  th 1352 1354
  br 1343 1345
  th 1369 1371
  th 1352 1354
  br 1398 1400
  th 1369 1371
  th 1403 1405
  br 1398 1400
  th 1490 1492
  th 1403 1405
  br 1512 1514
  th 1490 1492
  sup 1524 1527
  br 1512 1514
  sup 1531 1534
  sup 1524 1527
  th 1547 1549
  sup 1531 1534
  th 1564 1566
  th 1547 1549
  sup 1581 1584
  th 1564 1566
  sup 1589 1592
  sup 1581 1584
  br 1595 1597
  sup 1589 1592
  th 1610 1612
  br 1595 1597
  th 1627 1629
  th 1610 1612
  sup 1644 1647
  th 1627 1629
  sup 1651 1654
  sup 1644 1647
  br 1657 1659
  sup 1651 1654
  th 1672 1674
  br 1657 1659
  th 1689 1691
  th 1672 1674
  br 1716 1718
  th 1689 1691
  sup 1722 1725
  br 1716 1718
  sup 1730 1733
  sup 1722 1725
  sup 1739 1742
  sup 1730 1733
  sup 1746 1749
  sup 1739 1742
  sup 1755 1758
  sup 1746 1749
  sup 1762 1765
  sup 1755 1758
  th 1768 1770
  sup 1762 1765
  th 1785 1787
  th 1768 1770
  th 1809 1811
  th 1785 1787
  th 1851 1853
  th 1809 1811
  th 1879 1881
  th 1851 1853
  th 1896 1898
  th 1879 1881
  th 1928 1930
  th 1896 1898
  th 1945 1947
  th 1928 1930
  th 1971 1973
  th 1945 1947
  tr 1985 1987
  th 1971 1973
  thead 1995 2000
  tr 1985 1987
  tbody 2008 2013
  thead 1995 2000
  tr 2065 2067
  tbody 2008 2013
  td 2086 2088
  tr 2065 2067
  td 2113 2115
  td 2086 2088
  td 2134 2136
  td 2113 2115
  td 2155 2157
  td 2134 2136
  td 2279 2281
  td 2155 2157
  td 2304 2306
  td 2279 2281
  td 2329 2331
  td 2304 2306
  td 2354 2356
  td 2329 2331
  td 2379 2381
  td 2354 2356
  td 2405 2407
  td 2379 2381
  td 2430 2432
  td 2405 2407
  td 2913 2915
  td 2430 2432
  td 3033 3035
  td 2913 2915
  td 3060 3062
  td 3033 3035
  td 3090 3092
  td 3060 3062
  td 3171 3173
  td 3090 3092
  td 3201 3203
  td 3171 3173
  td 3282 3284
  td 3201 3203
  td 3312 3314
  td 3282 3284
  td 3338 3340
  td 3312 3314
  td 3368 3370
  td 3338 3340
  td 3398 3400
  td 3368 3370
  td 3524 3526
  td 3398 3400
  td 3558 3560
  td 3524 3526
  td 3583 3585
  td 3558 3560
  td 4193 4195
  td 3583 3585
  td 4218 4220
  td 4193 4195
  td 4266 4268
  td 4218 4220
  tr 4312 4314
  td 4266 4268
  tr 4821 4823
  tr 4312 4314
  td 4838 4840
  tr 4821 4823
  strong 4873 4879
  td 4838 4840
  strong 4908 4914
  strong 4873 4879
  td 4917 4919
  strong 4908 4914
  td 4934 4936
  td 4917 4919
  strong 4968 4974
  td 4934 4936
  strong 4993 4999
  strong 4968 4974
  td 5002 5004
  strong 4993 4999
  td 5050 5052
  td 5002 5004
  strong 5066 5072
  td 5050 5052
  td 5125 5127
  strong 5066 5072
  td 5171 5173
  td 5125 5127
  strong 5187 5193
  td 5171 5173
  td 5247 5249
  strong 5187 5193
td is a "html tag"
  td 5247 5249
html.css has 163 symbols
td is a "html tag"
Searching through them all for /(^|[\s>+~])td(\[[^\]]*\]|:{1,2}[\w-()]+|\.[\w-]+|#[\w-]+)*\s*/
app.css has 3148 symbols
Done
Searching through them all for /(^|[\s>+~])td(\[[^\]]*\]|:{1,2}[\w-()]+|\.[\w-]+|#[\w-]+)*\s*/
exception.css has 214 symbols
Done
Searching through them all for /(^|[\s>+~])td(\[[^\]]*\]|:{1,2}[\w-()]+|\.[\w-]+|#[\w-]+)*\s*/
components.min.css has 4339 symbols
Done
Searching through them all for /(^|[\s>+~])td(\[[^\]]*\]|:{1,2}[\w-()]+|\.[\w-]+|#[\w-]+)*\s*/
app.css has 3148 symbols
Done
Searching through them all for /(^|[\s>+~])td(\[[^\]]*\]|:{1,2}[\w-()]+|\.[\w-]+|#[\w-]+)*\s*/
my_print.css has 14 symbols
Done
Searching through them all for /(^|[\s>+~])td(\[[^\]]*\]|:{1,2}[\w-()]+|\.[\w-]+|#[\w-]+)*\s*/
components.min.css has 4339 symbols
Done
Searching through them all for /(^|[\s>+~])td(\[[^\]]*\]|:{1,2}[\w-()]+|\.[\w-]+|#[\w-]+)*\s*/
print_tabulation.css has 7 symbols
Done
Searching through them all for /(^|[\s>+~])td(\[[^\]]*\]|:{1,2}[\w-()]+|\.[\w-]+|#[\w-]+)*\s*/
bootstrap.css has 2572 symbols
Done
Searching through them all for /(^|[\s>+~])td(\[[^\]]*\]|:{1,2}[\w-()]+|\.[\w-]+|#[\w-]+)*\s*/
bootstrap_limitless.css has 1198 symbols
Done
Searching through them all for /(^|[\s>+~])td(\[[^\]]*\]|:{1,2}[\w-()]+|\.[\w-]+|#[\w-]+)*\s*/
my_print.css has 14 symbols
Done
Searching through them all for /(^|[\s>+~])td(\[[^\]]*\]|:{1,2}[\w-()]+|\.[\w-]+|#[\w-]+)*\s*/
bootstrap.min.css has 2572 symbols
Done
Searching through them all for /(^|[\s>+~])td(\[[^\]]*\]|:{1,2}[\w-()]+|\.[\w-]+|#[\w-]+)*\s*/
bootstrap_limitless.css has 1198 symbols
Done
Searching through them all for /(^|[\s>+~])td(\[[^\]]*\]|:{1,2}[\w-()]+|\.[\w-]+|#[\w-]+)*\s*/
bootstrap_limitless.min.css has 1198 symbols
Done
Searching through them all for /(^|[\s>+~])td(\[[^\]]*\]|:{1,2}[\w-()]+|\.[\w-]+|#[\w-]+)*\s*/
bootstrap_limitless.min.css has 1198 symbols
Done
Searching through them all for /(^|[\s>+~])td(\[[^\]]*\]|:{1,2}[\w-()]+|\.[\w-]+|#[\w-]+)*\s*/
receipt.css has 17 symbols
Done
Searching through them all for /(^|[\s>+~])td(\[[^\]]*\]|:{1,2}[\w-()]+|\.[\w-]+|#[\w-]+)*\s*/
receipt.css has 17 symbols
Done
Searching through them all for /(^|[\s>+~])td(\[[^\]]*\]|:{1,2}[\w-()]+|\.[\w-]+|#[\w-]+)*\s*/
_inbox.scss has 15 symbols
Done
Searching through them all for /(^|[\s>+~])td(\[[^\]]*\]|:{1,2}[\w-()]+|\.[\w-]+|#[\w-]+)*\s*/
print_tabulation.css has 7 symbols
Done
Searching through them all for /(^|[\s>+~])td(\[[^\]]*\]|:{1,2}[\w-()]+|\.[\w-]+|#[\w-]+)*\s*/
_c3.scss has 48 symbols
Done
Searching through them all for /(^|[\s>+~])td(\[[^\]]*\]|:{1,2}[\w-()]+|\.[\w-]+|#[\w-]+)*\s*/
bootstrap-datepicker.min.css has 221 symbols
Done
Searching through them all for /(^|[\s>+~])td(\[[^\]]*\]|:{1,2}[\w-()]+|\.[\w-]+|#[\w-]+)*\s*/
_d3.scss has 72 symbols
Done
Searching through them all for /(^|[\s>+~])td(\[[^\]]*\]|:{1,2}[\w-()]+|\.[\w-]+|#[\w-]+)*\s*/
_c3.scss has 48 symbols
Done
Searching through them all for /(^|[\s>+~])td(\[[^\]]*\]|:{1,2}[\w-()]+|\.[\w-]+|#[\w-]+)*\s*/
_alpaca.scss has 65 symbols
Done
Searching through them all for /(^|[\s>+~])td(\[[^\]]*\]|:{1,2}[\w-()]+|\.[\w-]+|#[\w-]+)*\s*/
_print.scss has 34 symbols
Done
Searching through them all for /(^|[\s>+~])td(\[[^\]]*\]|:{1,2}[\w-()]+|\.[\w-]+|#[\w-]+)*\s*/
_date.scss has 49 symbols
Done
Searching through them all for /(^|[\s>+~])td(\[[^\]]*\]|:{1,2}[\w-()]+|\.[\w-]+|#[\w-]+)*\s*/
_d3.scss has 72 symbols
Done
Searching through them all for /(^|[\s>+~])td(\[[^\]]*\]|:{1,2}[\w-()]+|\.[\w-]+|#[\w-]+)*\s*/
_alpaca.scss has 64 symbols
Done
Searching through them all for /(^|[\s>+~])td(\[[^\]]*\]|:{1,2}[\w-()]+|\.[\w-]+|#[\w-]+)*\s*/
bootstrap.min.css has 2572 symbols
Done
Searching through them all for /(^|[\s>+~])td(\[[^\]]*\]|:{1,2}[\w-()]+|\.[\w-]+|#[\w-]+)*\s*/
_daterange.scss has 87 symbols
Done
Searching through them all for /(^|[\s>+~])td(\[[^\]]*\]|:{1,2}[\w-()]+|\.[\w-]+|#[\w-]+)*\s*/
_tables.scss has 43 symbols
Done
Searching through them all for /(^|[\s>+~])td(\[[^\]]*\]|:{1,2}[\w-()]+|\.[\w-]+|#[\w-]+)*\s*/
_daterange.scss has 86 symbols
Done
Searching through them all for /(^|[\s>+~])td(\[[^\]]*\]|:{1,2}[\w-()]+|\.[\w-]+|#[\w-]+)*\s*/
_reboot.scss has 100 symbols
Done
Searching through them all for /(^|[\s>+~])td(\[[^\]]*\]|:{1,2}[\w-()]+|\.[\w-]+|#[\w-]+)*\s*/
_fullcalendar.scss has 285 symbols
Done
Searching through them all for /(^|[\s>+~])td(\[[^\]]*\]|:{1,2}[\w-()]+|\.[\w-]+|#[\w-]+)*\s*/
_table-row.scss has 10 symbols
Done
Searching through them all for /(^|[\s>+~])td(\[[^\]]*\]|:{1,2}[\w-()]+|\.[\w-]+|#[\w-]+)*\s*/
_fancytree.scss has 100 symbols
Done
Searching through them all for /(^|[\s>+~])td(\[[^\]]*\]|:{1,2}[\w-()]+|\.[\w-]+|#[\w-]+)*\s*/
_inbox.scss has 15 symbols
Done
Searching through them all for /(^|[\s>+~])td(\[[^\]]*\]|:{1,2}[\w-()]+|\.[\w-]+|#[\w-]+)*\s*/
_fancytree.scss has 100 symbols
Done
Searching through them all for /(^|[\s>+~])td(\[[^\]]*\]|:{1,2}[\w-()]+|\.[\w-]+|#[\w-]+)*\s*/
components.css has 4341 symbols
Done
Searching through them all for /(^|[\s>+~])td(\[[^\]]*\]|:{1,2}[\w-()]+|\.[\w-]+|#[\w-]+)*\s*/
_fullcalendar.scss has 285 symbols
Done
Searching through them all for /(^|[\s>+~])td(\[[^\]]*\]|:{1,2}[\w-()]+|\.[\w-]+|#[\w-]+)*\s*/
_buttons.scss has 69 symbols
Done
Searching through them all for /(^|[\s>+~])td(\[[^\]]*\]|:{1,2}[\w-()]+|\.[\w-]+|#[\w-]+)*\s*/
_widgets.scss has 251 symbols
Done
Searching through them all for /(^|[\s>+~])td(\[[^\]]*\]|:{1,2}[\w-()]+|\.[\w-]+|#[\w-]+)*\s*/
_handsontable.scss has 342 symbols
Done
Searching through them all for /(^|[\s>+~])td(\[[^\]]*\]|:{1,2}[\w-()]+|\.[\w-]+|#[\w-]+)*\s*/
_footable.scss has 17 symbols
Done
Searching through them all for /(^|[\s>+~])td(\[[^\]]*\]|:{1,2}[\w-()]+|\.[\w-]+|#[\w-]+)*\s*/
_fancytree.scss has 100 symbols
Done
Searching through them all for /(^|[\s>+~])td(\[[^\]]*\]|:{1,2}[\w-()]+|\.[\w-]+|#[\w-]+)*\s*/
_handsontable.scss has 342 symbols
Done
Searching through them all for /(^|[\s>+~])td(\[[^\]]*\]|:{1,2}[\w-()]+|\.[\w-]+|#[\w-]+)*\s*/
_tables.scss has 136 symbols
Done
Searching through them all for /(^|[\s>+~])td(\[[^\]]*\]|:{1,2}[\w-()]+|\.[\w-]+|#[\w-]+)*\s*/
_footable.scss has 17 symbols
Done
Searching through them all for /(^|[\s>+~])td(\[[^\]]*\]|:{1,2}[\w-()]+|\.[\w-]+|#[\w-]+)*\s*/
_footable.scss has 17 symbols
Done
Searching through them all for /(^|[\s>+~])td(\[[^\]]*\]|:{1,2}[\w-()]+|\.[\w-]+|#[\w-]+)*\s*/
_widgets.scss has 281 symbols
Done
Searching through them all for /(^|[\s>+~])td(\[[^\]]*\]|:{1,2}[\w-()]+|\.[\w-]+|#[\w-]+)*\s*/
_fullcalendar.scss has 285 symbols
Done
Searching through them all for /(^|[\s>+~])td(\[[^\]]*\]|:{1,2}[\w-()]+|\.[\w-]+|#[\w-]+)*\s*/
_handsontable.scss has 342 symbols
Done
Searching through them all for /(^|[\s>+~])td(\[[^\]]*\]|:{1,2}[\w-()]+|\.[\w-]+|#[\w-]+)*\s*/
_datatable-rows-reorder.scss has 4 symbols
Done
Searching through them all for /(^|[\s>+~])td(\[[^\]]*\]|:{1,2}[\w-()]+|\.[\w-]+|#[\w-]+)*\s*/
_datatable-columns-reorder.scss has 4 symbols
Done
Searching through them all for /(^|[\s>+~])td(\[[^\]]*\]|:{1,2}[\w-()]+|\.[\w-]+|#[\w-]+)*\s*/
_datatable-responsive.scss has 31 symbols
Done
Searching through them all for /(^|[\s>+~])td(\[[^\]]*\]|:{1,2}[\w-()]+|\.[\w-]+|#[\w-]+)*\s*/
_datatables.scss has 132 symbols
Done
Searching through them all for /(^|[\s>+~])td(\[[^\]]*\]|:{1,2}[\w-()]+|\.[\w-]+|#[\w-]+)*\s*/
_datatable-columns-reorder.scss has 4 symbols
Done
Searching through them all for /(^|[\s>+~])td(\[[^\]]*\]|:{1,2}[\w-()]+|\.[\w-]+|#[\w-]+)*\s*/
_datatable-responsive.scss has 31 symbols
Done
Searching through them all for /(^|[\s>+~])td(\[[^\]]*\]|:{1,2}[\w-()]+|\.[\w-]+|#[\w-]+)*\s*/
_datatables.scss has 132 symbols
Done
Searching through them all for /(^|[\s>+~])td(\[[^\]]*\]|:{1,2}[\w-()]+|\.[\w-]+|#[\w-]+)*\s*/
_datatable-rows-reorder.scss has 4 symbols
Done
Searching through them all for /(^|[\s>+~])td(\[[^\]]*\]|:{1,2}[\w-()]+|\.[\w-]+|#[\w-]+)*\s*/
_alpaca.scss has 64 symbols
Done
Searching through them all for /(^|[\s>+~])td(\[[^\]]*\]|:{1,2}[\w-()]+|\.[\w-]+|#[\w-]+)*\s*/
_datatable-scroller.scss has 8 symbols
Done
Searching through them all for /(^|[\s>+~])td(\[[^\]]*\]|:{1,2}[\w-()]+|\.[\w-]+|#[\w-]+)*\s*/
_buttons.scss has 69 symbols
Done
Searching through them all for /(^|[\s>+~])td(\[[^\]]*\]|:{1,2}[\w-()]+|\.[\w-]+|#[\w-]+)*\s*/
_datatable-rows-reorder.scss has 4 symbols
Done
Searching through them all for /(^|[\s>+~])td(\[[^\]]*\]|:{1,2}[\w-()]+|\.[\w-]+|#[\w-]+)*\s*/
_datatable-keytable.scss has 8 symbols
Done
Searching through them all for /(^|[\s>+~])td(\[[^\]]*\]|:{1,2}[\w-()]+|\.[\w-]+|#[\w-]+)*\s*/
_datatable-columns-reorder.scss has 4 symbols
Done
Searching through them all for /(^|[\s>+~])td(\[[^\]]*\]|:{1,2}[\w-()]+|\.[\w-]+|#[\w-]+)*\s*/
_datatable-fixed-columns.scss has 21 symbols
Done
Searching through them all for /(^|[\s>+~])td(\[[^\]]*\]|:{1,2}[\w-()]+|\.[\w-]+|#[\w-]+)*\s*/
_datatable-fixed-columns.scss has 21 symbols
Done
Searching through them all for /(^|[\s>+~])td(\[[^\]]*\]|:{1,2}[\w-()]+|\.[\w-]+|#[\w-]+)*\s*/
_datatable-scroller.scss has 8 symbols
Done
Searching through them all for /(^|[\s>+~])td(\[[^\]]*\]|:{1,2}[\w-()]+|\.[\w-]+|#[\w-]+)*\s*/
_buttons.scss has 69 symbols
Done
Searching through them all for /(^|[\s>+~])td(\[[^\]]*\]|:{1,2}[\w-()]+|\.[\w-]+|#[\w-]+)*\s*/
_handsontable.scss has 342 symbols
Done
Searching through them all for /(^|[\s>+~])td(\[[^\]]*\]|:{1,2}[\w-()]+|\.[\w-]+|#[\w-]+)*\s*/
_datatable-keytable.scss has 8 symbols
Done
Searching through them all for /(^|[\s>+~])td(\[[^\]]*\]|:{1,2}[\w-()]+|\.[\w-]+|#[\w-]+)*\s*/
_alpaca.scss has 65 symbols
Done
Searching through them all for /(^|[\s>+~])td(\[[^\]]*\]|:{1,2}[\w-()]+|\.[\w-]+|#[\w-]+)*\s*/
_datatable-responsive.scss has 31 symbols
Done
Searching through them all for /(^|[\s>+~])td(\[[^\]]*\]|:{1,2}[\w-()]+|\.[\w-]+|#[\w-]+)*\s*/
_daterange.scss has 86 symbols
Done
Searching through them all for /(^|[\s>+~])td(\[[^\]]*\]|:{1,2}[\w-()]+|\.[\w-]+|#[\w-]+)*\s*/
_datatable-scroller.scss has 8 symbols
Done
Searching through them all for /(^|[\s>+~])td(\[[^\]]*\]|:{1,2}[\w-()]+|\.[\w-]+|#[\w-]+)*\s*/
_footable.scss has 17 symbols
Done
Searching through them all for /(^|[\s>+~])td(\[[^\]]*\]|:{1,2}[\w-()]+|\.[\w-]+|#[\w-]+)*\s*/
_datatable-fixed-columns.scss has 21 symbols
Done
Searching through them all for /(^|[\s>+~])td(\[[^\]]*\]|:{1,2}[\w-()]+|\.[\w-]+|#[\w-]+)*\s*/
_widgets.scss has 251 symbols
Done
Searching through them all for /(^|[\s>+~])td(\[[^\]]*\]|:{1,2}[\w-()]+|\.[\w-]+|#[\w-]+)*\s*/
_datatable-keytable.scss has 8 symbols
Done
Searching through them all for /(^|[\s>+~])td(\[[^\]]*\]|:{1,2}[\w-()]+|\.[\w-]+|#[\w-]+)*\s*/
_widgets.scss has 281 symbols
Done
Searching through them all for /(^|[\s>+~])td(\[[^\]]*\]|:{1,2}[\w-()]+|\.[\w-]+|#[\w-]+)*\s*/
_datatables.scss has 133 symbols
Done
Searching through them all for /(^|[\s>+~])td(\[[^\]]*\]|:{1,2}[\w-()]+|\.[\w-]+|#[\w-]+)*\s*/
_datatable-rows-reorder.scss has 4 symbols
Done
Searching through them all for /(^|[\s>+~])td(\[[^\]]*\]|:{1,2}[\w-()]+|\.[\w-]+|#[\w-]+)*\s*/
bootstrap-datepicker.min.css has 221 symbols
Done
Searching through them all for /(^|[\s>+~])td(\[[^\]]*\]|:{1,2}[\w-()]+|\.[\w-]+|#[\w-]+)*\s*/
_datatable-responsive.scss has 31 symbols
Done
Searching through them all for /(^|[\s>+~])td(\[[^\]]*\]|:{1,2}[\w-()]+|\.[\w-]+|#[\w-]+)*\s*/
bootstrap.css has 2572 symbols
Done
Searching through them all for /(^|[\s>+~])td(\[[^\]]*\]|:{1,2}[\w-()]+|\.[\w-]+|#[\w-]+)*\s*/
_datatable-columns-reorder.scss has 4 symbols
Done
Searching through them all for /(^|[\s>+~])td(\[[^\]]*\]|:{1,2}[\w-()]+|\.[\w-]+|#[\w-]+)*\s*/
components.css has 4341 symbols
Done
Searching through them all for /(^|[\s>+~])td(\[[^\]]*\]|:{1,2}[\w-()]+|\.[\w-]+|#[\w-]+)*\s*/
_datatables.scss has 133 symbols
Done
Searching through them all for /(^|[\s>+~])td(\[[^\]]*\]|:{1,2}[\w-()]+|\.[\w-]+|#[\w-]+)*\s*/
_tables.scss has 136 symbols
Done
Searching through them all for /(^|[\s>+~])td(\[[^\]]*\]|:{1,2}[\w-()]+|\.[\w-]+|#[\w-]+)*\s*/
_datatable-fixed-columns.scss has 21 symbols
Done
Searching through them all for /(^|[\s>+~])td(\[[^\]]*\]|:{1,2}[\w-()]+|\.[\w-]+|#[\w-]+)*\s*/
_buttons.scss has 69 symbols
Done
Searching through them all for /(^|[\s>+~])td(\[[^\]]*\]|:{1,2}[\w-()]+|\.[\w-]+|#[\w-]+)*\s*/
_date.scss has 49 symbols
Done
Searching through them all for /(^|[\s>+~])td(\[[^\]]*\]|:{1,2}[\w-()]+|\.[\w-]+|#[\w-]+)*\s*/
_print.scss has 34 symbols
Done
Searching through them all for /(^|[\s>+~])td(\[[^\]]*\]|:{1,2}[\w-()]+|\.[\w-]+|#[\w-]+)*\s*/
_daterange.scss has 87 symbols
Done
Searching through them all for /(^|[\s>+~])td(\[[^\]]*\]|:{1,2}[\w-()]+|\.[\w-]+|#[\w-]+)*\s*/
_tables.scss has 43 symbols
Done
Searching through them all for /(^|[\s>+~])td(\[[^\]]*\]|:{1,2}[\w-()]+|\.[\w-]+|#[\w-]+)*\s*/
_datatable-scroller.scss has 8 symbols
Done
Searching through them all for /(^|[\s>+~])td(\[[^\]]*\]|:{1,2}[\w-()]+|\.[\w-]+|#[\w-]+)*\s*/
_tables.scss has 136 symbols
Done
Searching through them all for /(^|[\s>+~])td(\[[^\]]*\]|:{1,2}[\w-()]+|\.[\w-]+|#[\w-]+)*\s*/
_datatable-keytable.scss has 8 symbols
Done
Searching through them all for /(^|[\s>+~])td(\[[^\]]*\]|:{1,2}[\w-()]+|\.[\w-]+|#[\w-]+)*\s*/
_reboot.scss has 100 symbols
Done
Searching through them all for /(^|[\s>+~])td(\[[^\]]*\]|:{1,2}[\w-()]+|\.[\w-]+|#[\w-]+)*\s*/
_date.scss has 49 symbols
Done
Searching through them all for /(^|[\s>+~])td(\[[^\]]*\]|:{1,2}[\w-()]+|\.[\w-]+|#[\w-]+)*\s*/
_table-row.scss has 10 symbols
Done
Searching through them all for /(^|[\s>+~])td(\[[^\]]*\]|:{1,2}[\w-()]+|\.[\w-]+|#[\w-]+)*\s*/
_tables.scss has 136 symbols
Done
Searching through them all for /(^|[\s>+~])td(\[[^\]]*\]|:{1,2}[\w-()]+|\.[\w-]+|#[\w-]+)*\s*/
_date.scss has 49 symbols
Done
Searching through them all for /(^|[\s>+~])td(\[[^\]]*\]|:{1,2}[\w-()]+|\.[\w-]+|#[\w-]+)*\s*/
_fancytree.scss has 100 symbols
Done
Searching through them all for /(^|[\s>+~])td(\[[^\]]*\]|:{1,2}[\w-()]+|\.[\w-]+|#[\w-]+)*\s*/
dialog.css has 159 symbols
Done
Searching through them all for /(^|[\s>+~])td(\[[^\]]*\]|:{1,2}[\w-()]+|\.[\w-]+|#[\w-]+)*\s*/
_fullcalendar.scss has 285 symbols
Done
Searching through them all for /(^|[\s>+~])td(\[[^\]]*\]|:{1,2}[\w-()]+|\.[\w-]+|#[\w-]+)*\s*/
dialog_ie8.css has 161 symbols
Done
Searching through them all for /(^|[\s>+~])td(\[[^\]]*\]|:{1,2}[\w-()]+|\.[\w-]+|#[\w-]+)*\s*/
dialog.css has 159 symbols
Done
Searching through them all for /(^|[\s>+~])td(\[[^\]]*\]|:{1,2}[\w-()]+|\.[\w-]+|#[\w-]+)*\s*/
dialog_iequirks.css has 158 symbols
Done
Searching through them all for /(^|[\s>+~])td(\[[^\]]*\]|:{1,2}[\w-()]+|\.[\w-]+|#[\w-]+)*\s*/
dialog_ie8.css has 161 symbols
Done
Searching through them all for /(^|[\s>+~])td(\[[^\]]*\]|:{1,2}[\w-()]+|\.[\w-]+|#[\w-]+)*\s*/
dialog_ie.css has 173 symbols
Done
Searching through them all for /(^|[\s>+~])td(\[[^\]]*\]|:{1,2}[\w-()]+|\.[\w-]+|#[\w-]+)*\s*/
dialog_ie7.css has 172 symbols
Done
Searching through them all for /(^|[\s>+~])td(\[[^\]]*\]|:{1,2}[\w-()]+|\.[\w-]+|#[\w-]+)*\s*/
dialog_ie7.css has 172 symbols
Done
Searching through them all for /(^|[\s>+~])td(\[[^\]]*\]|:{1,2}[\w-()]+|\.[\w-]+|#[\w-]+)*\s*/
dialog_ie.css has 173 symbols
Done
Searching through them all for /(^|[\s>+~])td(\[[^\]]*\]|:{1,2}[\w-()]+|\.[\w-]+|#[\w-]+)*\s*/
dialog.scss has 155 symbols
Done
Searching through them all for /(^|[\s>+~])td(\[[^\]]*\]|:{1,2}[\w-()]+|\.[\w-]+|#[\w-]+)*\s*/
dialog_iequirks.css has 158 symbols
Done
Searching through them all for /(^|[\s>+~])td(\[[^\]]*\]|:{1,2}[\w-()]+|\.[\w-]+|#[\w-]+)*\s*/
dialog_opera.css has 160 symbols
Done
Searching through them all for /(^|[\s>+~])td(\[[^\]]*\]|:{1,2}[\w-()]+|\.[\w-]+|#[\w-]+)*\s*/
dialog.scss has 155 symbols
Done
Searching through them all for /(^|[\s>+~])td(\[[^\]]*\]|:{1,2}[\w-()]+|\.[\w-]+|#[\w-]+)*\s*/
_colorpanel.scss has 20 symbols
Done
Searching through them all for /(^|[\s>+~])td(\[[^\]]*\]|:{1,2}[\w-()]+|\.[\w-]+|#[\w-]+)*\s*/
dialog_opera.scss has 3 symbols
Done
Searching through them all for /(^|[\s>+~])td(\[[^\]]*\]|:{1,2}[\w-()]+|\.[\w-]+|#[\w-]+)*\s*/
dialog_opera.scss has 3 symbols
Done
Searching through them all for /(^|[\s>+~])td(\[[^\]]*\]|:{1,2}[\w-()]+|\.[\w-]+|#[\w-]+)*\s*/
dialog_opera.css has 160 symbols
Done
Searching through them all for /(^|[\s>+~])td(\[[^\]]*\]|:{1,2}[\w-()]+|\.[\w-]+|#[\w-]+)*\s*/
dialog_ie7.css has 172 symbols
Done
Searching through them all for /(^|[\s>+~])td(\[[^\]]*\]|:{1,2}[\w-()]+|\.[\w-]+|#[\w-]+)*\s*/
dialog_opera.css has 160 symbols
Done
Searching through them all for /(^|[\s>+~])td(\[[^\]]*\]|:{1,2}[\w-()]+|\.[\w-]+|#[\w-]+)*\s*/
dialog_opera.css has 160 symbols
Done
Searching through them all for /(^|[\s>+~])td(\[[^\]]*\]|:{1,2}[\w-()]+|\.[\w-]+|#[\w-]+)*\s*/
dialog_iequirks.css has 158 symbols
Done
Searching through them all for /(^|[\s>+~])td(\[[^\]]*\]|:{1,2}[\w-()]+|\.[\w-]+|#[\w-]+)*\s*/
dialog_opera.scss has 3 symbols
Done
Searching through them all for /(^|[\s>+~])td(\[[^\]]*\]|:{1,2}[\w-()]+|\.[\w-]+|#[\w-]+)*\s*/
dialog_ie.css has 173 symbols
Done
Searching through them all for /(^|[\s>+~])td(\[[^\]]*\]|:{1,2}[\w-()]+|\.[\w-]+|#[\w-]+)*\s*/
dialog_iequirks.css has 158 symbols
Done
Searching through them all for /(^|[\s>+~])td(\[[^\]]*\]|:{1,2}[\w-()]+|\.[\w-]+|#[\w-]+)*\s*/
dialog_ie7.css has 172 symbols
Done
Searching through them all for /(^|[\s>+~])td(\[[^\]]*\]|:{1,2}[\w-()]+|\.[\w-]+|#[\w-]+)*\s*/
dialog_ie.css has 173 symbols
Done
Searching through them all for /(^|[\s>+~])td(\[[^\]]*\]|:{1,2}[\w-()]+|\.[\w-]+|#[\w-]+)*\s*/
dialog_ie8.css has 161 symbols
Done
Searching through them all for /(^|[\s>+~])td(\[[^\]]*\]|:{1,2}[\w-()]+|\.[\w-]+|#[\w-]+)*\s*/
dialog_ie8.css has 161 symbols
Done
Searching through them all for /(^|[\s>+~])td(\[[^\]]*\]|:{1,2}[\w-()]+|\.[\w-]+|#[\w-]+)*\s*/
_colorpanel.scss has 20 symbols
Done
Searching through them all for /(^|[\s>+~])td(\[[^\]]*\]|:{1,2}[\w-()]+|\.[\w-]+|#[\w-]+)*\s*/
wsc.css has 18 symbols
Done
Searching through them all for /(^|[\s>+~])td(\[[^\]]*\]|:{1,2}[\w-()]+|\.[\w-]+|#[\w-]+)*\s*/
dialog.css has 159 symbols
Done
Searching through them all for /(^|[\s>+~])td(\[[^\]]*\]|:{1,2}[\w-()]+|\.[\w-]+|#[\w-]+)*\s*/
dialog.css has 159 symbols
Done
Searching through them all for /(^|[\s>+~])td(\[[^\]]*\]|:{1,2}[\w-()]+|\.[\w-]+|#[\w-]+)*\s*/
dialog.scss has 155 symbols
Done
Searching through them all for /(^|[\s>+~])td(\[[^\]]*\]|:{1,2}[\w-()]+|\.[\w-]+|#[\w-]+)*\s*/
dialog.scss has 155 symbols
Done
Searching through them all for /(^|[\s>+~])td(\[[^\]]*\]|:{1,2}[\w-()]+|\.[\w-]+|#[\w-]+)*\s*/
dialog_opera.scss has 3 symbols
Done
Searching through them all for /(^|[\s>+~])td(\[[^\]]*\]|:{1,2}[\w-()]+|\.[\w-]+|#[\w-]+)*\s*/
_colorpanel.scss has 20 symbols
Done
Searching through them all for /(^|[\s>+~])td(\[[^\]]*\]|:{1,2}[\w-()]+|\.[\w-]+|#[\w-]+)*\s*/
_colorpanel.scss has 20 symbols
Done
Searching through them all for /(^|[\s>+~])td(\[[^\]]*\]|:{1,2}[\w-()]+|\.[\w-]+|#[\w-]+)*\s*/
exception.css has 214 symbols
Done
Searching through them all for /(^|[\s>+~])td(\[[^\]]*\]|:{1,2}[\w-()]+|\.[\w-]+|#[\w-]+)*\s*/
wsc.css has 18 symbols
Done
Searching through them all for /(^|[\s>+~])td(\[[^\]]*\]|:{1,2}[\w-()]+|\.[\w-]+|#[\w-]+)*\s*/
default.css has 45 symbols
Done
Searching through them all for /(^|[\s>+~])td(\[[^\]]*\]|:{1,2}[\w-()]+|\.[\w-]+|#[\w-]+)*\s*/
default.css has 45 symbols
Done
Searching through them all for /(^|[\s>+~])td(\[[^\]]*\]|:{1,2}[\w-()]+|\.[\w-]+|#[\w-]+)*\s*/
html.css has 163 symbols
Done
Searching through them all for /(^|[\s>+~])td(\[[^\]]*\]|:{1,2}[\w-()]+|\.[\w-]+|#[\w-]+)*\s*/
whoops.base.css has 120 symbols
Done
Searching through them all for /(^|[\s>+~])td(\[[^\]]*\]|:{1,2}[\w-()]+|\.[\w-]+|#[\w-]+)*\s*/
whoops.base.css has 120 symbols
Done
Searching through them all for /(^|[\s>+~])td(\[[^\]]*\]|:{1,2}[\w-()]+|\.[\w-]+|#[\w-]+)*\s*/
style.css has 50 symbols
Done
Searching through them all for /(^|[\s>+~])td(\[[^\]]*\]|:{1,2}[\w-()]+|\.[\w-]+|#[\w-]+)*\s*/
bootstrap.min.css has 3147 symbols
Done
Searching through them all for /(^|[\s>+~])td(\[[^\]]*\]|:{1,2}[\w-()]+|\.[\w-]+|#[\w-]+)*\s*/
bootstrap.min.css has 3147 symbols
Done
Searching through them all for /(^|[\s>+~])td(\[[^\]]*\]|:{1,2}[\w-()]+|\.[\w-]+|#[\w-]+)*\s*/
nv.d3.min.css has 135 symbols
Done
Searching through them all for /(^|[\s>+~])td(\[[^\]]*\]|:{1,2}[\w-()]+|\.[\w-]+|#[\w-]+)*\s*/
nv.d3.min.css has 135 symbols
Done
Searching through them all for /(^|[\s>+~])td(\[[^\]]*\]|:{1,2}[\w-()]+|\.[\w-]+|#[\w-]+)*\s*/
style.css has 50 symbols
Done
Searching through them all for /(^|[\s>+~])td(\[[^\]]*\]|:{1,2}[\w-()]+|\.[\w-]+|#[\w-]+)*\s*/
Done
$total_eleve 5229
  script 54 60
$total_eleve 5229
  script 113 119
  script 54 60
  script 122 128
  script 113 119
  script 181 187
  script 122 128
  table 191 196
  script 181 187
  tbody 250 255
  table 191 196
  tr 266 268
  tbody 250 255
  td 283 285
  tr 266 268
  strong 287 293
  td 283 285
  strong 300 306
  strong 287 293
  td 343 345
  strong 300 306
  td 398 400
  td 343 345
  strong 402 408
  td 398 400
  strong 430 436
  strong 402 408
  td 457 459
  strong 430 436
  td 474 476
  td 457 459
  strong 478 484
  td 474 476
  strong 494 500
  strong 478 484
  td 537 539
  strong 494 500
  tr 551 553
  td 537 539
  tr 564 566
  tr 551 553
  td 581 583
  tr 564 566
  strong 585 591
  td 581 583
  strong 616 622
  strong 585 591
  td 680 682
  strong 616 622
  td 697 699
  td 680 682
  strong 701 707
  td 697 699
  strong 727 733
  strong 701 707
  td 752 754
  strong 727 733
  td 769 771
  td 752 754
  strong 773 779
  td 769 771
  strong 786 792
  strong 773 779
  td 929 931
  strong 786 792
  tr 943 945
  td 929 931
  tbody 954 959
  tr 943 945
  table 963 968
  tbody 954 959
  table 973 978
  table 963 968
  thead 1119 1124
  table 973 978
  tr 1135 1137
  thead 1119 1124
  th 1152 1154
  tr 1135 1137
  th 1171 1173
  th 1152 1154
  th 1188 1190
  th 1171 1173
  th 1213 1215
  th 1188 1190
  th 1230 1232
  th 1213 1215
  br 1249 1251
  th 1230 1232
  th 1258 1260
  br 1249 1251
  th 1275 1277
  th 1258 1260
  br 1294 1296
  th 1275 1277
  th 1303 1305
  br 1294 1296
  th 1320 1322
  th 1303 1305
  br 1343 1345
  th 1320 1322
  th 1352 1354
  br 1343 1345
  th 1369 1371
  th 1352 1354
  br 1398 1400
  th 1369 1371
  th 1403 1405
  br 1398 1400
  th 1490 1492
  th 1403 1405
  br 1512 1514
  th 1490 1492
  sup 1524 1527
  br 1512 1514
  sup 1531 1534
  sup 1524 1527
  th 1547 1549
  sup 1531 1534
  th 1564 1566
  th 1547 1549
  sup 1581 1584
  th 1564 1566
  sup 1589 1592
  sup 1581 1584
  br 1595 1597
  sup 1589 1592
  th 1610 1612
  br 1595 1597
  th 1627 1629
  th 1610 1612
  sup 1644 1647
  th 1627 1629
  sup 1651 1654
  sup 1644 1647
  br 1657 1659
  sup 1651 1654
  th 1672 1674
  br 1657 1659
  th 1689 1691
  th 1672 1674
  br 1716 1718
  th 1689 1691
  sup 1722 1725
  br 1716 1718
  sup 1730 1733
  sup 1722 1725
  sup 1739 1742
  sup 1730 1733
  sup 1746 1749
  sup 1739 1742
  sup 1755 1758
  sup 1746 1749
  sup 1762 1765
  sup 1755 1758
  th 1768 1770
  sup 1762 1765
  th 1785 1787
  th 1768 1770
  th 1809 1811
  th 1785 1787
  th 1851 1853
  th 1809 1811
  th 1879 1881
  th 1851 1853
  th 1896 1898
  th 1879 1881
  th 1928 1930
  th 1896 1898
  th 1945 1947
  th 1928 1930
  th 1971 1973
  th 1945 1947
  tr 1985 1987
  th 1971 1973
  thead 1995 2000
  tr 1985 1987
  tbody 2008 2013
  thead 1995 2000
  tr 2065 2067
  tbody 2008 2013
  td 2086 2088
  tr 2065 2067
  td 2113 2115
  td 2086 2088
  td 2134 2136
  td 2113 2115
  td 2155 2157
  td 2134 2136
  td 2279 2281
  td 2155 2157
  td 2304 2306
  td 2279 2281
  td 2329 2331
  td 2304 2306
  td 2354 2356
  td 2329 2331
  td 2379 2381
  td 2354 2356
  td 2405 2407
  td 2379 2381
  td 2430 2432
  td 2405 2407
  td 2913 2915
  td 2430 2432
  td 3033 3035
  td 2913 2915
  td 3060 3062
  td 3033 3035
  td 3090 3092
  td 3060 3062
  td 3171 3173
  td 3090 3092
  td 3201 3203
  td 3171 3173
  td 3282 3284
  td 3201 3203
  td 3312 3314
  td 3282 3284
  td 3338 3340
  td 3312 3314
  td 3368 3370
  td 3338 3340
  td 3398 3400
  td 3368 3370
  td 3524 3526
  td 3398 3400
  td 3558 3560
  td 3524 3526
  td 3583 3585
  td 3558 3560
  td 4193 4195
  td 3583 3585
  td 4218 4220
  td 4193 4195
  td 4266 4268
  td 4218 4220
  tr 4312 4314
  td 4266 4268
  tr 4821 4823
  tr 4312 4314
  td 4838 4840
  tr 4821 4823
  strong 4873 4879
  td 4838 4840
  strong 4908 4914
  strong 4873 4879
  td 4917 4919
  strong 4908 4914
  td 4934 4936
  td 4917 4919
  strong 4968 4974
  td 4934 4936
  strong 4993 4999
  strong 4968 4974
  td 5002 5004
  strong 4993 4999
  td 5050 5052
  td 5002 5004
  strong 5066 5072
  td 5050 5052
  td 5125 5127
  strong 5066 5072
  td 5171 5173
  td 5125 5127
  strong 5187 5193
  td 5171 5173
  td 5247 5249
  strong 5187 5193
  tr 5291 5293
  td 5247 5249
  tbody 5301 5306
  tr 5291 5293
  table 5310 5315
  tbody 5301 5306
  script 5368 5374
  table 5310 5315
  script 6168 6174
  script 5368 5374
Invalid Selector
  script 6168 6174
Invalid Selector
FINALE 4983
  script 54 60
FINALE 4983
  script 113 119
  script 54 60
  script 122 128
  script 113 119
  script 181 187
  script 122 128
  table 191 196
  script 181 187
  tbody 250 255
  table 191 196
  tr 266 268
  tbody 250 255
  td 283 285
  tr 266 268
  strong 287 293
  td 283 285
  strong 300 306
  strong 287 293
  td 343 345
  strong 300 306
  td 398 400
  td 343 345
  strong 402 408
  td 398 400
  strong 430 436
  strong 402 408
  td 457 459
  strong 430 436
  td 474 476
  td 457 459
  strong 478 484
  td 474 476
  strong 494 500
  strong 478 484
  td 537 539
  strong 494 500
  tr 551 553
  td 537 539
  tr 564 566
  tr 551 553
  td 581 583
  tr 564 566
  strong 585 591
  td 581 583
  strong 616 622
  strong 585 591
  td 680 682
  strong 616 622
  td 697 699
  td 680 682
  strong 701 707
  td 697 699
  strong 727 733
  strong 701 707
  td 752 754
  strong 727 733
  td 769 771
  td 752 754
  strong 773 779
  td 769 771
  strong 786 792
  strong 773 779
  td 929 931
  strong 786 792
  tr 943 945
  td 929 931
  tbody 954 959
  tr 943 945
  table 963 968
  tbody 954 959
  table 973 978
  table 963 968
  thead 1119 1124
  table 973 978
  tr 1135 1137
  thead 1119 1124
  th 1152 1154
  tr 1135 1137
  th 1171 1173
  th 1152 1154
  th 1188 1190
  th 1171 1173
  th 1213 1215
  th 1188 1190
  th 1230 1232
  th 1213 1215
  br 1249 1251
  th 1230 1232
  th 1258 1260
  br 1249 1251
  th 1275 1277
  th 1258 1260
  br 1294 1296
  th 1275 1277
  th 1303 1305
  br 1294 1296
  th 1320 1322
  th 1303 1305
  br 1343 1345
  th 1320 1322
  th 1352 1354
  br 1343 1345
  th 1369 1371
  th 1352 1354
  br 1398 1400
  th 1369 1371
  th 1403 1405
  br 1398 1400
  th 1490 1492
  th 1403 1405
  br 1512 1514
  th 1490 1492
  sup 1524 1527
  br 1512 1514
  sup 1531 1534
  sup 1524 1527
  th 1547 1549
  sup 1531 1534
  th 1564 1566
  th 1547 1549
  sup 1581 1584
  th 1564 1566
  sup 1589 1592
  sup 1581 1584
  br 1595 1597
  sup 1589 1592
  th 1610 1612
  br 1595 1597
  th 1627 1629
  th 1610 1612
  sup 1644 1647
  th 1627 1629
  sup 1651 1654
  sup 1644 1647
  br 1657 1659
  sup 1651 1654
  th 1672 1674
  br 1657 1659
  th 1689 1691
  th 1672 1674
  br 1716 1718
  th 1689 1691
  sup 1722 1725
  br 1716 1718
  sup 1730 1733
  sup 1722 1725
  sup 1739 1742
  sup 1730 1733
  sup 1746 1749
  sup 1739 1742
  sup 1755 1758
  sup 1746 1749
  sup 1762 1765
  sup 1755 1758
  th 1768 1770
  sup 1762 1765
  th 1785 1787
  th 1768 1770
  th 1809 1811
  th 1785 1787
  th 1851 1853
  th 1809 1811
  th 1879 1881
  th 1851 1853
  th 1896 1898
  th 1879 1881
  th 1928 1930
  th 1896 1898
  th 1945 1947
  th 1928 1930
  th 1971 1973
  th 1945 1947
  tr 1985 1987
  th 1971 1973
  thead 1995 2000
  tr 1985 1987
  tbody 2008 2013
  thead 1995 2000
  tr 2065 2067
  tbody 2008 2013
  td 2086 2088
  tr 2065 2067
  td 2113 2115
  td 2086 2088
  td 2134 2136
  td 2113 2115
  td 2155 2157
  td 2134 2136
  td 2279 2281
  td 2155 2157
  td 2304 2306
  td 2279 2281
  td 2329 2331
  td 2304 2306
  td 2354 2356
  td 2329 2331
  td 2379 2381
  td 2354 2356
  td 2405 2407
  td 2379 2381
  td 2430 2432
  td 2405 2407
  td 2913 2915
  td 2430 2432
  td 3033 3035
  td 2913 2915
  td 3060 3062
  td 3033 3035
  td 3090 3092
  td 3060 3062
  td 3171 3173
  td 3090 3092
  td 3201 3203
  td 3171 3173
  td 3282 3284
  td 3201 3203
  td 3312 3314
  td 3282 3284
  td 3338 3340
  td 3312 3314
  td 3368 3370
  td 3338 3340
  td 3398 3400
  td 3368 3370
  td 3524 3526
  td 3398 3400
  td 3558 3560
  td 3524 3526
  td 3583 3585
  td 3558 3560
  td 4193 4195
  td 3583 3585
  td 4218 4220
  td 4193 4195
  td 4266 4268
  td 4218 4220
  tr 4312 4314
  td 4266 4268
  tr 4821 4823
  tr 4312 4314
  td 4838 4840
  tr 4821 4823
  strong 4873 4879
  td 4838 4840
  strong 4908 4914
  strong 4873 4879
  td 4917 4919
  strong 4908 4914
  td 4934 4936
  td 4917 4919
  strong 4968 4974
  td 4934 4936
  strong 4993 4999
  strong 4968 4974
  td 5002 5004
  strong 4993 4999
  td 5050 5052
  td 5002 5004
  strong 5066 5072
  td 5050 5052
  td 5125 5127
  strong 5066 5072
  td 5171 5173
  td 5125 5127
  strong 5187 5193
  td 5171 5173
  td 5247 5249
  strong 5187 5193
  tr 5291 5293
  td 5247 5249
  tbody 5301 5306
  tr 5291 5293
  table 5310 5315
  tbody 5301 5306
  script 5368 5374
  table 5310 5315
  script 6168 6174
  script 5368 5374
Invalid Selector
  script 6168 6174
Invalid Selector
POINTS 4890
POINTS 4890
  script 54 60
  script 54 60
  script 113 119
  script 113 119
  script 122 128
  script 122 128
  script 181 187
  script 181 187
  table 191 196
  table 191 196
  tbody 250 255
  tbody 250 255
  tr 266 268
  tr 266 268
  td 283 285
  td 283 285
  strong 287 293
  strong 287 293
  strong 300 306
  strong 300 306
  td 343 345
  td 343 345
  td 398 400
  td 398 400
  strong 402 408
  strong 402 408
  strong 430 436
  strong 430 436
  td 457 459
  td 457 459
  td 474 476
  td 474 476
  strong 478 484
  strong 478 484
  strong 494 500
  strong 494 500
  td 537 539
  td 537 539
  tr 551 553
  tr 551 553
  tr 564 566
  tr 564 566
  td 581 583
  td 581 583
  strong 585 591
  strong 585 591
  strong 616 622
  strong 616 622
  td 680 682
  td 680 682
  td 697 699
  td 697 699
  strong 701 707
  strong 701 707
  strong 727 733
  strong 727 733
  td 752 754
  td 752 754
  td 769 771
  td 769 771
  strong 773 779
  strong 773 779
  strong 786 792
  strong 786 792
  td 929 931
  td 929 931
  tr 943 945
  tr 943 945
  tbody 954 959
  tbody 954 959
  table 963 968
  table 963 968
  table 973 978
  table 973 978
  thead 1119 1124
  thead 1119 1124
  tr 1135 1137
  tr 1135 1137
  th 1152 1154
  th 1152 1154
  th 1171 1173
  th 1171 1173
  th 1188 1190
  th 1188 1190
  th 1213 1215
  th 1213 1215
  th 1230 1232
  th 1230 1232
  br 1249 1251
  br 1249 1251
  th 1258 1260
  th 1258 1260
  th 1275 1277
  th 1275 1277
  br 1294 1296
  br 1294 1296
  th 1303 1305
  th 1303 1305
  th 1320 1322
  th 1320 1322
  br 1343 1345
  br 1343 1345
  th 1352 1354
  th 1352 1354
  th 1369 1371
  th 1369 1371
  br 1398 1400
  br 1398 1400
  th 1403 1405
  th 1403 1405
  th 1490 1492
  th 1490 1492
  br 1512 1514
  br 1512 1514
  sup 1524 1527
  sup 1524 1527
  sup 1531 1534
  sup 1531 1534
  th 1547 1549
  th 1547 1549
  th 1564 1566
  th 1564 1566
  sup 1581 1584
  sup 1581 1584
  sup 1589 1592
  sup 1589 1592
  br 1595 1597
  br 1595 1597
  th 1610 1612
  th 1610 1612
  th 1627 1629
  th 1627 1629
  sup 1644 1647
  sup 1644 1647
  sup 1651 1654
  sup 1651 1654
  br 1657 1659
  br 1657 1659
  th 1672 1674
  th 1672 1674
  th 1689 1691
  th 1689 1691
  br 1716 1718
  br 1716 1718
  sup 1722 1725
  sup 1722 1725
  sup 1730 1733
  sup 1730 1733
  sup 1739 1742
  sup 1739 1742
  sup 1746 1749
  sup 1746 1749
  sup 1755 1758
  sup 1755 1758
  sup 1762 1765
  sup 1762 1765
  th 1768 1770
  th 1768 1770
  th 1785 1787
  th 1785 1787
  th 1809 1811
  th 1809 1811
  th 1851 1853
  th 1851 1853
  th 1879 1881
  th 1879 1881
  th 1896 1898
  th 1896 1898
  th 1928 1930
  th 1928 1930
  th 1945 1947
  th 1945 1947
  th 1971 1973
  th 1971 1973
  tr 1985 1987
  tr 1985 1987
  thead 1995 2000
  thead 1995 2000
  tbody 2008 2013
  tbody 2008 2013
  tr 2065 2067
  tr 2065 2067
  td 2086 2088
  td 2086 2088
  td 2113 2115
  td 2113 2115
  td 2134 2136
  td 2134 2136
  td 2155 2157
  td 2155 2157
  td 2279 2281
  td 2279 2281
  td 2304 2306
  td 2304 2306
  td 2329 2331
  td 2329 2331
  td 2354 2356
  td 2354 2356
  td 2379 2381
  td 2379 2381
  td 2405 2407
  td 2405 2407
  td 2430 2432
  td 2430 2432
  td 2913 2915
  td 2913 2915
  td 3033 3035
  td 3033 3035
  td 3060 3062
  td 3060 3062
  td 3090 3092
  td 3090 3092
  td 3171 3173
  td 3171 3173
  td 3201 3203
  td 3201 3203
  td 3282 3284
  td 3282 3284
  td 3312 3314
  td 3312 3314
  td 3338 3340
  td 3338 3340
  td 3368 3370
  td 3368 3370
  td 3398 3400
  td 3398 3400
  td 3524 3526
  td 3524 3526
  td 3558 3560
  td 3558 3560
  td 3583 3585
  td 3583 3585
  td 4193 4195
  td 4193 4195
  td 4218 4220
  td 4218 4220
  td 4266 4268
  td 4266 4268
  tr 4312 4314
  tr 4312 4314
  tr 4821 4823
  tr 4821 4823
  td 4838 4840
  td 4838 4840
  strong 4873 4879
  strong 4873 4879
  strong 4908 4914
  strong 4908 4914
  td 4917 4919
  td 4917 4919
  td 4934 4936
  td 4934 4936
  strong 4968 4974
  strong 4968 4974
  strong 4993 4999
  strong 4993 4999
  td 5002 5004
  td 5002 5004
  td 5050 5052
  td 5050 5052
  strong 5066 5072
  strong 5066 5072
  td 5125 5127
  td 5125 5127
  td 5171 5173
  td 5171 5173
  strong 5187 5193
  strong 5187 5193
  td 5247 5249
  td 5247 5249
  tr 5291 5293
  tr 5291 5293
  tbody 5301 5306
  tbody 5301 5306
  table 5310 5315
  table 5310 5315
  script 5368 5374
  script 5368 5374
  script 6168 6174
  script 6168 6174
Invalid Selector
Invalid Selector
dd($rang->pos); 4779
  script 54 60
dd($rang->pos); 4779
  script 113 119
  script 54 60
  script 122 128
  script 113 119
  script 181 187
  script 122 128
  table 191 196
  script 181 187
  tbody 250 255
  table 191 196
  tr 266 268
  tbody 250 255
  td 283 285
  tr 266 268
  strong 287 293
  td 283 285
  strong 300 306
  strong 287 293
  td 343 345
  strong 300 306
  td 398 400
  td 343 345
  strong 402 408
  td 398 400
  strong 430 436
  strong 402 408
  td 457 459
  strong 430 436
  td 474 476
  td 457 459
  strong 478 484
  td 474 476
  strong 494 500
  strong 478 484
  td 537 539
  strong 494 500
  tr 551 553
  td 537 539
  tr 564 566
  tr 551 553
  td 581 583
  tr 564 566
  strong 585 591
  td 581 583
  strong 616 622
  strong 585 591
  td 680 682
  strong 616 622
  td 697 699
  td 680 682
  strong 701 707
  td 697 699
  strong 727 733
  strong 701 707
  td 752 754
  strong 727 733
  td 769 771
  td 752 754
  strong 773 779
  td 769 771
  strong 786 792
  strong 773 779
  td 929 931
  strong 786 792
  tr 943 945
  td 929 931
  tbody 954 959
  tr 943 945
  table 963 968
  tbody 954 959
  table 973 978
  table 963 968
  thead 1119 1124
  table 973 978
  tr 1135 1137
  thead 1119 1124
  th 1152 1154
  tr 1135 1137
  th 1171 1173
  th 1152 1154
  th 1188 1190
  th 1171 1173
  th 1213 1215
  th 1188 1190
  th 1230 1232
  th 1213 1215
  br 1249 1251
  th 1230 1232
  th 1258 1260
  br 1249 1251
  th 1275 1277
  th 1258 1260
  br 1294 1296
  th 1275 1277
  th 1303 1305
  br 1294 1296
  th 1320 1322
  th 1303 1305
  br 1343 1345
  th 1320 1322
  th 1352 1354
  br 1343 1345
  th 1369 1371
  th 1352 1354
  br 1398 1400
  th 1369 1371
  th 1403 1405
  br 1398 1400
  th 1490 1492
  th 1403 1405
  br 1512 1514
  th 1490 1492
  sup 1524 1527
  br 1512 1514
  sup 1531 1534
  sup 1524 1527
  th 1547 1549
  sup 1531 1534
  th 1564 1566
  th 1547 1549
  sup 1581 1584
  th 1564 1566
  sup 1589 1592
  sup 1581 1584
  br 1595 1597
  sup 1589 1592
  th 1610 1612
  br 1595 1597
  th 1627 1629
  th 1610 1612
  sup 1644 1647
  th 1627 1629
  sup 1651 1654
  sup 1644 1647
  br 1657 1659
  sup 1651 1654
  th 1672 1674
  br 1657 1659
  th 1689 1691
  th 1672 1674
  br 1716 1718
  th 1689 1691
  sup 1722 1725
  br 1716 1718
  sup 1730 1733
  sup 1722 1725
  sup 1739 1742
  sup 1730 1733
  sup 1746 1749
  sup 1739 1742
  sup 1755 1758
  sup 1746 1749
  sup 1762 1765
  sup 1755 1758
  th 1768 1770
  sup 1762 1765
  th 1785 1787
  th 1768 1770
  th 1809 1811
  th 1785 1787
  th 1851 1853
  th 1809 1811
  th 1879 1881
  th 1851 1853
  th 1896 1898
  th 1879 1881
  th 1928 1930
  th 1896 1898
  th 1945 1947
  th 1928 1930
  th 1971 1973
  th 1945 1947
  tr 1985 1987
  th 1971 1973
  thead 1995 2000
  tr 1985 1987
  tbody 2008 2013
  thead 1995 2000
  tr 2065 2067
  tbody 2008 2013
  td 2086 2088
  tr 2065 2067
  td 2113 2115
  td 2086 2088
  td 2134 2136
  td 2113 2115
  td 2155 2157
  td 2134 2136
  td 2279 2281
  td 2155 2157
  td 2304 2306
  td 2279 2281
  td 2329 2331
  td 2304 2306
  td 2354 2356
  td 2329 2331
  td 2379 2381
  td 2354 2356
  td 2405 2407
  td 2379 2381
  td 2430 2432
  td 2405 2407
  td 2913 2915
  td 2430 2432
  td 3033 3035
  td 2913 2915
  td 3060 3062
  td 3033 3035
  td 3090 3092
  td 3060 3062
  td 3171 3173
  td 3090 3092
  td 3201 3203
  td 3171 3173
  td 3282 3284
  td 3201 3203
  td 3312 3314
  td 3282 3284
  td 3338 3340
  td 3312 3314
  td 3368 3370
  td 3338 3340
  td 3398 3400
  td 3368 3370
  td 3524 3526
  td 3398 3400
  td 3558 3560
  td 3524 3526
  td 3583 3585
  td 3558 3560
  td 4193 4195
  td 3583 3585
  td 4218 4220
  td 4193 4195
  td 4266 4268
  td 4218 4220
  tr 4312 4314
  td 4266 4268
  tr 4821 4823
  tr 4312 4314
  td 4838 4840
  tr 4821 4823
  strong 4873 4879
  td 4838 4840
  strong 4908 4914
  strong 4873 4879
  td 4917 4919
  strong 4908 4914
  td 4934 4936
  td 4917 4919
  strong 4968 4974
  td 4934 4936
  strong 4993 4999
  strong 4968 4974
  td 5002 5004
  strong 4993 4999
  td 5050 5052
  td 5002 5004
  strong 5066 5072
  td 5050 5052
  td 5125 5127
  strong 5066 5072
  td 5171 5173
  td 5125 5127
  strong 5187 5193
  td 5171 5173
  td 5247 5249
  strong 5187 5193
  tr 5291 5293
  td 5247 5249
  tbody 5301 5306
  tr 5291 5293
  table 5310 5315
  tbody 5301 5306
  script 5368 5374
  table 5310 5315
  script 6168 6174
  script 5368 5374
Invalid Selector
  script 6168 6174
Invalid Selector
dd(total_eleve); 4779
  script 54 60
  script 113 119
  script 122 128
  script 181 187
  table 191 196
  tbody 250 255
  tr 266 268
  td 283 285
dd(total_eleve); 4779
  strong 287 293
  script 54 60
  strong 300 306
  script 113 119
  td 343 345
  script 122 128
  td 398 400
  script 181 187
  strong 402 408
  table 191 196
  strong 430 436
  tbody 250 255
  td 457 459
  tr 266 268
  td 474 476
  td 283 285
  strong 478 484
  strong 287 293
  strong 494 500
  strong 300 306
  td 537 539
  td 343 345
  tr 551 553
  td 398 400
  tr 564 566
  strong 402 408
  td 581 583
  strong 430 436
  strong 585 591
  td 457 459
  strong 616 622
  td 474 476
  td 680 682
  strong 478 484
  td 697 699
  strong 494 500
  strong 701 707
  td 537 539
  strong 727 733
  tr 551 553
  td 752 754
  tr 564 566
  td 769 771
  td 581 583
  strong 773 779
  strong 585 591
  strong 786 792
  strong 616 622
  td 929 931
  td 680 682
  tr 943 945
  td 697 699
  tbody 954 959
  strong 701 707
  table 963 968
  strong 727 733
  table 973 978
  td 752 754
  thead 1119 1124
  td 769 771
  tr 1135 1137
  strong 773 779
  th 1152 1154
  strong 786 792
  th 1171 1173
  td 929 931
  th 1188 1190
  tr 943 945
  th 1213 1215
  tbody 954 959
  th 1230 1232
  table 963 968
  br 1249 1251
  table 973 978
  th 1258 1260
  thead 1119 1124
  th 1275 1277
  tr 1135 1137
  br 1294 1296
  th 1152 1154
  th 1303 1305
  th 1171 1173
  th 1320 1322
  th 1188 1190
  br 1343 1345
  th 1213 1215
  th 1352 1354
  th 1230 1232
  th 1369 1371
  br 1249 1251
  br 1398 1400
  th 1258 1260
  th 1403 1405
  th 1275 1277
  th 1490 1492
  br 1294 1296
  br 1512 1514
  th 1303 1305
  sup 1524 1527
  th 1320 1322
  sup 1531 1534
  br 1343 1345
  th 1547 1549
  th 1352 1354
  th 1564 1566
  th 1369 1371
  sup 1581 1584
  br 1398 1400
  sup 1589 1592
  th 1403 1405
  br 1595 1597
  th 1490 1492
  th 1610 1612
  br 1512 1514
  th 1627 1629
  sup 1524 1527
  sup 1644 1647
  sup 1531 1534
  sup 1651 1654
  th 1547 1549
  br 1657 1659
  th 1564 1566
  th 1672 1674
  sup 1581 1584
  th 1689 1691
  sup 1589 1592
  br 1716 1718
  br 1595 1597
  sup 1722 1725
  th 1610 1612
  sup 1730 1733
  th 1627 1629
  sup 1739 1742
  sup 1644 1647
  sup 1746 1749
  sup 1651 1654
  sup 1755 1758
  br 1657 1659
  sup 1762 1765
  th 1672 1674
  th 1768 1770
  th 1689 1691
  th 1785 1787
  br 1716 1718
  th 1809 1811
  sup 1722 1725
  th 1851 1853
  sup 1730 1733
  th 1879 1881
  sup 1739 1742
  th 1896 1898
  sup 1746 1749
  th 1928 1930
  sup 1755 1758
  th 1945 1947
  sup 1762 1765
  th 1971 1973
  th 1768 1770
  tr 1985 1987
  th 1785 1787
  thead 1995 2000
  th 1809 1811
  tbody 2008 2013
  th 1851 1853
  tr 2065 2067
  th 1879 1881
  td 2086 2088
  th 1896 1898
  td 2113 2115
  th 1928 1930
  td 2134 2136
  th 1945 1947
  td 2155 2157
  th 1971 1973
  td 2279 2281
  tr 1985 1987
  td 2304 2306
  thead 1995 2000
  td 2329 2331
  tbody 2008 2013
  td 2354 2356
  tr 2065 2067
  td 2379 2381
  td 2086 2088
  td 2405 2407
  td 2113 2115
  td 2430 2432
  td 2134 2136
  td 2913 2915
  td 2155 2157
  td 3033 3035
  td 2279 2281
  td 3060 3062
  td 2304 2306
  td 3090 3092
  td 2329 2331
  td 3171 3173
  td 2354 2356
  td 3201 3203
  td 2379 2381
  td 3282 3284
  td 2405 2407
  td 3312 3314
  td 2430 2432
  td 3338 3340
  td 2913 2915
  td 3368 3370
  td 3033 3035
  td 3398 3400
  td 3060 3062
  td 3524 3526
  td 3090 3092
  td 3558 3560
  td 3171 3173
  td 3583 3585
  td 3201 3203
  td 4193 4195
  td 3282 3284
  td 4218 4220
  td 3312 3314
  td 4266 4268
  td 3338 3340
  tr 4312 4314
  td 3368 3370
  tr 4822 4824
  td 3398 3400
  td 4839 4841
  td 3524 3526
  strong 4874 4880
  td 3558 3560
  strong 4909 4915
  td 3583 3585
  td 4918 4920
  td 4193 4195
  td 4935 4937
  td 4218 4220
  strong 4969 4975
  td 4266 4268
  strong 4994 5000
  tr 4312 4314
  td 5003 5005
  tr 4822 4824
  td 5051 5053
  td 4839 4841
  strong 5067 5073
  strong 4874 4880
  td 5126 5128
  strong 4909 4915
  td 5172 5174
  td 4918 4920
  strong 5188 5194
  td 4935 4937
  td 5248 5250
  strong 4969 4975
  tr 5292 5294
  strong 4994 5000
  tbody 5302 5307
  td 5003 5005
  table 5311 5316
  td 5051 5053
  script 5369 5375
  strong 5067 5073
  script 6169 6175
  td 5126 5128
Invalid Selector
  td 5172 5174
  strong 5188 5194
  td 5248 5250
  tr 5292 5294
  tbody 5302 5307
  table 5311 5316
  script 5369 5375
  script 6169 6175
Invalid Selector
strong 4875
  script 54 60
strong 4875
  script 113 119
  script 54 60
  script 122 128
  script 113 119
  script 181 187
  script 122 128
  table 191 196
  script 181 187
  tbody 250 255
  table 191 196
  tr 266 268
  tbody 250 255
  td 283 285
  tr 266 268
  strong 287 293
  td 283 285
  strong 300 306
  strong 287 293
  td 343 345
  strong 300 306
  td 398 400
  td 343 345
  strong 402 408
  td 398 400
  strong 430 436
  strong 402 408
  td 457 459
  strong 430 436
  td 474 476
  td 457 459
  strong 478 484
  td 474 476
  strong 494 500
  strong 478 484
  td 537 539
  strong 494 500
  tr 551 553
  td 537 539
  tr 564 566
  tr 551 553
  td 581 583
  tr 564 566
  strong 585 591
  td 581 583
  strong 616 622
  strong 585 591
  td 680 682
  strong 616 622
  td 697 699
  td 680 682
  strong 701 707
  td 697 699
  strong 727 733
  strong 701 707
  td 752 754
  strong 727 733
  td 769 771
  td 752 754
  strong 773 779
  td 769 771
  strong 786 792
  strong 773 779
  td 929 931
  strong 786 792
  tr 943 945
  td 929 931
  tbody 954 959
  tr 943 945
  table 963 968
  tbody 954 959
  table 973 978
  table 963 968
  thead 1119 1124
  table 973 978
  tr 1135 1137
  thead 1119 1124
  th 1152 1154
  tr 1135 1137
  th 1171 1173
  th 1152 1154
  th 1188 1190
  th 1171 1173
  th 1213 1215
  th 1188 1190
  th 1230 1232
  th 1213 1215
  br 1249 1251
  th 1230 1232
  th 1258 1260
  br 1249 1251
  th 1275 1277
  th 1258 1260
  br 1294 1296
  th 1275 1277
  th 1303 1305
  br 1294 1296
  th 1320 1322
  th 1303 1305
  br 1343 1345
  th 1320 1322
  th 1352 1354
  br 1343 1345
  th 1369 1371
  th 1352 1354
  br 1398 1400
  th 1369 1371
  th 1403 1405
  br 1398 1400
  th 1490 1492
  th 1403 1405
  br 1512 1514
  th 1490 1492
  sup 1524 1527
  br 1512 1514
  sup 1531 1534
  sup 1524 1527
  th 1547 1549
  sup 1531 1534
  th 1564 1566
  th 1547 1549
  sup 1581 1584
  th 1564 1566
  sup 1589 1592
  sup 1581 1584
  br 1595 1597
  sup 1589 1592
  th 1610 1612
  br 1595 1597
  th 1627 1629
  th 1610 1612
  sup 1644 1647
  th 1627 1629
  sup 1651 1654
  sup 1644 1647
  br 1657 1659
  sup 1651 1654
  th 1672 1674
  br 1657 1659
  th 1689 1691
  th 1672 1674
  br 1716 1718
  th 1689 1691
  sup 1722 1725
  br 1716 1718
  sup 1730 1733
  sup 1722 1725
  sup 1739 1742
  sup 1730 1733
  sup 1746 1749
  sup 1739 1742
  sup 1755 1758
  sup 1746 1749
  sup 1762 1765
  sup 1755 1758
  th 1768 1770
  sup 1762 1765
  th 1785 1787
  th 1768 1770
  th 1809 1811
  th 1785 1787
  th 1851 1853
  th 1809 1811
  th 1879 1881
  th 1851 1853
  th 1896 1898
  th 1879 1881
  th 1928 1930
  th 1896 1898
  th 1945 1947
  th 1928 1930
  th 1971 1973
  th 1945 1947
  tr 1985 1987
  th 1971 1973
  thead 1995 2000
  tr 1985 1987
  tbody 2008 2013
  thead 1995 2000
  tr 2065 2067
  tbody 2008 2013
  td 2086 2088
  tr 2065 2067
  td 2113 2115
  td 2086 2088
  td 2134 2136
  td 2113 2115
  td 2155 2157
  td 2134 2136
  td 2279 2281
  td 2155 2157
  td 2304 2306
  td 2279 2281
  td 2329 2331
  td 2304 2306
  td 2354 2356
  td 2329 2331
  td 2379 2381
  td 2354 2356
  td 2405 2407
  td 2379 2381
  td 2430 2432
  td 2405 2407
  td 2913 2915
  td 2430 2432
  td 3033 3035
  td 2913 2915
  td 3060 3062
  td 3033 3035
  td 3090 3092
  td 3060 3062
  td 3171 3173
  td 3090 3092
  td 3201 3203
  td 3171 3173
  td 3282 3284
  td 3201 3203
  td 3312 3314
  td 3282 3284
  td 3338 3340
  td 3312 3314
  td 3368 3370
  td 3338 3340
  td 3398 3400
  td 3368 3370
  td 3524 3526
  td 3398 3400
  td 3558 3560
  td 3524 3526
  td 3583 3585
  td 3558 3560
  td 4193 4195
  td 3583 3585
  td 4218 4220
  td 4193 4195
  td 4266 4268
  td 4218 4220
  tr 4312 4314
  td 4266 4268
  tr 4823 4825
  tr 4312 4314
  td 4840 4842
  tr 4823 4825
  strong 4875 4881
  td 4840 4842
strong is a "html tag"
  strong 4875 4881
html.css has 163 symbols
strong is a "html tag"
Searching through them all for /(^|[\s>+~])strong(\[[^\]]*\]|:{1,2}[\w-()]+|\.[\w-]+|#[\w-]+)*\s*/
app.css has 3148 symbols
Done
Searching through them all for /(^|[\s>+~])strong(\[[^\]]*\]|:{1,2}[\w-()]+|\.[\w-]+|#[\w-]+)*\s*/
exception.css has 214 symbols
Done
Searching through them all for /(^|[\s>+~])strong(\[[^\]]*\]|:{1,2}[\w-()]+|\.[\w-]+|#[\w-]+)*\s*/
components.min.css has 4339 symbols
Done
Searching through them all for /(^|[\s>+~])strong(\[[^\]]*\]|:{1,2}[\w-()]+|\.[\w-]+|#[\w-]+)*\s*/
app.css has 3148 symbols
Done
Searching through them all for /(^|[\s>+~])strong(\[[^\]]*\]|:{1,2}[\w-()]+|\.[\w-]+|#[\w-]+)*\s*/
my_print.css has 14 symbols
Done
Searching through them all for /(^|[\s>+~])strong(\[[^\]]*\]|:{1,2}[\w-()]+|\.[\w-]+|#[\w-]+)*\s*/
components.min.css has 4339 symbols
Done
Searching through them all for /(^|[\s>+~])strong(\[[^\]]*\]|:{1,2}[\w-()]+|\.[\w-]+|#[\w-]+)*\s*/
print_tabulation.css has 7 symbols
Done
Searching through them all for /(^|[\s>+~])strong(\[[^\]]*\]|:{1,2}[\w-()]+|\.[\w-]+|#[\w-]+)*\s*/
bootstrap.css has 2572 symbols
Done
Searching through them all for /(^|[\s>+~])strong(\[[^\]]*\]|:{1,2}[\w-()]+|\.[\w-]+|#[\w-]+)*\s*/
bootstrap_limitless.css has 1198 symbols
Done
Searching through them all for /(^|[\s>+~])strong(\[[^\]]*\]|:{1,2}[\w-()]+|\.[\w-]+|#[\w-]+)*\s*/
my_print.css has 14 symbols
Done
Searching through them all for /(^|[\s>+~])strong(\[[^\]]*\]|:{1,2}[\w-()]+|\.[\w-]+|#[\w-]+)*\s*/
bootstrap.min.css has 2572 symbols
Done
Searching through them all for /(^|[\s>+~])strong(\[[^\]]*\]|:{1,2}[\w-()]+|\.[\w-]+|#[\w-]+)*\s*/
bootstrap_limitless.css has 1198 symbols
Done
Searching through them all for /(^|[\s>+~])strong(\[[^\]]*\]|:{1,2}[\w-()]+|\.[\w-]+|#[\w-]+)*\s*/
bootstrap_limitless.min.css has 1198 symbols
Done
Searching through them all for /(^|[\s>+~])strong(\[[^\]]*\]|:{1,2}[\w-()]+|\.[\w-]+|#[\w-]+)*\s*/
bootstrap_limitless.min.css has 1198 symbols
Done
Searching through them all for /(^|[\s>+~])strong(\[[^\]]*\]|:{1,2}[\w-()]+|\.[\w-]+|#[\w-]+)*\s*/
receipt.css has 17 symbols
Done
Searching through them all for /(^|[\s>+~])strong(\[[^\]]*\]|:{1,2}[\w-()]+|\.[\w-]+|#[\w-]+)*\s*/
receipt.css has 17 symbols
Done
Searching through them all for /(^|[\s>+~])strong(\[[^\]]*\]|:{1,2}[\w-()]+|\.[\w-]+|#[\w-]+)*\s*/
_inbox.scss has 15 symbols
Done
Searching through them all for /(^|[\s>+~])strong(\[[^\]]*\]|:{1,2}[\w-()]+|\.[\w-]+|#[\w-]+)*\s*/
print_tabulation.css has 7 symbols
Done
Searching through them all for /(^|[\s>+~])strong(\[[^\]]*\]|:{1,2}[\w-()]+|\.[\w-]+|#[\w-]+)*\s*/
_c3.scss has 48 symbols
Done
Searching through them all for /(^|[\s>+~])strong(\[[^\]]*\]|:{1,2}[\w-()]+|\.[\w-]+|#[\w-]+)*\s*/
bootstrap-datepicker.min.css has 221 symbols
Done
Searching through them all for /(^|[\s>+~])strong(\[[^\]]*\]|:{1,2}[\w-()]+|\.[\w-]+|#[\w-]+)*\s*/
_d3.scss has 72 symbols
Done
Searching through them all for /(^|[\s>+~])strong(\[[^\]]*\]|:{1,2}[\w-()]+|\.[\w-]+|#[\w-]+)*\s*/
_c3.scss has 48 symbols
Done
Searching through them all for /(^|[\s>+~])strong(\[[^\]]*\]|:{1,2}[\w-()]+|\.[\w-]+|#[\w-]+)*\s*/
_alpaca.scss has 65 symbols
Done
Searching through them all for /(^|[\s>+~])strong(\[[^\]]*\]|:{1,2}[\w-()]+|\.[\w-]+|#[\w-]+)*\s*/
_print.scss has 34 symbols
Done
Searching through them all for /(^|[\s>+~])strong(\[[^\]]*\]|:{1,2}[\w-()]+|\.[\w-]+|#[\w-]+)*\s*/
_date.scss has 49 symbols
Done
Searching through them all for /(^|[\s>+~])strong(\[[^\]]*\]|:{1,2}[\w-()]+|\.[\w-]+|#[\w-]+)*\s*/
_d3.scss has 72 symbols
Done
Searching through them all for /(^|[\s>+~])strong(\[[^\]]*\]|:{1,2}[\w-()]+|\.[\w-]+|#[\w-]+)*\s*/
_alpaca.scss has 64 symbols
Done
Searching through them all for /(^|[\s>+~])strong(\[[^\]]*\]|:{1,2}[\w-()]+|\.[\w-]+|#[\w-]+)*\s*/
bootstrap.min.css has 2572 symbols
Done
Searching through them all for /(^|[\s>+~])strong(\[[^\]]*\]|:{1,2}[\w-()]+|\.[\w-]+|#[\w-]+)*\s*/
_daterange.scss has 87 symbols
Done
Searching through them all for /(^|[\s>+~])strong(\[[^\]]*\]|:{1,2}[\w-()]+|\.[\w-]+|#[\w-]+)*\s*/
_tables.scss has 43 symbols
Done
Searching through them all for /(^|[\s>+~])strong(\[[^\]]*\]|:{1,2}[\w-()]+|\.[\w-]+|#[\w-]+)*\s*/
_daterange.scss has 86 symbols
Done
Searching through them all for /(^|[\s>+~])strong(\[[^\]]*\]|:{1,2}[\w-()]+|\.[\w-]+|#[\w-]+)*\s*/
_reboot.scss has 100 symbols
Done
Searching through them all for /(^|[\s>+~])strong(\[[^\]]*\]|:{1,2}[\w-()]+|\.[\w-]+|#[\w-]+)*\s*/
_fullcalendar.scss has 285 symbols
Done
Searching through them all for /(^|[\s>+~])strong(\[[^\]]*\]|:{1,2}[\w-()]+|\.[\w-]+|#[\w-]+)*\s*/
_table-row.scss has 10 symbols
Done
Searching through them all for /(^|[\s>+~])strong(\[[^\]]*\]|:{1,2}[\w-()]+|\.[\w-]+|#[\w-]+)*\s*/
_fancytree.scss has 100 symbols
Done
Searching through them all for /(^|[\s>+~])strong(\[[^\]]*\]|:{1,2}[\w-()]+|\.[\w-]+|#[\w-]+)*\s*/
_inbox.scss has 15 symbols
Done
Searching through them all for /(^|[\s>+~])strong(\[[^\]]*\]|:{1,2}[\w-()]+|\.[\w-]+|#[\w-]+)*\s*/
_fancytree.scss has 100 symbols
Done
Searching through them all for /(^|[\s>+~])strong(\[[^\]]*\]|:{1,2}[\w-()]+|\.[\w-]+|#[\w-]+)*\s*/
components.css has 4341 symbols
Done
Searching through them all for /(^|[\s>+~])strong(\[[^\]]*\]|:{1,2}[\w-()]+|\.[\w-]+|#[\w-]+)*\s*/
_fullcalendar.scss has 285 symbols
Done
Searching through them all for /(^|[\s>+~])strong(\[[^\]]*\]|:{1,2}[\w-()]+|\.[\w-]+|#[\w-]+)*\s*/
_buttons.scss has 69 symbols
Done
Searching through them all for /(^|[\s>+~])strong(\[[^\]]*\]|:{1,2}[\w-()]+|\.[\w-]+|#[\w-]+)*\s*/
_widgets.scss has 251 symbols
Done
Searching through them all for /(^|[\s>+~])strong(\[[^\]]*\]|:{1,2}[\w-()]+|\.[\w-]+|#[\w-]+)*\s*/
_handsontable.scss has 342 symbols
Done
Searching through them all for /(^|[\s>+~])strong(\[[^\]]*\]|:{1,2}[\w-()]+|\.[\w-]+|#[\w-]+)*\s*/
_footable.scss has 17 symbols
Done
Searching through them all for /(^|[\s>+~])strong(\[[^\]]*\]|:{1,2}[\w-()]+|\.[\w-]+|#[\w-]+)*\s*/
_fancytree.scss has 100 symbols
Done
Searching through them all for /(^|[\s>+~])strong(\[[^\]]*\]|:{1,2}[\w-()]+|\.[\w-]+|#[\w-]+)*\s*/
_handsontable.scss has 342 symbols
Done
Searching through them all for /(^|[\s>+~])strong(\[[^\]]*\]|:{1,2}[\w-()]+|\.[\w-]+|#[\w-]+)*\s*/
_tables.scss has 136 symbols
Done
Searching through them all for /(^|[\s>+~])strong(\[[^\]]*\]|:{1,2}[\w-()]+|\.[\w-]+|#[\w-]+)*\s*/
_footable.scss has 17 symbols
Done
Searching through them all for /(^|[\s>+~])strong(\[[^\]]*\]|:{1,2}[\w-()]+|\.[\w-]+|#[\w-]+)*\s*/
_footable.scss has 17 symbols
Done
Searching through them all for /(^|[\s>+~])strong(\[[^\]]*\]|:{1,2}[\w-()]+|\.[\w-]+|#[\w-]+)*\s*/
_widgets.scss has 281 symbols
Done
Searching through them all for /(^|[\s>+~])strong(\[[^\]]*\]|:{1,2}[\w-()]+|\.[\w-]+|#[\w-]+)*\s*/
_fullcalendar.scss has 285 symbols
Done
Searching through them all for /(^|[\s>+~])strong(\[[^\]]*\]|:{1,2}[\w-()]+|\.[\w-]+|#[\w-]+)*\s*/
_handsontable.scss has 342 symbols
Done
Searching through them all for /(^|[\s>+~])strong(\[[^\]]*\]|:{1,2}[\w-()]+|\.[\w-]+|#[\w-]+)*\s*/
_datatable-rows-reorder.scss has 4 symbols
Done
Searching through them all for /(^|[\s>+~])strong(\[[^\]]*\]|:{1,2}[\w-()]+|\.[\w-]+|#[\w-]+)*\s*/
_datatable-columns-reorder.scss has 4 symbols
Done
Searching through them all for /(^|[\s>+~])strong(\[[^\]]*\]|:{1,2}[\w-()]+|\.[\w-]+|#[\w-]+)*\s*/
_datatable-responsive.scss has 31 symbols
Done
Searching through them all for /(^|[\s>+~])strong(\[[^\]]*\]|:{1,2}[\w-()]+|\.[\w-]+|#[\w-]+)*\s*/
_datatables.scss has 132 symbols
Done
Searching through them all for /(^|[\s>+~])strong(\[[^\]]*\]|:{1,2}[\w-()]+|\.[\w-]+|#[\w-]+)*\s*/
_datatable-columns-reorder.scss has 4 symbols
Done
Searching through them all for /(^|[\s>+~])strong(\[[^\]]*\]|:{1,2}[\w-()]+|\.[\w-]+|#[\w-]+)*\s*/
_datatable-responsive.scss has 31 symbols
Done
Searching through them all for /(^|[\s>+~])strong(\[[^\]]*\]|:{1,2}[\w-()]+|\.[\w-]+|#[\w-]+)*\s*/
_datatables.scss has 132 symbols
Done
Searching through them all for /(^|[\s>+~])strong(\[[^\]]*\]|:{1,2}[\w-()]+|\.[\w-]+|#[\w-]+)*\s*/
_datatable-rows-reorder.scss has 4 symbols
Done
Searching through them all for /(^|[\s>+~])strong(\[[^\]]*\]|:{1,2}[\w-()]+|\.[\w-]+|#[\w-]+)*\s*/
_alpaca.scss has 64 symbols
Done
Searching through them all for /(^|[\s>+~])strong(\[[^\]]*\]|:{1,2}[\w-()]+|\.[\w-]+|#[\w-]+)*\s*/
_datatable-scroller.scss has 8 symbols
Done
Searching through them all for /(^|[\s>+~])strong(\[[^\]]*\]|:{1,2}[\w-()]+|\.[\w-]+|#[\w-]+)*\s*/
_buttons.scss has 69 symbols
Done
Searching through them all for /(^|[\s>+~])strong(\[[^\]]*\]|:{1,2}[\w-()]+|\.[\w-]+|#[\w-]+)*\s*/
_datatable-rows-reorder.scss has 4 symbols
Done
Searching through them all for /(^|[\s>+~])strong(\[[^\]]*\]|:{1,2}[\w-()]+|\.[\w-]+|#[\w-]+)*\s*/
_datatable-keytable.scss has 8 symbols
Done
Searching through them all for /(^|[\s>+~])strong(\[[^\]]*\]|:{1,2}[\w-()]+|\.[\w-]+|#[\w-]+)*\s*/
_datatable-columns-reorder.scss has 4 symbols
Done
Searching through them all for /(^|[\s>+~])strong(\[[^\]]*\]|:{1,2}[\w-()]+|\.[\w-]+|#[\w-]+)*\s*/
_datatable-fixed-columns.scss has 21 symbols
Done
Searching through them all for /(^|[\s>+~])strong(\[[^\]]*\]|:{1,2}[\w-()]+|\.[\w-]+|#[\w-]+)*\s*/
_datatable-fixed-columns.scss has 21 symbols
Done
Searching through them all for /(^|[\s>+~])strong(\[[^\]]*\]|:{1,2}[\w-()]+|\.[\w-]+|#[\w-]+)*\s*/
_datatable-scroller.scss has 8 symbols
Done
Searching through them all for /(^|[\s>+~])strong(\[[^\]]*\]|:{1,2}[\w-()]+|\.[\w-]+|#[\w-]+)*\s*/
_buttons.scss has 69 symbols
Done
Searching through them all for /(^|[\s>+~])strong(\[[^\]]*\]|:{1,2}[\w-()]+|\.[\w-]+|#[\w-]+)*\s*/
_handsontable.scss has 342 symbols
Done
Searching through them all for /(^|[\s>+~])strong(\[[^\]]*\]|:{1,2}[\w-()]+|\.[\w-]+|#[\w-]+)*\s*/
_datatable-keytable.scss has 8 symbols
Done
Searching through them all for /(^|[\s>+~])strong(\[[^\]]*\]|:{1,2}[\w-()]+|\.[\w-]+|#[\w-]+)*\s*/
_alpaca.scss has 65 symbols
Done
Searching through them all for /(^|[\s>+~])strong(\[[^\]]*\]|:{1,2}[\w-()]+|\.[\w-]+|#[\w-]+)*\s*/
_datatable-responsive.scss has 31 symbols
Done
Searching through them all for /(^|[\s>+~])strong(\[[^\]]*\]|:{1,2}[\w-()]+|\.[\w-]+|#[\w-]+)*\s*/
_daterange.scss has 86 symbols
Done
Searching through them all for /(^|[\s>+~])strong(\[[^\]]*\]|:{1,2}[\w-()]+|\.[\w-]+|#[\w-]+)*\s*/
_datatable-scroller.scss has 8 symbols
Done
Searching through them all for /(^|[\s>+~])strong(\[[^\]]*\]|:{1,2}[\w-()]+|\.[\w-]+|#[\w-]+)*\s*/
_footable.scss has 17 symbols
Done
Searching through them all for /(^|[\s>+~])strong(\[[^\]]*\]|:{1,2}[\w-()]+|\.[\w-]+|#[\w-]+)*\s*/
_datatable-fixed-columns.scss has 21 symbols
Done
Searching through them all for /(^|[\s>+~])strong(\[[^\]]*\]|:{1,2}[\w-()]+|\.[\w-]+|#[\w-]+)*\s*/
_widgets.scss has 251 symbols
Done
Searching through them all for /(^|[\s>+~])strong(\[[^\]]*\]|:{1,2}[\w-()]+|\.[\w-]+|#[\w-]+)*\s*/
_datatable-keytable.scss has 8 symbols
Done
Searching through them all for /(^|[\s>+~])strong(\[[^\]]*\]|:{1,2}[\w-()]+|\.[\w-]+|#[\w-]+)*\s*/
_widgets.scss has 281 symbols
Done
Searching through them all for /(^|[\s>+~])strong(\[[^\]]*\]|:{1,2}[\w-()]+|\.[\w-]+|#[\w-]+)*\s*/
_datatables.scss has 133 symbols
Done
Searching through them all for /(^|[\s>+~])strong(\[[^\]]*\]|:{1,2}[\w-()]+|\.[\w-]+|#[\w-]+)*\s*/
_datatable-rows-reorder.scss has 4 symbols
Done
Searching through them all for /(^|[\s>+~])strong(\[[^\]]*\]|:{1,2}[\w-()]+|\.[\w-]+|#[\w-]+)*\s*/
bootstrap-datepicker.min.css has 221 symbols
Done
Searching through them all for /(^|[\s>+~])strong(\[[^\]]*\]|:{1,2}[\w-()]+|\.[\w-]+|#[\w-]+)*\s*/
_datatable-responsive.scss has 31 symbols
Done
Searching through them all for /(^|[\s>+~])strong(\[[^\]]*\]|:{1,2}[\w-()]+|\.[\w-]+|#[\w-]+)*\s*/
bootstrap.css has 2572 symbols
Done
Searching through them all for /(^|[\s>+~])strong(\[[^\]]*\]|:{1,2}[\w-()]+|\.[\w-]+|#[\w-]+)*\s*/
_datatable-columns-reorder.scss has 4 symbols
Done
Searching through them all for /(^|[\s>+~])strong(\[[^\]]*\]|:{1,2}[\w-()]+|\.[\w-]+|#[\w-]+)*\s*/
components.css has 4341 symbols
Done
Searching through them all for /(^|[\s>+~])strong(\[[^\]]*\]|:{1,2}[\w-()]+|\.[\w-]+|#[\w-]+)*\s*/
_datatables.scss has 133 symbols
Done
Searching through them all for /(^|[\s>+~])strong(\[[^\]]*\]|:{1,2}[\w-()]+|\.[\w-]+|#[\w-]+)*\s*/
_tables.scss has 136 symbols
Done
Searching through them all for /(^|[\s>+~])strong(\[[^\]]*\]|:{1,2}[\w-()]+|\.[\w-]+|#[\w-]+)*\s*/
_datatable-fixed-columns.scss has 21 symbols
Done
Searching through them all for /(^|[\s>+~])strong(\[[^\]]*\]|:{1,2}[\w-()]+|\.[\w-]+|#[\w-]+)*\s*/
_buttons.scss has 69 symbols
Done
Searching through them all for /(^|[\s>+~])strong(\[[^\]]*\]|:{1,2}[\w-()]+|\.[\w-]+|#[\w-]+)*\s*/
_date.scss has 49 symbols
Done
Searching through them all for /(^|[\s>+~])strong(\[[^\]]*\]|:{1,2}[\w-()]+|\.[\w-]+|#[\w-]+)*\s*/
_print.scss has 34 symbols
Done
Searching through them all for /(^|[\s>+~])strong(\[[^\]]*\]|:{1,2}[\w-()]+|\.[\w-]+|#[\w-]+)*\s*/
_daterange.scss has 87 symbols
Done
Searching through them all for /(^|[\s>+~])strong(\[[^\]]*\]|:{1,2}[\w-()]+|\.[\w-]+|#[\w-]+)*\s*/
_tables.scss has 43 symbols
Done
Searching through them all for /(^|[\s>+~])strong(\[[^\]]*\]|:{1,2}[\w-()]+|\.[\w-]+|#[\w-]+)*\s*/
_datatable-scroller.scss has 8 symbols
Done
Searching through them all for /(^|[\s>+~])strong(\[[^\]]*\]|:{1,2}[\w-()]+|\.[\w-]+|#[\w-]+)*\s*/
_tables.scss has 136 symbols
Done
Searching through them all for /(^|[\s>+~])strong(\[[^\]]*\]|:{1,2}[\w-()]+|\.[\w-]+|#[\w-]+)*\s*/
_datatable-keytable.scss has 8 symbols
Done
Searching through them all for /(^|[\s>+~])strong(\[[^\]]*\]|:{1,2}[\w-()]+|\.[\w-]+|#[\w-]+)*\s*/
_reboot.scss has 100 symbols
Done
Searching through them all for /(^|[\s>+~])strong(\[[^\]]*\]|:{1,2}[\w-()]+|\.[\w-]+|#[\w-]+)*\s*/
_date.scss has 49 symbols
Done
Searching through them all for /(^|[\s>+~])strong(\[[^\]]*\]|:{1,2}[\w-()]+|\.[\w-]+|#[\w-]+)*\s*/
_table-row.scss has 10 symbols
Done
Searching through them all for /(^|[\s>+~])strong(\[[^\]]*\]|:{1,2}[\w-()]+|\.[\w-]+|#[\w-]+)*\s*/
_tables.scss has 136 symbols
Done
Searching through them all for /(^|[\s>+~])strong(\[[^\]]*\]|:{1,2}[\w-()]+|\.[\w-]+|#[\w-]+)*\s*/
_date.scss has 49 symbols
Done
Searching through them all for /(^|[\s>+~])strong(\[[^\]]*\]|:{1,2}[\w-()]+|\.[\w-]+|#[\w-]+)*\s*/
_fancytree.scss has 100 symbols
Done
Searching through them all for /(^|[\s>+~])strong(\[[^\]]*\]|:{1,2}[\w-()]+|\.[\w-]+|#[\w-]+)*\s*/
dialog.css has 159 symbols
Done
Searching through them all for /(^|[\s>+~])strong(\[[^\]]*\]|:{1,2}[\w-()]+|\.[\w-]+|#[\w-]+)*\s*/
_fullcalendar.scss has 285 symbols
Done
Searching through them all for /(^|[\s>+~])strong(\[[^\]]*\]|:{1,2}[\w-()]+|\.[\w-]+|#[\w-]+)*\s*/
dialog_ie8.css has 161 symbols
Done
Searching through them all for /(^|[\s>+~])strong(\[[^\]]*\]|:{1,2}[\w-()]+|\.[\w-]+|#[\w-]+)*\s*/
dialog.css has 159 symbols
Done
Searching through them all for /(^|[\s>+~])strong(\[[^\]]*\]|:{1,2}[\w-()]+|\.[\w-]+|#[\w-]+)*\s*/
dialog_iequirks.css has 158 symbols
Done
Searching through them all for /(^|[\s>+~])strong(\[[^\]]*\]|:{1,2}[\w-()]+|\.[\w-]+|#[\w-]+)*\s*/
dialog_ie8.css has 161 symbols
Done
Searching through them all for /(^|[\s>+~])strong(\[[^\]]*\]|:{1,2}[\w-()]+|\.[\w-]+|#[\w-]+)*\s*/
dialog_ie.css has 173 symbols
Done
Searching through them all for /(^|[\s>+~])strong(\[[^\]]*\]|:{1,2}[\w-()]+|\.[\w-]+|#[\w-]+)*\s*/
dialog_ie7.css has 172 symbols
Done
Searching through them all for /(^|[\s>+~])strong(\[[^\]]*\]|:{1,2}[\w-()]+|\.[\w-]+|#[\w-]+)*\s*/
dialog_ie7.css has 172 symbols
Done
Searching through them all for /(^|[\s>+~])strong(\[[^\]]*\]|:{1,2}[\w-()]+|\.[\w-]+|#[\w-]+)*\s*/
dialog_ie.css has 173 symbols
Done
Searching through them all for /(^|[\s>+~])strong(\[[^\]]*\]|:{1,2}[\w-()]+|\.[\w-]+|#[\w-]+)*\s*/
dialog.scss has 155 symbols
Done
Searching through them all for /(^|[\s>+~])strong(\[[^\]]*\]|:{1,2}[\w-()]+|\.[\w-]+|#[\w-]+)*\s*/
dialog_iequirks.css has 158 symbols
Done
Searching through them all for /(^|[\s>+~])strong(\[[^\]]*\]|:{1,2}[\w-()]+|\.[\w-]+|#[\w-]+)*\s*/
dialog_opera.css has 160 symbols
Done
Searching through them all for /(^|[\s>+~])strong(\[[^\]]*\]|:{1,2}[\w-()]+|\.[\w-]+|#[\w-]+)*\s*/
dialog.scss has 155 symbols
Done
Searching through them all for /(^|[\s>+~])strong(\[[^\]]*\]|:{1,2}[\w-()]+|\.[\w-]+|#[\w-]+)*\s*/
_colorpanel.scss has 20 symbols
Done
Searching through them all for /(^|[\s>+~])strong(\[[^\]]*\]|:{1,2}[\w-()]+|\.[\w-]+|#[\w-]+)*\s*/
dialog_opera.scss has 3 symbols
Done
Searching through them all for /(^|[\s>+~])strong(\[[^\]]*\]|:{1,2}[\w-()]+|\.[\w-]+|#[\w-]+)*\s*/
dialog_opera.scss has 3 symbols
Done
Searching through them all for /(^|[\s>+~])strong(\[[^\]]*\]|:{1,2}[\w-()]+|\.[\w-]+|#[\w-]+)*\s*/
dialog_opera.css has 160 symbols
Done
Searching through them all for /(^|[\s>+~])strong(\[[^\]]*\]|:{1,2}[\w-()]+|\.[\w-]+|#[\w-]+)*\s*/
dialog_ie7.css has 172 symbols
Done
Searching through them all for /(^|[\s>+~])strong(\[[^\]]*\]|:{1,2}[\w-()]+|\.[\w-]+|#[\w-]+)*\s*/
dialog_opera.css has 160 symbols
Done
Searching through them all for /(^|[\s>+~])strong(\[[^\]]*\]|:{1,2}[\w-()]+|\.[\w-]+|#[\w-]+)*\s*/
dialog_opera.css has 160 symbols
Done
Searching through them all for /(^|[\s>+~])strong(\[[^\]]*\]|:{1,2}[\w-()]+|\.[\w-]+|#[\w-]+)*\s*/
dialog_iequirks.css has 158 symbols
Done
Searching through them all for /(^|[\s>+~])strong(\[[^\]]*\]|:{1,2}[\w-()]+|\.[\w-]+|#[\w-]+)*\s*/
dialog_opera.scss has 3 symbols
Done
Searching through them all for /(^|[\s>+~])strong(\[[^\]]*\]|:{1,2}[\w-()]+|\.[\w-]+|#[\w-]+)*\s*/
dialog_ie.css has 173 symbols
Done
Searching through them all for /(^|[\s>+~])strong(\[[^\]]*\]|:{1,2}[\w-()]+|\.[\w-]+|#[\w-]+)*\s*/
dialog_iequirks.css has 158 symbols
Done
Searching through them all for /(^|[\s>+~])strong(\[[^\]]*\]|:{1,2}[\w-()]+|\.[\w-]+|#[\w-]+)*\s*/
dialog_ie7.css has 172 symbols
Done
Searching through them all for /(^|[\s>+~])strong(\[[^\]]*\]|:{1,2}[\w-()]+|\.[\w-]+|#[\w-]+)*\s*/
dialog_ie.css has 173 symbols
Done
Searching through them all for /(^|[\s>+~])strong(\[[^\]]*\]|:{1,2}[\w-()]+|\.[\w-]+|#[\w-]+)*\s*/
dialog_ie8.css has 161 symbols
Done
Searching through them all for /(^|[\s>+~])strong(\[[^\]]*\]|:{1,2}[\w-()]+|\.[\w-]+|#[\w-]+)*\s*/
dialog_ie8.css has 161 symbols
Done
Searching through them all for /(^|[\s>+~])strong(\[[^\]]*\]|:{1,2}[\w-()]+|\.[\w-]+|#[\w-]+)*\s*/
_colorpanel.scss has 20 symbols
Done
Searching through them all for /(^|[\s>+~])strong(\[[^\]]*\]|:{1,2}[\w-()]+|\.[\w-]+|#[\w-]+)*\s*/
wsc.css has 18 symbols
Done
Searching through them all for /(^|[\s>+~])strong(\[[^\]]*\]|:{1,2}[\w-()]+|\.[\w-]+|#[\w-]+)*\s*/
dialog.css has 159 symbols
Done
Searching through them all for /(^|[\s>+~])strong(\[[^\]]*\]|:{1,2}[\w-()]+|\.[\w-]+|#[\w-]+)*\s*/
dialog.css has 159 symbols
Done
Searching through them all for /(^|[\s>+~])strong(\[[^\]]*\]|:{1,2}[\w-()]+|\.[\w-]+|#[\w-]+)*\s*/
dialog.scss has 155 symbols
Done
Searching through them all for /(^|[\s>+~])strong(\[[^\]]*\]|:{1,2}[\w-()]+|\.[\w-]+|#[\w-]+)*\s*/
dialog.scss has 155 symbols
Done
Searching through them all for /(^|[\s>+~])strong(\[[^\]]*\]|:{1,2}[\w-()]+|\.[\w-]+|#[\w-]+)*\s*/
dialog_opera.scss has 3 symbols
Done
Searching through them all for /(^|[\s>+~])strong(\[[^\]]*\]|:{1,2}[\w-()]+|\.[\w-]+|#[\w-]+)*\s*/
_colorpanel.scss has 20 symbols
Done
Searching through them all for /(^|[\s>+~])strong(\[[^\]]*\]|:{1,2}[\w-()]+|\.[\w-]+|#[\w-]+)*\s*/
_colorpanel.scss has 20 symbols
Done
Searching through them all for /(^|[\s>+~])strong(\[[^\]]*\]|:{1,2}[\w-()]+|\.[\w-]+|#[\w-]+)*\s*/
exception.css has 214 symbols
Done
Searching through them all for /(^|[\s>+~])strong(\[[^\]]*\]|:{1,2}[\w-()]+|\.[\w-]+|#[\w-]+)*\s*/
wsc.css has 18 symbols
Done
Searching through them all for /(^|[\s>+~])strong(\[[^\]]*\]|:{1,2}[\w-()]+|\.[\w-]+|#[\w-]+)*\s*/
default.css has 45 symbols
Done
Searching through them all for /(^|[\s>+~])strong(\[[^\]]*\]|:{1,2}[\w-()]+|\.[\w-]+|#[\w-]+)*\s*/
default.css has 45 symbols
Done
Searching through them all for /(^|[\s>+~])strong(\[[^\]]*\]|:{1,2}[\w-()]+|\.[\w-]+|#[\w-]+)*\s*/
html.css has 163 symbols
Done
Searching through them all for /(^|[\s>+~])strong(\[[^\]]*\]|:{1,2}[\w-()]+|\.[\w-]+|#[\w-]+)*\s*/
whoops.base.css has 120 symbols
Done
Searching through them all for /(^|[\s>+~])strong(\[[^\]]*\]|:{1,2}[\w-()]+|\.[\w-]+|#[\w-]+)*\s*/
whoops.base.css has 120 symbols
Done
Searching through them all for /(^|[\s>+~])strong(\[[^\]]*\]|:{1,2}[\w-()]+|\.[\w-]+|#[\w-]+)*\s*/
style.css has 50 symbols
Done
Searching through them all for /(^|[\s>+~])strong(\[[^\]]*\]|:{1,2}[\w-()]+|\.[\w-]+|#[\w-]+)*\s*/
bootstrap.min.css has 3147 symbols
Done
Searching through them all for /(^|[\s>+~])strong(\[[^\]]*\]|:{1,2}[\w-()]+|\.[\w-]+|#[\w-]+)*\s*/
bootstrap.min.css has 3147 symbols
Done
Searching through them all for /(^|[\s>+~])strong(\[[^\]]*\]|:{1,2}[\w-()]+|\.[\w-]+|#[\w-]+)*\s*/
nv.d3.min.css has 135 symbols
Done
Searching through them all for /(^|[\s>+~])strong(\[[^\]]*\]|:{1,2}[\w-()]+|\.[\w-]+|#[\w-]+)*\s*/
nv.d3.min.css has 135 symbols
Done
Searching through them all for /(^|[\s>+~])strong(\[[^\]]*\]|:{1,2}[\w-()]+|\.[\w-]+|#[\w-]+)*\s*/
style.css has 50 symbols
Done
Searching through them all for /(^|[\s>+~])strong(\[[^\]]*\]|:{1,2}[\w-()]+|\.[\w-]+|#[\w-]+)*\s*/
Done
strong 4970
  script 54 60
strong 4970
  script 113 119
  script 54 60
  script 122 128
  script 113 119
  script 181 187
  script 122 128
  table 191 196
  script 181 187
  tbody 250 255
  table 191 196
  tr 266 268
  tbody 250 255
  td 283 285
  tr 266 268
  strong 287 293
  td 283 285
  strong 300 306
  strong 287 293
  td 343 345
  strong 300 306
  td 398 400
  td 343 345
  strong 402 408
  td 398 400
  strong 430 436
  strong 402 408
  td 457 459
  strong 430 436
  td 474 476
  td 457 459
  strong 478 484
  td 474 476
  strong 494 500
  strong 478 484
  td 537 539
  strong 494 500
  tr 551 553
  td 537 539
  tr 564 566
  tr 551 553
  td 581 583
  tr 564 566
  strong 585 591
  td 581 583
  strong 616 622
  strong 585 591
  td 680 682
  strong 616 622
  td 697 699
  td 680 682
  strong 701 707
  td 697 699
  strong 727 733
  strong 701 707
  td 752 754
  strong 727 733
  td 769 771
  td 752 754
  strong 773 779
  td 769 771
  strong 786 792
  strong 773 779
  td 929 931
  strong 786 792
  tr 943 945
  td 929 931
  tbody 954 959
  tr 943 945
  table 963 968
  tbody 954 959
  table 973 978
  table 963 968
  thead 1119 1124
  table 973 978
  tr 1135 1137
  thead 1119 1124
  th 1152 1154
  tr 1135 1137
  th 1171 1173
  th 1152 1154
  th 1188 1190
  th 1171 1173
  th 1213 1215
  th 1188 1190
  th 1230 1232
  th 1213 1215
  br 1249 1251
  th 1230 1232
  th 1258 1260
  br 1249 1251
  th 1275 1277
  th 1258 1260
  br 1294 1296
  th 1275 1277
  th 1303 1305
  br 1294 1296
  th 1320 1322
  th 1303 1305
  br 1343 1345
  th 1320 1322
  th 1352 1354
  br 1343 1345
  th 1369 1371
  th 1352 1354
  br 1398 1400
  th 1369 1371
  th 1403 1405
  br 1398 1400
  th 1490 1492
  th 1403 1405
  br 1512 1514
  th 1490 1492
  sup 1524 1527
  br 1512 1514
  sup 1531 1534
  sup 1524 1527
  th 1547 1549
  sup 1531 1534
  th 1564 1566
  th 1547 1549
  sup 1581 1584
  th 1564 1566
  sup 1589 1592
  sup 1581 1584
  br 1595 1597
  sup 1589 1592
  th 1610 1612
  br 1595 1597
  th 1627 1629
  th 1610 1612
  sup 1644 1647
  th 1627 1629
  sup 1651 1654
  sup 1644 1647
  br 1657 1659
  sup 1651 1654
  th 1672 1674
  br 1657 1659
  th 1689 1691
  th 1672 1674
  br 1716 1718
  th 1689 1691
  sup 1722 1725
  br 1716 1718
  sup 1730 1733
  sup 1722 1725
  sup 1739 1742
  sup 1730 1733
  sup 1746 1749
  sup 1739 1742
  sup 1755 1758
  sup 1746 1749
  sup 1762 1765
  sup 1755 1758
  th 1768 1770
  sup 1762 1765
  th 1785 1787
  th 1768 1770
  th 1809 1811
  th 1785 1787
  th 1851 1853
  th 1809 1811
  th 1879 1881
  th 1851 1853
  th 1896 1898
  th 1879 1881
  th 1928 1930
  th 1896 1898
  th 1945 1947
  th 1928 1930
  th 1971 1973
  th 1945 1947
  tr 1985 1987
  th 1971 1973
  thead 1995 2000
  tr 1985 1987
  tbody 2008 2013
  thead 1995 2000
  tr 2065 2067
  tbody 2008 2013
  td 2086 2088
  tr 2065 2067
  td 2113 2115
  td 2086 2088
  td 2134 2136
  td 2113 2115
  td 2155 2157
  td 2134 2136
  td 2279 2281
  td 2155 2157
  td 2304 2306
  td 2279 2281
  td 2329 2331
  td 2304 2306
  td 2354 2356
  td 2329 2331
  td 2379 2381
  td 2354 2356
  td 2405 2407
  td 2379 2381
  td 2430 2432
  td 2405 2407
  td 2913 2915
  td 2430 2432
  td 3033 3035
  td 2913 2915
  td 3060 3062
  td 3033 3035
  td 3090 3092
  td 3060 3062
  td 3171 3173
  td 3090 3092
  td 3201 3203
  td 3171 3173
  td 3282 3284
  td 3201 3203
  td 3312 3314
  td 3282 3284
  td 3338 3340
  td 3312 3314
  td 3368 3370
  td 3338 3340
  td 3398 3400
  td 3368 3370
  td 3524 3526
  td 3398 3400
  td 3558 3560
  td 3524 3526
  td 3583 3585
  td 3558 3560
  td 4193 4195
  td 3583 3585
  td 4218 4220
  td 4193 4195
  td 4266 4268
  td 4218 4220
  tr 4312 4314
  td 4266 4268
  tr 4823 4825
  tr 4312 4314
  td 4840 4842
  tr 4823 4825
  strong 4875 4881
  td 4840 4842
  strong 4910 4916
  strong 4875 4881
  td 4919 4921
  strong 4910 4916
  td 4936 4938
  td 4919 4921
  strong 4970 4976
  td 4936 4938
strong is a "html tag"
  strong 4970 4976
html.css has 163 symbols
strong is a "html tag"
Searching through them all for /(^|[\s>+~])strong(\[[^\]]*\]|:{1,2}[\w-()]+|\.[\w-]+|#[\w-]+)*\s*/
app.css has 3148 symbols
Done
Searching through them all for /(^|[\s>+~])strong(\[[^\]]*\]|:{1,2}[\w-()]+|\.[\w-]+|#[\w-]+)*\s*/
exception.css has 214 symbols
Done
Searching through them all for /(^|[\s>+~])strong(\[[^\]]*\]|:{1,2}[\w-()]+|\.[\w-]+|#[\w-]+)*\s*/
components.min.css has 4339 symbols
Done
Searching through them all for /(^|[\s>+~])strong(\[[^\]]*\]|:{1,2}[\w-()]+|\.[\w-]+|#[\w-]+)*\s*/
app.css has 3148 symbols
Done
Searching through them all for /(^|[\s>+~])strong(\[[^\]]*\]|:{1,2}[\w-()]+|\.[\w-]+|#[\w-]+)*\s*/
my_print.css has 14 symbols
Done
Searching through them all for /(^|[\s>+~])strong(\[[^\]]*\]|:{1,2}[\w-()]+|\.[\w-]+|#[\w-]+)*\s*/
components.min.css has 4339 symbols
Done
Searching through them all for /(^|[\s>+~])strong(\[[^\]]*\]|:{1,2}[\w-()]+|\.[\w-]+|#[\w-]+)*\s*/
print_tabulation.css has 7 symbols
Done
Searching through them all for /(^|[\s>+~])strong(\[[^\]]*\]|:{1,2}[\w-()]+|\.[\w-]+|#[\w-]+)*\s*/
bootstrap.css has 2572 symbols
Done
Searching through them all for /(^|[\s>+~])strong(\[[^\]]*\]|:{1,2}[\w-()]+|\.[\w-]+|#[\w-]+)*\s*/
bootstrap_limitless.css has 1198 symbols
Done
Searching through them all for /(^|[\s>+~])strong(\[[^\]]*\]|:{1,2}[\w-()]+|\.[\w-]+|#[\w-]+)*\s*/
my_print.css has 14 symbols
Done
Searching through them all for /(^|[\s>+~])strong(\[[^\]]*\]|:{1,2}[\w-()]+|\.[\w-]+|#[\w-]+)*\s*/
bootstrap.min.css has 2572 symbols
Done
Searching through them all for /(^|[\s>+~])strong(\[[^\]]*\]|:{1,2}[\w-()]+|\.[\w-]+|#[\w-]+)*\s*/
bootstrap_limitless.css has 1198 symbols
Done
Searching through them all for /(^|[\s>+~])strong(\[[^\]]*\]|:{1,2}[\w-()]+|\.[\w-]+|#[\w-]+)*\s*/
bootstrap_limitless.min.css has 1198 symbols
Done
Searching through them all for /(^|[\s>+~])strong(\[[^\]]*\]|:{1,2}[\w-()]+|\.[\w-]+|#[\w-]+)*\s*/
bootstrap_limitless.min.css has 1198 symbols
Done
Searching through them all for /(^|[\s>+~])strong(\[[^\]]*\]|:{1,2}[\w-()]+|\.[\w-]+|#[\w-]+)*\s*/
receipt.css has 17 symbols
Done
Searching through them all for /(^|[\s>+~])strong(\[[^\]]*\]|:{1,2}[\w-()]+|\.[\w-]+|#[\w-]+)*\s*/
receipt.css has 17 symbols
Done
Searching through them all for /(^|[\s>+~])strong(\[[^\]]*\]|:{1,2}[\w-()]+|\.[\w-]+|#[\w-]+)*\s*/
_inbox.scss has 15 symbols
Done
Searching through them all for /(^|[\s>+~])strong(\[[^\]]*\]|:{1,2}[\w-()]+|\.[\w-]+|#[\w-]+)*\s*/
print_tabulation.css has 7 symbols
Done
Searching through them all for /(^|[\s>+~])strong(\[[^\]]*\]|:{1,2}[\w-()]+|\.[\w-]+|#[\w-]+)*\s*/
_c3.scss has 48 symbols
Done
Searching through them all for /(^|[\s>+~])strong(\[[^\]]*\]|:{1,2}[\w-()]+|\.[\w-]+|#[\w-]+)*\s*/
bootstrap-datepicker.min.css has 221 symbols
Done
Searching through them all for /(^|[\s>+~])strong(\[[^\]]*\]|:{1,2}[\w-()]+|\.[\w-]+|#[\w-]+)*\s*/
_d3.scss has 72 symbols
Done
Searching through them all for /(^|[\s>+~])strong(\[[^\]]*\]|:{1,2}[\w-()]+|\.[\w-]+|#[\w-]+)*\s*/
_c3.scss has 48 symbols
Done
Searching through them all for /(^|[\s>+~])strong(\[[^\]]*\]|:{1,2}[\w-()]+|\.[\w-]+|#[\w-]+)*\s*/
_alpaca.scss has 65 symbols
Done
Searching through them all for /(^|[\s>+~])strong(\[[^\]]*\]|:{1,2}[\w-()]+|\.[\w-]+|#[\w-]+)*\s*/
_print.scss has 34 symbols
Done
Searching through them all for /(^|[\s>+~])strong(\[[^\]]*\]|:{1,2}[\w-()]+|\.[\w-]+|#[\w-]+)*\s*/
_date.scss has 49 symbols
Done
Searching through them all for /(^|[\s>+~])strong(\[[^\]]*\]|:{1,2}[\w-()]+|\.[\w-]+|#[\w-]+)*\s*/
_d3.scss has 72 symbols
Done
Searching through them all for /(^|[\s>+~])strong(\[[^\]]*\]|:{1,2}[\w-()]+|\.[\w-]+|#[\w-]+)*\s*/
_alpaca.scss has 64 symbols
Done
Searching through them all for /(^|[\s>+~])strong(\[[^\]]*\]|:{1,2}[\w-()]+|\.[\w-]+|#[\w-]+)*\s*/
bootstrap.min.css has 2572 symbols
Done
Searching through them all for /(^|[\s>+~])strong(\[[^\]]*\]|:{1,2}[\w-()]+|\.[\w-]+|#[\w-]+)*\s*/
_daterange.scss has 87 symbols
Done
Searching through them all for /(^|[\s>+~])strong(\[[^\]]*\]|:{1,2}[\w-()]+|\.[\w-]+|#[\w-]+)*\s*/
_tables.scss has 43 symbols
Done
Searching through them all for /(^|[\s>+~])strong(\[[^\]]*\]|:{1,2}[\w-()]+|\.[\w-]+|#[\w-]+)*\s*/
_daterange.scss has 86 symbols
Done
Searching through them all for /(^|[\s>+~])strong(\[[^\]]*\]|:{1,2}[\w-()]+|\.[\w-]+|#[\w-]+)*\s*/
_reboot.scss has 100 symbols
Done
Searching through them all for /(^|[\s>+~])strong(\[[^\]]*\]|:{1,2}[\w-()]+|\.[\w-]+|#[\w-]+)*\s*/
_fullcalendar.scss has 285 symbols
Done
Searching through them all for /(^|[\s>+~])strong(\[[^\]]*\]|:{1,2}[\w-()]+|\.[\w-]+|#[\w-]+)*\s*/
_table-row.scss has 10 symbols
Done
Searching through them all for /(^|[\s>+~])strong(\[[^\]]*\]|:{1,2}[\w-()]+|\.[\w-]+|#[\w-]+)*\s*/
_fancytree.scss has 100 symbols
Done
Searching through them all for /(^|[\s>+~])strong(\[[^\]]*\]|:{1,2}[\w-()]+|\.[\w-]+|#[\w-]+)*\s*/
_inbox.scss has 15 symbols
Done
Searching through them all for /(^|[\s>+~])strong(\[[^\]]*\]|:{1,2}[\w-()]+|\.[\w-]+|#[\w-]+)*\s*/
_fancytree.scss has 100 symbols
Done
Searching through them all for /(^|[\s>+~])strong(\[[^\]]*\]|:{1,2}[\w-()]+|\.[\w-]+|#[\w-]+)*\s*/
components.css has 4341 symbols
Done
Searching through them all for /(^|[\s>+~])strong(\[[^\]]*\]|:{1,2}[\w-()]+|\.[\w-]+|#[\w-]+)*\s*/
_fullcalendar.scss has 285 symbols
Done
Searching through them all for /(^|[\s>+~])strong(\[[^\]]*\]|:{1,2}[\w-()]+|\.[\w-]+|#[\w-]+)*\s*/
_buttons.scss has 69 symbols
Done
Searching through them all for /(^|[\s>+~])strong(\[[^\]]*\]|:{1,2}[\w-()]+|\.[\w-]+|#[\w-]+)*\s*/
_widgets.scss has 251 symbols
Done
Searching through them all for /(^|[\s>+~])strong(\[[^\]]*\]|:{1,2}[\w-()]+|\.[\w-]+|#[\w-]+)*\s*/
_handsontable.scss has 342 symbols
Done
Searching through them all for /(^|[\s>+~])strong(\[[^\]]*\]|:{1,2}[\w-()]+|\.[\w-]+|#[\w-]+)*\s*/
_footable.scss has 17 symbols
Done
Searching through them all for /(^|[\s>+~])strong(\[[^\]]*\]|:{1,2}[\w-()]+|\.[\w-]+|#[\w-]+)*\s*/
_fancytree.scss has 100 symbols
Done
Searching through them all for /(^|[\s>+~])strong(\[[^\]]*\]|:{1,2}[\w-()]+|\.[\w-]+|#[\w-]+)*\s*/
_handsontable.scss has 342 symbols
Done
Searching through them all for /(^|[\s>+~])strong(\[[^\]]*\]|:{1,2}[\w-()]+|\.[\w-]+|#[\w-]+)*\s*/
_tables.scss has 136 symbols
Done
Searching through them all for /(^|[\s>+~])strong(\[[^\]]*\]|:{1,2}[\w-()]+|\.[\w-]+|#[\w-]+)*\s*/
_footable.scss has 17 symbols
Done
Searching through them all for /(^|[\s>+~])strong(\[[^\]]*\]|:{1,2}[\w-()]+|\.[\w-]+|#[\w-]+)*\s*/
_footable.scss has 17 symbols
Done
Searching through them all for /(^|[\s>+~])strong(\[[^\]]*\]|:{1,2}[\w-()]+|\.[\w-]+|#[\w-]+)*\s*/
_widgets.scss has 281 symbols
Done
Searching through them all for /(^|[\s>+~])strong(\[[^\]]*\]|:{1,2}[\w-()]+|\.[\w-]+|#[\w-]+)*\s*/
_fullcalendar.scss has 285 symbols
Done
Searching through them all for /(^|[\s>+~])strong(\[[^\]]*\]|:{1,2}[\w-()]+|\.[\w-]+|#[\w-]+)*\s*/
_handsontable.scss has 342 symbols
Done
Searching through them all for /(^|[\s>+~])strong(\[[^\]]*\]|:{1,2}[\w-()]+|\.[\w-]+|#[\w-]+)*\s*/
_datatable-rows-reorder.scss has 4 symbols
Done
Searching through them all for /(^|[\s>+~])strong(\[[^\]]*\]|:{1,2}[\w-()]+|\.[\w-]+|#[\w-]+)*\s*/
_datatable-columns-reorder.scss has 4 symbols
Done
Searching through them all for /(^|[\s>+~])strong(\[[^\]]*\]|:{1,2}[\w-()]+|\.[\w-]+|#[\w-]+)*\s*/
_datatable-responsive.scss has 31 symbols
Done
Searching through them all for /(^|[\s>+~])strong(\[[^\]]*\]|:{1,2}[\w-()]+|\.[\w-]+|#[\w-]+)*\s*/
_datatables.scss has 132 symbols
Done
Searching through them all for /(^|[\s>+~])strong(\[[^\]]*\]|:{1,2}[\w-()]+|\.[\w-]+|#[\w-]+)*\s*/
_datatable-columns-reorder.scss has 4 symbols
Done
Searching through them all for /(^|[\s>+~])strong(\[[^\]]*\]|:{1,2}[\w-()]+|\.[\w-]+|#[\w-]+)*\s*/
_datatable-responsive.scss has 31 symbols
Done
Searching through them all for /(^|[\s>+~])strong(\[[^\]]*\]|:{1,2}[\w-()]+|\.[\w-]+|#[\w-]+)*\s*/
_datatables.scss has 132 symbols
Done
Searching through them all for /(^|[\s>+~])strong(\[[^\]]*\]|:{1,2}[\w-()]+|\.[\w-]+|#[\w-]+)*\s*/
_datatable-rows-reorder.scss has 4 symbols
Done
Searching through them all for /(^|[\s>+~])strong(\[[^\]]*\]|:{1,2}[\w-()]+|\.[\w-]+|#[\w-]+)*\s*/
_alpaca.scss has 64 symbols
Done
Searching through them all for /(^|[\s>+~])strong(\[[^\]]*\]|:{1,2}[\w-()]+|\.[\w-]+|#[\w-]+)*\s*/
_datatable-scroller.scss has 8 symbols
Done
Searching through them all for /(^|[\s>+~])strong(\[[^\]]*\]|:{1,2}[\w-()]+|\.[\w-]+|#[\w-]+)*\s*/
_buttons.scss has 69 symbols
Done
Searching through them all for /(^|[\s>+~])strong(\[[^\]]*\]|:{1,2}[\w-()]+|\.[\w-]+|#[\w-]+)*\s*/
_datatable-rows-reorder.scss has 4 symbols
Done
Searching through them all for /(^|[\s>+~])strong(\[[^\]]*\]|:{1,2}[\w-()]+|\.[\w-]+|#[\w-]+)*\s*/
_datatable-keytable.scss has 8 symbols
Done
Searching through them all for /(^|[\s>+~])strong(\[[^\]]*\]|:{1,2}[\w-()]+|\.[\w-]+|#[\w-]+)*\s*/
_datatable-columns-reorder.scss has 4 symbols
Done
Searching through them all for /(^|[\s>+~])strong(\[[^\]]*\]|:{1,2}[\w-()]+|\.[\w-]+|#[\w-]+)*\s*/
_datatable-fixed-columns.scss has 21 symbols
Done
Searching through them all for /(^|[\s>+~])strong(\[[^\]]*\]|:{1,2}[\w-()]+|\.[\w-]+|#[\w-]+)*\s*/
_datatable-fixed-columns.scss has 21 symbols
Done
Searching through them all for /(^|[\s>+~])strong(\[[^\]]*\]|:{1,2}[\w-()]+|\.[\w-]+|#[\w-]+)*\s*/
_datatable-scroller.scss has 8 symbols
Done
Searching through them all for /(^|[\s>+~])strong(\[[^\]]*\]|:{1,2}[\w-()]+|\.[\w-]+|#[\w-]+)*\s*/
_buttons.scss has 69 symbols
Done
Searching through them all for /(^|[\s>+~])strong(\[[^\]]*\]|:{1,2}[\w-()]+|\.[\w-]+|#[\w-]+)*\s*/
_handsontable.scss has 342 symbols
Done
Searching through them all for /(^|[\s>+~])strong(\[[^\]]*\]|:{1,2}[\w-()]+|\.[\w-]+|#[\w-]+)*\s*/
_datatable-keytable.scss has 8 symbols
Done
Searching through them all for /(^|[\s>+~])strong(\[[^\]]*\]|:{1,2}[\w-()]+|\.[\w-]+|#[\w-]+)*\s*/
_alpaca.scss has 65 symbols
Done
Searching through them all for /(^|[\s>+~])strong(\[[^\]]*\]|:{1,2}[\w-()]+|\.[\w-]+|#[\w-]+)*\s*/
_datatable-responsive.scss has 31 symbols
Done
Searching through them all for /(^|[\s>+~])strong(\[[^\]]*\]|:{1,2}[\w-()]+|\.[\w-]+|#[\w-]+)*\s*/
_daterange.scss has 86 symbols
Done
Searching through them all for /(^|[\s>+~])strong(\[[^\]]*\]|:{1,2}[\w-()]+|\.[\w-]+|#[\w-]+)*\s*/
_datatable-scroller.scss has 8 symbols
Done
Searching through them all for /(^|[\s>+~])strong(\[[^\]]*\]|:{1,2}[\w-()]+|\.[\w-]+|#[\w-]+)*\s*/
_footable.scss has 17 symbols
Done
Searching through them all for /(^|[\s>+~])strong(\[[^\]]*\]|:{1,2}[\w-()]+|\.[\w-]+|#[\w-]+)*\s*/
_datatable-fixed-columns.scss has 21 symbols
Done
Searching through them all for /(^|[\s>+~])strong(\[[^\]]*\]|:{1,2}[\w-()]+|\.[\w-]+|#[\w-]+)*\s*/
_widgets.scss has 251 symbols
Done
Searching through them all for /(^|[\s>+~])strong(\[[^\]]*\]|:{1,2}[\w-()]+|\.[\w-]+|#[\w-]+)*\s*/
_datatable-keytable.scss has 8 symbols
Done
Searching through them all for /(^|[\s>+~])strong(\[[^\]]*\]|:{1,2}[\w-()]+|\.[\w-]+|#[\w-]+)*\s*/
_widgets.scss has 281 symbols
Done
Searching through them all for /(^|[\s>+~])strong(\[[^\]]*\]|:{1,2}[\w-()]+|\.[\w-]+|#[\w-]+)*\s*/
_datatables.scss has 133 symbols
Done
Searching through them all for /(^|[\s>+~])strong(\[[^\]]*\]|:{1,2}[\w-()]+|\.[\w-]+|#[\w-]+)*\s*/
_datatable-rows-reorder.scss has 4 symbols
Done
Searching through them all for /(^|[\s>+~])strong(\[[^\]]*\]|:{1,2}[\w-()]+|\.[\w-]+|#[\w-]+)*\s*/
bootstrap-datepicker.min.css has 221 symbols
Done
Searching through them all for /(^|[\s>+~])strong(\[[^\]]*\]|:{1,2}[\w-()]+|\.[\w-]+|#[\w-]+)*\s*/
_datatable-responsive.scss has 31 symbols
Done
Searching through them all for /(^|[\s>+~])strong(\[[^\]]*\]|:{1,2}[\w-()]+|\.[\w-]+|#[\w-]+)*\s*/
bootstrap.css has 2572 symbols
Done
Searching through them all for /(^|[\s>+~])strong(\[[^\]]*\]|:{1,2}[\w-()]+|\.[\w-]+|#[\w-]+)*\s*/
_datatable-columns-reorder.scss has 4 symbols
Done
Searching through them all for /(^|[\s>+~])strong(\[[^\]]*\]|:{1,2}[\w-()]+|\.[\w-]+|#[\w-]+)*\s*/
components.css has 4341 symbols
Done
Searching through them all for /(^|[\s>+~])strong(\[[^\]]*\]|:{1,2}[\w-()]+|\.[\w-]+|#[\w-]+)*\s*/
_datatables.scss has 133 symbols
Done
Searching through them all for /(^|[\s>+~])strong(\[[^\]]*\]|:{1,2}[\w-()]+|\.[\w-]+|#[\w-]+)*\s*/
_tables.scss has 136 symbols
Done
Searching through them all for /(^|[\s>+~])strong(\[[^\]]*\]|:{1,2}[\w-()]+|\.[\w-]+|#[\w-]+)*\s*/
_datatable-fixed-columns.scss has 21 symbols
Done
Searching through them all for /(^|[\s>+~])strong(\[[^\]]*\]|:{1,2}[\w-()]+|\.[\w-]+|#[\w-]+)*\s*/
_buttons.scss has 69 symbols
Done
Searching through them all for /(^|[\s>+~])strong(\[[^\]]*\]|:{1,2}[\w-()]+|\.[\w-]+|#[\w-]+)*\s*/
_date.scss has 49 symbols
Done
Searching through them all for /(^|[\s>+~])strong(\[[^\]]*\]|:{1,2}[\w-()]+|\.[\w-]+|#[\w-]+)*\s*/
_print.scss has 34 symbols
Done
Searching through them all for /(^|[\s>+~])strong(\[[^\]]*\]|:{1,2}[\w-()]+|\.[\w-]+|#[\w-]+)*\s*/
_daterange.scss has 87 symbols
Done
Searching through them all for /(^|[\s>+~])strong(\[[^\]]*\]|:{1,2}[\w-()]+|\.[\w-]+|#[\w-]+)*\s*/
_tables.scss has 43 symbols
Done
Searching through them all for /(^|[\s>+~])strong(\[[^\]]*\]|:{1,2}[\w-()]+|\.[\w-]+|#[\w-]+)*\s*/
_datatable-scroller.scss has 8 symbols
Done
Searching through them all for /(^|[\s>+~])strong(\[[^\]]*\]|:{1,2}[\w-()]+|\.[\w-]+|#[\w-]+)*\s*/
_tables.scss has 136 symbols
Done
Searching through them all for /(^|[\s>+~])strong(\[[^\]]*\]|:{1,2}[\w-()]+|\.[\w-]+|#[\w-]+)*\s*/
_datatable-keytable.scss has 8 symbols
Done
Searching through them all for /(^|[\s>+~])strong(\[[^\]]*\]|:{1,2}[\w-()]+|\.[\w-]+|#[\w-]+)*\s*/
_reboot.scss has 100 symbols
Done
Searching through them all for /(^|[\s>+~])strong(\[[^\]]*\]|:{1,2}[\w-()]+|\.[\w-]+|#[\w-]+)*\s*/
_date.scss has 49 symbols
Done
Searching through them all for /(^|[\s>+~])strong(\[[^\]]*\]|:{1,2}[\w-()]+|\.[\w-]+|#[\w-]+)*\s*/
_table-row.scss has 10 symbols
Done
Searching through them all for /(^|[\s>+~])strong(\[[^\]]*\]|:{1,2}[\w-()]+|\.[\w-]+|#[\w-]+)*\s*/
_tables.scss has 136 symbols
Done
Searching through them all for /(^|[\s>+~])strong(\[[^\]]*\]|:{1,2}[\w-()]+|\.[\w-]+|#[\w-]+)*\s*/
_date.scss has 49 symbols
Done
Searching through them all for /(^|[\s>+~])strong(\[[^\]]*\]|:{1,2}[\w-()]+|\.[\w-]+|#[\w-]+)*\s*/
_fancytree.scss has 100 symbols
Done
Searching through them all for /(^|[\s>+~])strong(\[[^\]]*\]|:{1,2}[\w-()]+|\.[\w-]+|#[\w-]+)*\s*/
dialog.css has 159 symbols
Done
Searching through them all for /(^|[\s>+~])strong(\[[^\]]*\]|:{1,2}[\w-()]+|\.[\w-]+|#[\w-]+)*\s*/
_fullcalendar.scss has 285 symbols
Done
Searching through them all for /(^|[\s>+~])strong(\[[^\]]*\]|:{1,2}[\w-()]+|\.[\w-]+|#[\w-]+)*\s*/
dialog_ie8.css has 161 symbols
Done
Searching through them all for /(^|[\s>+~])strong(\[[^\]]*\]|:{1,2}[\w-()]+|\.[\w-]+|#[\w-]+)*\s*/
dialog.css has 159 symbols
Done
Searching through them all for /(^|[\s>+~])strong(\[[^\]]*\]|:{1,2}[\w-()]+|\.[\w-]+|#[\w-]+)*\s*/
dialog_iequirks.css has 158 symbols
Done
Searching through them all for /(^|[\s>+~])strong(\[[^\]]*\]|:{1,2}[\w-()]+|\.[\w-]+|#[\w-]+)*\s*/
dialog_ie8.css has 161 symbols
Done
Searching through them all for /(^|[\s>+~])strong(\[[^\]]*\]|:{1,2}[\w-()]+|\.[\w-]+|#[\w-]+)*\s*/
dialog_ie.css has 173 symbols
Done
Searching through them all for /(^|[\s>+~])strong(\[[^\]]*\]|:{1,2}[\w-()]+|\.[\w-]+|#[\w-]+)*\s*/
dialog_ie7.css has 172 symbols
Done
Searching through them all for /(^|[\s>+~])strong(\[[^\]]*\]|:{1,2}[\w-()]+|\.[\w-]+|#[\w-]+)*\s*/
dialog_ie7.css has 172 symbols
Done
Searching through them all for /(^|[\s>+~])strong(\[[^\]]*\]|:{1,2}[\w-()]+|\.[\w-]+|#[\w-]+)*\s*/
dialog_ie.css has 173 symbols
Done
Searching through them all for /(^|[\s>+~])strong(\[[^\]]*\]|:{1,2}[\w-()]+|\.[\w-]+|#[\w-]+)*\s*/
dialog.scss has 155 symbols
Done
Searching through them all for /(^|[\s>+~])strong(\[[^\]]*\]|:{1,2}[\w-()]+|\.[\w-]+|#[\w-]+)*\s*/
dialog_iequirks.css has 158 symbols
Done
Searching through them all for /(^|[\s>+~])strong(\[[^\]]*\]|:{1,2}[\w-()]+|\.[\w-]+|#[\w-]+)*\s*/
dialog_opera.css has 160 symbols
Done
Searching through them all for /(^|[\s>+~])strong(\[[^\]]*\]|:{1,2}[\w-()]+|\.[\w-]+|#[\w-]+)*\s*/
dialog.scss has 155 symbols
Done
Searching through them all for /(^|[\s>+~])strong(\[[^\]]*\]|:{1,2}[\w-()]+|\.[\w-]+|#[\w-]+)*\s*/
_colorpanel.scss has 20 symbols
Done
Searching through them all for /(^|[\s>+~])strong(\[[^\]]*\]|:{1,2}[\w-()]+|\.[\w-]+|#[\w-]+)*\s*/
dialog_opera.scss has 3 symbols
Done
Searching through them all for /(^|[\s>+~])strong(\[[^\]]*\]|:{1,2}[\w-()]+|\.[\w-]+|#[\w-]+)*\s*/
dialog_opera.scss has 3 symbols
Done
Searching through them all for /(^|[\s>+~])strong(\[[^\]]*\]|:{1,2}[\w-()]+|\.[\w-]+|#[\w-]+)*\s*/
dialog_opera.css has 160 symbols
Done
Searching through them all for /(^|[\s>+~])strong(\[[^\]]*\]|:{1,2}[\w-()]+|\.[\w-]+|#[\w-]+)*\s*/
dialog_ie7.css has 172 symbols
Done
Searching through them all for /(^|[\s>+~])strong(\[[^\]]*\]|:{1,2}[\w-()]+|\.[\w-]+|#[\w-]+)*\s*/
dialog_opera.css has 160 symbols
Done
Searching through them all for /(^|[\s>+~])strong(\[[^\]]*\]|:{1,2}[\w-()]+|\.[\w-]+|#[\w-]+)*\s*/
dialog_opera.css has 160 symbols
Done
Searching through them all for /(^|[\s>+~])strong(\[[^\]]*\]|:{1,2}[\w-()]+|\.[\w-]+|#[\w-]+)*\s*/
dialog_iequirks.css has 158 symbols
Done
Searching through them all for /(^|[\s>+~])strong(\[[^\]]*\]|:{1,2}[\w-()]+|\.[\w-]+|#[\w-]+)*\s*/
dialog_opera.scss has 3 symbols
Done
Searching through them all for /(^|[\s>+~])strong(\[[^\]]*\]|:{1,2}[\w-()]+|\.[\w-]+|#[\w-]+)*\s*/
dialog_ie.css has 173 symbols
Done
Searching through them all for /(^|[\s>+~])strong(\[[^\]]*\]|:{1,2}[\w-()]+|\.[\w-]+|#[\w-]+)*\s*/
dialog_iequirks.css has 158 symbols
Done
Searching through them all for /(^|[\s>+~])strong(\[[^\]]*\]|:{1,2}[\w-()]+|\.[\w-]+|#[\w-]+)*\s*/
dialog_ie7.css has 172 symbols
Done
Searching through them all for /(^|[\s>+~])strong(\[[^\]]*\]|:{1,2}[\w-()]+|\.[\w-]+|#[\w-]+)*\s*/
dialog_ie.css has 173 symbols
Done
Searching through them all for /(^|[\s>+~])strong(\[[^\]]*\]|:{1,2}[\w-()]+|\.[\w-]+|#[\w-]+)*\s*/
dialog_ie8.css has 161 symbols
Done
Searching through them all for /(^|[\s>+~])strong(\[[^\]]*\]|:{1,2}[\w-()]+|\.[\w-]+|#[\w-]+)*\s*/
dialog_ie8.css has 161 symbols
Done
Searching through them all for /(^|[\s>+~])strong(\[[^\]]*\]|:{1,2}[\w-()]+|\.[\w-]+|#[\w-]+)*\s*/
_colorpanel.scss has 20 symbols
Done
Searching through them all for /(^|[\s>+~])strong(\[[^\]]*\]|:{1,2}[\w-()]+|\.[\w-]+|#[\w-]+)*\s*/
wsc.css has 18 symbols
Done
Searching through them all for /(^|[\s>+~])strong(\[[^\]]*\]|:{1,2}[\w-()]+|\.[\w-]+|#[\w-]+)*\s*/
dialog.css has 159 symbols
Done
Searching through them all for /(^|[\s>+~])strong(\[[^\]]*\]|:{1,2}[\w-()]+|\.[\w-]+|#[\w-]+)*\s*/
dialog.css has 159 symbols
Done
Searching through them all for /(^|[\s>+~])strong(\[[^\]]*\]|:{1,2}[\w-()]+|\.[\w-]+|#[\w-]+)*\s*/
dialog.scss has 155 symbols
Done
Searching through them all for /(^|[\s>+~])strong(\[[^\]]*\]|:{1,2}[\w-()]+|\.[\w-]+|#[\w-]+)*\s*/
dialog.scss has 155 symbols
Done
Searching through them all for /(^|[\s>+~])strong(\[[^\]]*\]|:{1,2}[\w-()]+|\.[\w-]+|#[\w-]+)*\s*/
dialog_opera.scss has 3 symbols
Done
Searching through them all for /(^|[\s>+~])strong(\[[^\]]*\]|:{1,2}[\w-()]+|\.[\w-]+|#[\w-]+)*\s*/
_colorpanel.scss has 20 symbols
Done
Searching through them all for /(^|[\s>+~])strong(\[[^\]]*\]|:{1,2}[\w-()]+|\.[\w-]+|#[\w-]+)*\s*/
_colorpanel.scss has 20 symbols
Done
Searching through them all for /(^|[\s>+~])strong(\[[^\]]*\]|:{1,2}[\w-()]+|\.[\w-]+|#[\w-]+)*\s*/
exception.css has 214 symbols
Done
Searching through them all for /(^|[\s>+~])strong(\[[^\]]*\]|:{1,2}[\w-()]+|\.[\w-]+|#[\w-]+)*\s*/
wsc.css has 18 symbols
Done
Searching through them all for /(^|[\s>+~])strong(\[[^\]]*\]|:{1,2}[\w-()]+|\.[\w-]+|#[\w-]+)*\s*/
default.css has 45 symbols
Done
Searching through them all for /(^|[\s>+~])strong(\[[^\]]*\]|:{1,2}[\w-()]+|\.[\w-]+|#[\w-]+)*\s*/
default.css has 45 symbols
Done
Searching through them all for /(^|[\s>+~])strong(\[[^\]]*\]|:{1,2}[\w-()]+|\.[\w-]+|#[\w-]+)*\s*/
html.css has 163 symbols
Done
Searching through them all for /(^|[\s>+~])strong(\[[^\]]*\]|:{1,2}[\w-()]+|\.[\w-]+|#[\w-]+)*\s*/
whoops.base.css has 120 symbols
Done
Searching through them all for /(^|[\s>+~])strong(\[[^\]]*\]|:{1,2}[\w-()]+|\.[\w-]+|#[\w-]+)*\s*/
whoops.base.css has 120 symbols
Done
Searching through them all for /(^|[\s>+~])strong(\[[^\]]*\]|:{1,2}[\w-()]+|\.[\w-]+|#[\w-]+)*\s*/
style.css has 50 symbols
Done
Searching through them all for /(^|[\s>+~])strong(\[[^\]]*\]|:{1,2}[\w-()]+|\.[\w-]+|#[\w-]+)*\s*/
bootstrap.min.css has 3147 symbols
Done
Searching through them all for /(^|[\s>+~])strong(\[[^\]]*\]|:{1,2}[\w-()]+|\.[\w-]+|#[\w-]+)*\s*/
bootstrap.min.css has 3147 symbols
Done
Searching through them all for /(^|[\s>+~])strong(\[[^\]]*\]|:{1,2}[\w-()]+|\.[\w-]+|#[\w-]+)*\s*/
nv.d3.min.css has 135 symbols
Done
Searching through them all for /(^|[\s>+~])strong(\[[^\]]*\]|:{1,2}[\w-()]+|\.[\w-]+|#[\w-]+)*\s*/
nv.d3.min.css has 135 symbols
Done
Searching through them all for /(^|[\s>+~])strong(\[[^\]]*\]|:{1,2}[\w-()]+|\.[\w-]+|#[\w-]+)*\s*/
style.css has 50 symbols
Done
Searching through them all for /(^|[\s>+~])strong(\[[^\]]*\]|:{1,2}[\w-()]+|\.[\w-]+|#[\w-]+)*\s*/
Done
$rang- 5085
  script 54 60
$rang- 5085
  script 113 119
  script 54 60
  script 122 128
  script 113 119
  script 181 187
  script 122 128
  table 191 196
  script 181 187
  tbody 250 255
  table 191 196
  tr 266 268
  tbody 250 255
  td 283 285
  tr 266 268
  strong 287 293
  td 283 285
  strong 300 306
  strong 287 293
  td 343 345
  strong 300 306
  td 398 400
  td 343 345
  strong 402 408
  td 398 400
  strong 430 436
  strong 402 408
  td 457 459
  strong 430 436
  td 474 476
  td 457 459
  strong 478 484
  td 474 476
  strong 494 500
  strong 478 484
  td 537 539
  strong 494 500
  tr 551 553
  td 537 539
  tr 564 566
  tr 551 553
  td 581 583
  tr 564 566
  strong 585 591
  td 581 583
  strong 616 622
  strong 585 591
  td 680 682
  strong 616 622
  td 697 699
  td 680 682
  strong 701 707
  td 697 699
  strong 727 733
  strong 701 707
  td 752 754
  strong 727 733
  td 769 771
  td 752 754
  strong 773 779
  td 769 771
  strong 786 792
  strong 773 779
  td 929 931
  strong 786 792
  tr 943 945
  td 929 931
  tbody 954 959
  tr 943 945
  table 963 968
  tbody 954 959
  table 973 978
  table 963 968
  thead 1119 1124
  table 973 978
  tr 1135 1137
  thead 1119 1124
  th 1152 1154
  tr 1135 1137
  th 1171 1173
  th 1152 1154
  th 1188 1190
  th 1171 1173
  th 1213 1215
  th 1188 1190
  th 1230 1232
  th 1213 1215
  br 1249 1251
  th 1230 1232
  th 1258 1260
  br 1249 1251
  th 1275 1277
  th 1258 1260
  br 1294 1296
  th 1275 1277
  th 1303 1305
  br 1294 1296
  th 1320 1322
  th 1303 1305
  br 1343 1345
  th 1320 1322
  th 1352 1354
  br 1343 1345
  th 1369 1371
  th 1352 1354
  br 1398 1400
  th 1369 1371
  th 1403 1405
  br 1398 1400
  th 1490 1492
  th 1403 1405
  br 1512 1514
  th 1490 1492
  sup 1524 1527
  br 1512 1514
  sup 1531 1534
  sup 1524 1527
  th 1547 1549
  sup 1531 1534
  th 1564 1566
  th 1547 1549
  sup 1581 1584
  th 1564 1566
  sup 1589 1592
  sup 1581 1584
  br 1595 1597
  sup 1589 1592
  th 1610 1612
  br 1595 1597
  th 1627 1629
  th 1610 1612
  sup 1644 1647
  th 1627 1629
  sup 1651 1654
  sup 1644 1647
  br 1657 1659
  sup 1651 1654
  th 1672 1674
  br 1657 1659
  th 1689 1691
  th 1672 1674
  br 1716 1718
  th 1689 1691
  sup 1722 1725
  br 1716 1718
  sup 1730 1733
  sup 1722 1725
  sup 1739 1742
  sup 1730 1733
  sup 1746 1749
  sup 1739 1742
  sup 1755 1758
  sup 1746 1749
  sup 1762 1765
  sup 1755 1758
  th 1768 1770
  sup 1762 1765
  th 1785 1787
  th 1768 1770
  th 1809 1811
  th 1785 1787
  th 1851 1853
  th 1809 1811
  th 1879 1881
  th 1851 1853
  th 1896 1898
  th 1879 1881
  th 1928 1930
  th 1896 1898
  th 1945 1947
  th 1928 1930
  th 1971 1973
  th 1945 1947
  tr 1985 1987
  th 1971 1973
  thead 1995 2000
  tr 1985 1987
  tbody 2008 2013
  thead 1995 2000
  tr 2065 2067
  tbody 2008 2013
  td 2086 2088
  tr 2065 2067
  td 2113 2115
  td 2086 2088
  td 2134 2136
  td 2113 2115
  td 2155 2157
  td 2134 2136
  td 2279 2281
  td 2155 2157
  td 2304 2306
  td 2279 2281
  td 2329 2331
  td 2304 2306
  td 2354 2356
  td 2329 2331
  td 2379 2381
  td 2354 2356
  td 2405 2407
  td 2379 2381
  td 2430 2432
  td 2405 2407
  td 2913 2915
  td 2430 2432
  td 3033 3035
  td 2913 2915
  td 3060 3062
  td 3033 3035
  td 3090 3092
  td 3060 3062
  td 3171 3173
  td 3090 3092
  td 3201 3203
  td 3171 3173
  td 3282 3284
  td 3201 3203
  td 3312 3314
  td 3282 3284
  td 3338 3340
  td 3312 3314
  td 3368 3370
  td 3338 3340
  td 3398 3400
  td 3368 3370
  td 3524 3526
  td 3398 3400
  td 3558 3560
  td 3524 3526
  td 3583 3585
  td 3558 3560
  td 4193 4195
  td 3583 3585
  td 4218 4220
  td 4193 4195
  td 4266 4268
  td 4218 4220
  tr 4312 4314
  td 4266 4268
  tr 4823 4825
  tr 4312 4314
  td 4840 4842
  tr 4823 4825
  strong 4875 4881
  td 4840 4842
  strong 4910 4916
  strong 4875 4881
  td 4919 4921
  strong 4910 4916
  td 4936 4938
  td 4919 4921
  strong 4970 4976
  td 4936 4938
  strong 4995 5001
  strong 4970 4976
  td 5004 5006
  strong 4995 5001
  td 5052 5054
  td 5004 5006
  strong 5068 5074
  td 5052 5054
  td 5127 5129
  strong 5068 5074
  td 5173 5175
  td 5127 5129
  strong 5189 5195
  td 5173 5175
  td 5249 5251
  strong 5189 5195
  tr 5293 5295
  td 5249 5251
  tbody 5303 5308
  tr 5293 5295
  table 5312 5317
  tbody 5303 5308
  script 5370 5376
  table 5312 5317
  script 6170 6176
  script 5370 5376
Invalid Selector
  script 6170 6176
Invalid Selector
strong 4876
  script 54 60
  script 113 119
strong 4876
  script 122 128
  script 54 60
  script 181 187
  script 113 119
  table 191 196
  script 122 128
  tbody 250 255
  script 181 187
  tr 266 268
  table 191 196
  td 283 285
  tbody 250 255
  strong 287 293
  tr 266 268
  strong 300 306
  td 283 285
  td 343 345
  strong 287 293
  td 398 400
  strong 300 306
  strong 402 408
  td 343 345
  strong 430 436
  td 398 400
  td 457 459
  strong 402 408
  td 474 476
  strong 430 436
  strong 478 484
  td 457 459
  strong 494 500
  td 474 476
  td 537 539
  strong 478 484
  tr 551 553
  strong 494 500
  tr 564 566
  td 537 539
  td 581 583
  tr 551 553
  strong 585 591
  tr 564 566
  strong 616 622
  td 581 583
  td 680 682
  strong 585 591
  td 697 699
  strong 616 622
  strong 701 707
  td 680 682
  strong 727 733
  td 697 699
  td 752 754
  strong 701 707
  td 769 771
  strong 727 733
  strong 773 779
  td 752 754
  strong 786 792
  td 769 771
  td 929 931
  strong 773 779
  tr 943 945
  strong 786 792
  tbody 954 959
  td 929 931
  table 963 968
  tr 943 945
  table 973 978
  tbody 954 959
  thead 1119 1124
  table 963 968
  tr 1135 1137
  table 973 978
  th 1152 1154
  thead 1119 1124
  th 1171 1173
  tr 1135 1137
  th 1188 1190
  th 1152 1154
  th 1213 1215
  th 1171 1173
  th 1230 1232
  th 1188 1190
  br 1249 1251
  th 1213 1215
  th 1258 1260
  th 1230 1232
  th 1275 1277
  br 1249 1251
  br 1294 1296
  th 1258 1260
  th 1303 1305
  th 1275 1277
  th 1320 1322
  br 1294 1296
  br 1343 1345
  th 1303 1305
  th 1352 1354
  th 1320 1322
  th 1369 1371
  br 1343 1345
  br 1398 1400
  th 1352 1354
  th 1403 1405
  th 1369 1371
  th 1490 1492
  br 1398 1400
  br 1512 1514
  th 1403 1405
  sup 1524 1527
  th 1490 1492
  sup 1531 1534
  br 1512 1514
  th 1547 1549
  sup 1524 1527
  th 1564 1566
  sup 1531 1534
  sup 1581 1584
  th 1547 1549
  sup 1589 1592
  th 1564 1566
  br 1595 1597
  sup 1581 1584
  th 1610 1612
  sup 1589 1592
  th 1627 1629
  br 1595 1597
  sup 1644 1647
  th 1610 1612
  sup 1651 1654
  th 1627 1629
  br 1657 1659
  sup 1644 1647
  th 1672 1674
  sup 1651 1654
  th 1689 1691
  br 1657 1659
  br 1716 1718
  th 1672 1674
  sup 1722 1725
  th 1689 1691
  sup 1730 1733
  br 1716 1718
  sup 1739 1742
  sup 1722 1725
  sup 1746 1749
  sup 1730 1733
  sup 1755 1758
  sup 1739 1742
  sup 1762 1765
  sup 1746 1749
  th 1768 1770
  sup 1755 1758
  th 1785 1787
  sup 1762 1765
  th 1809 1811
  th 1768 1770
  th 1851 1853
  th 1785 1787
  th 1879 1881
  th 1809 1811
  th 1896 1898
  th 1851 1853
  th 1928 1930
  th 1879 1881
  th 1945 1947
  th 1896 1898
  th 1971 1973
  th 1928 1930
  tr 1985 1987
  th 1945 1947
  thead 1995 2000
  th 1971 1973
  tbody 2008 2013
  tr 1985 1987
  tr 2065 2067
  thead 1995 2000
  td 2086 2088
  tbody 2008 2013
  td 2113 2115
  tr 2065 2067
  td 2134 2136
  td 2086 2088
  td 2155 2157
  td 2113 2115
  td 2279 2281
  td 2134 2136
  td 2304 2306
  td 2155 2157
  td 2329 2331
  td 2279 2281
  td 2354 2356
  td 2304 2306
  td 2379 2381
  td 2329 2331
  td 2405 2407
  td 2354 2356
  td 2430 2432
  td 2379 2381
  td 2913 2915
  td 2405 2407
  td 3033 3035
  td 2430 2432
  td 3060 3062
  td 2913 2915
  td 3090 3092
  td 3033 3035
  td 3171 3173
  td 3060 3062
  td 3201 3203
  td 3090 3092
  td 3282 3284
  td 3171 3173
  td 3312 3314
  td 3201 3203
  td 3338 3340
  td 3282 3284
  td 3368 3370
  td 3312 3314
  td 3398 3400
  td 3338 3340
  td 3524 3526
  td 3368 3370
  td 3558 3560
  td 3398 3400
  td 3583 3585
  td 3524 3526
  td 4193 4195
  td 3558 3560
  td 4218 4220
  td 3583 3585
  td 4266 4268
  td 4193 4195
  tr 4312 4314
  td 4218 4220
  tr 4824 4826
  td 4266 4268
  td 4841 4843
  tr 4312 4314
  strong 4876 4882
  tr 4824 4826
strong is a "html tag"
  td 4841 4843
html.css has 163 symbols
  strong 4876 4882
Searching through them all for /(^|[\s>+~])strong(\[[^\]]*\]|:{1,2}[\w-()]+|\.[\w-]+|#[\w-]+)*\s*/
strong is a "html tag"
Done
app.css has 3148 symbols
exception.css has 214 symbols
Searching through them all for /(^|[\s>+~])strong(\[[^\]]*\]|:{1,2}[\w-()]+|\.[\w-]+|#[\w-]+)*\s*/
Searching through them all for /(^|[\s>+~])strong(\[[^\]]*\]|:{1,2}[\w-()]+|\.[\w-]+|#[\w-]+)*\s*/
Done
Done
components.min.css has 4339 symbols
app.css has 3148 symbols
Searching through them all for /(^|[\s>+~])strong(\[[^\]]*\]|:{1,2}[\w-()]+|\.[\w-]+|#[\w-]+)*\s*/
Searching through them all for /(^|[\s>+~])strong(\[[^\]]*\]|:{1,2}[\w-()]+|\.[\w-]+|#[\w-]+)*\s*/
Done
Done
my_print.css has 14 symbols
components.min.css has 4339 symbols
Searching through them all for /(^|[\s>+~])strong(\[[^\]]*\]|:{1,2}[\w-()]+|\.[\w-]+|#[\w-]+)*\s*/
Searching through them all for /(^|[\s>+~])strong(\[[^\]]*\]|:{1,2}[\w-()]+|\.[\w-]+|#[\w-]+)*\s*/
Done
Done
print_tabulation.css has 7 symbols
bootstrap.css has 2572 symbols
Searching through them all for /(^|[\s>+~])strong(\[[^\]]*\]|:{1,2}[\w-()]+|\.[\w-]+|#[\w-]+)*\s*/
Searching through them all for /(^|[\s>+~])strong(\[[^\]]*\]|:{1,2}[\w-()]+|\.[\w-]+|#[\w-]+)*\s*/
Done
Done
bootstrap_limitless.css has 1198 symbols
my_print.css has 14 symbols
Searching through them all for /(^|[\s>+~])strong(\[[^\]]*\]|:{1,2}[\w-()]+|\.[\w-]+|#[\w-]+)*\s*/
Searching through them all for /(^|[\s>+~])strong(\[[^\]]*\]|:{1,2}[\w-()]+|\.[\w-]+|#[\w-]+)*\s*/
Done
Done
bootstrap.min.css has 2572 symbols
bootstrap_limitless.css has 1198 symbols
Searching through them all for /(^|[\s>+~])strong(\[[^\]]*\]|:{1,2}[\w-()]+|\.[\w-]+|#[\w-]+)*\s*/
Searching through them all for /(^|[\s>+~])strong(\[[^\]]*\]|:{1,2}[\w-()]+|\.[\w-]+|#[\w-]+)*\s*/
Done
Done
bootstrap_limitless.min.css has 1198 symbols
bootstrap_limitless.min.css has 1198 symbols
Searching through them all for /(^|[\s>+~])strong(\[[^\]]*\]|:{1,2}[\w-()]+|\.[\w-]+|#[\w-]+)*\s*/
Searching through them all for /(^|[\s>+~])strong(\[[^\]]*\]|:{1,2}[\w-()]+|\.[\w-]+|#[\w-]+)*\s*/
Done
Done
receipt.css has 17 symbols
receipt.css has 17 symbols
Searching through them all for /(^|[\s>+~])strong(\[[^\]]*\]|:{1,2}[\w-()]+|\.[\w-]+|#[\w-]+)*\s*/
Searching through them all for /(^|[\s>+~])strong(\[[^\]]*\]|:{1,2}[\w-()]+|\.[\w-]+|#[\w-]+)*\s*/
Done
Done
_inbox.scss has 15 symbols
print_tabulation.css has 7 symbols
Searching through them all for /(^|[\s>+~])strong(\[[^\]]*\]|:{1,2}[\w-()]+|\.[\w-]+|#[\w-]+)*\s*/
Searching through them all for /(^|[\s>+~])strong(\[[^\]]*\]|:{1,2}[\w-()]+|\.[\w-]+|#[\w-]+)*\s*/
Done
Done
_c3.scss has 48 symbols
bootstrap-datepicker.min.css has 221 symbols
Searching through them all for /(^|[\s>+~])strong(\[[^\]]*\]|:{1,2}[\w-()]+|\.[\w-]+|#[\w-]+)*\s*/
Searching through them all for /(^|[\s>+~])strong(\[[^\]]*\]|:{1,2}[\w-()]+|\.[\w-]+|#[\w-]+)*\s*/
Done
Done
_d3.scss has 72 symbols
_c3.scss has 48 symbols
Searching through them all for /(^|[\s>+~])strong(\[[^\]]*\]|:{1,2}[\w-()]+|\.[\w-]+|#[\w-]+)*\s*/
Searching through them all for /(^|[\s>+~])strong(\[[^\]]*\]|:{1,2}[\w-()]+|\.[\w-]+|#[\w-]+)*\s*/
Done
Done
_alpaca.scss has 65 symbols
_print.scss has 34 symbols
Searching through them all for /(^|[\s>+~])strong(\[[^\]]*\]|:{1,2}[\w-()]+|\.[\w-]+|#[\w-]+)*\s*/
Searching through them all for /(^|[\s>+~])strong(\[[^\]]*\]|:{1,2}[\w-()]+|\.[\w-]+|#[\w-]+)*\s*/
Done
Done
_date.scss has 49 symbols
_d3.scss has 72 symbols
Searching through them all for /(^|[\s>+~])strong(\[[^\]]*\]|:{1,2}[\w-()]+|\.[\w-]+|#[\w-]+)*\s*/
Searching through them all for /(^|[\s>+~])strong(\[[^\]]*\]|:{1,2}[\w-()]+|\.[\w-]+|#[\w-]+)*\s*/
Done
Done
_alpaca.scss has 64 symbols
bootstrap.min.css has 2572 symbols
Searching through them all for /(^|[\s>+~])strong(\[[^\]]*\]|:{1,2}[\w-()]+|\.[\w-]+|#[\w-]+)*\s*/
Searching through them all for /(^|[\s>+~])strong(\[[^\]]*\]|:{1,2}[\w-()]+|\.[\w-]+|#[\w-]+)*\s*/
Done
Done
_daterange.scss has 87 symbols
_tables.scss has 43 symbols
Searching through them all for /(^|[\s>+~])strong(\[[^\]]*\]|:{1,2}[\w-()]+|\.[\w-]+|#[\w-]+)*\s*/
Searching through them all for /(^|[\s>+~])strong(\[[^\]]*\]|:{1,2}[\w-()]+|\.[\w-]+|#[\w-]+)*\s*/
Done
Done
_daterange.scss has 86 symbols
_reboot.scss has 100 symbols
Searching through them all for /(^|[\s>+~])strong(\[[^\]]*\]|:{1,2}[\w-()]+|\.[\w-]+|#[\w-]+)*\s*/
Searching through them all for /(^|[\s>+~])strong(\[[^\]]*\]|:{1,2}[\w-()]+|\.[\w-]+|#[\w-]+)*\s*/
Done
Done
_fullcalendar.scss has 285 symbols
_table-row.scss has 10 symbols
Searching through them all for /(^|[\s>+~])strong(\[[^\]]*\]|:{1,2}[\w-()]+|\.[\w-]+|#[\w-]+)*\s*/
Searching through them all for /(^|[\s>+~])strong(\[[^\]]*\]|:{1,2}[\w-()]+|\.[\w-]+|#[\w-]+)*\s*/
Done
Done
_fancytree.scss has 100 symbols
_inbox.scss has 15 symbols
Searching through them all for /(^|[\s>+~])strong(\[[^\]]*\]|:{1,2}[\w-()]+|\.[\w-]+|#[\w-]+)*\s*/
Searching through them all for /(^|[\s>+~])strong(\[[^\]]*\]|:{1,2}[\w-()]+|\.[\w-]+|#[\w-]+)*\s*/
Done
Done
_fancytree.scss has 100 symbols
components.css has 4341 symbols
Searching through them all for /(^|[\s>+~])strong(\[[^\]]*\]|:{1,2}[\w-()]+|\.[\w-]+|#[\w-]+)*\s*/
Searching through them all for /(^|[\s>+~])strong(\[[^\]]*\]|:{1,2}[\w-()]+|\.[\w-]+|#[\w-]+)*\s*/
Done
Done
_fullcalendar.scss has 285 symbols
_buttons.scss has 69 symbols
Searching through them all for /(^|[\s>+~])strong(\[[^\]]*\]|:{1,2}[\w-()]+|\.[\w-]+|#[\w-]+)*\s*/
Searching through them all for /(^|[\s>+~])strong(\[[^\]]*\]|:{1,2}[\w-()]+|\.[\w-]+|#[\w-]+)*\s*/
Done
Done
_widgets.scss has 251 symbols
_handsontable.scss has 342 symbols
Searching through them all for /(^|[\s>+~])strong(\[[^\]]*\]|:{1,2}[\w-()]+|\.[\w-]+|#[\w-]+)*\s*/
Searching through them all for /(^|[\s>+~])strong(\[[^\]]*\]|:{1,2}[\w-()]+|\.[\w-]+|#[\w-]+)*\s*/
Done
Done
_footable.scss has 17 symbols
_fancytree.scss has 100 symbols
Searching through them all for /(^|[\s>+~])strong(\[[^\]]*\]|:{1,2}[\w-()]+|\.[\w-]+|#[\w-]+)*\s*/
Searching through them all for /(^|[\s>+~])strong(\[[^\]]*\]|:{1,2}[\w-()]+|\.[\w-]+|#[\w-]+)*\s*/
Done
Done
_handsontable.scss has 342 symbols
_tables.scss has 136 symbols
Searching through them all for /(^|[\s>+~])strong(\[[^\]]*\]|:{1,2}[\w-()]+|\.[\w-]+|#[\w-]+)*\s*/
Searching through them all for /(^|[\s>+~])strong(\[[^\]]*\]|:{1,2}[\w-()]+|\.[\w-]+|#[\w-]+)*\s*/
Done
Done
_footable.scss has 17 symbols
_footable.scss has 17 symbols
Searching through them all for /(^|[\s>+~])strong(\[[^\]]*\]|:{1,2}[\w-()]+|\.[\w-]+|#[\w-]+)*\s*/
Searching through them all for /(^|[\s>+~])strong(\[[^\]]*\]|:{1,2}[\w-()]+|\.[\w-]+|#[\w-]+)*\s*/
Done
Done
_widgets.scss has 281 symbols
_fullcalendar.scss has 285 symbols
Searching through them all for /(^|[\s>+~])strong(\[[^\]]*\]|:{1,2}[\w-()]+|\.[\w-]+|#[\w-]+)*\s*/
Searching through them all for /(^|[\s>+~])strong(\[[^\]]*\]|:{1,2}[\w-()]+|\.[\w-]+|#[\w-]+)*\s*/
Done
Done
_handsontable.scss has 342 symbols
_datatable-rows-reorder.scss has 4 symbols
Searching through them all for /(^|[\s>+~])strong(\[[^\]]*\]|:{1,2}[\w-()]+|\.[\w-]+|#[\w-]+)*\s*/
Searching through them all for /(^|[\s>+~])strong(\[[^\]]*\]|:{1,2}[\w-()]+|\.[\w-]+|#[\w-]+)*\s*/
Done
Done
_datatable-columns-reorder.scss has 4 symbols
_datatable-responsive.scss has 31 symbols
Searching through them all for /(^|[\s>+~])strong(\[[^\]]*\]|:{1,2}[\w-()]+|\.[\w-]+|#[\w-]+)*\s*/
Searching through them all for /(^|[\s>+~])strong(\[[^\]]*\]|:{1,2}[\w-()]+|\.[\w-]+|#[\w-]+)*\s*/
Done
Done
_datatables.scss has 132 symbols
_datatable-columns-reorder.scss has 4 symbols
Searching through them all for /(^|[\s>+~])strong(\[[^\]]*\]|:{1,2}[\w-()]+|\.[\w-]+|#[\w-]+)*\s*/
Searching through them all for /(^|[\s>+~])strong(\[[^\]]*\]|:{1,2}[\w-()]+|\.[\w-]+|#[\w-]+)*\s*/
Done
Done
_datatable-responsive.scss has 31 symbols
_datatables.scss has 132 symbols
Searching through them all for /(^|[\s>+~])strong(\[[^\]]*\]|:{1,2}[\w-()]+|\.[\w-]+|#[\w-]+)*\s*/
Searching through them all for /(^|[\s>+~])strong(\[[^\]]*\]|:{1,2}[\w-()]+|\.[\w-]+|#[\w-]+)*\s*/
Done
Done
_datatable-rows-reorder.scss has 4 symbols
_alpaca.scss has 64 symbols
Searching through them all for /(^|[\s>+~])strong(\[[^\]]*\]|:{1,2}[\w-()]+|\.[\w-]+|#[\w-]+)*\s*/
Searching through them all for /(^|[\s>+~])strong(\[[^\]]*\]|:{1,2}[\w-()]+|\.[\w-]+|#[\w-]+)*\s*/
Done
Done
_datatable-scroller.scss has 8 symbols
_buttons.scss has 69 symbols
Searching through them all for /(^|[\s>+~])strong(\[[^\]]*\]|:{1,2}[\w-()]+|\.[\w-]+|#[\w-]+)*\s*/
Searching through them all for /(^|[\s>+~])strong(\[[^\]]*\]|:{1,2}[\w-()]+|\.[\w-]+|#[\w-]+)*\s*/
Done
Done
_datatable-rows-reorder.scss has 4 symbols
_datatable-keytable.scss has 8 symbols
Searching through them all for /(^|[\s>+~])strong(\[[^\]]*\]|:{1,2}[\w-()]+|\.[\w-]+|#[\w-]+)*\s*/
Searching through them all for /(^|[\s>+~])strong(\[[^\]]*\]|:{1,2}[\w-()]+|\.[\w-]+|#[\w-]+)*\s*/
Done
Done
_datatable-columns-reorder.scss has 4 symbols
_datatable-fixed-columns.scss has 21 symbols
Searching through them all for /(^|[\s>+~])strong(\[[^\]]*\]|:{1,2}[\w-()]+|\.[\w-]+|#[\w-]+)*\s*/
Searching through them all for /(^|[\s>+~])strong(\[[^\]]*\]|:{1,2}[\w-()]+|\.[\w-]+|#[\w-]+)*\s*/
Done
Done
_datatable-fixed-columns.scss has 21 symbols
_datatable-scroller.scss has 8 symbols
Searching through them all for /(^|[\s>+~])strong(\[[^\]]*\]|:{1,2}[\w-()]+|\.[\w-]+|#[\w-]+)*\s*/
Searching through them all for /(^|[\s>+~])strong(\[[^\]]*\]|:{1,2}[\w-()]+|\.[\w-]+|#[\w-]+)*\s*/
Done
Done
_buttons.scss has 69 symbols
_handsontable.scss has 342 symbols
Searching through them all for /(^|[\s>+~])strong(\[[^\]]*\]|:{1,2}[\w-()]+|\.[\w-]+|#[\w-]+)*\s*/
Searching through them all for /(^|[\s>+~])strong(\[[^\]]*\]|:{1,2}[\w-()]+|\.[\w-]+|#[\w-]+)*\s*/
Done
Done
_datatable-keytable.scss has 8 symbols
_alpaca.scss has 65 symbols
Searching through them all for /(^|[\s>+~])strong(\[[^\]]*\]|:{1,2}[\w-()]+|\.[\w-]+|#[\w-]+)*\s*/
Searching through them all for /(^|[\s>+~])strong(\[[^\]]*\]|:{1,2}[\w-()]+|\.[\w-]+|#[\w-]+)*\s*/
Done
Done
_datatable-responsive.scss has 31 symbols
_daterange.scss has 86 symbols
Searching through them all for /(^|[\s>+~])strong(\[[^\]]*\]|:{1,2}[\w-()]+|\.[\w-]+|#[\w-]+)*\s*/
Searching through them all for /(^|[\s>+~])strong(\[[^\]]*\]|:{1,2}[\w-()]+|\.[\w-]+|#[\w-]+)*\s*/
Done
Done
_datatable-scroller.scss has 8 symbols
_footable.scss has 17 symbols
Searching through them all for /(^|[\s>+~])strong(\[[^\]]*\]|:{1,2}[\w-()]+|\.[\w-]+|#[\w-]+)*\s*/
Searching through them all for /(^|[\s>+~])strong(\[[^\]]*\]|:{1,2}[\w-()]+|\.[\w-]+|#[\w-]+)*\s*/
Done
Done
_datatable-fixed-columns.scss has 21 symbols
_widgets.scss has 251 symbols
Searching through them all for /(^|[\s>+~])strong(\[[^\]]*\]|:{1,2}[\w-()]+|\.[\w-]+|#[\w-]+)*\s*/
Searching through them all for /(^|[\s>+~])strong(\[[^\]]*\]|:{1,2}[\w-()]+|\.[\w-]+|#[\w-]+)*\s*/
Done
Done
_datatable-keytable.scss has 8 symbols
_widgets.scss has 281 symbols
Searching through them all for /(^|[\s>+~])strong(\[[^\]]*\]|:{1,2}[\w-()]+|\.[\w-]+|#[\w-]+)*\s*/
Searching through them all for /(^|[\s>+~])strong(\[[^\]]*\]|:{1,2}[\w-()]+|\.[\w-]+|#[\w-]+)*\s*/
Done
Done
_datatables.scss has 133 symbols
_datatable-rows-reorder.scss has 4 symbols
Searching through them all for /(^|[\s>+~])strong(\[[^\]]*\]|:{1,2}[\w-()]+|\.[\w-]+|#[\w-]+)*\s*/
Searching through them all for /(^|[\s>+~])strong(\[[^\]]*\]|:{1,2}[\w-()]+|\.[\w-]+|#[\w-]+)*\s*/
Done
Done
bootstrap-datepicker.min.css has 221 symbols
_datatable-responsive.scss has 31 symbols
Searching through them all for /(^|[\s>+~])strong(\[[^\]]*\]|:{1,2}[\w-()]+|\.[\w-]+|#[\w-]+)*\s*/
Searching through them all for /(^|[\s>+~])strong(\[[^\]]*\]|:{1,2}[\w-()]+|\.[\w-]+|#[\w-]+)*\s*/
Done
Done
bootstrap.css has 2572 symbols
_datatable-columns-reorder.scss has 4 symbols
Searching through them all for /(^|[\s>+~])strong(\[[^\]]*\]|:{1,2}[\w-()]+|\.[\w-]+|#[\w-]+)*\s*/
Searching through them all for /(^|[\s>+~])strong(\[[^\]]*\]|:{1,2}[\w-()]+|\.[\w-]+|#[\w-]+)*\s*/
Done
Done
components.css has 4341 symbols
_datatables.scss has 133 symbols
Searching through them all for /(^|[\s>+~])strong(\[[^\]]*\]|:{1,2}[\w-()]+|\.[\w-]+|#[\w-]+)*\s*/
Searching through them all for /(^|[\s>+~])strong(\[[^\]]*\]|:{1,2}[\w-()]+|\.[\w-]+|#[\w-]+)*\s*/
Done
Done
_tables.scss has 136 symbols
_datatable-fixed-columns.scss has 21 symbols
Searching through them all for /(^|[\s>+~])strong(\[[^\]]*\]|:{1,2}[\w-()]+|\.[\w-]+|#[\w-]+)*\s*/
Searching through them all for /(^|[\s>+~])strong(\[[^\]]*\]|:{1,2}[\w-()]+|\.[\w-]+|#[\w-]+)*\s*/
Done
Done
_buttons.scss has 69 symbols
_date.scss has 49 symbols
Searching through them all for /(^|[\s>+~])strong(\[[^\]]*\]|:{1,2}[\w-()]+|\.[\w-]+|#[\w-]+)*\s*/
Searching through them all for /(^|[\s>+~])strong(\[[^\]]*\]|:{1,2}[\w-()]+|\.[\w-]+|#[\w-]+)*\s*/
Done
Done
_print.scss has 34 symbols
_daterange.scss has 87 symbols
Searching through them all for /(^|[\s>+~])strong(\[[^\]]*\]|:{1,2}[\w-()]+|\.[\w-]+|#[\w-]+)*\s*/
Searching through them all for /(^|[\s>+~])strong(\[[^\]]*\]|:{1,2}[\w-()]+|\.[\w-]+|#[\w-]+)*\s*/
Done
Done
_tables.scss has 43 symbols
_datatable-scroller.scss has 8 symbols
Searching through them all for /(^|[\s>+~])strong(\[[^\]]*\]|:{1,2}[\w-()]+|\.[\w-]+|#[\w-]+)*\s*/
Searching through them all for /(^|[\s>+~])strong(\[[^\]]*\]|:{1,2}[\w-()]+|\.[\w-]+|#[\w-]+)*\s*/
Done
Done
_tables.scss has 136 symbols
_datatable-keytable.scss has 8 symbols
Searching through them all for /(^|[\s>+~])strong(\[[^\]]*\]|:{1,2}[\w-()]+|\.[\w-]+|#[\w-]+)*\s*/
Searching through them all for /(^|[\s>+~])strong(\[[^\]]*\]|:{1,2}[\w-()]+|\.[\w-]+|#[\w-]+)*\s*/
Done
Done
_reboot.scss has 100 symbols
_date.scss has 49 symbols
Searching through them all for /(^|[\s>+~])strong(\[[^\]]*\]|:{1,2}[\w-()]+|\.[\w-]+|#[\w-]+)*\s*/
Searching through them all for /(^|[\s>+~])strong(\[[^\]]*\]|:{1,2}[\w-()]+|\.[\w-]+|#[\w-]+)*\s*/
Done
Done
_table-row.scss has 10 symbols
_tables.scss has 136 symbols
Searching through them all for /(^|[\s>+~])strong(\[[^\]]*\]|:{1,2}[\w-()]+|\.[\w-]+|#[\w-]+)*\s*/
Searching through them all for /(^|[\s>+~])strong(\[[^\]]*\]|:{1,2}[\w-()]+|\.[\w-]+|#[\w-]+)*\s*/
Done
Done
_date.scss has 49 symbols
_fancytree.scss has 100 symbols
Searching through them all for /(^|[\s>+~])strong(\[[^\]]*\]|:{1,2}[\w-()]+|\.[\w-]+|#[\w-]+)*\s*/
Searching through them all for /(^|[\s>+~])strong(\[[^\]]*\]|:{1,2}[\w-()]+|\.[\w-]+|#[\w-]+)*\s*/
Done
Done
dialog.css has 159 symbols
_fullcalendar.scss has 285 symbols
Searching through them all for /(^|[\s>+~])strong(\[[^\]]*\]|:{1,2}[\w-()]+|\.[\w-]+|#[\w-]+)*\s*/
Searching through them all for /(^|[\s>+~])strong(\[[^\]]*\]|:{1,2}[\w-()]+|\.[\w-]+|#[\w-]+)*\s*/
Done
Done
dialog_ie8.css has 161 symbols
dialog.css has 159 symbols
Searching through them all for /(^|[\s>+~])strong(\[[^\]]*\]|:{1,2}[\w-()]+|\.[\w-]+|#[\w-]+)*\s*/
Searching through them all for /(^|[\s>+~])strong(\[[^\]]*\]|:{1,2}[\w-()]+|\.[\w-]+|#[\w-]+)*\s*/
Done
Done
dialog_iequirks.css has 158 symbols
dialog_ie8.css has 161 symbols
Searching through them all for /(^|[\s>+~])strong(\[[^\]]*\]|:{1,2}[\w-()]+|\.[\w-]+|#[\w-]+)*\s*/
Searching through them all for /(^|[\s>+~])strong(\[[^\]]*\]|:{1,2}[\w-()]+|\.[\w-]+|#[\w-]+)*\s*/
Done
Done
dialog_ie.css has 173 symbols
dialog_ie7.css has 172 symbols
Searching through them all for /(^|[\s>+~])strong(\[[^\]]*\]|:{1,2}[\w-()]+|\.[\w-]+|#[\w-]+)*\s*/
Searching through them all for /(^|[\s>+~])strong(\[[^\]]*\]|:{1,2}[\w-()]+|\.[\w-]+|#[\w-]+)*\s*/
Done
Done
dialog_ie7.css has 172 symbols
dialog_ie.css has 173 symbols
Searching through them all for /(^|[\s>+~])strong(\[[^\]]*\]|:{1,2}[\w-()]+|\.[\w-]+|#[\w-]+)*\s*/
Searching through them all for /(^|[\s>+~])strong(\[[^\]]*\]|:{1,2}[\w-()]+|\.[\w-]+|#[\w-]+)*\s*/
Done
Done
dialog.scss has 155 symbols
dialog_iequirks.css has 158 symbols
Searching through them all for /(^|[\s>+~])strong(\[[^\]]*\]|:{1,2}[\w-()]+|\.[\w-]+|#[\w-]+)*\s*/
Searching through them all for /(^|[\s>+~])strong(\[[^\]]*\]|:{1,2}[\w-()]+|\.[\w-]+|#[\w-]+)*\s*/
Done
Done
dialog_opera.css has 160 symbols
dialog.scss has 155 symbols
Searching through them all for /(^|[\s>+~])strong(\[[^\]]*\]|:{1,2}[\w-()]+|\.[\w-]+|#[\w-]+)*\s*/
Searching through them all for /(^|[\s>+~])strong(\[[^\]]*\]|:{1,2}[\w-()]+|\.[\w-]+|#[\w-]+)*\s*/
Done
Done
_colorpanel.scss has 20 symbols
dialog_opera.scss has 3 symbols
Searching through them all for /(^|[\s>+~])strong(\[[^\]]*\]|:{1,2}[\w-()]+|\.[\w-]+|#[\w-]+)*\s*/
Searching through them all for /(^|[\s>+~])strong(\[[^\]]*\]|:{1,2}[\w-()]+|\.[\w-]+|#[\w-]+)*\s*/
Done
Done
dialog_opera.scss has 3 symbols
dialog_opera.css has 160 symbols
Searching through them all for /(^|[\s>+~])strong(\[[^\]]*\]|:{1,2}[\w-()]+|\.[\w-]+|#[\w-]+)*\s*/
Searching through them all for /(^|[\s>+~])strong(\[[^\]]*\]|:{1,2}[\w-()]+|\.[\w-]+|#[\w-]+)*\s*/
Done
Done
dialog_ie7.css has 172 symbols
dialog_opera.css has 160 symbols
Searching through them all for /(^|[\s>+~])strong(\[[^\]]*\]|:{1,2}[\w-()]+|\.[\w-]+|#[\w-]+)*\s*/
Searching through them all for /(^|[\s>+~])strong(\[[^\]]*\]|:{1,2}[\w-()]+|\.[\w-]+|#[\w-]+)*\s*/
Done
Done
dialog_opera.css has 160 symbols
dialog_iequirks.css has 158 symbols
Searching through them all for /(^|[\s>+~])strong(\[[^\]]*\]|:{1,2}[\w-()]+|\.[\w-]+|#[\w-]+)*\s*/
Searching through them all for /(^|[\s>+~])strong(\[[^\]]*\]|:{1,2}[\w-()]+|\.[\w-]+|#[\w-]+)*\s*/
Done
Done
dialog_opera.scss has 3 symbols
dialog_ie.css has 173 symbols
Searching through them all for /(^|[\s>+~])strong(\[[^\]]*\]|:{1,2}[\w-()]+|\.[\w-]+|#[\w-]+)*\s*/
Searching through them all for /(^|[\s>+~])strong(\[[^\]]*\]|:{1,2}[\w-()]+|\.[\w-]+|#[\w-]+)*\s*/
Done
Done
dialog_iequirks.css has 158 symbols
dialog_ie7.css has 172 symbols
Searching through them all for /(^|[\s>+~])strong(\[[^\]]*\]|:{1,2}[\w-()]+|\.[\w-]+|#[\w-]+)*\s*/
Searching through them all for /(^|[\s>+~])strong(\[[^\]]*\]|:{1,2}[\w-()]+|\.[\w-]+|#[\w-]+)*\s*/
Done
Done
dialog_ie.css has 173 symbols
dialog_ie8.css has 161 symbols
Searching through them all for /(^|[\s>+~])strong(\[[^\]]*\]|:{1,2}[\w-()]+|\.[\w-]+|#[\w-]+)*\s*/
Searching through them all for /(^|[\s>+~])strong(\[[^\]]*\]|:{1,2}[\w-()]+|\.[\w-]+|#[\w-]+)*\s*/
Done
Done
dialog_ie8.css has 161 symbols
_colorpanel.scss has 20 symbols
Searching through them all for /(^|[\s>+~])strong(\[[^\]]*\]|:{1,2}[\w-()]+|\.[\w-]+|#[\w-]+)*\s*/
Searching through them all for /(^|[\s>+~])strong(\[[^\]]*\]|:{1,2}[\w-()]+|\.[\w-]+|#[\w-]+)*\s*/
Done
Done
wsc.css has 18 symbols
dialog.css has 159 symbols
Searching through them all for /(^|[\s>+~])strong(\[[^\]]*\]|:{1,2}[\w-()]+|\.[\w-]+|#[\w-]+)*\s*/
Searching through them all for /(^|[\s>+~])strong(\[[^\]]*\]|:{1,2}[\w-()]+|\.[\w-]+|#[\w-]+)*\s*/
Done
Done
dialog.css has 159 symbols
dialog.scss has 155 symbols
Searching through them all for /(^|[\s>+~])strong(\[[^\]]*\]|:{1,2}[\w-()]+|\.[\w-]+|#[\w-]+)*\s*/
Searching through them all for /(^|[\s>+~])strong(\[[^\]]*\]|:{1,2}[\w-()]+|\.[\w-]+|#[\w-]+)*\s*/
Done
Done
dialog.scss has 155 symbols
dialog_opera.scss has 3 symbols
Searching through them all for /(^|[\s>+~])strong(\[[^\]]*\]|:{1,2}[\w-()]+|\.[\w-]+|#[\w-]+)*\s*/
Searching through them all for /(^|[\s>+~])strong(\[[^\]]*\]|:{1,2}[\w-()]+|\.[\w-]+|#[\w-]+)*\s*/
Done
Done
_colorpanel.scss has 20 symbols
_colorpanel.scss has 20 symbols
Searching through them all for /(^|[\s>+~])strong(\[[^\]]*\]|:{1,2}[\w-()]+|\.[\w-]+|#[\w-]+)*\s*/
Searching through them all for /(^|[\s>+~])strong(\[[^\]]*\]|:{1,2}[\w-()]+|\.[\w-]+|#[\w-]+)*\s*/
Done
Done
exception.css has 214 symbols
wsc.css has 18 symbols
Searching through them all for /(^|[\s>+~])strong(\[[^\]]*\]|:{1,2}[\w-()]+|\.[\w-]+|#[\w-]+)*\s*/
Searching through them all for /(^|[\s>+~])strong(\[[^\]]*\]|:{1,2}[\w-()]+|\.[\w-]+|#[\w-]+)*\s*/
Done
Done
default.css has 45 symbols
default.css has 45 symbols
Searching through them all for /(^|[\s>+~])strong(\[[^\]]*\]|:{1,2}[\w-()]+|\.[\w-]+|#[\w-]+)*\s*/
Searching through them all for /(^|[\s>+~])strong(\[[^\]]*\]|:{1,2}[\w-()]+|\.[\w-]+|#[\w-]+)*\s*/
Done
Done
html.css has 163 symbols
whoops.base.css has 120 symbols
Searching through them all for /(^|[\s>+~])strong(\[[^\]]*\]|:{1,2}[\w-()]+|\.[\w-]+|#[\w-]+)*\s*/
Searching through them all for /(^|[\s>+~])strong(\[[^\]]*\]|:{1,2}[\w-()]+|\.[\w-]+|#[\w-]+)*\s*/
Done
Done
whoops.base.css has 120 symbols
style.css has 50 symbols
Searching through them all for /(^|[\s>+~])strong(\[[^\]]*\]|:{1,2}[\w-()]+|\.[\w-]+|#[\w-]+)*\s*/
Searching through them all for /(^|[\s>+~])strong(\[[^\]]*\]|:{1,2}[\w-()]+|\.[\w-]+|#[\w-]+)*\s*/
Done
Done
bootstrap.min.css has 3147 symbols
bootstrap.min.css has 3147 symbols
Searching through them all for /(^|[\s>+~])strong(\[[^\]]*\]|:{1,2}[\w-()]+|\.[\w-]+|#[\w-]+)*\s*/
Searching through them all for /(^|[\s>+~])strong(\[[^\]]*\]|:{1,2}[\w-()]+|\.[\w-]+|#[\w-]+)*\s*/
Done
Done
nv.d3.min.css has 135 symbols
nv.d3.min.css has 135 symbols
Searching through them all for /(^|[\s>+~])strong(\[[^\]]*\]|:{1,2}[\w-()]+|\.[\w-]+|#[\w-]+)*\s*/
Searching through them all for /(^|[\s>+~])strong(\[[^\]]*\]|:{1,2}[\w-()]+|\.[\w-]+|#[\w-]+)*\s*/
Done
Done
style.css has 50 symbols
Searching through them all for /(^|[\s>+~])strong(\[[^\]]*\]|:{1,2}[\w-()]+|\.[\w-]+|#[\w-]+)*\s*/
strong 4971
Done
  script 54 60
  script 113 119
strong 4971
  script 122 128
  script 54 60
  script 181 187
  script 113 119
  table 191 196
  script 122 128
  tbody 250 255
  script 181 187
  tr 266 268
  table 191 196
  td 283 285
  tbody 250 255
  strong 287 293
  tr 266 268
  strong 300 306
  td 283 285
  td 343 345
  strong 287 293
  td 398 400
  strong 300 306
  strong 402 408
  td 343 345
  strong 430 436
  td 398 400
  td 457 459
  strong 402 408
  td 474 476
  strong 430 436
  strong 478 484
  td 457 459
  strong 494 500
  td 474 476
  td 537 539
  strong 478 484
  tr 551 553
  strong 494 500
  tr 564 566
  td 537 539
  td 581 583
  tr 551 553
  strong 585 591
  tr 564 566
  strong 616 622
  td 581 583
  td 680 682
  strong 585 591
  td 697 699
  strong 616 622
  strong 701 707
  td 680 682
  strong 727 733
  td 697 699
  td 752 754
  strong 701 707
  td 769 771
  strong 727 733
  strong 773 779
  td 752 754
  strong 786 792
  td 769 771
  td 929 931
  strong 773 779
  tr 943 945
  strong 786 792
  tbody 954 959
  td 929 931
  table 963 968
  tr 943 945
  table 973 978
  tbody 954 959
  thead 1119 1124
  table 963 968
  tr 1135 1137
  table 973 978
  th 1152 1154
  thead 1119 1124
  th 1171 1173
  tr 1135 1137
  th 1188 1190
  th 1152 1154
  th 1213 1215
  th 1171 1173
  th 1230 1232
  th 1188 1190
  br 1249 1251
  th 1213 1215
  th 1258 1260
  th 1230 1232
  th 1275 1277
  br 1249 1251
  br 1294 1296
  th 1258 1260
  th 1303 1305
  th 1275 1277
  th 1320 1322
  br 1294 1296
  br 1343 1345
  th 1303 1305
  th 1352 1354
  th 1320 1322
  th 1369 1371
  br 1343 1345
  br 1398 1400
  th 1352 1354
  th 1403 1405
  th 1369 1371
  th 1490 1492
  br 1398 1400
  br 1512 1514
  th 1403 1405
  sup 1524 1527
  th 1490 1492
  sup 1531 1534
  br 1512 1514
  th 1547 1549
  sup 1524 1527
  th 1564 1566
  sup 1531 1534
  sup 1581 1584
  th 1547 1549
  sup 1589 1592
  th 1564 1566
  br 1595 1597
  sup 1581 1584
  th 1610 1612
  sup 1589 1592
  th 1627 1629
  br 1595 1597
  sup 1644 1647
  th 1610 1612
  sup 1651 1654
  th 1627 1629
  br 1657 1659
  sup 1644 1647
  th 1672 1674
  sup 1651 1654
  th 1689 1691
  br 1657 1659
  br 1716 1718
  th 1672 1674
  sup 1722 1725
  th 1689 1691
  sup 1730 1733
  br 1716 1718
  sup 1739 1742
  sup 1722 1725
  sup 1746 1749
  sup 1730 1733
  sup 1755 1758
  sup 1739 1742
  sup 1762 1765
  sup 1746 1749
  th 1768 1770
  sup 1755 1758
  th 1785 1787
  sup 1762 1765
  th 1809 1811
  th 1768 1770
  th 1851 1853
  th 1785 1787
  th 1879 1881
  th 1809 1811
  th 1896 1898
  th 1851 1853
  th 1928 1930
  th 1879 1881
  th 1945 1947
  th 1896 1898
  th 1971 1973
  th 1928 1930
  tr 1985 1987
  th 1945 1947
  thead 1995 2000
  th 1971 1973
  tbody 2008 2013
  tr 1985 1987
  tr 2065 2067
  thead 1995 2000
  td 2086 2088
  tbody 2008 2013
  td 2113 2115
  tr 2065 2067
  td 2134 2136
  td 2086 2088
  td 2155 2157
  td 2113 2115
  td 2279 2281
  td 2134 2136
  td 2304 2306
  td 2155 2157
  td 2329 2331
  td 2279 2281
  td 2354 2356
  td 2304 2306
  td 2379 2381
  td 2329 2331
  td 2405 2407
  td 2354 2356
  td 2430 2432
  td 2379 2381
  td 2913 2915
  td 2405 2407
  td 3033 3035
  td 2430 2432
  td 3060 3062
  td 2913 2915
  td 3090 3092
  td 3033 3035
  td 3171 3173
  td 3060 3062
  td 3201 3203
  td 3090 3092
  td 3282 3284
  td 3171 3173
  td 3312 3314
  td 3201 3203
  td 3338 3340
  td 3282 3284
  td 3368 3370
  td 3312 3314
  td 3398 3400
  td 3338 3340
  td 3524 3526
  td 3368 3370
  td 3558 3560
  td 3398 3400
  td 3583 3585
  td 3524 3526
  td 4193 4195
  td 3558 3560
  td 4218 4220
  td 3583 3585
  td 4266 4268
  td 4193 4195
  tr 4312 4314
  td 4218 4220
  tr 4824 4826
  td 4266 4268
  td 4841 4843
  tr 4312 4314
  strong 4876 4882
  tr 4824 4826
  strong 4911 4917
  td 4841 4843
  td 4920 4922
  strong 4876 4882
  td 4937 4939
  strong 4911 4917
  strong 4971 4977
  td 4920 4922
strong is a "html tag"
  td 4937 4939
html.css has 163 symbols
  strong 4971 4977
Searching through them all for /(^|[\s>+~])strong(\[[^\]]*\]|:{1,2}[\w-()]+|\.[\w-]+|#[\w-]+)*\s*/
strong is a "html tag"
Done
app.css has 3148 symbols
exception.css has 214 symbols
Searching through them all for /(^|[\s>+~])strong(\[[^\]]*\]|:{1,2}[\w-()]+|\.[\w-]+|#[\w-]+)*\s*/
Searching through them all for /(^|[\s>+~])strong(\[[^\]]*\]|:{1,2}[\w-()]+|\.[\w-]+|#[\w-]+)*\s*/
Done
Done
components.min.css has 4339 symbols
app.css has 3148 symbols
Searching through them all for /(^|[\s>+~])strong(\[[^\]]*\]|:{1,2}[\w-()]+|\.[\w-]+|#[\w-]+)*\s*/
Searching through them all for /(^|[\s>+~])strong(\[[^\]]*\]|:{1,2}[\w-()]+|\.[\w-]+|#[\w-]+)*\s*/
Done
Done
my_print.css has 14 symbols
components.min.css has 4339 symbols
Searching through them all for /(^|[\s>+~])strong(\[[^\]]*\]|:{1,2}[\w-()]+|\.[\w-]+|#[\w-]+)*\s*/
Searching through them all for /(^|[\s>+~])strong(\[[^\]]*\]|:{1,2}[\w-()]+|\.[\w-]+|#[\w-]+)*\s*/
Done
Done
print_tabulation.css has 7 symbols
bootstrap.css has 2572 symbols
Searching through them all for /(^|[\s>+~])strong(\[[^\]]*\]|:{1,2}[\w-()]+|\.[\w-]+|#[\w-]+)*\s*/
Searching through them all for /(^|[\s>+~])strong(\[[^\]]*\]|:{1,2}[\w-()]+|\.[\w-]+|#[\w-]+)*\s*/
Done
Done
bootstrap_limitless.css has 1198 symbols
my_print.css has 14 symbols
Searching through them all for /(^|[\s>+~])strong(\[[^\]]*\]|:{1,2}[\w-()]+|\.[\w-]+|#[\w-]+)*\s*/
Searching through them all for /(^|[\s>+~])strong(\[[^\]]*\]|:{1,2}[\w-()]+|\.[\w-]+|#[\w-]+)*\s*/
Done
Done
bootstrap.min.css has 2572 symbols
bootstrap_limitless.css has 1198 symbols
Searching through them all for /(^|[\s>+~])strong(\[[^\]]*\]|:{1,2}[\w-()]+|\.[\w-]+|#[\w-]+)*\s*/
Searching through them all for /(^|[\s>+~])strong(\[[^\]]*\]|:{1,2}[\w-()]+|\.[\w-]+|#[\w-]+)*\s*/
Done
Done
bootstrap_limitless.min.css has 1198 symbols
bootstrap_limitless.min.css has 1198 symbols
Searching through them all for /(^|[\s>+~])strong(\[[^\]]*\]|:{1,2}[\w-()]+|\.[\w-]+|#[\w-]+)*\s*/
Searching through them all for /(^|[\s>+~])strong(\[[^\]]*\]|:{1,2}[\w-()]+|\.[\w-]+|#[\w-]+)*\s*/
Done
Done
receipt.css has 17 symbols
receipt.css has 17 symbols
Searching through them all for /(^|[\s>+~])strong(\[[^\]]*\]|:{1,2}[\w-()]+|\.[\w-]+|#[\w-]+)*\s*/
Searching through them all for /(^|[\s>+~])strong(\[[^\]]*\]|:{1,2}[\w-()]+|\.[\w-]+|#[\w-]+)*\s*/
Done
Done
_inbox.scss has 15 symbols
print_tabulation.css has 7 symbols
Searching through them all for /(^|[\s>+~])strong(\[[^\]]*\]|:{1,2}[\w-()]+|\.[\w-]+|#[\w-]+)*\s*/
Searching through them all for /(^|[\s>+~])strong(\[[^\]]*\]|:{1,2}[\w-()]+|\.[\w-]+|#[\w-]+)*\s*/
Done
Done
_c3.scss has 48 symbols
bootstrap-datepicker.min.css has 221 symbols
Searching through them all for /(^|[\s>+~])strong(\[[^\]]*\]|:{1,2}[\w-()]+|\.[\w-]+|#[\w-]+)*\s*/
Searching through them all for /(^|[\s>+~])strong(\[[^\]]*\]|:{1,2}[\w-()]+|\.[\w-]+|#[\w-]+)*\s*/
Done
Done
_d3.scss has 72 symbols
_c3.scss has 48 symbols
Searching through them all for /(^|[\s>+~])strong(\[[^\]]*\]|:{1,2}[\w-()]+|\.[\w-]+|#[\w-]+)*\s*/
Searching through them all for /(^|[\s>+~])strong(\[[^\]]*\]|:{1,2}[\w-()]+|\.[\w-]+|#[\w-]+)*\s*/
Done
Done
_alpaca.scss has 65 symbols
_print.scss has 34 symbols
Searching through them all for /(^|[\s>+~])strong(\[[^\]]*\]|:{1,2}[\w-()]+|\.[\w-]+|#[\w-]+)*\s*/
Searching through them all for /(^|[\s>+~])strong(\[[^\]]*\]|:{1,2}[\w-()]+|\.[\w-]+|#[\w-]+)*\s*/
Done
Done
_date.scss has 49 symbols
_d3.scss has 72 symbols
Searching through them all for /(^|[\s>+~])strong(\[[^\]]*\]|:{1,2}[\w-()]+|\.[\w-]+|#[\w-]+)*\s*/
Searching through them all for /(^|[\s>+~])strong(\[[^\]]*\]|:{1,2}[\w-()]+|\.[\w-]+|#[\w-]+)*\s*/
Done
Done
_alpaca.scss has 64 symbols
bootstrap.min.css has 2572 symbols
Searching through them all for /(^|[\s>+~])strong(\[[^\]]*\]|:{1,2}[\w-()]+|\.[\w-]+|#[\w-]+)*\s*/
Searching through them all for /(^|[\s>+~])strong(\[[^\]]*\]|:{1,2}[\w-()]+|\.[\w-]+|#[\w-]+)*\s*/
Done
Done
_daterange.scss has 87 symbols
_tables.scss has 43 symbols
Searching through them all for /(^|[\s>+~])strong(\[[^\]]*\]|:{1,2}[\w-()]+|\.[\w-]+|#[\w-]+)*\s*/
Searching through them all for /(^|[\s>+~])strong(\[[^\]]*\]|:{1,2}[\w-()]+|\.[\w-]+|#[\w-]+)*\s*/
Done
Done
_daterange.scss has 86 symbols
_reboot.scss has 100 symbols
Searching through them all for /(^|[\s>+~])strong(\[[^\]]*\]|:{1,2}[\w-()]+|\.[\w-]+|#[\w-]+)*\s*/
Searching through them all for /(^|[\s>+~])strong(\[[^\]]*\]|:{1,2}[\w-()]+|\.[\w-]+|#[\w-]+)*\s*/
Done
Done
_fullcalendar.scss has 285 symbols
_table-row.scss has 10 symbols
Searching through them all for /(^|[\s>+~])strong(\[[^\]]*\]|:{1,2}[\w-()]+|\.[\w-]+|#[\w-]+)*\s*/
Searching through them all for /(^|[\s>+~])strong(\[[^\]]*\]|:{1,2}[\w-()]+|\.[\w-]+|#[\w-]+)*\s*/
Done
Done
_fancytree.scss has 100 symbols
_inbox.scss has 15 symbols
Searching through them all for /(^|[\s>+~])strong(\[[^\]]*\]|:{1,2}[\w-()]+|\.[\w-]+|#[\w-]+)*\s*/
Searching through them all for /(^|[\s>+~])strong(\[[^\]]*\]|:{1,2}[\w-()]+|\.[\w-]+|#[\w-]+)*\s*/
Done
Done
_fancytree.scss has 100 symbols
components.css has 4341 symbols
Searching through them all for /(^|[\s>+~])strong(\[[^\]]*\]|:{1,2}[\w-()]+|\.[\w-]+|#[\w-]+)*\s*/
Searching through them all for /(^|[\s>+~])strong(\[[^\]]*\]|:{1,2}[\w-()]+|\.[\w-]+|#[\w-]+)*\s*/
Done
Done
_fullcalendar.scss has 285 symbols
_buttons.scss has 69 symbols
Searching through them all for /(^|[\s>+~])strong(\[[^\]]*\]|:{1,2}[\w-()]+|\.[\w-]+|#[\w-]+)*\s*/
Searching through them all for /(^|[\s>+~])strong(\[[^\]]*\]|:{1,2}[\w-()]+|\.[\w-]+|#[\w-]+)*\s*/
Done
Done
_widgets.scss has 251 symbols
_handsontable.scss has 342 symbols
Searching through them all for /(^|[\s>+~])strong(\[[^\]]*\]|:{1,2}[\w-()]+|\.[\w-]+|#[\w-]+)*\s*/
Searching through them all for /(^|[\s>+~])strong(\[[^\]]*\]|:{1,2}[\w-()]+|\.[\w-]+|#[\w-]+)*\s*/
Done
Done
_footable.scss has 17 symbols
_fancytree.scss has 100 symbols
Searching through them all for /(^|[\s>+~])strong(\[[^\]]*\]|:{1,2}[\w-()]+|\.[\w-]+|#[\w-]+)*\s*/
Searching through them all for /(^|[\s>+~])strong(\[[^\]]*\]|:{1,2}[\w-()]+|\.[\w-]+|#[\w-]+)*\s*/
Done
Done
_handsontable.scss has 342 symbols
_tables.scss has 136 symbols
Searching through them all for /(^|[\s>+~])strong(\[[^\]]*\]|:{1,2}[\w-()]+|\.[\w-]+|#[\w-]+)*\s*/
Searching through them all for /(^|[\s>+~])strong(\[[^\]]*\]|:{1,2}[\w-()]+|\.[\w-]+|#[\w-]+)*\s*/
Done
Done
_footable.scss has 17 symbols
_footable.scss has 17 symbols
Searching through them all for /(^|[\s>+~])strong(\[[^\]]*\]|:{1,2}[\w-()]+|\.[\w-]+|#[\w-]+)*\s*/
Searching through them all for /(^|[\s>+~])strong(\[[^\]]*\]|:{1,2}[\w-()]+|\.[\w-]+|#[\w-]+)*\s*/
Done
Done
_widgets.scss has 281 symbols
_fullcalendar.scss has 285 symbols
Searching through them all for /(^|[\s>+~])strong(\[[^\]]*\]|:{1,2}[\w-()]+|\.[\w-]+|#[\w-]+)*\s*/
Searching through them all for /(^|[\s>+~])strong(\[[^\]]*\]|:{1,2}[\w-()]+|\.[\w-]+|#[\w-]+)*\s*/
Done
Done
_handsontable.scss has 342 symbols
_datatable-rows-reorder.scss has 4 symbols
Searching through them all for /(^|[\s>+~])strong(\[[^\]]*\]|:{1,2}[\w-()]+|\.[\w-]+|#[\w-]+)*\s*/
Searching through them all for /(^|[\s>+~])strong(\[[^\]]*\]|:{1,2}[\w-()]+|\.[\w-]+|#[\w-]+)*\s*/
Done
Done
_datatable-columns-reorder.scss has 4 symbols
_datatable-responsive.scss has 31 symbols
Searching through them all for /(^|[\s>+~])strong(\[[^\]]*\]|:{1,2}[\w-()]+|\.[\w-]+|#[\w-]+)*\s*/
Searching through them all for /(^|[\s>+~])strong(\[[^\]]*\]|:{1,2}[\w-()]+|\.[\w-]+|#[\w-]+)*\s*/
Done
Done
_datatables.scss has 132 symbols
_datatable-columns-reorder.scss has 4 symbols
Searching through them all for /(^|[\s>+~])strong(\[[^\]]*\]|:{1,2}[\w-()]+|\.[\w-]+|#[\w-]+)*\s*/
Searching through them all for /(^|[\s>+~])strong(\[[^\]]*\]|:{1,2}[\w-()]+|\.[\w-]+|#[\w-]+)*\s*/
Done
Done
_datatable-responsive.scss has 31 symbols
_datatables.scss has 132 symbols
Searching through them all for /(^|[\s>+~])strong(\[[^\]]*\]|:{1,2}[\w-()]+|\.[\w-]+|#[\w-]+)*\s*/
Searching through them all for /(^|[\s>+~])strong(\[[^\]]*\]|:{1,2}[\w-()]+|\.[\w-]+|#[\w-]+)*\s*/
Done
Done
_datatable-rows-reorder.scss has 4 symbols
_alpaca.scss has 64 symbols
Searching through them all for /(^|[\s>+~])strong(\[[^\]]*\]|:{1,2}[\w-()]+|\.[\w-]+|#[\w-]+)*\s*/
Searching through them all for /(^|[\s>+~])strong(\[[^\]]*\]|:{1,2}[\w-()]+|\.[\w-]+|#[\w-]+)*\s*/
Done
Done
_datatable-scroller.scss has 8 symbols
_buttons.scss has 69 symbols
Searching through them all for /(^|[\s>+~])strong(\[[^\]]*\]|:{1,2}[\w-()]+|\.[\w-]+|#[\w-]+)*\s*/
Searching through them all for /(^|[\s>+~])strong(\[[^\]]*\]|:{1,2}[\w-()]+|\.[\w-]+|#[\w-]+)*\s*/
Done
Done
_datatable-rows-reorder.scss has 4 symbols
_datatable-keytable.scss has 8 symbols
Searching through them all for /(^|[\s>+~])strong(\[[^\]]*\]|:{1,2}[\w-()]+|\.[\w-]+|#[\w-]+)*\s*/
Searching through them all for /(^|[\s>+~])strong(\[[^\]]*\]|:{1,2}[\w-()]+|\.[\w-]+|#[\w-]+)*\s*/
Done
Done
_datatable-columns-reorder.scss has 4 symbols
_datatable-fixed-columns.scss has 21 symbols
Searching through them all for /(^|[\s>+~])strong(\[[^\]]*\]|:{1,2}[\w-()]+|\.[\w-]+|#[\w-]+)*\s*/
Searching through them all for /(^|[\s>+~])strong(\[[^\]]*\]|:{1,2}[\w-()]+|\.[\w-]+|#[\w-]+)*\s*/
Done
Done
_datatable-fixed-columns.scss has 21 symbols
_datatable-scroller.scss has 8 symbols
Searching through them all for /(^|[\s>+~])strong(\[[^\]]*\]|:{1,2}[\w-()]+|\.[\w-]+|#[\w-]+)*\s*/
Searching through them all for /(^|[\s>+~])strong(\[[^\]]*\]|:{1,2}[\w-()]+|\.[\w-]+|#[\w-]+)*\s*/
Done
Done
_buttons.scss has 69 symbols
_handsontable.scss has 342 symbols
Searching through them all for /(^|[\s>+~])strong(\[[^\]]*\]|:{1,2}[\w-()]+|\.[\w-]+|#[\w-]+)*\s*/
Searching through them all for /(^|[\s>+~])strong(\[[^\]]*\]|:{1,2}[\w-()]+|\.[\w-]+|#[\w-]+)*\s*/
Done
Done
_datatable-keytable.scss has 8 symbols
_alpaca.scss has 65 symbols
Searching through them all for /(^|[\s>+~])strong(\[[^\]]*\]|:{1,2}[\w-()]+|\.[\w-]+|#[\w-]+)*\s*/
Searching through them all for /(^|[\s>+~])strong(\[[^\]]*\]|:{1,2}[\w-()]+|\.[\w-]+|#[\w-]+)*\s*/
Done
Done
_datatable-responsive.scss has 31 symbols
_daterange.scss has 86 symbols
Searching through them all for /(^|[\s>+~])strong(\[[^\]]*\]|:{1,2}[\w-()]+|\.[\w-]+|#[\w-]+)*\s*/
Searching through them all for /(^|[\s>+~])strong(\[[^\]]*\]|:{1,2}[\w-()]+|\.[\w-]+|#[\w-]+)*\s*/
Done
Done
_datatable-scroller.scss has 8 symbols
_footable.scss has 17 symbols
Searching through them all for /(^|[\s>+~])strong(\[[^\]]*\]|:{1,2}[\w-()]+|\.[\w-]+|#[\w-]+)*\s*/
Searching through them all for /(^|[\s>+~])strong(\[[^\]]*\]|:{1,2}[\w-()]+|\.[\w-]+|#[\w-]+)*\s*/
Done
Done
_datatable-fixed-columns.scss has 21 symbols
_widgets.scss has 251 symbols
Searching through them all for /(^|[\s>+~])strong(\[[^\]]*\]|:{1,2}[\w-()]+|\.[\w-]+|#[\w-]+)*\s*/
Searching through them all for /(^|[\s>+~])strong(\[[^\]]*\]|:{1,2}[\w-()]+|\.[\w-]+|#[\w-]+)*\s*/
Done
Done
_datatable-keytable.scss has 8 symbols
_widgets.scss has 281 symbols
Searching through them all for /(^|[\s>+~])strong(\[[^\]]*\]|:{1,2}[\w-()]+|\.[\w-]+|#[\w-]+)*\s*/
Searching through them all for /(^|[\s>+~])strong(\[[^\]]*\]|:{1,2}[\w-()]+|\.[\w-]+|#[\w-]+)*\s*/
Done
Done
_datatables.scss has 133 symbols
_datatable-rows-reorder.scss has 4 symbols
Searching through them all for /(^|[\s>+~])strong(\[[^\]]*\]|:{1,2}[\w-()]+|\.[\w-]+|#[\w-]+)*\s*/
Searching through them all for /(^|[\s>+~])strong(\[[^\]]*\]|:{1,2}[\w-()]+|\.[\w-]+|#[\w-]+)*\s*/
Done
Done
bootstrap-datepicker.min.css has 221 symbols
_datatable-responsive.scss has 31 symbols
Searching through them all for /(^|[\s>+~])strong(\[[^\]]*\]|:{1,2}[\w-()]+|\.[\w-]+|#[\w-]+)*\s*/
Searching through them all for /(^|[\s>+~])strong(\[[^\]]*\]|:{1,2}[\w-()]+|\.[\w-]+|#[\w-]+)*\s*/
Done
Done
bootstrap.css has 2572 symbols
_datatable-columns-reorder.scss has 4 symbols
Searching through them all for /(^|[\s>+~])strong(\[[^\]]*\]|:{1,2}[\w-()]+|\.[\w-]+|#[\w-]+)*\s*/
Searching through them all for /(^|[\s>+~])strong(\[[^\]]*\]|:{1,2}[\w-()]+|\.[\w-]+|#[\w-]+)*\s*/
Done
Done
components.css has 4341 symbols
_datatables.scss has 133 symbols
Searching through them all for /(^|[\s>+~])strong(\[[^\]]*\]|:{1,2}[\w-()]+|\.[\w-]+|#[\w-]+)*\s*/
Searching through them all for /(^|[\s>+~])strong(\[[^\]]*\]|:{1,2}[\w-()]+|\.[\w-]+|#[\w-]+)*\s*/
Done
Done
_tables.scss has 136 symbols
_datatable-fixed-columns.scss has 21 symbols
Searching through them all for /(^|[\s>+~])strong(\[[^\]]*\]|:{1,2}[\w-()]+|\.[\w-]+|#[\w-]+)*\s*/
Searching through them all for /(^|[\s>+~])strong(\[[^\]]*\]|:{1,2}[\w-()]+|\.[\w-]+|#[\w-]+)*\s*/
Done
Done
_buttons.scss has 69 symbols
_date.scss has 49 symbols
Searching through them all for /(^|[\s>+~])strong(\[[^\]]*\]|:{1,2}[\w-()]+|\.[\w-]+|#[\w-]+)*\s*/
Searching through them all for /(^|[\s>+~])strong(\[[^\]]*\]|:{1,2}[\w-()]+|\.[\w-]+|#[\w-]+)*\s*/
Done
Done
_print.scss has 34 symbols
_daterange.scss has 87 symbols
Searching through them all for /(^|[\s>+~])strong(\[[^\]]*\]|:{1,2}[\w-()]+|\.[\w-]+|#[\w-]+)*\s*/
Searching through them all for /(^|[\s>+~])strong(\[[^\]]*\]|:{1,2}[\w-()]+|\.[\w-]+|#[\w-]+)*\s*/
Done
Done
_tables.scss has 43 symbols
_datatable-scroller.scss has 8 symbols
Searching through them all for /(^|[\s>+~])strong(\[[^\]]*\]|:{1,2}[\w-()]+|\.[\w-]+|#[\w-]+)*\s*/
Searching through them all for /(^|[\s>+~])strong(\[[^\]]*\]|:{1,2}[\w-()]+|\.[\w-]+|#[\w-]+)*\s*/
Done
Done
_tables.scss has 136 symbols
_datatable-keytable.scss has 8 symbols
Searching through them all for /(^|[\s>+~])strong(\[[^\]]*\]|:{1,2}[\w-()]+|\.[\w-]+|#[\w-]+)*\s*/
Searching through them all for /(^|[\s>+~])strong(\[[^\]]*\]|:{1,2}[\w-()]+|\.[\w-]+|#[\w-]+)*\s*/
Done
Done
_reboot.scss has 100 symbols
_date.scss has 49 symbols
Searching through them all for /(^|[\s>+~])strong(\[[^\]]*\]|:{1,2}[\w-()]+|\.[\w-]+|#[\w-]+)*\s*/
Searching through them all for /(^|[\s>+~])strong(\[[^\]]*\]|:{1,2}[\w-()]+|\.[\w-]+|#[\w-]+)*\s*/
Done
Done
_table-row.scss has 10 symbols
_tables.scss has 136 symbols
Searching through them all for /(^|[\s>+~])strong(\[[^\]]*\]|:{1,2}[\w-()]+|\.[\w-]+|#[\w-]+)*\s*/
Searching through them all for /(^|[\s>+~])strong(\[[^\]]*\]|:{1,2}[\w-()]+|\.[\w-]+|#[\w-]+)*\s*/
Done
Done
_date.scss has 49 symbols
_fancytree.scss has 100 symbols
Searching through them all for /(^|[\s>+~])strong(\[[^\]]*\]|:{1,2}[\w-()]+|\.[\w-]+|#[\w-]+)*\s*/
Searching through them all for /(^|[\s>+~])strong(\[[^\]]*\]|:{1,2}[\w-()]+|\.[\w-]+|#[\w-]+)*\s*/
Done
Done
dialog.css has 159 symbols
_fullcalendar.scss has 285 symbols
Searching through them all for /(^|[\s>+~])strong(\[[^\]]*\]|:{1,2}[\w-()]+|\.[\w-]+|#[\w-]+)*\s*/
Searching through them all for /(^|[\s>+~])strong(\[[^\]]*\]|:{1,2}[\w-()]+|\.[\w-]+|#[\w-]+)*\s*/
Done
Done
dialog_ie8.css has 161 symbols
dialog.css has 159 symbols
Searching through them all for /(^|[\s>+~])strong(\[[^\]]*\]|:{1,2}[\w-()]+|\.[\w-]+|#[\w-]+)*\s*/
Searching through them all for /(^|[\s>+~])strong(\[[^\]]*\]|:{1,2}[\w-()]+|\.[\w-]+|#[\w-]+)*\s*/
Done
Done
dialog_iequirks.css has 158 symbols
dialog_ie8.css has 161 symbols
Searching through them all for /(^|[\s>+~])strong(\[[^\]]*\]|:{1,2}[\w-()]+|\.[\w-]+|#[\w-]+)*\s*/
Searching through them all for /(^|[\s>+~])strong(\[[^\]]*\]|:{1,2}[\w-()]+|\.[\w-]+|#[\w-]+)*\s*/
Done
Done
dialog_ie.css has 173 symbols
dialog_ie7.css has 172 symbols
Searching through them all for /(^|[\s>+~])strong(\[[^\]]*\]|:{1,2}[\w-()]+|\.[\w-]+|#[\w-]+)*\s*/
Searching through them all for /(^|[\s>+~])strong(\[[^\]]*\]|:{1,2}[\w-()]+|\.[\w-]+|#[\w-]+)*\s*/
Done
Done
dialog_ie7.css has 172 symbols
dialog_ie.css has 173 symbols
Searching through them all for /(^|[\s>+~])strong(\[[^\]]*\]|:{1,2}[\w-()]+|\.[\w-]+|#[\w-]+)*\s*/
Searching through them all for /(^|[\s>+~])strong(\[[^\]]*\]|:{1,2}[\w-()]+|\.[\w-]+|#[\w-]+)*\s*/
Done
Done
dialog.scss has 155 symbols
dialog_iequirks.css has 158 symbols
Searching through them all for /(^|[\s>+~])strong(\[[^\]]*\]|:{1,2}[\w-()]+|\.[\w-]+|#[\w-]+)*\s*/
Searching through them all for /(^|[\s>+~])strong(\[[^\]]*\]|:{1,2}[\w-()]+|\.[\w-]+|#[\w-]+)*\s*/
Done
Done
dialog_opera.css has 160 symbols
dialog.scss has 155 symbols
Searching through them all for /(^|[\s>+~])strong(\[[^\]]*\]|:{1,2}[\w-()]+|\.[\w-]+|#[\w-]+)*\s*/
Searching through them all for /(^|[\s>+~])strong(\[[^\]]*\]|:{1,2}[\w-()]+|\.[\w-]+|#[\w-]+)*\s*/
Done
Done
_colorpanel.scss has 20 symbols
dialog_opera.scss has 3 symbols
Searching through them all for /(^|[\s>+~])strong(\[[^\]]*\]|:{1,2}[\w-()]+|\.[\w-]+|#[\w-]+)*\s*/
Searching through them all for /(^|[\s>+~])strong(\[[^\]]*\]|:{1,2}[\w-()]+|\.[\w-]+|#[\w-]+)*\s*/
Done
Done
dialog_opera.scss has 3 symbols
dialog_opera.css has 160 symbols
Searching through them all for /(^|[\s>+~])strong(\[[^\]]*\]|:{1,2}[\w-()]+|\.[\w-]+|#[\w-]+)*\s*/
Searching through them all for /(^|[\s>+~])strong(\[[^\]]*\]|:{1,2}[\w-()]+|\.[\w-]+|#[\w-]+)*\s*/
Done
Done
dialog_ie7.css has 172 symbols
dialog_opera.css has 160 symbols
Searching through them all for /(^|[\s>+~])strong(\[[^\]]*\]|:{1,2}[\w-()]+|\.[\w-]+|#[\w-]+)*\s*/
Searching through them all for /(^|[\s>+~])strong(\[[^\]]*\]|:{1,2}[\w-()]+|\.[\w-]+|#[\w-]+)*\s*/
Done
Done
dialog_opera.css has 160 symbols
dialog_iequirks.css has 158 symbols
Searching through them all for /(^|[\s>+~])strong(\[[^\]]*\]|:{1,2}[\w-()]+|\.[\w-]+|#[\w-]+)*\s*/
Searching through them all for /(^|[\s>+~])strong(\[[^\]]*\]|:{1,2}[\w-()]+|\.[\w-]+|#[\w-]+)*\s*/
Done
Done
dialog_opera.scss has 3 symbols
dialog_ie.css has 173 symbols
Searching through them all for /(^|[\s>+~])strong(\[[^\]]*\]|:{1,2}[\w-()]+|\.[\w-]+|#[\w-]+)*\s*/
Searching through them all for /(^|[\s>+~])strong(\[[^\]]*\]|:{1,2}[\w-()]+|\.[\w-]+|#[\w-]+)*\s*/
Done
Done
dialog_iequirks.css has 158 symbols
dialog_ie7.css has 172 symbols
Searching through them all for /(^|[\s>+~])strong(\[[^\]]*\]|:{1,2}[\w-()]+|\.[\w-]+|#[\w-]+)*\s*/
Searching through them all for /(^|[\s>+~])strong(\[[^\]]*\]|:{1,2}[\w-()]+|\.[\w-]+|#[\w-]+)*\s*/
Done
Done
dialog_ie.css has 173 symbols
dialog_ie8.css has 161 symbols
Searching through them all for /(^|[\s>+~])strong(\[[^\]]*\]|:{1,2}[\w-()]+|\.[\w-]+|#[\w-]+)*\s*/
Searching through them all for /(^|[\s>+~])strong(\[[^\]]*\]|:{1,2}[\w-()]+|\.[\w-]+|#[\w-]+)*\s*/
Done
Done
dialog_ie8.css has 161 symbols
_colorpanel.scss has 20 symbols
Searching through them all for /(^|[\s>+~])strong(\[[^\]]*\]|:{1,2}[\w-()]+|\.[\w-]+|#[\w-]+)*\s*/
Searching through them all for /(^|[\s>+~])strong(\[[^\]]*\]|:{1,2}[\w-()]+|\.[\w-]+|#[\w-]+)*\s*/
Done
Done
wsc.css has 18 symbols
dialog.css has 159 symbols
Searching through them all for /(^|[\s>+~])strong(\[[^\]]*\]|:{1,2}[\w-()]+|\.[\w-]+|#[\w-]+)*\s*/
Searching through them all for /(^|[\s>+~])strong(\[[^\]]*\]|:{1,2}[\w-()]+|\.[\w-]+|#[\w-]+)*\s*/
Done
Done
dialog.css has 159 symbols
dialog.scss has 155 symbols
Searching through them all for /(^|[\s>+~])strong(\[[^\]]*\]|:{1,2}[\w-()]+|\.[\w-]+|#[\w-]+)*\s*/
Searching through them all for /(^|[\s>+~])strong(\[[^\]]*\]|:{1,2}[\w-()]+|\.[\w-]+|#[\w-]+)*\s*/
Done
Done
dialog.scss has 155 symbols
dialog_opera.scss has 3 symbols
Searching through them all for /(^|[\s>+~])strong(\[[^\]]*\]|:{1,2}[\w-()]+|\.[\w-]+|#[\w-]+)*\s*/
Searching through them all for /(^|[\s>+~])strong(\[[^\]]*\]|:{1,2}[\w-()]+|\.[\w-]+|#[\w-]+)*\s*/
Done
Done
_colorpanel.scss has 20 symbols
_colorpanel.scss has 20 symbols
Searching through them all for /(^|[\s>+~])strong(\[[^\]]*\]|:{1,2}[\w-()]+|\.[\w-]+|#[\w-]+)*\s*/
Searching through them all for /(^|[\s>+~])strong(\[[^\]]*\]|:{1,2}[\w-()]+|\.[\w-]+|#[\w-]+)*\s*/
Done
Done
exception.css has 214 symbols
wsc.css has 18 symbols
Searching through them all for /(^|[\s>+~])strong(\[[^\]]*\]|:{1,2}[\w-()]+|\.[\w-]+|#[\w-]+)*\s*/
Searching through them all for /(^|[\s>+~])strong(\[[^\]]*\]|:{1,2}[\w-()]+|\.[\w-]+|#[\w-]+)*\s*/
Done
Done
default.css has 45 symbols
default.css has 45 symbols
Searching through them all for /(^|[\s>+~])strong(\[[^\]]*\]|:{1,2}[\w-()]+|\.[\w-]+|#[\w-]+)*\s*/
Searching through them all for /(^|[\s>+~])strong(\[[^\]]*\]|:{1,2}[\w-()]+|\.[\w-]+|#[\w-]+)*\s*/
Done
Done
html.css has 163 symbols
whoops.base.css has 120 symbols
Searching through them all for /(^|[\s>+~])strong(\[[^\]]*\]|:{1,2}[\w-()]+|\.[\w-]+|#[\w-]+)*\s*/
Searching through them all for /(^|[\s>+~])strong(\[[^\]]*\]|:{1,2}[\w-()]+|\.[\w-]+|#[\w-]+)*\s*/
Done
Done
whoops.base.css has 120 symbols
style.css has 50 symbols
Searching through them all for /(^|[\s>+~])strong(\[[^\]]*\]|:{1,2}[\w-()]+|\.[\w-]+|#[\w-]+)*\s*/
Searching through them all for /(^|[\s>+~])strong(\[[^\]]*\]|:{1,2}[\w-()]+|\.[\w-]+|#[\w-]+)*\s*/
Done
Done
bootstrap.min.css has 3147 symbols
bootstrap.min.css has 3147 symbols
Searching through them all for /(^|[\s>+~])strong(\[[^\]]*\]|:{1,2}[\w-()]+|\.[\w-]+|#[\w-]+)*\s*/
Searching through them all for /(^|[\s>+~])strong(\[[^\]]*\]|:{1,2}[\w-()]+|\.[\w-]+|#[\w-]+)*\s*/
Done
Done
nv.d3.min.css has 135 symbols
nv.d3.min.css has 135 symbols
Searching through them all for /(^|[\s>+~])strong(\[[^\]]*\]|:{1,2}[\w-()]+|\.[\w-]+|#[\w-]+)*\s*/
Searching through them all for /(^|[\s>+~])strong(\[[^\]]*\]|:{1,2}[\w-()]+|\.[\w-]+|#[\w-]+)*\s*/
Done
Done
style.css has 50 symbols
Searching through them all for /(^|[\s>+~])strong(\[[^\]]*\]|:{1,2}[\w-()]+|\.[\w-]+|#[\w-]+)*\s*/
strong>RANG: 5069
Done
  script 54 60
  script 113 119
strong>RANG: 5069
  script 122 128
  script 54 60
  script 181 187
  script 113 119
  table 191 196
  script 122 128
  tbody 250 255
  script 181 187
  tr 266 268
  table 191 196
  td 283 285
  tbody 250 255
  strong 287 293
  tr 266 268
  strong 300 306
  td 283 285
  td 343 345
  strong 287 293
  td 398 400
  strong 300 306
  strong 402 408
  td 343 345
  strong 430 436
  td 398 400
  td 457 459
  strong 402 408
  td 474 476
  strong 430 436
  strong 478 484
  td 457 459
  strong 494 500
  td 474 476
  td 537 539
  strong 478 484
  tr 551 553
  strong 494 500
  tr 564 566
  td 537 539
  td 581 583
  tr 551 553
  strong 585 591
  tr 564 566
  strong 616 622
  td 581 583
  td 680 682
  strong 585 591
  td 697 699
  strong 616 622
  strong 701 707
  td 680 682
  strong 727 733
  td 697 699
  td 752 754
  strong 701 707
  td 769 771
  strong 727 733
  strong 773 779
  td 752 754
  strong 786 792
  td 769 771
  td 929 931
  strong 773 779
  tr 943 945
  strong 786 792
  tbody 954 959
  td 929 931
  table 963 968
  tr 943 945
  table 973 978
  tbody 954 959
  thead 1119 1124
  table 963 968
  tr 1135 1137
  table 973 978
  th 1152 1154
  thead 1119 1124
  th 1171 1173
  tr 1135 1137
  th 1188 1190
  th 1152 1154
  th 1213 1215
  th 1171 1173
  th 1230 1232
  th 1188 1190
  br 1249 1251
  th 1213 1215
  th 1258 1260
  th 1230 1232
  th 1275 1277
  br 1249 1251
  br 1294 1296
  th 1258 1260
  th 1303 1305
  th 1275 1277
  th 1320 1322
  br 1294 1296
  br 1343 1345
  th 1303 1305
  th 1352 1354
  th 1320 1322
  th 1369 1371
  br 1343 1345
  br 1398 1400
  th 1352 1354
  th 1403 1405
  th 1369 1371
  th 1490 1492
  br 1398 1400
  br 1512 1514
  th 1403 1405
  sup 1524 1527
  th 1490 1492
  sup 1531 1534
  br 1512 1514
  th 1547 1549
  sup 1524 1527
  th 1564 1566
  sup 1531 1534
  sup 1581 1584
  th 1547 1549
  sup 1589 1592
  th 1564 1566
  br 1595 1597
  sup 1581 1584
  th 1610 1612
  sup 1589 1592
  th 1627 1629
  br 1595 1597
  sup 1644 1647
  th 1610 1612
  sup 1651 1654
  th 1627 1629
  br 1657 1659
  sup 1644 1647
  th 1672 1674
  sup 1651 1654
  th 1689 1691
  br 1657 1659
  br 1716 1718
  th 1672 1674
  sup 1722 1725
  th 1689 1691
  sup 1730 1733
  br 1716 1718
  sup 1739 1742
  sup 1722 1725
  sup 1746 1749
  sup 1730 1733
  sup 1755 1758
  sup 1739 1742
  sup 1762 1765
  sup 1746 1749
  th 1768 1770
  sup 1755 1758
  th 1785 1787
  sup 1762 1765
  th 1809 1811
  th 1768 1770
  th 1851 1853
  th 1785 1787
  th 1879 1881
  th 1809 1811
  th 1896 1898
  th 1851 1853
  th 1928 1930
  th 1879 1881
  th 1945 1947
  th 1896 1898
  th 1971 1973
  th 1928 1930
  tr 1985 1987
  th 1945 1947
  thead 1995 2000
  th 1971 1973
  tbody 2008 2013
  tr 1985 1987
  tr 2065 2067
  thead 1995 2000
  td 2086 2088
  tbody 2008 2013
  td 2113 2115
  tr 2065 2067
  td 2134 2136
  td 2086 2088
  td 2155 2157
  td 2113 2115
  td 2279 2281
  td 2134 2136
  td 2304 2306
  td 2155 2157
  td 2329 2331
  td 2279 2281
  td 2354 2356
  td 2304 2306
  td 2379 2381
  td 2329 2331
  td 2405 2407
  td 2354 2356
  td 2430 2432
  td 2379 2381
  td 2913 2915
  td 2405 2407
  td 3033 3035
  td 2430 2432
  td 3060 3062
  td 2913 2915
  td 3090 3092
  td 3033 3035
  td 3171 3173
  td 3060 3062
  td 3201 3203
  td 3090 3092
  td 3282 3284
  td 3171 3173
  td 3312 3314
  td 3201 3203
  td 3338 3340
  td 3282 3284
  td 3368 3370
  td 3312 3314
  td 3398 3400
  td 3338 3340
  td 3524 3526
  td 3368 3370
  td 3558 3560
  td 3398 3400
  td 3583 3585
  td 3524 3526
  td 4193 4195
  td 3558 3560
  td 4218 4220
  td 3583 3585
  td 4266 4268
  td 4193 4195
  tr 4312 4314
  td 4218 4220
  tr 4824 4826
  td 4266 4268
  td 4841 4843
  tr 4312 4314
  strong 4876 4882
  tr 4824 4826
  strong 4911 4917
  td 4841 4843
  td 4920 4922
  strong 4876 4882
  td 4937 4939
  strong 4911 4917
  strong 4971 4977
  td 4920 4922
  strong 4996 5002
  td 4937 4939
  td 5005 5007
  strong 4971 4977
  td 5053 5055
  strong 4996 5002
  strong 5069 5075
  td 5005 5007
strong>RANG: is a "html tag"
  td 5053 5055
html.css has 163 symbols
  strong 5069 5075
Searching through them all for /(^|[\s>+~])strong>RANG:(\[[^\]]*\]|:{1,2}[\w-()]+|\.[\w-]+|#[\w-]+)*\s*/
strong>RANG: is a "html tag"
Done
app.css has 3148 symbols
exception.css has 214 symbols
Searching through them all for /(^|[\s>+~])strong>RANG:(\[[^\]]*\]|:{1,2}[\w-()]+|\.[\w-]+|#[\w-]+)*\s*/
Searching through them all for /(^|[\s>+~])strong>RANG:(\[[^\]]*\]|:{1,2}[\w-()]+|\.[\w-]+|#[\w-]+)*\s*/
Done
Done
components.min.css has 4339 symbols
app.css has 3148 symbols
Searching through them all for /(^|[\s>+~])strong>RANG:(\[[^\]]*\]|:{1,2}[\w-()]+|\.[\w-]+|#[\w-]+)*\s*/
Searching through them all for /(^|[\s>+~])strong>RANG:(\[[^\]]*\]|:{1,2}[\w-()]+|\.[\w-]+|#[\w-]+)*\s*/
Done
Done
my_print.css has 14 symbols
components.min.css has 4339 symbols
Searching through them all for /(^|[\s>+~])strong>RANG:(\[[^\]]*\]|:{1,2}[\w-()]+|\.[\w-]+|#[\w-]+)*\s*/
Searching through them all for /(^|[\s>+~])strong>RANG:(\[[^\]]*\]|:{1,2}[\w-()]+|\.[\w-]+|#[\w-]+)*\s*/
Done
Done
print_tabulation.css has 7 symbols
bootstrap.css has 2572 symbols
Searching through them all for /(^|[\s>+~])strong>RANG:(\[[^\]]*\]|:{1,2}[\w-()]+|\.[\w-]+|#[\w-]+)*\s*/
Searching through them all for /(^|[\s>+~])strong>RANG:(\[[^\]]*\]|:{1,2}[\w-()]+|\.[\w-]+|#[\w-]+)*\s*/
Done
Done
bootstrap_limitless.css has 1198 symbols
my_print.css has 14 symbols
Searching through them all for /(^|[\s>+~])strong>RANG:(\[[^\]]*\]|:{1,2}[\w-()]+|\.[\w-]+|#[\w-]+)*\s*/
Searching through them all for /(^|[\s>+~])strong>RANG:(\[[^\]]*\]|:{1,2}[\w-()]+|\.[\w-]+|#[\w-]+)*\s*/
Done
Done
bootstrap.min.css has 2572 symbols
bootstrap_limitless.css has 1198 symbols
Searching through them all for /(^|[\s>+~])strong>RANG:(\[[^\]]*\]|:{1,2}[\w-()]+|\.[\w-]+|#[\w-]+)*\s*/
Searching through them all for /(^|[\s>+~])strong>RANG:(\[[^\]]*\]|:{1,2}[\w-()]+|\.[\w-]+|#[\w-]+)*\s*/
Done
Done
bootstrap_limitless.min.css has 1198 symbols
bootstrap_limitless.min.css has 1198 symbols
Searching through them all for /(^|[\s>+~])strong>RANG:(\[[^\]]*\]|:{1,2}[\w-()]+|\.[\w-]+|#[\w-]+)*\s*/
Searching through them all for /(^|[\s>+~])strong>RANG:(\[[^\]]*\]|:{1,2}[\w-()]+|\.[\w-]+|#[\w-]+)*\s*/
Done
Done
receipt.css has 17 symbols
receipt.css has 17 symbols
Searching through them all for /(^|[\s>+~])strong>RANG:(\[[^\]]*\]|:{1,2}[\w-()]+|\.[\w-]+|#[\w-]+)*\s*/
Searching through them all for /(^|[\s>+~])strong>RANG:(\[[^\]]*\]|:{1,2}[\w-()]+|\.[\w-]+|#[\w-]+)*\s*/
Done
Done
_inbox.scss has 15 symbols
print_tabulation.css has 7 symbols
Searching through them all for /(^|[\s>+~])strong>RANG:(\[[^\]]*\]|:{1,2}[\w-()]+|\.[\w-]+|#[\w-]+)*\s*/
Searching through them all for /(^|[\s>+~])strong>RANG:(\[[^\]]*\]|:{1,2}[\w-()]+|\.[\w-]+|#[\w-]+)*\s*/
Done
Done
_c3.scss has 48 symbols
bootstrap-datepicker.min.css has 221 symbols
Searching through them all for /(^|[\s>+~])strong>RANG:(\[[^\]]*\]|:{1,2}[\w-()]+|\.[\w-]+|#[\w-]+)*\s*/
Searching through them all for /(^|[\s>+~])strong>RANG:(\[[^\]]*\]|:{1,2}[\w-()]+|\.[\w-]+|#[\w-]+)*\s*/
Done
Done
_d3.scss has 72 symbols
_c3.scss has 48 symbols
Searching through them all for /(^|[\s>+~])strong>RANG:(\[[^\]]*\]|:{1,2}[\w-()]+|\.[\w-]+|#[\w-]+)*\s*/
Searching through them all for /(^|[\s>+~])strong>RANG:(\[[^\]]*\]|:{1,2}[\w-()]+|\.[\w-]+|#[\w-]+)*\s*/
Done
Done
_alpaca.scss has 65 symbols
_print.scss has 34 symbols
Searching through them all for /(^|[\s>+~])strong>RANG:(\[[^\]]*\]|:{1,2}[\w-()]+|\.[\w-]+|#[\w-]+)*\s*/
Searching through them all for /(^|[\s>+~])strong>RANG:(\[[^\]]*\]|:{1,2}[\w-()]+|\.[\w-]+|#[\w-]+)*\s*/
Done
Done
_date.scss has 49 symbols
_d3.scss has 72 symbols
Searching through them all for /(^|[\s>+~])strong>RANG:(\[[^\]]*\]|:{1,2}[\w-()]+|\.[\w-]+|#[\w-]+)*\s*/
Searching through them all for /(^|[\s>+~])strong>RANG:(\[[^\]]*\]|:{1,2}[\w-()]+|\.[\w-]+|#[\w-]+)*\s*/
Done
Done
_alpaca.scss has 64 symbols
bootstrap.min.css has 2572 symbols
Searching through them all for /(^|[\s>+~])strong>RANG:(\[[^\]]*\]|:{1,2}[\w-()]+|\.[\w-]+|#[\w-]+)*\s*/
Searching through them all for /(^|[\s>+~])strong>RANG:(\[[^\]]*\]|:{1,2}[\w-()]+|\.[\w-]+|#[\w-]+)*\s*/
Done
Done
_daterange.scss has 87 symbols
_tables.scss has 43 symbols
Searching through them all for /(^|[\s>+~])strong>RANG:(\[[^\]]*\]|:{1,2}[\w-()]+|\.[\w-]+|#[\w-]+)*\s*/
Searching through them all for /(^|[\s>+~])strong>RANG:(\[[^\]]*\]|:{1,2}[\w-()]+|\.[\w-]+|#[\w-]+)*\s*/
Done
Done
_daterange.scss has 86 symbols
_reboot.scss has 100 symbols
Searching through them all for /(^|[\s>+~])strong>RANG:(\[[^\]]*\]|:{1,2}[\w-()]+|\.[\w-]+|#[\w-]+)*\s*/
Searching through them all for /(^|[\s>+~])strong>RANG:(\[[^\]]*\]|:{1,2}[\w-()]+|\.[\w-]+|#[\w-]+)*\s*/
Done
Done
_fullcalendar.scss has 285 symbols
_table-row.scss has 10 symbols
Searching through them all for /(^|[\s>+~])strong>RANG:(\[[^\]]*\]|:{1,2}[\w-()]+|\.[\w-]+|#[\w-]+)*\s*/
Searching through them all for /(^|[\s>+~])strong>RANG:(\[[^\]]*\]|:{1,2}[\w-()]+|\.[\w-]+|#[\w-]+)*\s*/
Done
Done
_fancytree.scss has 100 symbols
_inbox.scss has 15 symbols
Searching through them all for /(^|[\s>+~])strong>RANG:(\[[^\]]*\]|:{1,2}[\w-()]+|\.[\w-]+|#[\w-]+)*\s*/
Searching through them all for /(^|[\s>+~])strong>RANG:(\[[^\]]*\]|:{1,2}[\w-()]+|\.[\w-]+|#[\w-]+)*\s*/
Done
Done
_fancytree.scss has 100 symbols
components.css has 4341 symbols
Searching through them all for /(^|[\s>+~])strong>RANG:(\[[^\]]*\]|:{1,2}[\w-()]+|\.[\w-]+|#[\w-]+)*\s*/
Searching through them all for /(^|[\s>+~])strong>RANG:(\[[^\]]*\]|:{1,2}[\w-()]+|\.[\w-]+|#[\w-]+)*\s*/
Done
Done
_fullcalendar.scss has 285 symbols
_buttons.scss has 69 symbols
Searching through them all for /(^|[\s>+~])strong>RANG:(\[[^\]]*\]|:{1,2}[\w-()]+|\.[\w-]+|#[\w-]+)*\s*/
Searching through them all for /(^|[\s>+~])strong>RANG:(\[[^\]]*\]|:{1,2}[\w-()]+|\.[\w-]+|#[\w-]+)*\s*/
Done
Done
_widgets.scss has 251 symbols
_handsontable.scss has 342 symbols
Searching through them all for /(^|[\s>+~])strong>RANG:(\[[^\]]*\]|:{1,2}[\w-()]+|\.[\w-]+|#[\w-]+)*\s*/
Searching through them all for /(^|[\s>+~])strong>RANG:(\[[^\]]*\]|:{1,2}[\w-()]+|\.[\w-]+|#[\w-]+)*\s*/
Done
Done
_footable.scss has 17 symbols
_fancytree.scss has 100 symbols
Searching through them all for /(^|[\s>+~])strong>RANG:(\[[^\]]*\]|:{1,2}[\w-()]+|\.[\w-]+|#[\w-]+)*\s*/
Searching through them all for /(^|[\s>+~])strong>RANG:(\[[^\]]*\]|:{1,2}[\w-()]+|\.[\w-]+|#[\w-]+)*\s*/
Done
Done
_handsontable.scss has 342 symbols
_tables.scss has 136 symbols
Searching through them all for /(^|[\s>+~])strong>RANG:(\[[^\]]*\]|:{1,2}[\w-()]+|\.[\w-]+|#[\w-]+)*\s*/
Searching through them all for /(^|[\s>+~])strong>RANG:(\[[^\]]*\]|:{1,2}[\w-()]+|\.[\w-]+|#[\w-]+)*\s*/
Done
Done
_footable.scss has 17 symbols
_footable.scss has 17 symbols
Searching through them all for /(^|[\s>+~])strong>RANG:(\[[^\]]*\]|:{1,2}[\w-()]+|\.[\w-]+|#[\w-]+)*\s*/
Searching through them all for /(^|[\s>+~])strong>RANG:(\[[^\]]*\]|:{1,2}[\w-()]+|\.[\w-]+|#[\w-]+)*\s*/
Done
Done
_widgets.scss has 281 symbols
_fullcalendar.scss has 285 symbols
Searching through them all for /(^|[\s>+~])strong>RANG:(\[[^\]]*\]|:{1,2}[\w-()]+|\.[\w-]+|#[\w-]+)*\s*/
Searching through them all for /(^|[\s>+~])strong>RANG:(\[[^\]]*\]|:{1,2}[\w-()]+|\.[\w-]+|#[\w-]+)*\s*/
Done
Done
_handsontable.scss has 342 symbols
_datatable-rows-reorder.scss has 4 symbols
Searching through them all for /(^|[\s>+~])strong>RANG:(\[[^\]]*\]|:{1,2}[\w-()]+|\.[\w-]+|#[\w-]+)*\s*/
Searching through them all for /(^|[\s>+~])strong>RANG:(\[[^\]]*\]|:{1,2}[\w-()]+|\.[\w-]+|#[\w-]+)*\s*/
Done
Done
_datatable-columns-reorder.scss has 4 symbols
_datatable-responsive.scss has 31 symbols
Searching through them all for /(^|[\s>+~])strong>RANG:(\[[^\]]*\]|:{1,2}[\w-()]+|\.[\w-]+|#[\w-]+)*\s*/
Searching through them all for /(^|[\s>+~])strong>RANG:(\[[^\]]*\]|:{1,2}[\w-()]+|\.[\w-]+|#[\w-]+)*\s*/
Done
Done
_datatables.scss has 132 symbols
_datatable-columns-reorder.scss has 4 symbols
Searching through them all for /(^|[\s>+~])strong>RANG:(\[[^\]]*\]|:{1,2}[\w-()]+|\.[\w-]+|#[\w-]+)*\s*/
Searching through them all for /(^|[\s>+~])strong>RANG:(\[[^\]]*\]|:{1,2}[\w-()]+|\.[\w-]+|#[\w-]+)*\s*/
Done
Done
_datatable-responsive.scss has 31 symbols
_datatables.scss has 132 symbols
Searching through them all for /(^|[\s>+~])strong>RANG:(\[[^\]]*\]|:{1,2}[\w-()]+|\.[\w-]+|#[\w-]+)*\s*/
Searching through them all for /(^|[\s>+~])strong>RANG:(\[[^\]]*\]|:{1,2}[\w-()]+|\.[\w-]+|#[\w-]+)*\s*/
Done
Done
_datatable-rows-reorder.scss has 4 symbols
_alpaca.scss has 64 symbols
Searching through them all for /(^|[\s>+~])strong>RANG:(\[[^\]]*\]|:{1,2}[\w-()]+|\.[\w-]+|#[\w-]+)*\s*/
Searching through them all for /(^|[\s>+~])strong>RANG:(\[[^\]]*\]|:{1,2}[\w-()]+|\.[\w-]+|#[\w-]+)*\s*/
Done
Done
_datatable-scroller.scss has 8 symbols
_buttons.scss has 69 symbols
Searching through them all for /(^|[\s>+~])strong>RANG:(\[[^\]]*\]|:{1,2}[\w-()]+|\.[\w-]+|#[\w-]+)*\s*/
Searching through them all for /(^|[\s>+~])strong>RANG:(\[[^\]]*\]|:{1,2}[\w-()]+|\.[\w-]+|#[\w-]+)*\s*/
Done
Done
_datatable-rows-reorder.scss has 4 symbols
_datatable-keytable.scss has 8 symbols
Searching through them all for /(^|[\s>+~])strong>RANG:(\[[^\]]*\]|:{1,2}[\w-()]+|\.[\w-]+|#[\w-]+)*\s*/
Searching through them all for /(^|[\s>+~])strong>RANG:(\[[^\]]*\]|:{1,2}[\w-()]+|\.[\w-]+|#[\w-]+)*\s*/
Done
Done
_datatable-columns-reorder.scss has 4 symbols
_datatable-fixed-columns.scss has 21 symbols
Searching through them all for /(^|[\s>+~])strong>RANG:(\[[^\]]*\]|:{1,2}[\w-()]+|\.[\w-]+|#[\w-]+)*\s*/
Searching through them all for /(^|[\s>+~])strong>RANG:(\[[^\]]*\]|:{1,2}[\w-()]+|\.[\w-]+|#[\w-]+)*\s*/
Done
Done
_datatable-fixed-columns.scss has 21 symbols
_datatable-scroller.scss has 8 symbols
Searching through them all for /(^|[\s>+~])strong>RANG:(\[[^\]]*\]|:{1,2}[\w-()]+|\.[\w-]+|#[\w-]+)*\s*/
Searching through them all for /(^|[\s>+~])strong>RANG:(\[[^\]]*\]|:{1,2}[\w-()]+|\.[\w-]+|#[\w-]+)*\s*/
Done
Done
_buttons.scss has 69 symbols
_handsontable.scss has 342 symbols
Searching through them all for /(^|[\s>+~])strong>RANG:(\[[^\]]*\]|:{1,2}[\w-()]+|\.[\w-]+|#[\w-]+)*\s*/
Searching through them all for /(^|[\s>+~])strong>RANG:(\[[^\]]*\]|:{1,2}[\w-()]+|\.[\w-]+|#[\w-]+)*\s*/
Done
Done
_datatable-keytable.scss has 8 symbols
_alpaca.scss has 65 symbols
Searching through them all for /(^|[\s>+~])strong>RANG:(\[[^\]]*\]|:{1,2}[\w-()]+|\.[\w-]+|#[\w-]+)*\s*/
Searching through them all for /(^|[\s>+~])strong>RANG:(\[[^\]]*\]|:{1,2}[\w-()]+|\.[\w-]+|#[\w-]+)*\s*/
Done
Done
_datatable-responsive.scss has 31 symbols
_daterange.scss has 86 symbols
Searching through them all for /(^|[\s>+~])strong>RANG:(\[[^\]]*\]|:{1,2}[\w-()]+|\.[\w-]+|#[\w-]+)*\s*/
Searching through them all for /(^|[\s>+~])strong>RANG:(\[[^\]]*\]|:{1,2}[\w-()]+|\.[\w-]+|#[\w-]+)*\s*/
Done
Done
_datatable-scroller.scss has 8 symbols
_footable.scss has 17 symbols
Searching through them all for /(^|[\s>+~])strong>RANG:(\[[^\]]*\]|:{1,2}[\w-()]+|\.[\w-]+|#[\w-]+)*\s*/
Searching through them all for /(^|[\s>+~])strong>RANG:(\[[^\]]*\]|:{1,2}[\w-()]+|\.[\w-]+|#[\w-]+)*\s*/
Done
Done
_datatable-fixed-columns.scss has 21 symbols
_widgets.scss has 251 symbols
Searching through them all for /(^|[\s>+~])strong>RANG:(\[[^\]]*\]|:{1,2}[\w-()]+|\.[\w-]+|#[\w-]+)*\s*/
Searching through them all for /(^|[\s>+~])strong>RANG:(\[[^\]]*\]|:{1,2}[\w-()]+|\.[\w-]+|#[\w-]+)*\s*/
Done
Done
_datatable-keytable.scss has 8 symbols
_widgets.scss has 281 symbols
Searching through them all for /(^|[\s>+~])strong>RANG:(\[[^\]]*\]|:{1,2}[\w-()]+|\.[\w-]+|#[\w-]+)*\s*/
Searching through them all for /(^|[\s>+~])strong>RANG:(\[[^\]]*\]|:{1,2}[\w-()]+|\.[\w-]+|#[\w-]+)*\s*/
Done
Done
_datatables.scss has 133 symbols
_datatable-rows-reorder.scss has 4 symbols
Searching through them all for /(^|[\s>+~])strong>RANG:(\[[^\]]*\]|:{1,2}[\w-()]+|\.[\w-]+|#[\w-]+)*\s*/
Searching through them all for /(^|[\s>+~])strong>RANG:(\[[^\]]*\]|:{1,2}[\w-()]+|\.[\w-]+|#[\w-]+)*\s*/
Done
Done
bootstrap-datepicker.min.css has 221 symbols
_datatable-responsive.scss has 31 symbols
Searching through them all for /(^|[\s>+~])strong>RANG:(\[[^\]]*\]|:{1,2}[\w-()]+|\.[\w-]+|#[\w-]+)*\s*/
Searching through them all for /(^|[\s>+~])strong>RANG:(\[[^\]]*\]|:{1,2}[\w-()]+|\.[\w-]+|#[\w-]+)*\s*/
Done
Done
bootstrap.css has 2572 symbols
_datatable-columns-reorder.scss has 4 symbols
Searching through them all for /(^|[\s>+~])strong>RANG:(\[[^\]]*\]|:{1,2}[\w-()]+|\.[\w-]+|#[\w-]+)*\s*/
Searching through them all for /(^|[\s>+~])strong>RANG:(\[[^\]]*\]|:{1,2}[\w-()]+|\.[\w-]+|#[\w-]+)*\s*/
Done
Done
components.css has 4341 symbols
_datatables.scss has 133 symbols
Searching through them all for /(^|[\s>+~])strong>RANG:(\[[^\]]*\]|:{1,2}[\w-()]+|\.[\w-]+|#[\w-]+)*\s*/
Searching through them all for /(^|[\s>+~])strong>RANG:(\[[^\]]*\]|:{1,2}[\w-()]+|\.[\w-]+|#[\w-]+)*\s*/
Done
Done
_tables.scss has 136 symbols
_datatable-fixed-columns.scss has 21 symbols
Searching through them all for /(^|[\s>+~])strong>RANG:(\[[^\]]*\]|:{1,2}[\w-()]+|\.[\w-]+|#[\w-]+)*\s*/
Searching through them all for /(^|[\s>+~])strong>RANG:(\[[^\]]*\]|:{1,2}[\w-()]+|\.[\w-]+|#[\w-]+)*\s*/
Done
Done
_buttons.scss has 69 symbols
_date.scss has 49 symbols
Searching through them all for /(^|[\s>+~])strong>RANG:(\[[^\]]*\]|:{1,2}[\w-()]+|\.[\w-]+|#[\w-]+)*\s*/
Searching through them all for /(^|[\s>+~])strong>RANG:(\[[^\]]*\]|:{1,2}[\w-()]+|\.[\w-]+|#[\w-]+)*\s*/
Done
Done
_print.scss has 34 symbols
_daterange.scss has 87 symbols
Searching through them all for /(^|[\s>+~])strong>RANG:(\[[^\]]*\]|:{1,2}[\w-()]+|\.[\w-]+|#[\w-]+)*\s*/
Searching through them all for /(^|[\s>+~])strong>RANG:(\[[^\]]*\]|:{1,2}[\w-()]+|\.[\w-]+|#[\w-]+)*\s*/
Done
Done
_tables.scss has 43 symbols
_datatable-scroller.scss has 8 symbols
Searching through them all for /(^|[\s>+~])strong>RANG:(\[[^\]]*\]|:{1,2}[\w-()]+|\.[\w-]+|#[\w-]+)*\s*/
Searching through them all for /(^|[\s>+~])strong>RANG:(\[[^\]]*\]|:{1,2}[\w-()]+|\.[\w-]+|#[\w-]+)*\s*/
Done
Done
_tables.scss has 136 symbols
_datatable-keytable.scss has 8 symbols
Searching through them all for /(^|[\s>+~])strong>RANG:(\[[^\]]*\]|:{1,2}[\w-()]+|\.[\w-]+|#[\w-]+)*\s*/
Searching through them all for /(^|[\s>+~])strong>RANG:(\[[^\]]*\]|:{1,2}[\w-()]+|\.[\w-]+|#[\w-]+)*\s*/
Done
Done
_reboot.scss has 100 symbols
_date.scss has 49 symbols
Searching through them all for /(^|[\s>+~])strong>RANG:(\[[^\]]*\]|:{1,2}[\w-()]+|\.[\w-]+|#[\w-]+)*\s*/
Searching through them all for /(^|[\s>+~])strong>RANG:(\[[^\]]*\]|:{1,2}[\w-()]+|\.[\w-]+|#[\w-]+)*\s*/
Done
Done
_table-row.scss has 10 symbols
_tables.scss has 136 symbols
Searching through them all for /(^|[\s>+~])strong>RANG:(\[[^\]]*\]|:{1,2}[\w-()]+|\.[\w-]+|#[\w-]+)*\s*/
Searching through them all for /(^|[\s>+~])strong>RANG:(\[[^\]]*\]|:{1,2}[\w-()]+|\.[\w-]+|#[\w-]+)*\s*/
Done
Done
_date.scss has 49 symbols
_fancytree.scss has 100 symbols
Searching through them all for /(^|[\s>+~])strong>RANG:(\[[^\]]*\]|:{1,2}[\w-()]+|\.[\w-]+|#[\w-]+)*\s*/
Searching through them all for /(^|[\s>+~])strong>RANG:(\[[^\]]*\]|:{1,2}[\w-()]+|\.[\w-]+|#[\w-]+)*\s*/
Done
Done
dialog.css has 159 symbols
_fullcalendar.scss has 285 symbols
Searching through them all for /(^|[\s>+~])strong>RANG:(\[[^\]]*\]|:{1,2}[\w-()]+|\.[\w-]+|#[\w-]+)*\s*/
Searching through them all for /(^|[\s>+~])strong>RANG:(\[[^\]]*\]|:{1,2}[\w-()]+|\.[\w-]+|#[\w-]+)*\s*/
Done
Done
dialog_ie8.css has 161 symbols
dialog.css has 159 symbols
Searching through them all for /(^|[\s>+~])strong>RANG:(\[[^\]]*\]|:{1,2}[\w-()]+|\.[\w-]+|#[\w-]+)*\s*/
Searching through them all for /(^|[\s>+~])strong>RANG:(\[[^\]]*\]|:{1,2}[\w-()]+|\.[\w-]+|#[\w-]+)*\s*/
Done
Done
dialog_iequirks.css has 158 symbols
dialog_ie8.css has 161 symbols
Searching through them all for /(^|[\s>+~])strong>RANG:(\[[^\]]*\]|:{1,2}[\w-()]+|\.[\w-]+|#[\w-]+)*\s*/
Searching through them all for /(^|[\s>+~])strong>RANG:(\[[^\]]*\]|:{1,2}[\w-()]+|\.[\w-]+|#[\w-]+)*\s*/
Done
Done
dialog_ie.css has 173 symbols
dialog_ie7.css has 172 symbols
Searching through them all for /(^|[\s>+~])strong>RANG:(\[[^\]]*\]|:{1,2}[\w-()]+|\.[\w-]+|#[\w-]+)*\s*/
Searching through them all for /(^|[\s>+~])strong>RANG:(\[[^\]]*\]|:{1,2}[\w-()]+|\.[\w-]+|#[\w-]+)*\s*/
Done
Done
dialog_ie7.css has 172 symbols
dialog_ie.css has 173 symbols
Searching through them all for /(^|[\s>+~])strong>RANG:(\[[^\]]*\]|:{1,2}[\w-()]+|\.[\w-]+|#[\w-]+)*\s*/
Searching through them all for /(^|[\s>+~])strong>RANG:(\[[^\]]*\]|:{1,2}[\w-()]+|\.[\w-]+|#[\w-]+)*\s*/
Done
Done
dialog.scss has 155 symbols
dialog_iequirks.css has 158 symbols
Searching through them all for /(^|[\s>+~])strong>RANG:(\[[^\]]*\]|:{1,2}[\w-()]+|\.[\w-]+|#[\w-]+)*\s*/
Searching through them all for /(^|[\s>+~])strong>RANG:(\[[^\]]*\]|:{1,2}[\w-()]+|\.[\w-]+|#[\w-]+)*\s*/
Done
Done
dialog_opera.css has 160 symbols
dialog.scss has 155 symbols
Searching through them all for /(^|[\s>+~])strong>RANG:(\[[^\]]*\]|:{1,2}[\w-()]+|\.[\w-]+|#[\w-]+)*\s*/
Searching through them all for /(^|[\s>+~])strong>RANG:(\[[^\]]*\]|:{1,2}[\w-()]+|\.[\w-]+|#[\w-]+)*\s*/
Done
Done
_colorpanel.scss has 20 symbols
dialog_opera.scss has 3 symbols
Searching through them all for /(^|[\s>+~])strong>RANG:(\[[^\]]*\]|:{1,2}[\w-()]+|\.[\w-]+|#[\w-]+)*\s*/
Searching through them all for /(^|[\s>+~])strong>RANG:(\[[^\]]*\]|:{1,2}[\w-()]+|\.[\w-]+|#[\w-]+)*\s*/
Done
Done
dialog_opera.scss has 3 symbols
dialog_opera.css has 160 symbols
Searching through them all for /(^|[\s>+~])strong>RANG:(\[[^\]]*\]|:{1,2}[\w-()]+|\.[\w-]+|#[\w-]+)*\s*/
Searching through them all for /(^|[\s>+~])strong>RANG:(\[[^\]]*\]|:{1,2}[\w-()]+|\.[\w-]+|#[\w-]+)*\s*/
Done
Done
dialog_ie7.css has 172 symbols
dialog_opera.css has 160 symbols
Searching through them all for /(^|[\s>+~])strong>RANG:(\[[^\]]*\]|:{1,2}[\w-()]+|\.[\w-]+|#[\w-]+)*\s*/
Searching through them all for /(^|[\s>+~])strong>RANG:(\[[^\]]*\]|:{1,2}[\w-()]+|\.[\w-]+|#[\w-]+)*\s*/
Done
Done
dialog_opera.css has 160 symbols
dialog_iequirks.css has 158 symbols
Searching through them all for /(^|[\s>+~])strong>RANG:(\[[^\]]*\]|:{1,2}[\w-()]+|\.[\w-]+|#[\w-]+)*\s*/
Searching through them all for /(^|[\s>+~])strong>RANG:(\[[^\]]*\]|:{1,2}[\w-()]+|\.[\w-]+|#[\w-]+)*\s*/
Done
Done
dialog_opera.scss has 3 symbols
dialog_ie.css has 173 symbols
Searching through them all for /(^|[\s>+~])strong>RANG:(\[[^\]]*\]|:{1,2}[\w-()]+|\.[\w-]+|#[\w-]+)*\s*/
Searching through them all for /(^|[\s>+~])strong>RANG:(\[[^\]]*\]|:{1,2}[\w-()]+|\.[\w-]+|#[\w-]+)*\s*/
Done
Done
dialog_iequirks.css has 158 symbols
dialog_ie7.css has 172 symbols
Searching through them all for /(^|[\s>+~])strong>RANG:(\[[^\]]*\]|:{1,2}[\w-()]+|\.[\w-]+|#[\w-]+)*\s*/
Searching through them all for /(^|[\s>+~])strong>RANG:(\[[^\]]*\]|:{1,2}[\w-()]+|\.[\w-]+|#[\w-]+)*\s*/
Done
Done
dialog_ie.css has 173 symbols
dialog_ie8.css has 161 symbols
Searching through them all for /(^|[\s>+~])strong>RANG:(\[[^\]]*\]|:{1,2}[\w-()]+|\.[\w-]+|#[\w-]+)*\s*/
Searching through them all for /(^|[\s>+~])strong>RANG:(\[[^\]]*\]|:{1,2}[\w-()]+|\.[\w-]+|#[\w-]+)*\s*/
Done
Done
dialog_ie8.css has 161 symbols
_colorpanel.scss has 20 symbols
Searching through them all for /(^|[\s>+~])strong>RANG:(\[[^\]]*\]|:{1,2}[\w-()]+|\.[\w-]+|#[\w-]+)*\s*/
Searching through them all for /(^|[\s>+~])strong>RANG:(\[[^\]]*\]|:{1,2}[\w-()]+|\.[\w-]+|#[\w-]+)*\s*/
Done
Done
wsc.css has 18 symbols
dialog.css has 159 symbols
Searching through them all for /(^|[\s>+~])strong>RANG:(\[[^\]]*\]|:{1,2}[\w-()]+|\.[\w-]+|#[\w-]+)*\s*/
Searching through them all for /(^|[\s>+~])strong>RANG:(\[[^\]]*\]|:{1,2}[\w-()]+|\.[\w-]+|#[\w-]+)*\s*/
Done
Done
dialog.css has 159 symbols
dialog.scss has 155 symbols
Searching through them all for /(^|[\s>+~])strong>RANG:(\[[^\]]*\]|:{1,2}[\w-()]+|\.[\w-]+|#[\w-]+)*\s*/
Searching through them all for /(^|[\s>+~])strong>RANG:(\[[^\]]*\]|:{1,2}[\w-()]+|\.[\w-]+|#[\w-]+)*\s*/
Done
Done
dialog.scss has 155 symbols
dialog_opera.scss has 3 symbols
Searching through them all for /(^|[\s>+~])strong>RANG:(\[[^\]]*\]|:{1,2}[\w-()]+|\.[\w-]+|#[\w-]+)*\s*/
Searching through them all for /(^|[\s>+~])strong>RANG:(\[[^\]]*\]|:{1,2}[\w-()]+|\.[\w-]+|#[\w-]+)*\s*/
Done
Done
_colorpanel.scss has 20 symbols
_colorpanel.scss has 20 symbols
Searching through them all for /(^|[\s>+~])strong>RANG:(\[[^\]]*\]|:{1,2}[\w-()]+|\.[\w-]+|#[\w-]+)*\s*/
Searching through them all for /(^|[\s>+~])strong>RANG:(\[[^\]]*\]|:{1,2}[\w-()]+|\.[\w-]+|#[\w-]+)*\s*/
Done
Done
exception.css has 214 symbols
wsc.css has 18 symbols
Searching through them all for /(^|[\s>+~])strong>RANG:(\[[^\]]*\]|:{1,2}[\w-()]+|\.[\w-]+|#[\w-]+)*\s*/
Searching through them all for /(^|[\s>+~])strong>RANG:(\[[^\]]*\]|:{1,2}[\w-()]+|\.[\w-]+|#[\w-]+)*\s*/
Done
Done
default.css has 45 symbols
default.css has 45 symbols
Searching through them all for /(^|[\s>+~])strong>RANG:(\[[^\]]*\]|:{1,2}[\w-()]+|\.[\w-]+|#[\w-]+)*\s*/
Searching through them all for /(^|[\s>+~])strong>RANG:(\[[^\]]*\]|:{1,2}[\w-()]+|\.[\w-]+|#[\w-]+)*\s*/
Done
Done
html.css has 163 symbols
whoops.base.css has 120 symbols
Searching through them all for /(^|[\s>+~])strong>RANG:(\[[^\]]*\]|:{1,2}[\w-()]+|\.[\w-]+|#[\w-]+)*\s*/
Searching through them all for /(^|[\s>+~])strong>RANG:(\[[^\]]*\]|:{1,2}[\w-()]+|\.[\w-]+|#[\w-]+)*\s*/
Done
Done
whoops.base.css has 120 symbols
style.css has 50 symbols
Searching through them all for /(^|[\s>+~])strong>RANG:(\[[^\]]*\]|:{1,2}[\w-()]+|\.[\w-]+|#[\w-]+)*\s*/
Searching through them all for /(^|[\s>+~])strong>RANG:(\[[^\]]*\]|:{1,2}[\w-()]+|\.[\w-]+|#[\w-]+)*\s*/
Done
Done
bootstrap.min.css has 3147 symbols
bootstrap.min.css has 3147 symbols
Searching through them all for /(^|[\s>+~])strong>RANG:(\[[^\]]*\]|:{1,2}[\w-()]+|\.[\w-]+|#[\w-]+)*\s*/
Searching through them all for /(^|[\s>+~])strong>RANG:(\[[^\]]*\]|:{1,2}[\w-()]+|\.[\w-]+|#[\w-]+)*\s*/
Done
Done
nv.d3.min.css has 135 symbols
nv.d3.min.css has 135 symbols
Searching through them all for /(^|[\s>+~])strong>RANG:(\[[^\]]*\]|:{1,2}[\w-()]+|\.[\w-]+|#[\w-]+)*\s*/
Searching through them all for /(^|[\s>+~])strong>RANG:(\[[^\]]*\]|:{1,2}[\w-()]+|\.[\w-]+|#[\w-]+)*\s*/
Done
Done
style.css has 50 symbols
Searching through them all for /(^|[\s>+~])strong>RANG:(\[[^\]]*\]|:{1,2}[\w-()]+|\.[\w-]+|#[\w-]+)*\s*/
@endif 5277
Done
  script 54 60
  script 113 119
@endif 5277
  script 122 128
  script 54 60
  script 181 187
  script 113 119
  table 191 196
  script 122 128
  tbody 250 255
  script 181 187
  tr 266 268
  table 191 196
  td 283 285
  tbody 250 255
  strong 287 293
  tr 266 268
  strong 300 306
  td 283 285
  td 343 345
  strong 287 293
  td 398 400
  strong 300 306
  strong 402 408
  td 343 345
  strong 430 436
  td 398 400
  td 457 459
  strong 402 408
  td 474 476
  strong 430 436
  strong 478 484
  td 457 459
  strong 494 500
  td 474 476
  td 537 539
  strong 478 484
  tr 551 553
  strong 494 500
  tr 564 566
  td 537 539
  td 581 583
  tr 551 553
  strong 585 591
  tr 564 566
  strong 616 622
  td 581 583
  td 680 682
  strong 585 591
  td 697 699
  strong 616 622
  strong 701 707
  td 680 682
  strong 727 733
  td 697 699
  td 752 754
  strong 701 707
  td 769 771
  strong 727 733
  strong 773 779
  td 752 754
  strong 786 792
  td 769 771
  td 929 931
  strong 773 779
  tr 943 945
  strong 786 792
  tbody 954 959
  td 929 931
  table 963 968
  tr 943 945
  table 973 978
  tbody 954 959
  thead 1119 1124
  table 963 968
  tr 1135 1137
  table 973 978
  th 1152 1154
  thead 1119 1124
  th 1171 1173
  tr 1135 1137
  th 1188 1190
  th 1152 1154
  th 1213 1215
  th 1171 1173
  th 1230 1232
  th 1188 1190
  br 1249 1251
  th 1213 1215
  th 1258 1260
  th 1230 1232
  th 1275 1277
  br 1249 1251
  br 1294 1296
  th 1258 1260
  th 1303 1305
  th 1275 1277
  th 1320 1322
  br 1294 1296
  br 1343 1345
  th 1303 1305
  th 1352 1354
  th 1320 1322
  th 1369 1371
  br 1343 1345
  br 1398 1400
  th 1352 1354
  th 1403 1405
  th 1369 1371
  th 1490 1492
  br 1398 1400
  br 1512 1514
  th 1403 1405
  sup 1524 1527
  th 1490 1492
  sup 1531 1534
  br 1512 1514
  th 1547 1549
  sup 1524 1527
  th 1564 1566
  sup 1531 1534
  sup 1581 1584
  th 1547 1549
  sup 1589 1592
  th 1564 1566
  br 1595 1597
  sup 1581 1584
  th 1610 1612
  sup 1589 1592
  th 1627 1629
  br 1595 1597
  sup 1644 1647
  th 1610 1612
  sup 1651 1654
  th 1627 1629
  br 1657 1659
  sup 1644 1647
  th 1672 1674
  sup 1651 1654
  th 1689 1691
  br 1657 1659
  br 1716 1718
  th 1672 1674
  sup 1722 1725
  th 1689 1691
  sup 1730 1733
  br 1716 1718
  sup 1739 1742
  sup 1722 1725
  sup 1746 1749
  sup 1730 1733
  sup 1755 1758
  sup 1739 1742
  sup 1762 1765
  sup 1746 1749
  th 1768 1770
  sup 1755 1758
  th 1785 1787
  sup 1762 1765
  th 1809 1811
  th 1768 1770
  th 1851 1853
  th 1785 1787
  th 1879 1881
  th 1809 1811
  th 1896 1898
  th 1851 1853
  th 1928 1930
  th 1879 1881
  th 1945 1947
  th 1896 1898
  th 1971 1973
  th 1928 1930
  tr 1985 1987
  th 1945 1947
  thead 1995 2000
  th 1971 1973
  tbody 2008 2013
  tr 1985 1987
  tr 2065 2067
  thead 1995 2000
  td 2086 2088
  tbody 2008 2013
  td 2113 2115
  tr 2065 2067
  td 2134 2136
  td 2086 2088
  td 2155 2157
  td 2113 2115
  td 2279 2281
  td 2134 2136
  td 2304 2306
  td 2155 2157
  td 2329 2331
  td 2279 2281
  td 2354 2356
  td 2304 2306
  td 2379 2381
  td 2329 2331
  td 2405 2407
  td 2354 2356
  td 2430 2432
  td 2379 2381
  td 2913 2915
  td 2405 2407
  td 3033 3035
  td 2430 2432
  td 3060 3062
  td 2913 2915
  td 3090 3092
  td 3033 3035
  td 3171 3173
  td 3060 3062
  td 3201 3203
  td 3090 3092
  td 3282 3284
  td 3171 3173
  td 3312 3314
  td 3201 3203
  td 3338 3340
  td 3282 3284
  td 3368 3370
  td 3312 3314
  td 3398 3400
  td 3338 3340
  td 3524 3526
  td 3368 3370
  td 3558 3560
  td 3398 3400
  td 3583 3585
  td 3524 3526
  td 4193 4195
  td 3558 3560
  td 4218 4220
  td 3583 3585
  td 4266 4268
  td 4193 4195
  tr 4312 4314
  td 4218 4220
  tr 4824 4826
  td 4266 4268
  td 4841 4843
  tr 4312 4314
  strong 4876 4882
  tr 4824 4826
  strong 4911 4917
  td 4841 4843
  td 4920 4922
  strong 4876 4882
  td 4937 4939
  strong 4911 4917
  strong 4971 4977
  td 4920 4922
  strong 4996 5002
  td 4937 4939
  td 5005 5007
  strong 4971 4977
  td 5053 5055
  strong 4996 5002
  strong 5069 5075
  td 5005 5007
  td 5128 5130
  td 5053 5055
  td 5174 5176
  strong 5069 5075
  strong 5190 5196
  td 5128 5130
  td 5250 5252
  td 5174 5176
  tr 5294 5296
  strong 5190 5196
  tbody 5304 5309
  td 5250 5252
  table 5313 5318
  tr 5294 5296
  script 5371 5377
  tbody 5304 5309
  script 6171 6177
  table 5313 5318
Invalid Selector
  script 5371 5377
  script 6171 6177
Invalid Selector
$my_class->id)->first(); 4562
  script 54 60
$my_class->id)->first(); 4562
  script 113 119
  script 54 60
  script 122 128
  script 113 119
  script 181 187
  script 122 128
  table 191 196
  script 181 187
  tbody 250 255
  table 191 196
  tr 266 268
  tbody 250 255
  td 283 285
  tr 266 268
  strong 287 293
  td 283 285
  strong 300 306
  strong 287 293
  td 343 345
  strong 300 306
  td 398 400
  td 343 345
  strong 402 408
  td 398 400
  strong 430 436
  strong 402 408
  td 457 459
  strong 430 436
  td 474 476
  td 457 459
  strong 478 484
  td 474 476
  strong 494 500
  strong 478 484
  td 537 539
  strong 494 500
  tr 551 553
  td 537 539
  tr 564 566
  tr 551 553
  td 581 583
  tr 564 566
  strong 585 591
  td 581 583
  strong 616 622
  strong 585 591
  td 680 682
  strong 616 622
  td 697 699
  td 680 682
  strong 701 707
  td 697 699
  strong 727 733
  strong 701 707
  td 752 754
  strong 727 733
  td 769 771
  td 752 754
  strong 773 779
  td 769 771
  strong 786 792
  strong 773 779
  td 929 931
  strong 786 792
  tr 943 945
  td 929 931
  tbody 954 959
  tr 943 945
  table 963 968
  tbody 954 959
  table 973 978
  table 963 968
  thead 1119 1124
  table 973 978
  tr 1135 1137
  thead 1119 1124
  th 1152 1154
  tr 1135 1137
  th 1171 1173
  th 1152 1154
  th 1188 1190
  th 1171 1173
  th 1213 1215
  th 1188 1190
  th 1230 1232
  th 1213 1215
  br 1249 1251
  th 1230 1232
  th 1258 1260
  br 1249 1251
  th 1275 1277
  th 1258 1260
  br 1294 1296
  th 1275 1277
  th 1303 1305
  br 1294 1296
  th 1320 1322
  th 1303 1305
  br 1343 1345
  th 1320 1322
  th 1352 1354
  br 1343 1345
  th 1369 1371
  th 1352 1354
  br 1398 1400
  th 1369 1371
  th 1403 1405
  br 1398 1400
  th 1490 1492
  th 1403 1405
  br 1512 1514
  th 1490 1492
  sup 1524 1527
  br 1512 1514
  sup 1531 1534
  sup 1524 1527
  th 1547 1549
  sup 1531 1534
  th 1564 1566
  th 1547 1549
  sup 1581 1584
  th 1564 1566
  sup 1589 1592
  sup 1581 1584
  br 1595 1597
  sup 1589 1592
  th 1610 1612
  br 1595 1597
  th 1627 1629
  th 1610 1612
  sup 1644 1647
  th 1627 1629
  sup 1651 1654
  sup 1644 1647
  br 1657 1659
  sup 1651 1654
  th 1672 1674
  br 1657 1659
  th 1689 1691
  th 1672 1674
  br 1716 1718
  th 1689 1691
  sup 1722 1725
  br 1716 1718
  sup 1730 1733
  sup 1722 1725
  sup 1739 1742
  sup 1730 1733
  sup 1746 1749
  sup 1739 1742
  sup 1755 1758
  sup 1746 1749
  sup 1762 1765
  sup 1755 1758
  th 1768 1770
  sup 1762 1765
  th 1785 1787
  th 1768 1770
  th 1809 1811
  th 1785 1787
  th 1851 1853
  th 1809 1811
  th 1879 1881
  th 1851 1853
  th 1896 1898
  th 1879 1881
  th 1928 1930
  th 1896 1898
  th 1945 1947
  th 1928 1930
  th 1971 1973
  th 1945 1947
  tr 1985 1987
  th 1971 1973
  thead 1995 2000
  tr 1985 1987
  tbody 2008 2013
  thead 1995 2000
  tr 2065 2067
  tbody 2008 2013
  td 2086 2088
  tr 2065 2067
  td 2113 2115
  td 2086 2088
  td 2134 2136
  td 2113 2115
  td 2155 2157
  td 2134 2136
  td 2279 2281
  td 2155 2157
  td 2304 2306
  td 2279 2281
  td 2329 2331
  td 2304 2306
  td 2354 2356
  td 2329 2331
  td 2379 2381
  td 2354 2356
  td 2405 2407
  td 2379 2381
  td 2430 2432
  td 2405 2407
  td 2913 2915
  td 2430 2432
  td 3033 3035
  td 2913 2915
  td 3060 3062
  td 3033 3035
  td 3090 3092
  td 3060 3062
  td 3171 3173
  td 3090 3092
  td 3201 3203
  td 3171 3173
  td 3282 3284
  td 3201 3203
  td 3312 3314
  td 3282 3284
  td 3338 3340
  td 3312 3314
  td 3368 3370
  td 3338 3340
  td 3398 3400
  td 3368 3370
  td 3524 3526
  td 3398 3400
  td 3558 3560
  td 3524 3526
  td 3583 3585
  td 3558 3560
  td 4193 4195
  td 3583 3585
  td 4218 4220
  td 4193 4195
  td 4266 4268
  td 4218 4220
  tr 4312 4314
  td 4266 4268
  tr 4824 4826
  tr 4312 4314
  td 4841 4843
  tr 4824 4826
  strong 4876 4882
  td 4841 4843
  strong 4911 4917
  strong 4876 4882
  td 4920 4922
  strong 4911 4917
  td 4937 4939
  td 4920 4922
  strong 4971 4977
  td 4937 4939
  strong 4996 5002
  strong 4971 4977
  td 5005 5007
  strong 4996 5002
  td 5053 5055
  td 5005 5007
  strong 5069 5075
  td 5053 5055
  td 5128 5130
  strong 5069 5075
  td 5174 5176
  td 5128 5130
  strong 5190 5196
  td 5174 5176
  td 5250 5252
  strong 5190 5196
  tr 5294 5296
  td 5250 5252
  tbody 5304 5309
  tr 5294 5296
  table 5313 5318
  tbody 5304 5309
  script 5371 5377
  table 5313 5318
  script 6171 6177
  script 5371 5377
Invalid Selector
  script 6171 6177
Invalid Selector
$my_class->id)->first(); 4562
  script 54 60
$my_class->id)->first(); 4562
  script 113 119
  script 54 60
  script 122 128
  script 113 119
  script 181 187
  script 122 128
  table 191 196
  script 181 187
  tbody 250 255
  table 191 196
  tr 266 268
  tbody 250 255
  td 283 285
  tr 266 268
  strong 287 293
  td 283 285
  strong 300 306
  strong 287 293
  td 343 345
  strong 300 306
  td 398 400
  td 343 345
  strong 402 408
  td 398 400
  strong 430 436
  strong 402 408
  td 457 459
  strong 430 436
  td 474 476
  td 457 459
  strong 478 484
  td 474 476
  strong 494 500
  strong 478 484
  td 537 539
  strong 494 500
  tr 551 553
  td 537 539
  tr 564 566
  tr 551 553
  td 581 583
  tr 564 566
  strong 585 591
  td 581 583
  strong 616 622
  strong 585 591
  td 680 682
  strong 616 622
  td 697 699
  td 680 682
  strong 701 707
  td 697 699
  strong 727 733
  strong 701 707
  td 752 754
  strong 727 733
  td 769 771
  td 752 754
  strong 773 779
  td 769 771
  strong 786 792
  strong 773 779
  td 929 931
  strong 786 792
  tr 943 945
  td 929 931
  tbody 954 959
  tr 943 945
  table 963 968
  tbody 954 959
  table 973 978
  table 963 968
  thead 1119 1124
  table 973 978
  tr 1135 1137
  thead 1119 1124
  th 1152 1154
  tr 1135 1137
  th 1171 1173
  th 1152 1154
  th 1188 1190
  th 1171 1173
  th 1213 1215
  th 1188 1190
  th 1230 1232
  th 1213 1215
  br 1249 1251
  th 1230 1232
  th 1258 1260
  br 1249 1251
  th 1275 1277
  th 1258 1260
  br 1294 1296
  th 1275 1277
  th 1303 1305
  br 1294 1296
  th 1320 1322
  th 1303 1305
  br 1343 1345
  th 1320 1322
  th 1352 1354
  br 1343 1345
  th 1369 1371
  th 1352 1354
  br 1398 1400
  th 1369 1371
  th 1403 1405
  br 1398 1400
  th 1490 1492
  th 1403 1405
  br 1512 1514
  th 1490 1492
  sup 1524 1527
  br 1512 1514
  sup 1531 1534
  sup 1524 1527
  th 1547 1549
  sup 1531 1534
  th 1564 1566
  th 1547 1549
  sup 1581 1584
  th 1564 1566
  sup 1589 1592
  sup 1581 1584
  br 1595 1597
  sup 1589 1592
  th 1610 1612
  br 1595 1597
  th 1627 1629
  th 1610 1612
  sup 1644 1647
  th 1627 1629
  sup 1651 1654
  sup 1644 1647
  br 1657 1659
  sup 1651 1654
  th 1672 1674
  br 1657 1659
  th 1689 1691
  th 1672 1674
  br 1716 1718
  th 1689 1691
  sup 1722 1725
  br 1716 1718
  sup 1730 1733
  sup 1722 1725
  sup 1739 1742
  sup 1730 1733
  sup 1746 1749
  sup 1739 1742
  sup 1755 1758
  sup 1746 1749
  sup 1762 1765
  sup 1755 1758
  th 1768 1770
  sup 1762 1765
  th 1785 1787
  th 1768 1770
  th 1809 1811
  th 1785 1787
  th 1851 1853
  th 1809 1811
  th 1879 1881
  th 1851 1853
  th 1896 1898
  th 1879 1881
  th 1928 1930
  th 1896 1898
  th 1945 1947
  th 1928 1930
  th 1971 1973
  th 1945 1947
  tr 1985 1987
  th 1971 1973
  thead 1995 2000
  tr 1985 1987
  tbody 2008 2013
  thead 1995 2000
  tr 2065 2067
  tbody 2008 2013
  td 2086 2088
  tr 2065 2067
  td 2113 2115
  td 2086 2088
  td 2134 2136
  td 2113 2115
  td 2155 2157
  td 2134 2136
  td 2279 2281
  td 2155 2157
  td 2304 2306
  td 2279 2281
  td 2329 2331
  td 2304 2306
  td 2354 2356
  td 2329 2331
  td 2379 2381
  td 2354 2356
  td 2405 2407
  td 2379 2381
  td 2430 2432
  td 2405 2407
  td 2913 2915
  td 2430 2432
  td 3033 3035
  td 2913 2915
  td 3060 3062
  td 3033 3035
  td 3090 3092
  td 3060 3062
  td 3171 3173
  td 3090 3092
  td 3201 3203
  td 3171 3173
  td 3282 3284
  td 3201 3203
  td 3312 3314
  td 3282 3284
  td 3338 3340
  td 3312 3314
  td 3368 3370
  td 3338 3340
  td 3398 3400
  td 3368 3370
  td 3524 3526
  td 3398 3400
  td 3558 3560
  td 3524 3526
  td 3583 3585
  td 3558 3560
  td 4193 4195
  td 3583 3585
  td 4218 4220
  td 4193 4195
  td 4266 4268
  td 4218 4220
  tr 4312 4314
  td 4266 4268
  tr 4824 4826
  tr 4312 4314
  td 4841 4843
  tr 4824 4826
  strong 4876 4882
  td 4841 4843
  strong 4911 4917
  strong 4876 4882
  td 4920 4922
  strong 4911 4917
  td 4937 4939
  td 4920 4922
  strong 4971 4977
  td 4937 4939
  strong 4996 5002
  strong 4971 4977
  td 5005 5007
  strong 4996 5002
  td 5053 5055
  td 5005 5007
  strong 5069 5075
  td 5053 5055
  td 5128 5130
  strong 5069 5075
  td 5174 5176
  td 5128 5130
  strong 5190 5196
  td 5174 5176
  td 5250 5252
  strong 5190 5196
  tr 5294 5296
  td 5250 5252
  tbody 5304 5309
  tr 5294 5296
  table 5313 5318
  tbody 5304 5309
  script 5371 5377
  table 5313 5318
  script 6171 6177
  script 5371 5377
Invalid Selector
  script 6171 6177
Invalid Selector
ExamRecord::where( 4669
  script 54 60
ExamRecord::where( 4669
  script 113 119
  script 54 60
  script 122 128
  script 113 119
  script 181 187
  script 122 128
  table 191 196
  script 181 187
  tbody 250 255
  table 191 196
  tr 266 268
  tbody 250 255
  td 283 285
  tr 266 268
  strong 287 293
  td 283 285
  strong 300 306
  strong 287 293
  td 343 345
  strong 300 306
  td 398 400
  td 343 345
  strong 402 408
  td 398 400
  strong 430 436
  strong 402 408
  td 457 459
  strong 430 436
  td 474 476
  td 457 459
  strong 478 484
  td 474 476
  strong 494 500
  strong 478 484
  td 537 539
  strong 494 500
  tr 551 553
  td 537 539
  tr 564 566
  tr 551 553
  td 581 583
  tr 564 566
  strong 585 591
  td 581 583
  strong 616 622
  strong 585 591
  td 680 682
  strong 616 622
  td 697 699
  td 680 682
  strong 701 707
  td 697 699
  strong 727 733
  strong 701 707
  td 752 754
  strong 727 733
  td 769 771
  td 752 754
  strong 773 779
  td 769 771
  strong 786 792
  strong 773 779
  td 929 931
  strong 786 792
  tr 943 945
  td 929 931
  tbody 954 959
  tr 943 945
  table 963 968
  tbody 954 959
  table 973 978
  table 963 968
  thead 1119 1124
  table 973 978
  tr 1135 1137
  thead 1119 1124
  th 1152 1154
  tr 1135 1137
  th 1171 1173
  th 1152 1154
  th 1188 1190
  th 1171 1173
  th 1213 1215
  th 1188 1190
  th 1230 1232
  th 1213 1215
  br 1249 1251
  th 1230 1232
  th 1258 1260
  br 1249 1251
  th 1275 1277
  th 1258 1260
  br 1294 1296
  th 1275 1277
  th 1303 1305
  br 1294 1296
  th 1320 1322
  th 1303 1305
  br 1343 1345
  th 1320 1322
  th 1352 1354
  br 1343 1345
  th 1369 1371
  th 1352 1354
  br 1398 1400
  th 1369 1371
  th 1403 1405
  br 1398 1400
  th 1490 1492
  th 1403 1405
  br 1512 1514
  th 1490 1492
  sup 1524 1527
  br 1512 1514
  sup 1531 1534
  sup 1524 1527
  th 1547 1549
  sup 1531 1534
  th 1564 1566
  th 1547 1549
  sup 1581 1584
  th 1564 1566
  sup 1589 1592
  sup 1581 1584
  br 1595 1597
  sup 1589 1592
  th 1610 1612
  br 1595 1597
  th 1627 1629
  th 1610 1612
  sup 1644 1647
  th 1627 1629
  sup 1651 1654
  sup 1644 1647
  br 1657 1659
  sup 1651 1654
  th 1672 1674
  br 1657 1659
  th 1689 1691
  th 1672 1674
  br 1716 1718
  th 1689 1691
  sup 1722 1725
  br 1716 1718
  sup 1730 1733
  sup 1722 1725
  sup 1739 1742
  sup 1730 1733
  sup 1746 1749
  sup 1739 1742
  sup 1755 1758
  sup 1746 1749
  sup 1762 1765
  sup 1755 1758
  th 1768 1770
  sup 1762 1765
  th 1785 1787
  th 1768 1770
  th 1809 1811
  th 1785 1787
  th 1851 1853
  th 1809 1811
  th 1879 1881
  th 1851 1853
  th 1896 1898
  th 1879 1881
  th 1928 1930
  th 1896 1898
  th 1945 1947
  th 1928 1930
  th 1971 1973
  th 1945 1947
  tr 1985 1987
  th 1971 1973
  thead 1995 2000
  tr 1985 1987
  tbody 2008 2013
  thead 1995 2000
  tr 2065 2067
  tbody 2008 2013
  td 2086 2088
  tr 2065 2067
  td 2113 2115
  td 2086 2088
  td 2134 2136
  td 2113 2115
  td 2155 2157
  td 2134 2136
  td 2279 2281
  td 2155 2157
  td 2304 2306
  td 2279 2281
  td 2329 2331
  td 2304 2306
  td 2354 2356
  td 2329 2331
  td 2379 2381
  td 2354 2356
  td 2405 2407
  td 2379 2381
  td 2430 2432
  td 2405 2407
  td 2913 2915
  td 2430 2432
  td 3033 3035
  td 2913 2915
  td 3060 3062
  td 3033 3035
  td 3090 3092
  td 3060 3062
  td 3171 3173
  td 3090 3092
  td 3201 3203
  td 3171 3173
  td 3282 3284
  td 3201 3203
  td 3312 3314
  td 3282 3284
  td 3338 3340
  td 3312 3314
  td 3368 3370
  td 3338 3340
  td 3398 3400
  td 3368 3370
  td 3524 3526
  td 3398 3400
  td 3558 3560
  td 3524 3526
  td 3583 3585
  td 3558 3560
  td 4193 4195
  td 3583 3585
  td 4218 4220
  td 4193 4195
  td 4266 4268
  td 4218 4220
  tr 4312 4314
  td 4266 4268
  tr 4845 4847
  tr 4312 4314
  td 4862 4864
  tr 4845 4847
  strong 4897 4903
  td 4862 4864
  strong 4932 4938
  strong 4897 4903
  td 4941 4943
  strong 4932 4938
  td 4958 4960
  td 4941 4943
  strong 4992 4998
  td 4958 4960
  strong 5017 5023
  strong 4992 4998
  td 5026 5028
  strong 5017 5023
  td 5074 5076
  td 5026 5028
  strong 5090 5096
  td 5074 5076
  td 5149 5151
  strong 5090 5096
  td 5195 5197
  td 5149 5151
  strong 5211 5217
  td 5195 5197
  td 5271 5273
  strong 5211 5217
  tr 5315 5317
  td 5271 5273
  tbody 5325 5330
  tr 5315 5317
  table 5334 5339
  tbody 5325 5330
  script 5392 5398
  table 5334 5339
  script 6192 6198
  script 5392 5398
Invalid Selector
  script 6192 6198
Invalid Selector
ExamRecord::where( 4669
  script 54 60
ExamRecord::where( 4669
  script 113 119
  script 54 60
  script 122 128
  script 113 119
  script 181 187
  script 122 128
  table 191 196
  script 181 187
  tbody 250 255
  table 191 196
  tr 266 268
  tbody 250 255
  td 283 285
  tr 266 268
  strong 287 293
  td 283 285
  strong 300 306
  strong 287 293
  td 343 345
  strong 300 306
  td 398 400
  td 343 345
  strong 402 408
  td 398 400
  strong 430 436
  strong 402 408
  td 457 459
  strong 430 436
  td 474 476
  td 457 459
  strong 478 484
  td 474 476
  strong 494 500
  strong 478 484
  td 537 539
  strong 494 500
  tr 551 553
  td 537 539
  tr 564 566
  tr 551 553
  td 581 583
  tr 564 566
  strong 585 591
  td 581 583
  strong 616 622
  strong 585 591
  td 680 682
  strong 616 622
  td 697 699
  td 680 682
  strong 701 707
  td 697 699
  strong 727 733
  strong 701 707
  td 752 754
  strong 727 733
  td 769 771
  td 752 754
  strong 773 779
  td 769 771
  strong 786 792
  strong 773 779
  td 929 931
  strong 786 792
  tr 943 945
  td 929 931
  tbody 954 959
  tr 943 945
  table 963 968
  tbody 954 959
  table 973 978
  table 963 968
  thead 1119 1124
  table 973 978
  tr 1135 1137
  thead 1119 1124
  th 1152 1154
  tr 1135 1137
  th 1171 1173
  th 1152 1154
  th 1188 1190
  th 1171 1173
  th 1213 1215
  th 1188 1190
  th 1230 1232
  th 1213 1215
  br 1249 1251
  th 1230 1232
  th 1258 1260
  br 1249 1251
  th 1275 1277
  th 1258 1260
  br 1294 1296
  th 1275 1277
  th 1303 1305
  br 1294 1296
  th 1320 1322
  th 1303 1305
  br 1343 1345
  th 1320 1322
  th 1352 1354
  br 1343 1345
  th 1369 1371
  th 1352 1354
  br 1398 1400
  th 1369 1371
  th 1403 1405
  br 1398 1400
  th 1490 1492
  th 1403 1405
  br 1512 1514
  th 1490 1492
  sup 1524 1527
  br 1512 1514
  sup 1531 1534
  sup 1524 1527
  th 1547 1549
  sup 1531 1534
  th 1564 1566
  th 1547 1549
  sup 1581 1584
  th 1564 1566
  sup 1589 1592
  sup 1581 1584
  br 1595 1597
  sup 1589 1592
  th 1610 1612
  br 1595 1597
  th 1627 1629
  th 1610 1612
  sup 1644 1647
  th 1627 1629
  sup 1651 1654
  sup 1644 1647
  br 1657 1659
  sup 1651 1654
  th 1672 1674
  br 1657 1659
  th 1689 1691
  th 1672 1674
  br 1716 1718
  th 1689 1691
  sup 1722 1725
  br 1716 1718
  sup 1730 1733
  sup 1722 1725
  sup 1739 1742
  sup 1730 1733
  sup 1746 1749
  sup 1739 1742
  sup 1755 1758
  sup 1746 1749
  sup 1762 1765
  sup 1755 1758
  th 1768 1770
  sup 1762 1765
  th 1785 1787
  th 1768 1770
  th 1809 1811
  th 1785 1787
  th 1851 1853
  th 1809 1811
  th 1879 1881
  th 1851 1853
  th 1896 1898
  th 1879 1881
  th 1928 1930
  th 1896 1898
  th 1945 1947
  th 1928 1930
  th 1971 1973
  th 1945 1947
  tr 1985 1987
  th 1971 1973
  thead 1995 2000
  tr 1985 1987
  tbody 2008 2013
  thead 1995 2000
  tr 2065 2067
  tbody 2008 2013
  td 2086 2088
  tr 2065 2067
  td 2113 2115
  td 2086 2088
  td 2134 2136
  td 2113 2115
  td 2155 2157
  td 2134 2136
  td 2279 2281
  td 2155 2157
  td 2304 2306
  td 2279 2281
  td 2329 2331
  td 2304 2306
  td 2354 2356
  td 2329 2331
  td 2379 2381
  td 2354 2356
  td 2405 2407
  td 2379 2381
  td 2430 2432
  td 2405 2407
  td 2913 2915
  td 2430 2432
  td 3033 3035
  td 2913 2915
  td 3060 3062
  td 3033 3035
  td 3090 3092
  td 3060 3062
  td 3171 3173
  td 3090 3092
  td 3201 3203
  td 3171 3173
  td 3282 3284
  td 3201 3203
  td 3312 3314
  td 3282 3284
  td 3338 3340
  td 3312 3314
  td 3368 3370
  td 3338 3340
  td 3398 3400
  td 3368 3370
  td 3524 3526
  td 3398 3400
  td 3558 3560
  td 3524 3526
  td 3583 3585
  td 3558 3560
  td 4193 4195
  td 3583 3585
  td 4218 4220
  td 4193 4195
  td 4266 4268
  td 4218 4220
  tr 4312 4314
  td 4266 4268
  tr 4845 4847
  tr 4312 4314
  td 4862 4864
  tr 4845 4847
  strong 4897 4903
  td 4862 4864
  strong 4932 4938
  strong 4897 4903
  td 4941 4943
  strong 4932 4938
  td 4958 4960
  td 4941 4943
  strong 4992 4998
  td 4958 4960
  strong 5017 5023
  strong 4992 4998
  td 5026 5028
  strong 5017 5023
  td 5074 5076
  td 5026 5028
  strong 5090 5096
  td 5074 5076
  td 5149 5151
  strong 5090 5096
  td 5195 5197
  td 5149 5151
  strong 5211 5217
  td 5195 5197
  td 5271 5273
  strong 5211 5217
  tr 5315 5317
  td 5271 5273
  tbody 5325 5330
  tr 5315 5317
  table 5334 5339
  tbody 5325 5330
  script 5392 5398
  table 5334 5339
  script 6192 6198
  script 5392 5398
Invalid Selector
  script 6192 6198
Invalid Selector
ExamRecord::where( 4669
ExamRecord::where( 4669
  script 54 60
  script 54 60
  script 113 119
  script 113 119
  script 122 128
  script 122 128
  script 181 187
  script 181 187
  table 191 196
  table 191 196
  tbody 250 255
  tbody 250 255
  tr 266 268
  tr 266 268
  td 283 285
  td 283 285
  strong 287 293
  strong 287 293
  strong 300 306
  strong 300 306
  td 343 345
  td 343 345
  td 398 400
  td 398 400
  strong 402 408
  strong 402 408
  strong 430 436
  strong 430 436
  td 457 459
  td 457 459
  td 474 476
  td 474 476
  strong 478 484
  strong 478 484
  strong 494 500
  strong 494 500
  td 537 539
  td 537 539
  tr 551 553
  tr 551 553
  tr 564 566
  tr 564 566
  td 581 583
  td 581 583
  strong 585 591
  strong 585 591
  strong 616 622
  strong 616 622
  td 680 682
  td 680 682
  td 697 699
  td 697 699
  strong 701 707
  strong 701 707
  strong 727 733
  strong 727 733
  td 752 754
  td 752 754
  td 769 771
  td 769 771
  strong 773 779
  strong 773 779
  strong 786 792
  strong 786 792
  td 929 931
  td 929 931
  tr 943 945
  tr 943 945
  tbody 954 959
  tbody 954 959
  table 963 968
  table 963 968
  table 973 978
  table 973 978
  thead 1119 1124
  thead 1119 1124
  tr 1135 1137
  tr 1135 1137
  th 1152 1154
  th 1152 1154
  th 1171 1173
  th 1171 1173
  th 1188 1190
  th 1188 1190
  th 1213 1215
  th 1213 1215
  th 1230 1232
  th 1230 1232
  br 1249 1251
  br 1249 1251
  th 1258 1260
  th 1258 1260
  th 1275 1277
  th 1275 1277
  br 1294 1296
  br 1294 1296
  th 1303 1305
  th 1303 1305
  th 1320 1322
  th 1320 1322
  br 1343 1345
  br 1343 1345
  th 1352 1354
  th 1352 1354
  th 1369 1371
  th 1369 1371
  br 1398 1400
  br 1398 1400
  th 1403 1405
  th 1403 1405
  th 1490 1492
  th 1490 1492
  br 1512 1514
  br 1512 1514
  sup 1524 1527
  sup 1524 1527
  sup 1531 1534
  sup 1531 1534
  th 1547 1549
  th 1547 1549
  th 1564 1566
  th 1564 1566
  sup 1581 1584
  sup 1581 1584
  sup 1589 1592
  sup 1589 1592
  br 1595 1597
  br 1595 1597
  th 1610 1612
  th 1610 1612
  th 1627 1629
  th 1627 1629
  sup 1644 1647
  sup 1644 1647
  sup 1651 1654
  sup 1651 1654
  br 1657 1659
  br 1657 1659
  th 1672 1674
  th 1672 1674
  th 1689 1691
  th 1689 1691
  br 1716 1718
  br 1716 1718
  sup 1722 1725
  sup 1722 1725
  sup 1730 1733
  sup 1730 1733
  sup 1739 1742
  sup 1739 1742
  sup 1746 1749
  sup 1746 1749
  sup 1755 1758
  sup 1755 1758
  sup 1762 1765
  sup 1762 1765
  th 1768 1770
  th 1768 1770
  th 1785 1787
  th 1785 1787
  th 1809 1811
  th 1809 1811
  th 1851 1853
  th 1851 1853
  th 1879 1881
  th 1879 1881
  th 1896 1898
  th 1896 1898
  th 1928 1930
  th 1928 1930
  th 1945 1947
  th 1945 1947
  th 1971 1973
  th 1971 1973
  tr 1985 1987
  tr 1985 1987
  thead 1995 2000
  thead 1995 2000
  tbody 2008 2013
  tbody 2008 2013
  tr 2065 2067
  tr 2065 2067
  td 2086 2088
  td 2086 2088
  td 2113 2115
  td 2113 2115
  td 2134 2136
  td 2134 2136
  td 2155 2157
  td 2155 2157
  td 2279 2281
  td 2279 2281
  td 2304 2306
  td 2304 2306
  td 2329 2331
  td 2329 2331
  td 2354 2356
  td 2354 2356
  td 2379 2381
  td 2379 2381
  td 2405 2407
  td 2405 2407
  td 2430 2432
  td 2430 2432
  td 2913 2915
  td 2913 2915
  td 3033 3035
  td 3033 3035
  td 3060 3062
  td 3060 3062
  td 3090 3092
  td 3090 3092
  td 3171 3173
  td 3171 3173
  td 3201 3203
  td 3201 3203
  td 3282 3284
  td 3282 3284
  td 3312 3314
  td 3312 3314
  td 3338 3340
  td 3338 3340
  td 3368 3370
  td 3368 3370
  td 3398 3400
  td 3398 3400
  td 3524 3526
  td 3524 3526
  td 3558 3560
  td 3558 3560
  td 3583 3585
  td 3583 3585
  td 4193 4195
  td 4193 4195
  td 4218 4220
  td 4218 4220
  td 4266 4268
  td 4266 4268
  tr 4312 4314
  tr 4312 4314
  tr 4845 4847
  tr 4845 4847
  td 4862 4864
  td 4862 4864
  strong 4897 4903
  strong 4897 4903
  strong 4932 4938
  strong 4932 4938
  td 4941 4943
  td 4941 4943
  td 4958 4960
  td 4958 4960
  strong 4992 4998
  strong 4992 4998
  strong 5017 5023
  strong 5017 5023
  td 5026 5028
  td 5026 5028
  td 5074 5076
  td 5074 5076
  strong 5090 5096
  strong 5090 5096
  td 5149 5151
  td 5149 5151
  td 5195 5197
  td 5195 5197
  strong 5211 5217
  strong 5211 5217
  td 5271 5273
  td 5271 5273
  tr 5315 5317
  tr 5315 5317
  tbody 5325 5330
  tbody 5325 5330
  table 5334 5339
  table 5334 5339
  script 5392 5398
  script 5392 5398
  script 6192 6198
  script 6192 6198
Invalid Selector
Invalid Selector
$sr- 4632
  script 54 60
$sr- 4632
  script 113 119
  script 54 60
  script 122 128
  script 113 119
  script 181 187
  script 122 128
  table 191 196
  script 181 187
  tbody 250 255
  table 191 196
  tr 266 268
  tbody 250 255
  td 283 285
  tr 266 268
  strong 287 293
  td 283 285
  strong 300 306
  strong 287 293
  td 343 345
  strong 300 306
  td 398 400
  td 343 345
  strong 402 408
  td 398 400
  strong 430 436
  strong 402 408
  td 457 459
  strong 430 436
  td 474 476
  td 457 459
  strong 478 484
  td 474 476
  strong 494 500
  strong 478 484
  td 537 539
  strong 494 500
  tr 551 553
  td 537 539
  tr 564 566
  tr 551 553
  td 581 583
  tr 564 566
  strong 585 591
  td 581 583
  strong 616 622
  strong 585 591
  td 680 682
  strong 616 622
  td 697 699
  td 680 682
  strong 701 707
  td 697 699
  strong 727 733
  strong 701 707
  td 752 754
  strong 727 733
  td 769 771
  td 752 754
  strong 773 779
  td 769 771
  strong 786 792
  strong 773 779
  td 929 931
  strong 786 792
  tr 943 945
  td 929 931
  tbody 954 959
  tr 943 945
  table 963 968
  tbody 954 959
  table 973 978
  table 963 968
  thead 1119 1124
  table 973 978
  tr 1135 1137
  thead 1119 1124
  th 1152 1154
  tr 1135 1137
  th 1171 1173
  th 1152 1154
  th 1188 1190
  th 1171 1173
  th 1213 1215
  th 1188 1190
  th 1230 1232
  th 1213 1215
  br 1249 1251
  th 1230 1232
  th 1258 1260
  br 1249 1251
  th 1275 1277
  th 1258 1260
  br 1294 1296
  th 1275 1277
  th 1303 1305
  br 1294 1296
  th 1320 1322
  th 1303 1305
  br 1343 1345
  th 1320 1322
  th 1352 1354
  br 1343 1345
  th 1369 1371
  th 1352 1354
  br 1398 1400
  th 1369 1371
  th 1403 1405
  br 1398 1400
  th 1490 1492
  th 1403 1405
  br 1512 1514
  th 1490 1492
  sup 1524 1527
  br 1512 1514
  sup 1531 1534
  sup 1524 1527
  th 1547 1549
  sup 1531 1534
  th 1564 1566
  th 1547 1549
  sup 1581 1584
  th 1564 1566
  sup 1589 1592
  sup 1581 1584
  br 1595 1597
  sup 1589 1592
  th 1610 1612
  br 1595 1597
  th 1627 1629
  th 1610 1612
  sup 1644 1647
  th 1627 1629
  sup 1651 1654
  sup 1644 1647
  br 1657 1659
  sup 1651 1654
  th 1672 1674
  br 1657 1659
  th 1689 1691
  th 1672 1674
  br 1716 1718
  th 1689 1691
  sup 1722 1725
  br 1716 1718
  sup 1730 1733
  sup 1722 1725
  sup 1739 1742
  sup 1730 1733
  sup 1746 1749
  sup 1739 1742
  sup 1755 1758
  sup 1746 1749
  sup 1762 1765
  sup 1755 1758
  th 1768 1770
  sup 1762 1765
  th 1785 1787
  th 1768 1770
  th 1809 1811
  th 1785 1787
  th 1851 1853
  th 1809 1811
  th 1879 1881
  th 1851 1853
  th 1896 1898
  th 1879 1881
  th 1928 1930
  th 1896 1898
  th 1945 1947
  th 1928 1930
  th 1971 1973
  th 1945 1947
  tr 1985 1987
  th 1971 1973
  thead 1995 2000
  tr 1985 1987
  tbody 2008 2013
  thead 1995 2000
  tr 2065 2067
  tbody 2008 2013
  td 2086 2088
  tr 2065 2067
  td 2113 2115
  td 2086 2088
  td 2134 2136
  td 2113 2115
  td 2155 2157
  td 2134 2136
  td 2279 2281
  td 2155 2157
  td 2304 2306
  td 2279 2281
  td 2329 2331
  td 2304 2306
  td 2354 2356
  td 2329 2331
  td 2379 2381
  td 2354 2356
  td 2405 2407
  td 2379 2381
  td 2430 2432
  td 2405 2407
  td 2913 2915
  td 2430 2432
  td 3033 3035
  td 2913 2915
  td 3060 3062
  td 3033 3035
  td 3090 3092
  td 3060 3062
  td 3171 3173
  td 3090 3092
  td 3201 3203
  td 3171 3173
  td 3282 3284
  td 3201 3203
  td 3312 3314
  td 3282 3284
  td 3338 3340
  td 3312 3314
  td 3368 3370
  td 3338 3340
  td 3398 3400
  td 3368 3370
  td 3524 3526
  td 3398 3400
  td 3558 3560
  td 3524 3526
  td 3583 3585
  td 3558 3560
  td 4193 4195
  td 3583 3585
  td 4218 4220
  td 4193 4195
  td 4266 4268
  td 4218 4220
  tr 4312 4314
  td 4266 4268
  tr 4845 4847
  tr 4312 4314
  td 4862 4864
  tr 4845 4847
  strong 4897 4903
  td 4862 4864
  strong 4932 4938
  strong 4897 4903
  td 4941 4943
  strong 4932 4938
  td 4958 4960
  td 4941 4943
  strong 4992 4998
  td 4958 4960
  strong 5017 5023
  strong 4992 4998
  td 5026 5028
  strong 5017 5023
  td 5074 5076
  td 5026 5028
  strong 5090 5096
  td 5074 5076
  td 5149 5151
  strong 5090 5096
  td 5195 5197
  td 5149 5151
  strong 5211 5217
  td 5195 5197
  td 5271 5273
  strong 5211 5217
  tr 5315 5317
  td 5271 5273
  tbody 5325 5330
  tr 5315 5317
  table 5334 5339
  tbody 5325 5330
  script 5392 5398
  table 5334 5339
  script 6192 6198
  script 5392 5398
Invalid Selector
  script 6192 6198
Invalid Selector
$section 4620
  script 54 60
$section 4620
  script 113 119
  script 54 60
  script 122 128
  script 113 119
  script 181 187
  script 122 128
  table 191 196
  script 181 187
  tbody 250 255
  table 191 196
  tr 266 268
  tbody 250 255
  td 283 285
  tr 266 268
  strong 287 293
  td 283 285
  strong 300 306
  strong 287 293
  td 343 345
  strong 300 306
  td 398 400
  td 343 345
  strong 402 408
  td 398 400
  strong 430 436
  strong 402 408
  td 457 459
  strong 430 436
  td 474 476
  td 457 459
  strong 478 484
  td 474 476
  strong 494 500
  strong 478 484
  td 537 539
  strong 494 500
  tr 551 553
  td 537 539
  tr 564 566
  tr 551 553
  td 581 583
  tr 564 566
  strong 585 591
  td 581 583
  strong 616 622
  strong 585 591
  td 680 682
  strong 616 622
  td 697 699
  td 680 682
  strong 701 707
  td 697 699
  strong 727 733
  strong 701 707
  td 752 754
  strong 727 733
  td 769 771
  td 752 754
  strong 773 779
  td 769 771
  strong 786 792
  strong 773 779
  td 929 931
  strong 786 792
  tr 943 945
  td 929 931
  tbody 954 959
  tr 943 945
  table 963 968
  tbody 954 959
  table 973 978
  table 963 968
  thead 1119 1124
  table 973 978
  tr 1135 1137
  thead 1119 1124
  th 1152 1154
  tr 1135 1137
  th 1171 1173
  th 1152 1154
  th 1188 1190
  th 1171 1173
  th 1213 1215
  th 1188 1190
  th 1230 1232
  th 1213 1215
  br 1249 1251
  th 1230 1232
  th 1258 1260
  br 1249 1251
  th 1275 1277
  th 1258 1260
  br 1294 1296
  th 1275 1277
  th 1303 1305
  br 1294 1296
  th 1320 1322
  th 1303 1305
  br 1343 1345
  th 1320 1322
  th 1352 1354
  br 1343 1345
  th 1369 1371
  th 1352 1354
  br 1398 1400
  th 1369 1371
  th 1403 1405
  br 1398 1400
  th 1490 1492
  th 1403 1405
  br 1512 1514
  th 1490 1492
  sup 1524 1527
  br 1512 1514
  sup 1531 1534
  sup 1524 1527
  th 1547 1549
  sup 1531 1534
  th 1564 1566
  th 1547 1549
  sup 1581 1584
  th 1564 1566
  sup 1589 1592
  sup 1581 1584
  br 1595 1597
  sup 1589 1592
  th 1610 1612
  br 1595 1597
  th 1627 1629
  th 1610 1612
  sup 1644 1647
  th 1627 1629
  sup 1651 1654
  sup 1644 1647
  br 1657 1659
  sup 1651 1654
  th 1672 1674
  br 1657 1659
  th 1689 1691
  th 1672 1674
  br 1716 1718
  th 1689 1691
  sup 1722 1725
  br 1716 1718
  sup 1730 1733
  sup 1722 1725
  sup 1739 1742
  sup 1730 1733
  sup 1746 1749
  sup 1739 1742
  sup 1755 1758
  sup 1746 1749
  sup 1762 1765
  sup 1755 1758
  th 1768 1770
  sup 1762 1765
  th 1785 1787
  th 1768 1770
  th 1809 1811
  th 1785 1787
  th 1851 1853
  th 1809 1811
  th 1879 1881
  th 1851 1853
  th 1896 1898
  th 1879 1881
  th 1928 1930
  th 1896 1898
  th 1945 1947
  th 1928 1930
  th 1971 1973
  th 1945 1947
  tr 1985 1987
  th 1971 1973
  thead 1995 2000
  tr 1985 1987
  tbody 2008 2013
  thead 1995 2000
  tr 2065 2067
  tbody 2008 2013
  td 2086 2088
  tr 2065 2067
  td 2113 2115
  td 2086 2088
  td 2134 2136
  td 2113 2115
  td 2155 2157
  td 2134 2136
  td 2279 2281
  td 2155 2157
  td 2304 2306
  td 2279 2281
  td 2329 2331
  td 2304 2306
  td 2354 2356
  td 2329 2331
  td 2379 2381
  td 2354 2356
  td 2405 2407
  td 2379 2381
  td 2430 2432
  td 2405 2407
  td 2913 2915
  td 2430 2432
  td 3033 3035
  td 2913 2915
  td 3060 3062
  td 3033 3035
  td 3090 3092
  td 3060 3062
  td 3171 3173
  td 3090 3092
  td 3201 3203
  td 3171 3173
  td 3282 3284
  td 3201 3203
  td 3312 3314
  td 3282 3284
  td 3338 3340
  td 3312 3314
  td 3368 3370
  td 3338 3340
  td 3398 3400
  td 3368 3370
  td 3524 3526
  td 3398 3400
  td 3558 3560
  td 3524 3526
  td 3583 3585
  td 3558 3560
  td 4193 4195
  td 3583 3585
  td 4218 4220
  td 4193 4195
  td 4266 4268
  td 4218 4220
  tr 4312 4314
  td 4266 4268
  tr 4845 4847
  tr 4312 4314
  td 4862 4864
  tr 4845 4847
  strong 4897 4903
  td 4862 4864
  strong 4932 4938
  strong 4897 4903
  td 4941 4943
  strong 4932 4938
  td 4958 4960
  td 4941 4943
  strong 4992 4998
  td 4958 4960
  strong 5017 5023
  strong 4992 4998
  td 5026 5028
  strong 5017 5023
  td 5074 5076
  td 5026 5028
  strong 5090 5096
  td 5074 5076
  td 5149 5151
  strong 5090 5096
  td 5195 5197
  td 5149 5151
  strong 5211 5217
  td 5195 5197
  td 5271 5273
  strong 5211 5217
  tr 5315 5317
  td 5271 5273
  tbody 5325 5330
  tr 5315 5317
  table 5334 5339
  tbody 5325 5330
  script 5392 5398
  table 5334 5339
  script 6192 6198
  script 5392 5398
Invalid Selector
  script 6192 6198
Invalid Selector
$sr- 4632
  script 54 60
$sr- 4632
  script 113 119
  script 54 60
  script 122 128
  script 113 119
  script 181 187
  script 122 128
  table 191 196
  script 181 187
  tbody 250 255
  table 191 196
  tr 266 268
  tbody 250 255
  td 283 285
  tr 266 268
  strong 287 293
  td 283 285
  strong 300 306
  strong 287 293
  td 343 345
  strong 300 306
  td 398 400
  td 343 345
  strong 402 408
  td 398 400
  strong 430 436
  strong 402 408
  td 457 459
  strong 430 436
  td 474 476
  td 457 459
  strong 478 484
  td 474 476
  strong 494 500
  strong 478 484
  td 537 539
  strong 494 500
  tr 551 553
  td 537 539
  tr 564 566
  tr 551 553
  td 581 583
  tr 564 566
  strong 585 591
  td 581 583
  strong 616 622
  strong 585 591
  td 680 682
  strong 616 622
  td 697 699
  td 680 682
  strong 701 707
  td 697 699
  strong 727 733
  strong 701 707
  td 752 754
  strong 727 733
  td 769 771
  td 752 754
  strong 773 779
  td 769 771
  strong 786 792
  strong 773 779
  td 929 931
  strong 786 792
  tr 943 945
  td 929 931
  tbody 954 959
  tr 943 945
  table 963 968
  tbody 954 959
  table 973 978
  table 963 968
  thead 1119 1124
  table 973 978
  tr 1135 1137
  thead 1119 1124
  th 1152 1154
  tr 1135 1137
  th 1171 1173
  th 1152 1154
  th 1188 1190
  th 1171 1173
  th 1213 1215
  th 1188 1190
  th 1230 1232
  th 1213 1215
  br 1249 1251
  th 1230 1232
  th 1258 1260
  br 1249 1251
  th 1275 1277
  th 1258 1260
  br 1294 1296
  th 1275 1277
  th 1303 1305
  br 1294 1296
  th 1320 1322
  th 1303 1305
  br 1343 1345
  th 1320 1322
  th 1352 1354
  br 1343 1345
  th 1369 1371
  th 1352 1354
  br 1398 1400
  th 1369 1371
  th 1403 1405
  br 1398 1400
  th 1490 1492
  th 1403 1405
  br 1512 1514
  th 1490 1492
  sup 1524 1527
  br 1512 1514
  sup 1531 1534
  sup 1524 1527
  th 1547 1549
  sup 1531 1534
  th 1564 1566
  th 1547 1549
  sup 1581 1584
  th 1564 1566
  sup 1589 1592
  sup 1581 1584
  br 1595 1597
  sup 1589 1592
  th 1610 1612
  br 1595 1597
  th 1627 1629
  th 1610 1612
  sup 1644 1647
  th 1627 1629
  sup 1651 1654
  sup 1644 1647
  br 1657 1659
  sup 1651 1654
  th 1672 1674
  br 1657 1659
  th 1689 1691
  th 1672 1674
  br 1716 1718
  th 1689 1691
  sup 1722 1725
  br 1716 1718
  sup 1730 1733
  sup 1722 1725
  sup 1739 1742
  sup 1730 1733
  sup 1746 1749
  sup 1739 1742
  sup 1755 1758
  sup 1746 1749
  sup 1762 1765
  sup 1755 1758
  th 1768 1770
  sup 1762 1765
  th 1785 1787
  th 1768 1770
  th 1809 1811
  th 1785 1787
  th 1851 1853
  th 1809 1811
  th 1879 1881
  th 1851 1853
  th 1896 1898
  th 1879 1881
  th 1928 1930
  th 1896 1898
  th 1945 1947
  th 1928 1930
  th 1971 1973
  th 1945 1947
  tr 1985 1987
  th 1971 1973
  thead 1995 2000
  tr 1985 1987
  tbody 2008 2013
  thead 1995 2000
  tr 2065 2067
  tbody 2008 2013
  td 2086 2088
  tr 2065 2067
  td 2113 2115
  td 2086 2088
  td 2134 2136
  td 2113 2115
  td 2155 2157
  td 2134 2136
  td 2279 2281
  td 2155 2157
  td 2304 2306
  td 2279 2281
  td 2329 2331
  td 2304 2306
  td 2354 2356
  td 2329 2331
  td 2379 2381
  td 2354 2356
  td 2405 2407
  td 2379 2381
  td 2430 2432
  td 2405 2407
  td 2913 2915
  td 2430 2432
  td 3033 3035
  td 2913 2915
  td 3060 3062
  td 3033 3035
  td 3090 3092
  td 3060 3062
  td 3171 3173
  td 3090 3092
  td 3201 3203
  td 3171 3173
  td 3282 3284
  td 3201 3203
  td 3312 3314
  td 3282 3284
  td 3338 3340
  td 3312 3314
  td 3368 3370
  td 3338 3340
  td 3398 3400
  td 3368 3370
  td 3524 3526
  td 3398 3400
  td 3558 3560
  td 3524 3526
  td 3583 3585
  td 3558 3560
  td 4193 4195
  td 3583 3585
  td 4218 4220
  td 4193 4195
  td 4266 4268
  td 4218 4220
  tr 4312 4314
  td 4266 4268
  tr 4845 4847
  tr 4312 4314
  td 4862 4864
  tr 4845 4847
  strong 4897 4903
  td 4862 4864
  strong 4932 4938
  strong 4897 4903
  td 4941 4943
  strong 4932 4938
  td 4958 4960
  td 4941 4943
  strong 4992 4998
  td 4958 4960
  strong 5017 5023
  strong 4992 4998
  td 5026 5028
  strong 5017 5023
  td 5074 5076
  td 5026 5028
  strong 5090 5096
  td 5074 5076
  td 5149 5151
  strong 5090 5096
  td 5195 5197
  td 5149 5151
  strong 5211 5217
  td 5195 5197
  td 5271 5273
  strong 5211 5217
  tr 5315 5317
  td 5271 5273
  tbody 5325 5330
  tr 5315 5317
  table 5334 5339
  tbody 5325 5330
  script 5392 5398
  table 5334 5339
  script 6192 6198
  script 5392 5398
Invalid Selector
  script 6192 6198
Invalid Selector
$sr->section_id; 4632
  script 54 60
  script 113 119
$sr->section_id; 4632
  script 122 128
  script 54 60
  script 181 187
  script 113 119
  table 191 196
  script 122 128
  tbody 250 255
  script 181 187
  tr 266 268
  table 191 196
  td 283 285
  tbody 250 255
  strong 287 293
  tr 266 268
  strong 300 306
  td 283 285
  td 343 345
  strong 287 293
  td 398 400
  strong 300 306
  strong 402 408
  td 343 345
  strong 430 436
  td 398 400
  td 457 459
  strong 402 408
  td 474 476
  strong 430 436
  strong 478 484
  td 457 459
  strong 494 500
  td 474 476
  td 537 539
  strong 478 484
  tr 551 553
  strong 494 500
  tr 564 566
  td 537 539
  td 581 583
  tr 551 553
  strong 585 591
  tr 564 566
  strong 616 622
  td 581 583
  td 680 682
  strong 585 591
  td 697 699
  strong 616 622
  strong 701 707
  td 680 682
  strong 727 733
  td 697 699
  td 752 754
  strong 701 707
  td 769 771
  strong 727 733
  strong 773 779
  td 752 754
  strong 786 792
  td 769 771
  td 929 931
  strong 773 779
  tr 943 945
  strong 786 792
  tbody 954 959
  td 929 931
  table 963 968
  tr 943 945
  table 973 978
  tbody 954 959
  thead 1119 1124
  table 963 968
  tr 1135 1137
  table 973 978
  th 1152 1154
  thead 1119 1124
  th 1171 1173
  tr 1135 1137
  th 1188 1190
  th 1152 1154
  th 1213 1215
  th 1171 1173
  th 1230 1232
  th 1188 1190
  br 1249 1251
  th 1213 1215
  th 1258 1260
  th 1230 1232
  th 1275 1277
  br 1249 1251
  br 1294 1296
  th 1258 1260
  th 1303 1305
  th 1275 1277
  th 1320 1322
  br 1294 1296
  br 1343 1345
  th 1303 1305
  th 1352 1354
  th 1320 1322
  th 1369 1371
  br 1343 1345
  br 1398 1400
  th 1352 1354
  th 1403 1405
  th 1369 1371
  th 1490 1492
  br 1398 1400
  br 1512 1514
  th 1403 1405
  sup 1524 1527
  th 1490 1492
  sup 1531 1534
  br 1512 1514
  th 1547 1549
  sup 1524 1527
  th 1564 1566
  sup 1531 1534
  sup 1581 1584
  th 1547 1549
  sup 1589 1592
  th 1564 1566
  br 1595 1597
  sup 1581 1584
  th 1610 1612
  sup 1589 1592
  th 1627 1629
  br 1595 1597
  sup 1644 1647
  th 1610 1612
  sup 1651 1654
  th 1627 1629
  br 1657 1659
  sup 1644 1647
  th 1672 1674
  sup 1651 1654
  th 1689 1691
  br 1657 1659
  br 1716 1718
  th 1672 1674
  sup 1722 1725
  th 1689 1691
  sup 1730 1733
  br 1716 1718
  sup 1739 1742
  sup 1722 1725
  sup 1746 1749
  sup 1730 1733
  sup 1755 1758
  sup 1739 1742
  sup 1762 1765
  sup 1746 1749
  th 1768 1770
  sup 1755 1758
  th 1785 1787
  sup 1762 1765
  th 1809 1811
  th 1768 1770
  th 1851 1853
  th 1785 1787
  th 1879 1881
  th 1809 1811
  th 1896 1898
  th 1851 1853
  th 1928 1930
  th 1879 1881
  th 1945 1947
  th 1896 1898
  th 1971 1973
  th 1928 1930
  tr 1985 1987
  th 1945 1947
  thead 1995 2000
  th 1971 1973
  tbody 2008 2013
  tr 1985 1987
  tr 2065 2067
  thead 1995 2000
  td 2086 2088
  tbody 2008 2013
  td 2113 2115
  tr 2065 2067
  td 2134 2136
  td 2086 2088
  td 2155 2157
  td 2113 2115
  td 2279 2281
  td 2134 2136
  td 2304 2306
  td 2155 2157
  td 2329 2331
  td 2279 2281
  td 2354 2356
  td 2304 2306
  td 2379 2381
  td 2329 2331
  td 2405 2407
  td 2354 2356
  td 2430 2432
  td 2379 2381
  td 2913 2915
  td 2405 2407
  td 3033 3035
  td 2430 2432
  td 3060 3062
  td 2913 2915
  td 3090 3092
  td 3033 3035
  td 3171 3173
  td 3060 3062
  td 3201 3203
  td 3090 3092
  td 3282 3284
  td 3171 3173
  td 3312 3314
  td 3201 3203
  td 3338 3340
  td 3282 3284
  td 3368 3370
  td 3312 3314
  td 3398 3400
  td 3338 3340
  td 3524 3526
  td 3368 3370
  td 3558 3560
  td 3398 3400
  td 3583 3585
  td 3524 3526
  td 4193 4195
  td 3558 3560
  td 4218 4220
  td 3583 3585
  td 4266 4268
  td 4193 4195
  tr 4312 4314
  td 4218 4220
  tr 4845 4847
  td 4266 4268
  td 4862 4864
  tr 4312 4314
  strong 4897 4903
  tr 4845 4847
  strong 4932 4938
  td 4862 4864
  td 4941 4943
  strong 4897 4903
  td 4958 4960
  strong 4932 4938
  strong 4992 4998
  td 4941 4943
  strong 5017 5023
  td 4958 4960
  td 5026 5028
  strong 4992 4998
  td 5074 5076
  strong 5017 5023
  strong 5090 5096
  td 5026 5028
  td 5149 5151
  td 5074 5076
  td 5195 5197
  strong 5090 5096
  strong 5211 5217
  td 5149 5151
  td 5271 5273
  td 5195 5197
  tr 5315 5317
  strong 5211 5217
  tbody 5325 5330
  td 5271 5273
  table 5334 5339
  tr 5315 5317
  script 5392 5398
  tbody 5325 5330
  script 6192 6198
  table 5334 5339
Invalid Selector
  script 5392 5398
  script 6192 6198
Invalid Selector
$sr->section_id; 4632
  script 54 60
$sr->section_id; 4632
  script 113 119
  script 54 60
  script 122 128
  script 113 119
  script 181 187
  script 122 128
  table 191 196
  script 181 187
  tbody 250 255
  table 191 196
  tr 266 268
  tbody 250 255
  td 283 285
  tr 266 268
  strong 287 293
  td 283 285
  strong 300 306
  strong 287 293
  td 343 345
  strong 300 306
  td 398 400
  td 343 345
  strong 402 408
  td 398 400
  strong 430 436
  strong 402 408
  td 457 459
  strong 430 436
  td 474 476
  td 457 459
  strong 478 484
  td 474 476
  strong 494 500
  strong 478 484
  td 537 539
  strong 494 500
  tr 551 553
  td 537 539
  tr 564 566
  tr 551 553
  td 581 583
  tr 564 566
  strong 585 591
  td 581 583
  strong 616 622
  strong 585 591
  td 680 682
  strong 616 622
  td 697 699
  td 680 682
  strong 701 707
  td 697 699
  strong 727 733
  strong 701 707
  td 752 754
  strong 727 733
  td 769 771
  td 752 754
  strong 773 779
  td 769 771
  strong 786 792
  strong 773 779
  td 929 931
  strong 786 792
  tr 943 945
  td 929 931
  tbody 954 959
  tr 943 945
  table 963 968
  tbody 954 959
  table 973 978
  table 963 968
  thead 1119 1124
  table 973 978
  tr 1135 1137
  thead 1119 1124
  th 1152 1154
  tr 1135 1137
  th 1171 1173
  th 1152 1154
  th 1188 1190
  th 1171 1173
  th 1213 1215
  th 1188 1190
  th 1230 1232
  th 1213 1215
  br 1249 1251
  th 1230 1232
  th 1258 1260
  br 1249 1251
  th 1275 1277
  th 1258 1260
  br 1294 1296
  th 1275 1277
  th 1303 1305
  br 1294 1296
  th 1320 1322
  th 1303 1305
  br 1343 1345
  th 1320 1322
  th 1352 1354
  br 1343 1345
  th 1369 1371
  th 1352 1354
  br 1398 1400
  th 1369 1371
  th 1403 1405
  br 1398 1400
  th 1490 1492
  th 1403 1405
  br 1512 1514
  th 1490 1492
  sup 1524 1527
  br 1512 1514
  sup 1531 1534
  sup 1524 1527
  th 1547 1549
  sup 1531 1534
  th 1564 1566
  th 1547 1549
  sup 1581 1584
  th 1564 1566
  sup 1589 1592
  sup 1581 1584
  br 1595 1597
  sup 1589 1592
  th 1610 1612
  br 1595 1597
  th 1627 1629
  th 1610 1612
  sup 1644 1647
  th 1627 1629
  sup 1651 1654
  sup 1644 1647
  br 1657 1659
  sup 1651 1654
  th 1672 1674
  br 1657 1659
  th 1689 1691
  th 1672 1674
  br 1716 1718
  th 1689 1691
  sup 1722 1725
  br 1716 1718
  sup 1730 1733
  sup 1722 1725
  sup 1739 1742
  sup 1730 1733
  sup 1746 1749
  sup 1739 1742
  sup 1755 1758
  sup 1746 1749
  sup 1762 1765
  sup 1755 1758
  th 1768 1770
  sup 1762 1765
  th 1785 1787
  th 1768 1770
  th 1809 1811
  th 1785 1787
  th 1851 1853
  th 1809 1811
  th 1879 1881
  th 1851 1853
  th 1896 1898
  th 1879 1881
  th 1928 1930
  th 1896 1898
  th 1945 1947
  th 1928 1930
  th 1971 1973
  th 1945 1947
  tr 1985 1987
  th 1971 1973
  thead 1995 2000
  tr 1985 1987
  tbody 2008 2013
  thead 1995 2000
  tr 2065 2067
  tbody 2008 2013
  td 2086 2088
  tr 2065 2067
  td 2113 2115
  td 2086 2088
  td 2134 2136
  td 2113 2115
  td 2155 2157
  td 2134 2136
  td 2279 2281
  td 2155 2157
  td 2304 2306
  td 2279 2281
  td 2329 2331
  td 2304 2306
  td 2354 2356
  td 2329 2331
  td 2379 2381
  td 2354 2356
  td 2405 2407
  td 2379 2381
  td 2430 2432
  td 2405 2407
  td 2913 2915
  td 2430 2432
  td 3033 3035
  td 2913 2915
  td 3060 3062
  td 3033 3035
  td 3090 3092
  td 3060 3062
  td 3171 3173
  td 3090 3092
  td 3201 3203
  td 3171 3173
  td 3282 3284
  td 3201 3203
  td 3312 3314
  td 3282 3284
  td 3338 3340
  td 3312 3314
  td 3368 3370
  td 3338 3340
  td 3398 3400
  td 3368 3370
  td 3524 3526
  td 3398 3400
  td 3558 3560
  td 3524 3526
  td 3583 3585
  td 3558 3560
  td 4193 4195
  td 3583 3585
  td 4218 4220
  td 4193 4195
  td 4266 4268
  td 4218 4220
  tr 4312 4314
  td 4266 4268
  tr 4845 4847
  tr 4312 4314
  td 4862 4864
  tr 4845 4847
  strong 4897 4903
  td 4862 4864
  strong 4932 4938
  strong 4897 4903
  td 4941 4943
  strong 4932 4938
  td 4958 4960
  td 4941 4943
  strong 4992 4998
  td 4958 4960
  strong 5017 5023
  strong 4992 4998
  td 5026 5028
  strong 5017 5023
  td 5074 5076
  td 5026 5028
  strong 5090 5096
  td 5074 5076
  td 5149 5151
  strong 5090 5096
  td 5195 5197
  td 5149 5151
  strong 5211 5217
  td 5195 5197
  td 5271 5273
  strong 5211 5217
  tr 5315 5317
  td 5271 5273
  tbody 5325 5330
  tr 5315 5317
  table 5334 5339
  tbody 5325 5330
  script 5392 5398
  table 5334 5339
  script 6192 6198
  script 5392 5398
Invalid Selector
  script 6192 6198
Invalid Selector
$my_class->id)->where( 4562
$my_class->id)->where( 4562
  script 54 60
  script 54 60
  script 113 119
  script 113 119
  script 122 128
  script 122 128
  script 181 187
  script 181 187
  table 191 196
  table 191 196
  tbody 250 255
  tbody 250 255
  tr 266 268
  tr 266 268
  td 283 285
  td 283 285
  strong 287 293
  strong 287 293
  strong 300 306
  strong 300 306
  td 343 345
  td 343 345
  td 398 400
  td 398 400
  strong 402 408
  strong 402 408
  strong 430 436
  strong 430 436
  td 457 459
  td 457 459
  td 474 476
  td 474 476
  strong 478 484
  strong 478 484
  strong 494 500
  strong 494 500
  td 537 539
  td 537 539
  tr 551 553
  tr 551 553
  tr 564 566
  tr 564 566
  td 581 583
  td 581 583
  strong 585 591
  strong 585 591
  strong 616 622
  strong 616 622
  td 680 682
  td 680 682
  td 697 699
  td 697 699
  strong 701 707
  strong 701 707
  strong 727 733
  strong 727 733
  td 752 754
  td 752 754
  td 769 771
  td 769 771
  strong 773 779
  strong 773 779
  strong 786 792
  strong 786 792
  td 929 931
  td 929 931
  tr 943 945
  tr 943 945
  tbody 954 959
  tbody 954 959
  table 963 968
  table 963 968
  table 973 978
  table 973 978
  thead 1119 1124
  thead 1119 1124
  tr 1135 1137
  tr 1135 1137
  th 1152 1154
  th 1152 1154
  th 1171 1173
  th 1171 1173
  th 1188 1190
  th 1188 1190
  th 1213 1215
  th 1213 1215
  th 1230 1232
  th 1230 1232
  br 1249 1251
  br 1249 1251
  th 1258 1260
  th 1258 1260
  th 1275 1277
  th 1275 1277
  br 1294 1296
  br 1294 1296
  th 1303 1305
  th 1303 1305
  th 1320 1322
  th 1320 1322
  br 1343 1345
  br 1343 1345
  th 1352 1354
  th 1352 1354
  th 1369 1371
  th 1369 1371
  br 1398 1400
  br 1398 1400
  th 1403 1405
  th 1403 1405
  th 1490 1492
  th 1490 1492
  br 1512 1514
  br 1512 1514
  sup 1524 1527
  sup 1524 1527
  sup 1531 1534
  sup 1531 1534
  th 1547 1549
  th 1547 1549
  th 1564 1566
  th 1564 1566
  sup 1581 1584
  sup 1581 1584
  sup 1589 1592
  sup 1589 1592
  br 1595 1597
  br 1595 1597
  th 1610 1612
  th 1610 1612
  th 1627 1629
  th 1627 1629
  sup 1644 1647
  sup 1644 1647
  sup 1651 1654
  sup 1651 1654
  br 1657 1659
  br 1657 1659
  th 1672 1674
  th 1672 1674
  th 1689 1691
  th 1689 1691
  br 1716 1718
  br 1716 1718
  sup 1722 1725
  sup 1722 1725
  sup 1730 1733
  sup 1730 1733
  sup 1739 1742
  sup 1739 1742
  sup 1746 1749
  sup 1746 1749
  sup 1755 1758
  sup 1755 1758
  sup 1762 1765
  sup 1762 1765
  th 1768 1770
  th 1768 1770
  th 1785 1787
  th 1785 1787
  th 1809 1811
  th 1809 1811
  th 1851 1853
  th 1851 1853
  th 1879 1881
  th 1879 1881
  th 1896 1898
  th 1896 1898
  th 1928 1930
  th 1928 1930
  th 1945 1947
  th 1945 1947
  th 1971 1973
  th 1971 1973
  tr 1985 1987
  tr 1985 1987
  thead 1995 2000
  thead 1995 2000
  tbody 2008 2013
  tbody 2008 2013
  tr 2065 2067
  tr 2065 2067
  td 2086 2088
  td 2086 2088
  td 2113 2115
  td 2113 2115
  td 2134 2136
  td 2134 2136
  td 2155 2157
  td 2155 2157
  td 2279 2281
  td 2279 2281
  td 2304 2306
  td 2304 2306
  td 2329 2331
  td 2329 2331
  td 2354 2356
  td 2354 2356
  td 2379 2381
  td 2379 2381
  td 2405 2407
  td 2405 2407
  td 2430 2432
  td 2430 2432
  td 2913 2915
  td 2913 2915
  td 3033 3035
  td 3033 3035
  td 3060 3062
  td 3060 3062
  td 3090 3092
  td 3090 3092
  td 3171 3173
  td 3171 3173
  td 3201 3203
  td 3201 3203
  td 3282 3284
  td 3282 3284
  td 3312 3314
  td 3312 3314
  td 3338 3340
  td 3338 3340
  td 3368 3370
  td 3368 3370
  td 3398 3400
  td 3398 3400
  td 3524 3526
  td 3524 3526
  td 3558 3560
  td 3558 3560
  td 3583 3585
  td 3583 3585
  td 4193 4195
  td 4193 4195
  td 4218 4220
  td 4218 4220
  td 4266 4268
  td 4266 4268
  tr 4312 4314
  tr 4312 4314
  tr 4845 4847
  tr 4845 4847
  td 4862 4864
  td 4862 4864
  strong 4897 4903
  strong 4897 4903
  strong 4932 4938
  strong 4932 4938
  td 4941 4943
  td 4941 4943
  td 4958 4960
  td 4958 4960
  strong 4992 4998
  strong 4992 4998
  strong 5017 5023
  strong 5017 5023
  td 5026 5028
  td 5026 5028
  td 5074 5076
  td 5074 5076
  strong 5090 5096
  strong 5090 5096
  td 5149 5151
  td 5149 5151
  td 5195 5197
  td 5195 5197
  strong 5211 5217
  strong 5211 5217
  td 5271 5273
  td 5271 5273
  tr 5315 5317
  tr 5315 5317
  tbody 5325 5330
  tbody 5325 5330
  table 5334 5339
  table 5334 5339
  script 5392 5398
  script 5392 5398
  script 6192 6198
  script 6192 6198
Invalid Selector
Invalid Selector
td 5281
  script 54 60
td 5281
  script 113 119
  script 54 60
  script 122 128
  script 113 119
  script 181 187
  script 122 128
  table 191 196
  script 181 187
  tbody 250 255
  table 191 196
  tr 266 268
  tbody 250 255
  td 283 285
  tr 266 268
  strong 287 293
  td 283 285
  strong 300 306
  strong 287 293
  td 343 345
  strong 300 306
  td 398 400
  td 343 345
  strong 402 408
  td 398 400
  strong 430 436
  strong 402 408
  td 457 459
  strong 430 436
  td 474 476
  td 457 459
  strong 478 484
  td 474 476
  strong 494 500
  strong 478 484
  td 537 539
  strong 494 500
  tr 551 553
  td 537 539
  tr 564 566
  tr 551 553
  td 581 583
  tr 564 566
  strong 585 591
  td 581 583
  strong 616 622
  strong 585 591
  td 680 682
  strong 616 622
  td 697 699
  td 680 682
  strong 701 707
  td 697 699
  strong 727 733
  strong 701 707
  td 752 754
  strong 727 733
  td 769 771
  td 752 754
  strong 773 779
  td 769 771
  strong 786 792
  strong 773 779
  td 929 931
  strong 786 792
  tr 943 945
  td 929 931
  tbody 954 959
  tr 943 945
  table 963 968
  tbody 954 959
  table 973 978
  table 963 968
  thead 1119 1124
  table 973 978
  tr 1135 1137
  thead 1119 1124
  th 1152 1154
  tr 1135 1137
  th 1171 1173
  th 1152 1154
  th 1188 1190
  th 1171 1173
  th 1213 1215
  th 1188 1190
  th 1230 1232
  th 1213 1215
  br 1249 1251
  th 1230 1232
  th 1258 1260
  br 1249 1251
  th 1275 1277
  th 1258 1260
  br 1294 1296
  th 1275 1277
  th 1303 1305
  br 1294 1296
  th 1320 1322
  th 1303 1305
  br 1343 1345
  th 1320 1322
  th 1352 1354
  br 1343 1345
  th 1369 1371
  th 1352 1354
  br 1398 1400
  th 1369 1371
  th 1403 1405
  br 1398 1400
  th 1490 1492
  th 1403 1405
  br 1512 1514
  th 1490 1492
  sup 1524 1527
  br 1512 1514
  sup 1531 1534
  sup 1524 1527
  th 1547 1549
  sup 1531 1534
  th 1564 1566
  th 1547 1549
  sup 1581 1584
  th 1564 1566
  sup 1589 1592
  sup 1581 1584
  br 1595 1597
  sup 1589 1592
  th 1610 1612
  br 1595 1597
  th 1627 1629
  th 1610 1612
  sup 1644 1647
  th 1627 1629
  sup 1651 1654
  sup 1644 1647
  br 1657 1659
  sup 1651 1654
  th 1672 1674
  br 1657 1659
  th 1689 1691
  th 1672 1674
  br 1716 1718
  th 1689 1691
  sup 1722 1725
  br 1716 1718
  sup 1730 1733
  sup 1722 1725
  sup 1739 1742
  sup 1730 1733
  sup 1746 1749
  sup 1739 1742
  sup 1755 1758
  sup 1746 1749
  sup 1762 1765
  sup 1755 1758
  th 1768 1770
  sup 1762 1765
  th 1785 1787
  th 1768 1770
  th 1809 1811
  th 1785 1787
  th 1851 1853
  th 1809 1811
  th 1879 1881
  th 1851 1853
  th 1896 1898
  th 1879 1881
  th 1928 1930
  th 1896 1898
  th 1945 1947
  th 1928 1930
  th 1971 1973
  th 1945 1947
  tr 1985 1987
  th 1971 1973
  thead 1995 2000
  tr 1985 1987
  tbody 2008 2013
  thead 1995 2000
  tr 2065 2067
  tbody 2008 2013
  td 2086 2088
  tr 2065 2067
  td 2113 2115
  td 2086 2088
  td 2134 2136
  td 2113 2115
  td 2155 2157
  td 2134 2136
  td 2279 2281
  td 2155 2157
  td 2304 2306
  td 2279 2281
  td 2329 2331
  td 2304 2306
  td 2354 2356
  td 2329 2331
  td 2379 2381
  td 2354 2356
  td 2405 2407
  td 2379 2381
  td 2430 2432
  td 2405 2407
  td 2913 2915
  td 2430 2432
  td 3033 3035
  td 2913 2915
  td 3060 3062
  td 3033 3035
  td 3090 3092
  td 3060 3062
  td 3171 3173
  td 3090 3092
  td 3201 3203
  td 3171 3173
  td 3282 3284
  td 3201 3203
  td 3312 3314
  td 3282 3284
  td 3338 3340
  td 3312 3314
  td 3368 3370
  td 3338 3340
  td 3398 3400
  td 3368 3370
  td 3524 3526
  td 3398 3400
  td 3558 3560
  td 3524 3526
  td 3583 3585
  td 3558 3560
  td 4193 4195
  td 3583 3585
  td 4218 4220
  td 4193 4195
  td 4266 4268
  td 4218 4220
  tr 4312 4314
  td 4266 4268
  tr 4855 4857
  tr 4312 4314
  td 4872 4874
  tr 4855 4857
  strong 4907 4913
  td 4872 4874
  strong 4942 4948
  strong 4907 4913
  td 4951 4953
  strong 4942 4948
  td 4968 4970
  td 4951 4953
  strong 5002 5008
  td 4968 4970
  strong 5027 5033
  strong 5002 5008
  td 5036 5038
  strong 5027 5033
  td 5084 5086
  td 5036 5038
  strong 5100 5106
  td 5084 5086
  td 5159 5161
  strong 5100 5106
  td 5205 5207
  td 5159 5161
  strong 5221 5227
  td 5205 5207
  td 5281 5283
  strong 5221 5227
td is a "html tag"
  td 5281 5283
html.css has 163 symbols
td is a "html tag"
Searching through them all for /(^|[\s>+~])td(\[[^\]]*\]|:{1,2}[\w-()]+|\.[\w-]+|#[\w-]+)*\s*/
app.css has 3148 symbols
Done
Searching through them all for /(^|[\s>+~])td(\[[^\]]*\]|:{1,2}[\w-()]+|\.[\w-]+|#[\w-]+)*\s*/
exception.css has 214 symbols
Done
Searching through them all for /(^|[\s>+~])td(\[[^\]]*\]|:{1,2}[\w-()]+|\.[\w-]+|#[\w-]+)*\s*/
components.min.css has 4339 symbols
Done
Searching through them all for /(^|[\s>+~])td(\[[^\]]*\]|:{1,2}[\w-()]+|\.[\w-]+|#[\w-]+)*\s*/
app.css has 3148 symbols
Done
Searching through them all for /(^|[\s>+~])td(\[[^\]]*\]|:{1,2}[\w-()]+|\.[\w-]+|#[\w-]+)*\s*/
my_print.css has 14 symbols
Done
Searching through them all for /(^|[\s>+~])td(\[[^\]]*\]|:{1,2}[\w-()]+|\.[\w-]+|#[\w-]+)*\s*/
components.min.css has 4339 symbols
Done
Searching through them all for /(^|[\s>+~])td(\[[^\]]*\]|:{1,2}[\w-()]+|\.[\w-]+|#[\w-]+)*\s*/
print_tabulation.css has 7 symbols
Done
Searching through them all for /(^|[\s>+~])td(\[[^\]]*\]|:{1,2}[\w-()]+|\.[\w-]+|#[\w-]+)*\s*/
bootstrap.css has 2572 symbols
Done
Searching through them all for /(^|[\s>+~])td(\[[^\]]*\]|:{1,2}[\w-()]+|\.[\w-]+|#[\w-]+)*\s*/
bootstrap_limitless.css has 1198 symbols
Done
Searching through them all for /(^|[\s>+~])td(\[[^\]]*\]|:{1,2}[\w-()]+|\.[\w-]+|#[\w-]+)*\s*/
my_print.css has 14 symbols
Done
Searching through them all for /(^|[\s>+~])td(\[[^\]]*\]|:{1,2}[\w-()]+|\.[\w-]+|#[\w-]+)*\s*/
bootstrap.min.css has 2572 symbols
Done
Searching through them all for /(^|[\s>+~])td(\[[^\]]*\]|:{1,2}[\w-()]+|\.[\w-]+|#[\w-]+)*\s*/
bootstrap_limitless.css has 1198 symbols
Done
Searching through them all for /(^|[\s>+~])td(\[[^\]]*\]|:{1,2}[\w-()]+|\.[\w-]+|#[\w-]+)*\s*/
bootstrap_limitless.min.css has 1198 symbols
Done
Searching through them all for /(^|[\s>+~])td(\[[^\]]*\]|:{1,2}[\w-()]+|\.[\w-]+|#[\w-]+)*\s*/
bootstrap_limitless.min.css has 1198 symbols
Done
Searching through them all for /(^|[\s>+~])td(\[[^\]]*\]|:{1,2}[\w-()]+|\.[\w-]+|#[\w-]+)*\s*/
receipt.css has 17 symbols
Done
Searching through them all for /(^|[\s>+~])td(\[[^\]]*\]|:{1,2}[\w-()]+|\.[\w-]+|#[\w-]+)*\s*/
receipt.css has 17 symbols
Done
Searching through them all for /(^|[\s>+~])td(\[[^\]]*\]|:{1,2}[\w-()]+|\.[\w-]+|#[\w-]+)*\s*/
_inbox.scss has 15 symbols
Done
Searching through them all for /(^|[\s>+~])td(\[[^\]]*\]|:{1,2}[\w-()]+|\.[\w-]+|#[\w-]+)*\s*/
print_tabulation.css has 7 symbols
Done
Searching through them all for /(^|[\s>+~])td(\[[^\]]*\]|:{1,2}[\w-()]+|\.[\w-]+|#[\w-]+)*\s*/
_c3.scss has 48 symbols
Done
Searching through them all for /(^|[\s>+~])td(\[[^\]]*\]|:{1,2}[\w-()]+|\.[\w-]+|#[\w-]+)*\s*/
bootstrap-datepicker.min.css has 221 symbols
Done
Searching through them all for /(^|[\s>+~])td(\[[^\]]*\]|:{1,2}[\w-()]+|\.[\w-]+|#[\w-]+)*\s*/
_d3.scss has 72 symbols
Done
Searching through them all for /(^|[\s>+~])td(\[[^\]]*\]|:{1,2}[\w-()]+|\.[\w-]+|#[\w-]+)*\s*/
_c3.scss has 48 symbols
Done
Searching through them all for /(^|[\s>+~])td(\[[^\]]*\]|:{1,2}[\w-()]+|\.[\w-]+|#[\w-]+)*\s*/
_alpaca.scss has 65 symbols
Done
Searching through them all for /(^|[\s>+~])td(\[[^\]]*\]|:{1,2}[\w-()]+|\.[\w-]+|#[\w-]+)*\s*/
_print.scss has 34 symbols
Done
Searching through them all for /(^|[\s>+~])td(\[[^\]]*\]|:{1,2}[\w-()]+|\.[\w-]+|#[\w-]+)*\s*/
_date.scss has 49 symbols
Done
Searching through them all for /(^|[\s>+~])td(\[[^\]]*\]|:{1,2}[\w-()]+|\.[\w-]+|#[\w-]+)*\s*/
_d3.scss has 72 symbols
Done
Searching through them all for /(^|[\s>+~])td(\[[^\]]*\]|:{1,2}[\w-()]+|\.[\w-]+|#[\w-]+)*\s*/
_alpaca.scss has 64 symbols
Done
Searching through them all for /(^|[\s>+~])td(\[[^\]]*\]|:{1,2}[\w-()]+|\.[\w-]+|#[\w-]+)*\s*/
bootstrap.min.css has 2572 symbols
Done
Searching through them all for /(^|[\s>+~])td(\[[^\]]*\]|:{1,2}[\w-()]+|\.[\w-]+|#[\w-]+)*\s*/
_daterange.scss has 87 symbols
Done
Searching through them all for /(^|[\s>+~])td(\[[^\]]*\]|:{1,2}[\w-()]+|\.[\w-]+|#[\w-]+)*\s*/
_tables.scss has 43 symbols
Done
Searching through them all for /(^|[\s>+~])td(\[[^\]]*\]|:{1,2}[\w-()]+|\.[\w-]+|#[\w-]+)*\s*/
_daterange.scss has 86 symbols
Done
Searching through them all for /(^|[\s>+~])td(\[[^\]]*\]|:{1,2}[\w-()]+|\.[\w-]+|#[\w-]+)*\s*/
_reboot.scss has 100 symbols
Done
Searching through them all for /(^|[\s>+~])td(\[[^\]]*\]|:{1,2}[\w-()]+|\.[\w-]+|#[\w-]+)*\s*/
_fullcalendar.scss has 285 symbols
Done
Searching through them all for /(^|[\s>+~])td(\[[^\]]*\]|:{1,2}[\w-()]+|\.[\w-]+|#[\w-]+)*\s*/
_table-row.scss has 10 symbols
Done
Searching through them all for /(^|[\s>+~])td(\[[^\]]*\]|:{1,2}[\w-()]+|\.[\w-]+|#[\w-]+)*\s*/
_fancytree.scss has 100 symbols
Done
Searching through them all for /(^|[\s>+~])td(\[[^\]]*\]|:{1,2}[\w-()]+|\.[\w-]+|#[\w-]+)*\s*/
_inbox.scss has 15 symbols
Done
Searching through them all for /(^|[\s>+~])td(\[[^\]]*\]|:{1,2}[\w-()]+|\.[\w-]+|#[\w-]+)*\s*/
_fancytree.scss has 100 symbols
Done
Searching through them all for /(^|[\s>+~])td(\[[^\]]*\]|:{1,2}[\w-()]+|\.[\w-]+|#[\w-]+)*\s*/
components.css has 4341 symbols
Done
Searching through them all for /(^|[\s>+~])td(\[[^\]]*\]|:{1,2}[\w-()]+|\.[\w-]+|#[\w-]+)*\s*/
_fullcalendar.scss has 285 symbols
Done
Searching through them all for /(^|[\s>+~])td(\[[^\]]*\]|:{1,2}[\w-()]+|\.[\w-]+|#[\w-]+)*\s*/
_buttons.scss has 69 symbols
Done
Searching through them all for /(^|[\s>+~])td(\[[^\]]*\]|:{1,2}[\w-()]+|\.[\w-]+|#[\w-]+)*\s*/
_widgets.scss has 251 symbols
Done
Searching through them all for /(^|[\s>+~])td(\[[^\]]*\]|:{1,2}[\w-()]+|\.[\w-]+|#[\w-]+)*\s*/
_handsontable.scss has 342 symbols
Done
Searching through them all for /(^|[\s>+~])td(\[[^\]]*\]|:{1,2}[\w-()]+|\.[\w-]+|#[\w-]+)*\s*/
_footable.scss has 17 symbols
Done
Searching through them all for /(^|[\s>+~])td(\[[^\]]*\]|:{1,2}[\w-()]+|\.[\w-]+|#[\w-]+)*\s*/
_fancytree.scss has 100 symbols
Done
Searching through them all for /(^|[\s>+~])td(\[[^\]]*\]|:{1,2}[\w-()]+|\.[\w-]+|#[\w-]+)*\s*/
_handsontable.scss has 342 symbols
Done
Searching through them all for /(^|[\s>+~])td(\[[^\]]*\]|:{1,2}[\w-()]+|\.[\w-]+|#[\w-]+)*\s*/
_tables.scss has 136 symbols
Done
Searching through them all for /(^|[\s>+~])td(\[[^\]]*\]|:{1,2}[\w-()]+|\.[\w-]+|#[\w-]+)*\s*/
_footable.scss has 17 symbols
Done
Searching through them all for /(^|[\s>+~])td(\[[^\]]*\]|:{1,2}[\w-()]+|\.[\w-]+|#[\w-]+)*\s*/
_footable.scss has 17 symbols
Done
Searching through them all for /(^|[\s>+~])td(\[[^\]]*\]|:{1,2}[\w-()]+|\.[\w-]+|#[\w-]+)*\s*/
_widgets.scss has 281 symbols
Done
Searching through them all for /(^|[\s>+~])td(\[[^\]]*\]|:{1,2}[\w-()]+|\.[\w-]+|#[\w-]+)*\s*/
_fullcalendar.scss has 285 symbols
Done
Searching through them all for /(^|[\s>+~])td(\[[^\]]*\]|:{1,2}[\w-()]+|\.[\w-]+|#[\w-]+)*\s*/
_handsontable.scss has 342 symbols
Done
Searching through them all for /(^|[\s>+~])td(\[[^\]]*\]|:{1,2}[\w-()]+|\.[\w-]+|#[\w-]+)*\s*/
_datatable-rows-reorder.scss has 4 symbols
Done
Searching through them all for /(^|[\s>+~])td(\[[^\]]*\]|:{1,2}[\w-()]+|\.[\w-]+|#[\w-]+)*\s*/
_datatable-columns-reorder.scss has 4 symbols
Done
Searching through them all for /(^|[\s>+~])td(\[[^\]]*\]|:{1,2}[\w-()]+|\.[\w-]+|#[\w-]+)*\s*/
_datatable-responsive.scss has 31 symbols
Done
Searching through them all for /(^|[\s>+~])td(\[[^\]]*\]|:{1,2}[\w-()]+|\.[\w-]+|#[\w-]+)*\s*/
_datatables.scss has 132 symbols
Done
Searching through them all for /(^|[\s>+~])td(\[[^\]]*\]|:{1,2}[\w-()]+|\.[\w-]+|#[\w-]+)*\s*/
_datatable-columns-reorder.scss has 4 symbols
Done
Searching through them all for /(^|[\s>+~])td(\[[^\]]*\]|:{1,2}[\w-()]+|\.[\w-]+|#[\w-]+)*\s*/
_datatable-responsive.scss has 31 symbols
Done
Searching through them all for /(^|[\s>+~])td(\[[^\]]*\]|:{1,2}[\w-()]+|\.[\w-]+|#[\w-]+)*\s*/
_datatables.scss has 132 symbols
Done
Searching through them all for /(^|[\s>+~])td(\[[^\]]*\]|:{1,2}[\w-()]+|\.[\w-]+|#[\w-]+)*\s*/
_datatable-rows-reorder.scss has 4 symbols
Done
Searching through them all for /(^|[\s>+~])td(\[[^\]]*\]|:{1,2}[\w-()]+|\.[\w-]+|#[\w-]+)*\s*/
_alpaca.scss has 64 symbols
Done
Searching through them all for /(^|[\s>+~])td(\[[^\]]*\]|:{1,2}[\w-()]+|\.[\w-]+|#[\w-]+)*\s*/
_datatable-scroller.scss has 8 symbols
Done
Searching through them all for /(^|[\s>+~])td(\[[^\]]*\]|:{1,2}[\w-()]+|\.[\w-]+|#[\w-]+)*\s*/
_buttons.scss has 69 symbols
Done
Searching through them all for /(^|[\s>+~])td(\[[^\]]*\]|:{1,2}[\w-()]+|\.[\w-]+|#[\w-]+)*\s*/
_datatable-rows-reorder.scss has 4 symbols
Done
Searching through them all for /(^|[\s>+~])td(\[[^\]]*\]|:{1,2}[\w-()]+|\.[\w-]+|#[\w-]+)*\s*/
_datatable-keytable.scss has 8 symbols
Done
Searching through them all for /(^|[\s>+~])td(\[[^\]]*\]|:{1,2}[\w-()]+|\.[\w-]+|#[\w-]+)*\s*/
_datatable-columns-reorder.scss has 4 symbols
Done
Searching through them all for /(^|[\s>+~])td(\[[^\]]*\]|:{1,2}[\w-()]+|\.[\w-]+|#[\w-]+)*\s*/
_datatable-fixed-columns.scss has 21 symbols
Done
Searching through them all for /(^|[\s>+~])td(\[[^\]]*\]|:{1,2}[\w-()]+|\.[\w-]+|#[\w-]+)*\s*/
_datatable-fixed-columns.scss has 21 symbols
Done
Searching through them all for /(^|[\s>+~])td(\[[^\]]*\]|:{1,2}[\w-()]+|\.[\w-]+|#[\w-]+)*\s*/
_datatable-scroller.scss has 8 symbols
Done
Searching through them all for /(^|[\s>+~])td(\[[^\]]*\]|:{1,2}[\w-()]+|\.[\w-]+|#[\w-]+)*\s*/
_buttons.scss has 69 symbols
Done
Searching through them all for /(^|[\s>+~])td(\[[^\]]*\]|:{1,2}[\w-()]+|\.[\w-]+|#[\w-]+)*\s*/
_handsontable.scss has 342 symbols
Done
Searching through them all for /(^|[\s>+~])td(\[[^\]]*\]|:{1,2}[\w-()]+|\.[\w-]+|#[\w-]+)*\s*/
_datatable-keytable.scss has 8 symbols
Done
Searching through them all for /(^|[\s>+~])td(\[[^\]]*\]|:{1,2}[\w-()]+|\.[\w-]+|#[\w-]+)*\s*/
_alpaca.scss has 65 symbols
Done
Searching through them all for /(^|[\s>+~])td(\[[^\]]*\]|:{1,2}[\w-()]+|\.[\w-]+|#[\w-]+)*\s*/
_datatable-responsive.scss has 31 symbols
Done
Searching through them all for /(^|[\s>+~])td(\[[^\]]*\]|:{1,2}[\w-()]+|\.[\w-]+|#[\w-]+)*\s*/
_daterange.scss has 86 symbols
Done
Searching through them all for /(^|[\s>+~])td(\[[^\]]*\]|:{1,2}[\w-()]+|\.[\w-]+|#[\w-]+)*\s*/
_datatable-scroller.scss has 8 symbols
Done
Searching through them all for /(^|[\s>+~])td(\[[^\]]*\]|:{1,2}[\w-()]+|\.[\w-]+|#[\w-]+)*\s*/
_footable.scss has 17 symbols
Done
Searching through them all for /(^|[\s>+~])td(\[[^\]]*\]|:{1,2}[\w-()]+|\.[\w-]+|#[\w-]+)*\s*/
_datatable-fixed-columns.scss has 21 symbols
Done
Searching through them all for /(^|[\s>+~])td(\[[^\]]*\]|:{1,2}[\w-()]+|\.[\w-]+|#[\w-]+)*\s*/
_widgets.scss has 251 symbols
Done
Searching through them all for /(^|[\s>+~])td(\[[^\]]*\]|:{1,2}[\w-()]+|\.[\w-]+|#[\w-]+)*\s*/
_datatable-keytable.scss has 8 symbols
Done
Searching through them all for /(^|[\s>+~])td(\[[^\]]*\]|:{1,2}[\w-()]+|\.[\w-]+|#[\w-]+)*\s*/
_widgets.scss has 281 symbols
Done
Searching through them all for /(^|[\s>+~])td(\[[^\]]*\]|:{1,2}[\w-()]+|\.[\w-]+|#[\w-]+)*\s*/
_datatables.scss has 133 symbols
Done
Searching through them all for /(^|[\s>+~])td(\[[^\]]*\]|:{1,2}[\w-()]+|\.[\w-]+|#[\w-]+)*\s*/
_datatable-rows-reorder.scss has 4 symbols
Done
Searching through them all for /(^|[\s>+~])td(\[[^\]]*\]|:{1,2}[\w-()]+|\.[\w-]+|#[\w-]+)*\s*/
bootstrap-datepicker.min.css has 221 symbols
Done
Searching through them all for /(^|[\s>+~])td(\[[^\]]*\]|:{1,2}[\w-()]+|\.[\w-]+|#[\w-]+)*\s*/
_datatable-responsive.scss has 31 symbols
Done
Searching through them all for /(^|[\s>+~])td(\[[^\]]*\]|:{1,2}[\w-()]+|\.[\w-]+|#[\w-]+)*\s*/
bootstrap.css has 2572 symbols
Done
Searching through them all for /(^|[\s>+~])td(\[[^\]]*\]|:{1,2}[\w-()]+|\.[\w-]+|#[\w-]+)*\s*/
_datatable-columns-reorder.scss has 4 symbols
Done
Searching through them all for /(^|[\s>+~])td(\[[^\]]*\]|:{1,2}[\w-()]+|\.[\w-]+|#[\w-]+)*\s*/
components.css has 4341 symbols
Done
Searching through them all for /(^|[\s>+~])td(\[[^\]]*\]|:{1,2}[\w-()]+|\.[\w-]+|#[\w-]+)*\s*/
_datatables.scss has 133 symbols
Done
Searching through them all for /(^|[\s>+~])td(\[[^\]]*\]|:{1,2}[\w-()]+|\.[\w-]+|#[\w-]+)*\s*/
_tables.scss has 136 symbols
Done
Searching through them all for /(^|[\s>+~])td(\[[^\]]*\]|:{1,2}[\w-()]+|\.[\w-]+|#[\w-]+)*\s*/
_datatable-fixed-columns.scss has 21 symbols
Done
Searching through them all for /(^|[\s>+~])td(\[[^\]]*\]|:{1,2}[\w-()]+|\.[\w-]+|#[\w-]+)*\s*/
_buttons.scss has 69 symbols
Done
Searching through them all for /(^|[\s>+~])td(\[[^\]]*\]|:{1,2}[\w-()]+|\.[\w-]+|#[\w-]+)*\s*/
_date.scss has 49 symbols
Done
Searching through them all for /(^|[\s>+~])td(\[[^\]]*\]|:{1,2}[\w-()]+|\.[\w-]+|#[\w-]+)*\s*/
_print.scss has 34 symbols
Done
Searching through them all for /(^|[\s>+~])td(\[[^\]]*\]|:{1,2}[\w-()]+|\.[\w-]+|#[\w-]+)*\s*/
_daterange.scss has 87 symbols
Done
Searching through them all for /(^|[\s>+~])td(\[[^\]]*\]|:{1,2}[\w-()]+|\.[\w-]+|#[\w-]+)*\s*/
_tables.scss has 43 symbols
Done
Searching through them all for /(^|[\s>+~])td(\[[^\]]*\]|:{1,2}[\w-()]+|\.[\w-]+|#[\w-]+)*\s*/
_datatable-scroller.scss has 8 symbols
Done
Searching through them all for /(^|[\s>+~])td(\[[^\]]*\]|:{1,2}[\w-()]+|\.[\w-]+|#[\w-]+)*\s*/
_tables.scss has 136 symbols
Done
Searching through them all for /(^|[\s>+~])td(\[[^\]]*\]|:{1,2}[\w-()]+|\.[\w-]+|#[\w-]+)*\s*/
_datatable-keytable.scss has 8 symbols
Done
Searching through them all for /(^|[\s>+~])td(\[[^\]]*\]|:{1,2}[\w-()]+|\.[\w-]+|#[\w-]+)*\s*/
_reboot.scss has 100 symbols
Done
Searching through them all for /(^|[\s>+~])td(\[[^\]]*\]|:{1,2}[\w-()]+|\.[\w-]+|#[\w-]+)*\s*/
_date.scss has 49 symbols
Done
Searching through them all for /(^|[\s>+~])td(\[[^\]]*\]|:{1,2}[\w-()]+|\.[\w-]+|#[\w-]+)*\s*/
_table-row.scss has 10 symbols
Done
Searching through them all for /(^|[\s>+~])td(\[[^\]]*\]|:{1,2}[\w-()]+|\.[\w-]+|#[\w-]+)*\s*/
_tables.scss has 136 symbols
Done
Searching through them all for /(^|[\s>+~])td(\[[^\]]*\]|:{1,2}[\w-()]+|\.[\w-]+|#[\w-]+)*\s*/
_date.scss has 49 symbols
Done
Searching through them all for /(^|[\s>+~])td(\[[^\]]*\]|:{1,2}[\w-()]+|\.[\w-]+|#[\w-]+)*\s*/
_fancytree.scss has 100 symbols
Done
Searching through them all for /(^|[\s>+~])td(\[[^\]]*\]|:{1,2}[\w-()]+|\.[\w-]+|#[\w-]+)*\s*/
dialog.css has 159 symbols
Done
Searching through them all for /(^|[\s>+~])td(\[[^\]]*\]|:{1,2}[\w-()]+|\.[\w-]+|#[\w-]+)*\s*/
_fullcalendar.scss has 285 symbols
Done
Searching through them all for /(^|[\s>+~])td(\[[^\]]*\]|:{1,2}[\w-()]+|\.[\w-]+|#[\w-]+)*\s*/
dialog_ie8.css has 161 symbols
Done
Searching through them all for /(^|[\s>+~])td(\[[^\]]*\]|:{1,2}[\w-()]+|\.[\w-]+|#[\w-]+)*\s*/
dialog.css has 159 symbols
Done
Searching through them all for /(^|[\s>+~])td(\[[^\]]*\]|:{1,2}[\w-()]+|\.[\w-]+|#[\w-]+)*\s*/
dialog_iequirks.css has 158 symbols
Done
Searching through them all for /(^|[\s>+~])td(\[[^\]]*\]|:{1,2}[\w-()]+|\.[\w-]+|#[\w-]+)*\s*/
dialog_ie8.css has 161 symbols
Done
Searching through them all for /(^|[\s>+~])td(\[[^\]]*\]|:{1,2}[\w-()]+|\.[\w-]+|#[\w-]+)*\s*/
dialog_ie.css has 173 symbols
Done
Searching through them all for /(^|[\s>+~])td(\[[^\]]*\]|:{1,2}[\w-()]+|\.[\w-]+|#[\w-]+)*\s*/
dialog_ie7.css has 172 symbols
Done
Searching through them all for /(^|[\s>+~])td(\[[^\]]*\]|:{1,2}[\w-()]+|\.[\w-]+|#[\w-]+)*\s*/
dialog_ie7.css has 172 symbols
Done
Searching through them all for /(^|[\s>+~])td(\[[^\]]*\]|:{1,2}[\w-()]+|\.[\w-]+|#[\w-]+)*\s*/
dialog_ie.css has 173 symbols
Done
Searching through them all for /(^|[\s>+~])td(\[[^\]]*\]|:{1,2}[\w-()]+|\.[\w-]+|#[\w-]+)*\s*/
dialog.scss has 155 symbols
Done
Searching through them all for /(^|[\s>+~])td(\[[^\]]*\]|:{1,2}[\w-()]+|\.[\w-]+|#[\w-]+)*\s*/
dialog_iequirks.css has 158 symbols
Done
Searching through them all for /(^|[\s>+~])td(\[[^\]]*\]|:{1,2}[\w-()]+|\.[\w-]+|#[\w-]+)*\s*/
dialog_opera.css has 160 symbols
Done
Searching through them all for /(^|[\s>+~])td(\[[^\]]*\]|:{1,2}[\w-()]+|\.[\w-]+|#[\w-]+)*\s*/
dialog.scss has 155 symbols
Done
Searching through them all for /(^|[\s>+~])td(\[[^\]]*\]|:{1,2}[\w-()]+|\.[\w-]+|#[\w-]+)*\s*/
_colorpanel.scss has 20 symbols
Done
Searching through them all for /(^|[\s>+~])td(\[[^\]]*\]|:{1,2}[\w-()]+|\.[\w-]+|#[\w-]+)*\s*/
dialog_opera.scss has 3 symbols
Done
Searching through them all for /(^|[\s>+~])td(\[[^\]]*\]|:{1,2}[\w-()]+|\.[\w-]+|#[\w-]+)*\s*/
dialog_opera.scss has 3 symbols
Done
Searching through them all for /(^|[\s>+~])td(\[[^\]]*\]|:{1,2}[\w-()]+|\.[\w-]+|#[\w-]+)*\s*/
dialog_opera.css has 160 symbols
Done
Searching through them all for /(^|[\s>+~])td(\[[^\]]*\]|:{1,2}[\w-()]+|\.[\w-]+|#[\w-]+)*\s*/
dialog_ie7.css has 172 symbols
Done
Searching through them all for /(^|[\s>+~])td(\[[^\]]*\]|:{1,2}[\w-()]+|\.[\w-]+|#[\w-]+)*\s*/
dialog_opera.css has 160 symbols
Done
Searching through them all for /(^|[\s>+~])td(\[[^\]]*\]|:{1,2}[\w-()]+|\.[\w-]+|#[\w-]+)*\s*/
dialog_opera.css has 160 symbols
Done
Searching through them all for /(^|[\s>+~])td(\[[^\]]*\]|:{1,2}[\w-()]+|\.[\w-]+|#[\w-]+)*\s*/
dialog_iequirks.css has 158 symbols
Done
Searching through them all for /(^|[\s>+~])td(\[[^\]]*\]|:{1,2}[\w-()]+|\.[\w-]+|#[\w-]+)*\s*/
dialog_opera.scss has 3 symbols
Done
Searching through them all for /(^|[\s>+~])td(\[[^\]]*\]|:{1,2}[\w-()]+|\.[\w-]+|#[\w-]+)*\s*/
dialog_ie.css has 173 symbols
Done
Searching through them all for /(^|[\s>+~])td(\[[^\]]*\]|:{1,2}[\w-()]+|\.[\w-]+|#[\w-]+)*\s*/
dialog_iequirks.css has 158 symbols
Done
Searching through them all for /(^|[\s>+~])td(\[[^\]]*\]|:{1,2}[\w-()]+|\.[\w-]+|#[\w-]+)*\s*/
dialog_ie7.css has 172 symbols
Done
Searching through them all for /(^|[\s>+~])td(\[[^\]]*\]|:{1,2}[\w-()]+|\.[\w-]+|#[\w-]+)*\s*/
dialog_ie.css has 173 symbols
Done
Searching through them all for /(^|[\s>+~])td(\[[^\]]*\]|:{1,2}[\w-()]+|\.[\w-]+|#[\w-]+)*\s*/
dialog_ie8.css has 161 symbols
Done
Searching through them all for /(^|[\s>+~])td(\[[^\]]*\]|:{1,2}[\w-()]+|\.[\w-]+|#[\w-]+)*\s*/
dialog_ie8.css has 161 symbols
Done
Searching through them all for /(^|[\s>+~])td(\[[^\]]*\]|:{1,2}[\w-()]+|\.[\w-]+|#[\w-]+)*\s*/
_colorpanel.scss has 20 symbols
Done
Searching through them all for /(^|[\s>+~])td(\[[^\]]*\]|:{1,2}[\w-()]+|\.[\w-]+|#[\w-]+)*\s*/
wsc.css has 18 symbols
Done
Searching through them all for /(^|[\s>+~])td(\[[^\]]*\]|:{1,2}[\w-()]+|\.[\w-]+|#[\w-]+)*\s*/
dialog.css has 159 symbols
Done
Searching through them all for /(^|[\s>+~])td(\[[^\]]*\]|:{1,2}[\w-()]+|\.[\w-]+|#[\w-]+)*\s*/
dialog.css has 159 symbols
Done
Searching through them all for /(^|[\s>+~])td(\[[^\]]*\]|:{1,2}[\w-()]+|\.[\w-]+|#[\w-]+)*\s*/
dialog.scss has 155 symbols
Done
Searching through them all for /(^|[\s>+~])td(\[[^\]]*\]|:{1,2}[\w-()]+|\.[\w-]+|#[\w-]+)*\s*/
dialog.scss has 155 symbols
Done
Searching through them all for /(^|[\s>+~])td(\[[^\]]*\]|:{1,2}[\w-()]+|\.[\w-]+|#[\w-]+)*\s*/
dialog_opera.scss has 3 symbols
Done
Searching through them all for /(^|[\s>+~])td(\[[^\]]*\]|:{1,2}[\w-()]+|\.[\w-]+|#[\w-]+)*\s*/
_colorpanel.scss has 20 symbols
Done
Searching through them all for /(^|[\s>+~])td(\[[^\]]*\]|:{1,2}[\w-()]+|\.[\w-]+|#[\w-]+)*\s*/
_colorpanel.scss has 20 symbols
Done
Searching through them all for /(^|[\s>+~])td(\[[^\]]*\]|:{1,2}[\w-()]+|\.[\w-]+|#[\w-]+)*\s*/
exception.css has 214 symbols
Done
Searching through them all for /(^|[\s>+~])td(\[[^\]]*\]|:{1,2}[\w-()]+|\.[\w-]+|#[\w-]+)*\s*/
wsc.css has 18 symbols
Done
Searching through them all for /(^|[\s>+~])td(\[[^\]]*\]|:{1,2}[\w-()]+|\.[\w-]+|#[\w-]+)*\s*/
default.css has 45 symbols
Done
Searching through them all for /(^|[\s>+~])td(\[[^\]]*\]|:{1,2}[\w-()]+|\.[\w-]+|#[\w-]+)*\s*/
default.css has 45 symbols
Done
Searching through them all for /(^|[\s>+~])td(\[[^\]]*\]|:{1,2}[\w-()]+|\.[\w-]+|#[\w-]+)*\s*/
html.css has 163 symbols
Done
Searching through them all for /(^|[\s>+~])td(\[[^\]]*\]|:{1,2}[\w-()]+|\.[\w-]+|#[\w-]+)*\s*/
whoops.base.css has 120 symbols
Done
Searching through them all for /(^|[\s>+~])td(\[[^\]]*\]|:{1,2}[\w-()]+|\.[\w-]+|#[\w-]+)*\s*/
whoops.base.css has 120 symbols
Done
Searching through them all for /(^|[\s>+~])td(\[[^\]]*\]|:{1,2}[\w-()]+|\.[\w-]+|#[\w-]+)*\s*/
style.css has 50 symbols
Done
Searching through them all for /(^|[\s>+~])td(\[[^\]]*\]|:{1,2}[\w-()]+|\.[\w-]+|#[\w-]+)*\s*/
bootstrap.min.css has 3147 symbols
Done
Searching through them all for /(^|[\s>+~])td(\[[^\]]*\]|:{1,2}[\w-()]+|\.[\w-]+|#[\w-]+)*\s*/
bootstrap.min.css has 3147 symbols
Done
Searching through them all for /(^|[\s>+~])td(\[[^\]]*\]|:{1,2}[\w-()]+|\.[\w-]+|#[\w-]+)*\s*/
nv.d3.min.css has 135 symbols
Done
Searching through them all for /(^|[\s>+~])td(\[[^\]]*\]|:{1,2}[\w-()]+|\.[\w-]+|#[\w-]+)*\s*/
nv.d3.min.css has 135 symbols
Done
Searching through them all for /(^|[\s>+~])td(\[[^\]]*\]|:{1,2}[\w-()]+|\.[\w-]+|#[\w-]+)*\s*/
style.css has 50 symbols
Done
Searching through them all for /(^|[\s>+~])td(\[[^\]]*\]|:{1,2}[\w-()]+|\.[\w-]+|#[\w-]+)*\s*/
Done
my_class_id 4656
  script 54 60
my_class_id 4656
  script 113 119
  script 54 60
  script 122 128
  script 113 119
  script 181 187
  script 122 128
  table 191 196
  script 181 187
  tbody 250 255
  table 191 196
  tr 266 268
  tbody 250 255
  td 283 285
  tr 266 268
  strong 287 293
  td 283 285
  strong 300 306
  strong 287 293
  td 343 345
  strong 300 306
  td 398 400
  td 343 345
  strong 402 408
  td 398 400
  strong 430 436
  strong 402 408
  td 457 459
  strong 430 436
  td 474 476
  td 457 459
  strong 478 484
  td 474 476
  strong 494 500
  strong 478 484
  td 537 539
  strong 494 500
  tr 551 553
  td 537 539
  tr 564 566
  tr 551 553
  td 581 583
  tr 564 566
  strong 585 591
  td 581 583
  strong 616 622
  strong 585 591
  td 680 682
  strong 616 622
  td 697 699
  td 680 682
  strong 701 707
  td 697 699
  strong 727 733
  strong 701 707
  td 752 754
  strong 727 733
  td 769 771
  td 752 754
  strong 773 779
  td 769 771
  strong 786 792
  strong 773 779
  td 929 931
  strong 786 792
  tr 943 945
  td 929 931
  tbody 954 959
  tr 943 945
  table 963 968
  tbody 954 959
  table 973 978
  table 963 968
  thead 1119 1124
  table 973 978
  tr 1135 1137
  thead 1119 1124
  th 1152 1154
  tr 1135 1137
  th 1171 1173
  th 1152 1154
  th 1188 1190
  th 1171 1173
  th 1213 1215
  th 1188 1190
  th 1230 1232
  th 1213 1215
  br 1249 1251
  th 1230 1232
  th 1258 1260
  br 1249 1251
  th 1275 1277
  th 1258 1260
  br 1294 1296
  th 1275 1277
  th 1303 1305
  br 1294 1296
  th 1320 1322
  th 1303 1305
  br 1343 1345
  th 1320 1322
  th 1352 1354
  br 1343 1345
  th 1369 1371
  th 1352 1354
  br 1398 1400
  th 1369 1371
  th 1403 1405
  br 1398 1400
  th 1490 1492
  th 1403 1405
  br 1512 1514
  th 1490 1492
  sup 1524 1527
  br 1512 1514
  sup 1531 1534
  sup 1524 1527
  th 1547 1549
  sup 1531 1534
  th 1564 1566
  th 1547 1549
  sup 1581 1584
  th 1564 1566
  sup 1589 1592
  sup 1581 1584
  br 1595 1597
  sup 1589 1592
  th 1610 1612
  br 1595 1597
  th 1627 1629
  th 1610 1612
  sup 1644 1647
  th 1627 1629
  sup 1651 1654
  sup 1644 1647
  br 1657 1659
  sup 1651 1654
  th 1672 1674
  br 1657 1659
  th 1689 1691
  th 1672 1674
  br 1716 1718
  th 1689 1691
  sup 1722 1725
  br 1716 1718
  sup 1730 1733
  sup 1722 1725
  sup 1739 1742
  sup 1730 1733
  sup 1746 1749
  sup 1739 1742
  sup 1755 1758
  sup 1746 1749
  sup 1762 1765
  sup 1755 1758
  th 1768 1770
  sup 1762 1765
  th 1785 1787
  th 1768 1770
  th 1809 1811
  th 1785 1787
  th 1851 1853
  th 1809 1811
  th 1879 1881
  th 1851 1853
  th 1896 1898
  th 1879 1881
  th 1928 1930
  th 1896 1898
  th 1945 1947
  th 1928 1930
  th 1971 1973
  th 1945 1947
  tr 1985 1987
  th 1971 1973
  thead 1995 2000
  tr 1985 1987
  tbody 2008 2013
  thead 1995 2000
  tr 2065 2067
  tbody 2008 2013
  td 2086 2088
  tr 2065 2067
  td 2113 2115
  td 2086 2088
  td 2134 2136
  td 2113 2115
  td 2155 2157
  td 2134 2136
  td 2279 2281
  td 2155 2157
  td 2304 2306
  td 2279 2281
  td 2329 2331
  td 2304 2306
  td 2354 2356
  td 2329 2331
  td 2379 2381
  td 2354 2356
  td 2405 2407
  td 2379 2381
  td 2430 2432
  td 2405 2407
  td 2913 2915
  td 2430 2432
  td 3033 3035
  td 2913 2915
  td 3060 3062
  td 3033 3035
  td 3090 3092
  td 3060 3062
  td 3171 3173
  td 3090 3092
  td 3201 3203
  td 3171 3173
  td 3282 3284
  td 3201 3203
  td 3312 3314
  td 3282 3284
  td 3338 3340
  td 3312 3314
  td 3368 3370
  td 3338 3340
  td 3398 3400
  td 3368 3370
  td 3524 3526
  td 3398 3400
  td 3558 3560
  td 3524 3526
  td 3583 3585
  td 3558 3560
  td 4193 4195
  td 3583 3585
  td 4218 4220
  td 4193 4195
  td 4266 4268
  td 4218 4220
  tr 4312 4314
  td 4266 4268
  tr 4813 4815
  tr 4312 4314
  td 4830 4832
  tr 4813 4815
  strong 4865 4871
  td 4830 4832
  strong 4900 4906
  strong 4865 4871
  td 4909 4911
  strong 4900 4906
  td 4926 4928
  td 4909 4911
  strong 4960 4966
  td 4926 4928
  strong 4985 4991
  strong 4960 4966
  td 4994 4996
  strong 4985 4991
  td 5042 5044
  td 4994 4996
  strong 5058 5064
  td 5042 5044
  td 5117 5119
  strong 5058 5064
  td 5163 5165
  td 5117 5119
  strong 5179 5185
  td 5163 5165
  td 5239 5241
  strong 5179 5185
  tr 5283 5285
  td 5239 5241
  tbody 5293 5298
  tr 5283 5285
  table 5302 5307
  tbody 5293 5298
  script 5360 5366
  table 5302 5307
  script 6160 6166
  script 5360 5366
Invalid Selector
  script 6160 6166
Invalid Selector
$my_class- 4605
  script 54 60
$my_class- 4605
  script 113 119
  script 54 60
  script 122 128
  script 113 119
  script 181 187
  script 122 128
  table 191 196
  script 181 187
  tbody 250 255
  table 191 196
  tr 266 268
  tbody 250 255
  td 283 285
  tr 266 268
  strong 287 293
  td 283 285
  strong 300 306
  strong 287 293
  td 343 345
  strong 300 306
  td 398 400
  td 343 345
  strong 402 408
  td 398 400
  strong 430 436
  strong 402 408
  td 457 459
  strong 430 436
  td 474 476
  td 457 459
  strong 478 484
  td 474 476
  strong 494 500
  strong 478 484
  td 537 539
  strong 494 500
  tr 551 553
  td 537 539
  tr 564 566
  tr 551 553
  td 581 583
  tr 564 566
  strong 585 591
  td 581 583
  strong 616 622
  strong 585 591
  td 680 682
  strong 616 622
  td 697 699
  td 680 682
  strong 701 707
  td 697 699
  strong 727 733
  strong 701 707
  td 752 754
  strong 727 733
  td 769 771
  td 752 754
  strong 773 779
  td 769 771
  strong 786 792
  strong 773 779
  td 929 931
  strong 786 792
  tr 943 945
  td 929 931
  tbody 954 959
  tr 943 945
  table 963 968
  tbody 954 959
  table 973 978
  table 963 968
  thead 1119 1124
  table 973 978
  tr 1135 1137
  thead 1119 1124
  th 1152 1154
  tr 1135 1137
  th 1171 1173
  th 1152 1154
  th 1188 1190
  th 1171 1173
  th 1213 1215
  th 1188 1190
  th 1230 1232
  th 1213 1215
  br 1249 1251
  th 1230 1232
  th 1258 1260
  br 1249 1251
  th 1275 1277
  th 1258 1260
  br 1294 1296
  th 1275 1277
  th 1303 1305
  br 1294 1296
  th 1320 1322
  th 1303 1305
  br 1343 1345
  th 1320 1322
  th 1352 1354
  br 1343 1345
  th 1369 1371
  th 1352 1354
  br 1398 1400
  th 1369 1371
  th 1403 1405
  br 1398 1400
  th 1490 1492
  th 1403 1405
  br 1512 1514
  th 1490 1492
  sup 1524 1527
  br 1512 1514
  sup 1531 1534
  sup 1524 1527
  th 1547 1549
  sup 1531 1534
  th 1564 1566
  th 1547 1549
  sup 1581 1584
  th 1564 1566
  sup 1589 1592
  sup 1581 1584
  br 1595 1597
  sup 1589 1592
  th 1610 1612
  br 1595 1597
  th 1627 1629
  th 1610 1612
  sup 1644 1647
  th 1627 1629
  sup 1651 1654
  sup 1644 1647
  br 1657 1659
  sup 1651 1654
  th 1672 1674
  br 1657 1659
  th 1689 1691
  th 1672 1674
  br 1716 1718
  th 1689 1691
  sup 1722 1725
  br 1716 1718
  sup 1730 1733
  sup 1722 1725
  sup 1739 1742
  sup 1730 1733
  sup 1746 1749
  sup 1739 1742
  sup 1755 1758
  sup 1746 1749
  sup 1762 1765
  sup 1755 1758
  th 1768 1770
  sup 1762 1765
  th 1785 1787
  th 1768 1770
  th 1809 1811
  th 1785 1787
  th 1851 1853
  th 1809 1811
  th 1879 1881
  th 1851 1853
  th 1896 1898
  th 1879 1881
  th 1928 1930
  th 1896 1898
  th 1945 1947
  th 1928 1930
  th 1971 1973
  th 1945 1947
  tr 1985 1987
  th 1971 1973
  thead 1995 2000
  tr 1985 1987
  tbody 2008 2013
  thead 1995 2000
  tr 2065 2067
  tbody 2008 2013
  td 2086 2088
  tr 2065 2067
  td 2113 2115
  td 2086 2088
  td 2134 2136
  td 2113 2115
  td 2155 2157
  td 2134 2136
  td 2279 2281
  td 2155 2157
  td 2304 2306
  td 2279 2281
  td 2329 2331
  td 2304 2306
  td 2354 2356
  td 2329 2331
  td 2379 2381
  td 2354 2356
  td 2405 2407
  td 2379 2381
  td 2430 2432
  td 2405 2407
  td 2913 2915
  td 2430 2432
  td 3033 3035
  td 2913 2915
  td 3060 3062
  td 3033 3035
  td 3090 3092
  td 3060 3062
  td 3171 3173
  td 3090 3092
  td 3201 3203
  td 3171 3173
  td 3282 3284
  td 3201 3203
  td 3312 3314
  td 3282 3284
  td 3338 3340
  td 3312 3314
  td 3368 3370
  td 3338 3340
  td 3398 3400
  td 3368 3370
  td 3524 3526
  td 3398 3400
  td 3558 3560
  td 3524 3526
  td 3583 3585
  td 3558 3560
  td 4193 4195
  td 3583 3585
  td 4218 4220
  td 4193 4195
  td 4266 4268
  td 4218 4220
  tr 4312 4314
  td 4266 4268
  tr 4856 4858
  tr 4312 4314
  td 4873 4875
  tr 4856 4858
  strong 4908 4914
  td 4873 4875
  strong 4943 4949
  strong 4908 4914
  td 4952 4954
  strong 4943 4949
  td 4969 4971
  td 4952 4954
  strong 5003 5009
  td 4969 4971
  strong 5028 5034
  strong 5003 5009
  td 5037 5039
  strong 5028 5034
  td 5085 5087
  td 5037 5039
  strong 5101 5107
  td 5085 5087
  td 5160 5162
  strong 5101 5107
  td 5206 5208
  td 5160 5162
  strong 5222 5228
  td 5206 5208
  td 5282 5284
  strong 5222 5228
  tr 5326 5328
  td 5282 5284
  tbody 5336 5341
  tr 5326 5328
  table 5345 5350
  tbody 5336 5341
  script 5403 5409
  table 5345 5350
  script 6203 6209
  script 5403 5409
Invalid Selector
  script 6203 6209
Invalid Selector
$my_class->id)- 4713
  script 54 60
$my_class->id)- 4713
  script 113 119
  script 54 60
  script 122 128
  script 113 119
  script 181 187
  script 122 128
  table 191 196
  script 181 187
  tbody 250 255
  table 191 196
  tr 266 268
  tbody 250 255
  td 283 285
  tr 266 268
  strong 287 293
  td 283 285
  strong 300 306
  strong 287 293
  td 343 345
  strong 300 306
  td 398 400
  td 343 345
  strong 402 408
  td 398 400
  strong 430 436
  strong 402 408
  td 457 459
  strong 430 436
  td 474 476
  td 457 459
  strong 478 484
  td 474 476
  strong 494 500
  strong 478 484
  td 537 539
  strong 494 500
  tr 551 553
  td 537 539
  tr 564 566
  tr 551 553
  td 581 583
  tr 564 566
  strong 585 591
  td 581 583
  strong 616 622
  strong 585 591
  td 680 682
  strong 616 622
  td 697 699
  td 680 682
  strong 701 707
  td 697 699
  strong 727 733
  strong 701 707
  td 752 754
  strong 727 733
  td 769 771
  td 752 754
  strong 773 779
  td 769 771
  strong 786 792
  strong 773 779
  td 929 931
  strong 786 792
  tr 943 945
  td 929 931
  tbody 954 959
  tr 943 945
  table 963 968
  tbody 954 959
  table 973 978
  table 963 968
  thead 1119 1124
  table 973 978
  tr 1135 1137
  thead 1119 1124
  th 1152 1154
  tr 1135 1137
  th 1171 1173
  th 1152 1154
  th 1188 1190
  th 1171 1173
  th 1213 1215
  th 1188 1190
  th 1230 1232
  th 1213 1215
  br 1249 1251
  th 1230 1232
  th 1258 1260
  br 1249 1251
  th 1275 1277
  th 1258 1260
  br 1294 1296
  th 1275 1277
  th 1303 1305
  br 1294 1296
  th 1320 1322
  th 1303 1305
  br 1343 1345
  th 1320 1322
  th 1352 1354
  br 1343 1345
  th 1369 1371
  th 1352 1354
  br 1398 1400
  th 1369 1371
  th 1403 1405
  br 1398 1400
  th 1490 1492
  th 1403 1405
  br 1512 1514
  th 1490 1492
  sup 1524 1527
  br 1512 1514
  sup 1531 1534
  sup 1524 1527
  th 1547 1549
  sup 1531 1534
  th 1564 1566
  th 1547 1549
  sup 1581 1584
  th 1564 1566
  sup 1589 1592
  sup 1581 1584
  br 1595 1597
  sup 1589 1592
  th 1610 1612
  br 1595 1597
  th 1627 1629
  th 1610 1612
  sup 1644 1647
  th 1627 1629
  sup 1651 1654
  sup 1644 1647
  br 1657 1659
  sup 1651 1654
  th 1672 1674
  br 1657 1659
  th 1689 1691
  th 1672 1674
  br 1716 1718
  th 1689 1691
  sup 1722 1725
  br 1716 1718
  sup 1730 1733
  sup 1722 1725
  sup 1739 1742
  sup 1730 1733
  sup 1746 1749
  sup 1739 1742
  sup 1755 1758
  sup 1746 1749
  sup 1762 1765
  sup 1755 1758
  th 1768 1770
  sup 1762 1765
  th 1785 1787
  th 1768 1770
  th 1809 1811
  th 1785 1787
  th 1851 1853
  th 1809 1811
  th 1879 1881
  th 1851 1853
  th 1896 1898
  th 1879 1881
  th 1928 1930
  th 1896 1898
  th 1945 1947
  th 1928 1930
  th 1971 1973
  th 1945 1947
  tr 1985 1987
  th 1971 1973
  thead 1995 2000
  tr 1985 1987
  tbody 2008 2013
  thead 1995 2000
  tr 2065 2067
  tbody 2008 2013
  td 2086 2088
  tr 2065 2067
  td 2113 2115
  td 2086 2088
  td 2134 2136
  td 2113 2115
  td 2155 2157
  td 2134 2136
  td 2279 2281
  td 2155 2157
  td 2304 2306
  td 2279 2281
  td 2329 2331
  td 2304 2306
  td 2354 2356
  td 2329 2331
  td 2379 2381
  td 2354 2356
  td 2405 2407
  td 2379 2381
  td 2430 2432
  td 2405 2407
  td 2913 2915
  td 2430 2432
  td 3033 3035
  td 2913 2915
  td 3060 3062
  td 3033 3035
  td 3090 3092
  td 3060 3062
  td 3171 3173
  td 3090 3092
  td 3201 3203
  td 3171 3173
  td 3282 3284
  td 3201 3203
  td 3312 3314
  td 3282 3284
  td 3338 3340
  td 3312 3314
  td 3368 3370
  td 3338 3340
  td 3398 3400
  td 3368 3370
  td 3524 3526
  td 3398 3400
  td 3558 3560
  td 3524 3526
  td 3583 3585
  td 3558 3560
  td 4193 4195
  td 3583 3585
  td 4218 4220
  td 4193 4195
  td 4266 4268
  td 4218 4220
  tr 4312 4314
  td 4266 4268
  tr 4856 4858
  tr 4312 4314
  td 4873 4875
  tr 4856 4858
  strong 4908 4914
  td 4873 4875
  strong 4943 4949
  strong 4908 4914
  td 4952 4954
  strong 4943 4949
  td 4969 4971
  td 4952 4954
  strong 5003 5009
  td 4969 4971
  strong 5028 5034
  strong 5003 5009
  td 5037 5039
  strong 5028 5034
  td 5085 5087
  td 5037 5039
  strong 5101 5107
  td 5085 5087
  td 5160 5162
  strong 5101 5107
  td 5206 5208
  td 5160 5162
  strong 5222 5228
  td 5206 5208
  td 5282 5284
  strong 5222 5228
  tr 5326 5328
  td 5282 5284
  tbody 5336 5341
  tr 5326 5328
  table 5345 5350
  tbody 5336 5341
  script 5403 5409
  table 5345 5350
  script 6203 6209
  script 5403 5409
Invalid Selector
  script 6203 6209
Invalid Selector
strong 4908
strong 4908
  script 54 60
  script 54 60
  script 113 119
  script 113 119
  script 122 128
  script 122 128
  script 181 187
  script 181 187
  table 191 196
  table 191 196
  tbody 250 255
  tbody 250 255
  tr 266 268
  tr 266 268
  td 283 285
  td 283 285
  strong 287 293
  strong 287 293
  strong 300 306
  strong 300 306
  td 343 345
  td 343 345
  td 398 400
  td 398 400
  strong 402 408
  strong 402 408
  strong 430 436
  strong 430 436
  td 457 459
  td 457 459
  td 474 476
  td 474 476
  strong 478 484
  strong 478 484
  strong 494 500
  strong 494 500
  td 537 539
  td 537 539
  tr 551 553
  tr 551 553
  tr 564 566
  tr 564 566
  td 581 583
  td 581 583
  strong 585 591
  strong 585 591
  strong 616 622
  strong 616 622
  td 680 682
  td 680 682
  td 697 699
  td 697 699
  strong 701 707
  strong 701 707
  strong 727 733
  strong 727 733
  td 752 754
  td 752 754
  td 769 771
  td 769 771
  strong 773 779
  strong 773 779
  strong 786 792
  strong 786 792
  td 929 931
  td 929 931
  tr 943 945
  tr 943 945
  tbody 954 959
  tbody 954 959
  table 963 968
  table 963 968
  table 973 978
  table 973 978
  thead 1119 1124
  thead 1119 1124
  tr 1135 1137
  tr 1135 1137
  th 1152 1154
  th 1152 1154
  th 1171 1173
  th 1171 1173
  th 1188 1190
  th 1188 1190
  th 1213 1215
  th 1213 1215
  th 1230 1232
  th 1230 1232
  br 1249 1251
  br 1249 1251
  th 1258 1260
  th 1258 1260
  th 1275 1277
  th 1275 1277
  br 1294 1296
  br 1294 1296
  th 1303 1305
  th 1303 1305
  th 1320 1322
  th 1320 1322
  br 1343 1345
  br 1343 1345
  th 1352 1354
  th 1352 1354
  th 1369 1371
  th 1369 1371
  br 1398 1400
  br 1398 1400
  th 1403 1405
  th 1403 1405
  th 1490 1492
  th 1490 1492
  br 1512 1514
  br 1512 1514
  sup 1524 1527
  sup 1524 1527
  sup 1531 1534
  sup 1531 1534
  th 1547 1549
  th 1547 1549
  th 1564 1566
  th 1564 1566
  sup 1581 1584
  sup 1581 1584
  sup 1589 1592
  sup 1589 1592
  br 1595 1597
  br 1595 1597
  th 1610 1612
  th 1610 1612
  th 1627 1629
  th 1627 1629
  sup 1644 1647
  sup 1644 1647
  sup 1651 1654
  sup 1651 1654
  br 1657 1659
  br 1657 1659
  th 1672 1674
  th 1672 1674
  th 1689 1691
  th 1689 1691
  br 1716 1718
  br 1716 1718
  sup 1722 1725
  sup 1722 1725
  sup 1730 1733
  sup 1730 1733
  sup 1739 1742
  sup 1739 1742
  sup 1746 1749
  sup 1746 1749
  sup 1755 1758
  sup 1755 1758
  sup 1762 1765
  sup 1762 1765
  th 1768 1770
  th 1768 1770
  th 1785 1787
  th 1785 1787
  th 1809 1811
  th 1809 1811
  th 1851 1853
  th 1851 1853
  th 1879 1881
  th 1879 1881
  th 1896 1898
  th 1896 1898
  th 1928 1930
  th 1928 1930
  th 1945 1947
  th 1945 1947
  th 1971 1973
  th 1971 1973
  tr 1985 1987
  tr 1985 1987
  thead 1995 2000
  thead 1995 2000
  tbody 2008 2013
  tbody 2008 2013
  tr 2065 2067
  tr 2065 2067
  td 2086 2088
  td 2086 2088
  td 2113 2115
  td 2113 2115
  td 2134 2136
  td 2134 2136
  td 2155 2157
  td 2155 2157
  td 2279 2281
  td 2279 2281
  td 2304 2306
  td 2304 2306
  td 2329 2331
  td 2329 2331
  td 2354 2356
  td 2354 2356
  td 2379 2381
  td 2379 2381
  td 2405 2407
  td 2405 2407
  td 2430 2432
  td 2430 2432
  td 2913 2915
  td 2913 2915
  td 3033 3035
  td 3033 3035
  td 3060 3062
  td 3060 3062
  td 3090 3092
  td 3090 3092
  td 3171 3173
  td 3171 3173
  td 3201 3203
  td 3201 3203
  td 3282 3284
  td 3282 3284
  td 3312 3314
  td 3312 3314
  td 3338 3340
  td 3338 3340
  td 3368 3370
  td 3368 3370
  td 3398 3400
  td 3398 3400
  td 3524 3526
  td 3524 3526
  td 3558 3560
  td 3558 3560
  td 3583 3585
  td 3583 3585
  td 4193 4195
  td 4193 4195
  td 4218 4220
  td 4218 4220
  td 4266 4268
  td 4266 4268
  tr 4312 4314
  tr 4312 4314
  tr 4856 4858
  tr 4856 4858
  td 4873 4875
  td 4873 4875
  strong 4908 4914
  strong 4908 4914
strong is a "html tag"
strong is a "html tag"
html.css has 163 symbols
app.css has 3148 symbols
Searching through them all for /(^|[\s>+~])strong(\[[^\]]*\]|:{1,2}[\w-()]+|\.[\w-]+|#[\w-]+)*\s*/
Searching through them all for /(^|[\s>+~])strong(\[[^\]]*\]|:{1,2}[\w-()]+|\.[\w-]+|#[\w-]+)*\s*/
Done
Done
exception.css has 214 symbols
components.min.css has 4339 symbols
Searching through them all for /(^|[\s>+~])strong(\[[^\]]*\]|:{1,2}[\w-()]+|\.[\w-]+|#[\w-]+)*\s*/
Searching through them all for /(^|[\s>+~])strong(\[[^\]]*\]|:{1,2}[\w-()]+|\.[\w-]+|#[\w-]+)*\s*/
Done
Done
app.css has 3148 symbols
my_print.css has 14 symbols
Searching through them all for /(^|[\s>+~])strong(\[[^\]]*\]|:{1,2}[\w-()]+|\.[\w-]+|#[\w-]+)*\s*/
Searching through them all for /(^|[\s>+~])strong(\[[^\]]*\]|:{1,2}[\w-()]+|\.[\w-]+|#[\w-]+)*\s*/
Done
Done
components.min.css has 4339 symbols
print_tabulation.css has 7 symbols
Searching through them all for /(^|[\s>+~])strong(\[[^\]]*\]|:{1,2}[\w-()]+|\.[\w-]+|#[\w-]+)*\s*/
Searching through them all for /(^|[\s>+~])strong(\[[^\]]*\]|:{1,2}[\w-()]+|\.[\w-]+|#[\w-]+)*\s*/
Done
Done
bootstrap.css has 2572 symbols
bootstrap_limitless.css has 1198 symbols
Searching through them all for /(^|[\s>+~])strong(\[[^\]]*\]|:{1,2}[\w-()]+|\.[\w-]+|#[\w-]+)*\s*/
Searching through them all for /(^|[\s>+~])strong(\[[^\]]*\]|:{1,2}[\w-()]+|\.[\w-]+|#[\w-]+)*\s*/
Done
Done
my_print.css has 14 symbols
bootstrap.min.css has 2572 symbols
Searching through them all for /(^|[\s>+~])strong(\[[^\]]*\]|:{1,2}[\w-()]+|\.[\w-]+|#[\w-]+)*\s*/
Searching through them all for /(^|[\s>+~])strong(\[[^\]]*\]|:{1,2}[\w-()]+|\.[\w-]+|#[\w-]+)*\s*/
Done
Done
bootstrap_limitless.css has 1198 symbols
bootstrap_limitless.min.css has 1198 symbols
Searching through them all for /(^|[\s>+~])strong(\[[^\]]*\]|:{1,2}[\w-()]+|\.[\w-]+|#[\w-]+)*\s*/
Searching through them all for /(^|[\s>+~])strong(\[[^\]]*\]|:{1,2}[\w-()]+|\.[\w-]+|#[\w-]+)*\s*/
Done
Done
bootstrap_limitless.min.css has 1198 symbols
receipt.css has 17 symbols
Searching through them all for /(^|[\s>+~])strong(\[[^\]]*\]|:{1,2}[\w-()]+|\.[\w-]+|#[\w-]+)*\s*/
Searching through them all for /(^|[\s>+~])strong(\[[^\]]*\]|:{1,2}[\w-()]+|\.[\w-]+|#[\w-]+)*\s*/
Done
Done
receipt.css has 17 symbols
_inbox.scss has 15 symbols
Searching through them all for /(^|[\s>+~])strong(\[[^\]]*\]|:{1,2}[\w-()]+|\.[\w-]+|#[\w-]+)*\s*/
Searching through them all for /(^|[\s>+~])strong(\[[^\]]*\]|:{1,2}[\w-()]+|\.[\w-]+|#[\w-]+)*\s*/
Done
Done
print_tabulation.css has 7 symbols
_c3.scss has 48 symbols
Searching through them all for /(^|[\s>+~])strong(\[[^\]]*\]|:{1,2}[\w-()]+|\.[\w-]+|#[\w-]+)*\s*/
Searching through them all for /(^|[\s>+~])strong(\[[^\]]*\]|:{1,2}[\w-()]+|\.[\w-]+|#[\w-]+)*\s*/
Done
Done
bootstrap-datepicker.min.css has 221 symbols
_d3.scss has 72 symbols
Searching through them all for /(^|[\s>+~])strong(\[[^\]]*\]|:{1,2}[\w-()]+|\.[\w-]+|#[\w-]+)*\s*/
Searching through them all for /(^|[\s>+~])strong(\[[^\]]*\]|:{1,2}[\w-()]+|\.[\w-]+|#[\w-]+)*\s*/
Done
Done
_c3.scss has 48 symbols
_alpaca.scss has 65 symbols
Searching through them all for /(^|[\s>+~])strong(\[[^\]]*\]|:{1,2}[\w-()]+|\.[\w-]+|#[\w-]+)*\s*/
Searching through them all for /(^|[\s>+~])strong(\[[^\]]*\]|:{1,2}[\w-()]+|\.[\w-]+|#[\w-]+)*\s*/
Done
Done
_print.scss has 34 symbols
_date.scss has 49 symbols
Searching through them all for /(^|[\s>+~])strong(\[[^\]]*\]|:{1,2}[\w-()]+|\.[\w-]+|#[\w-]+)*\s*/
Searching through them all for /(^|[\s>+~])strong(\[[^\]]*\]|:{1,2}[\w-()]+|\.[\w-]+|#[\w-]+)*\s*/
Done
Done
_d3.scss has 72 symbols
_alpaca.scss has 64 symbols
Searching through them all for /(^|[\s>+~])strong(\[[^\]]*\]|:{1,2}[\w-()]+|\.[\w-]+|#[\w-]+)*\s*/
Searching through them all for /(^|[\s>+~])strong(\[[^\]]*\]|:{1,2}[\w-()]+|\.[\w-]+|#[\w-]+)*\s*/
Done
Done
bootstrap.min.css has 2572 symbols
_daterange.scss has 87 symbols
Searching through them all for /(^|[\s>+~])strong(\[[^\]]*\]|:{1,2}[\w-()]+|\.[\w-]+|#[\w-]+)*\s*/
Searching through them all for /(^|[\s>+~])strong(\[[^\]]*\]|:{1,2}[\w-()]+|\.[\w-]+|#[\w-]+)*\s*/
Done
Done
_tables.scss has 43 symbols
_daterange.scss has 86 symbols
Searching through them all for /(^|[\s>+~])strong(\[[^\]]*\]|:{1,2}[\w-()]+|\.[\w-]+|#[\w-]+)*\s*/
Searching through them all for /(^|[\s>+~])strong(\[[^\]]*\]|:{1,2}[\w-()]+|\.[\w-]+|#[\w-]+)*\s*/
Done
Done
_reboot.scss has 100 symbols
_fullcalendar.scss has 285 symbols
Searching through them all for /(^|[\s>+~])strong(\[[^\]]*\]|:{1,2}[\w-()]+|\.[\w-]+|#[\w-]+)*\s*/
Searching through them all for /(^|[\s>+~])strong(\[[^\]]*\]|:{1,2}[\w-()]+|\.[\w-]+|#[\w-]+)*\s*/
Done
Done
_table-row.scss has 10 symbols
_fancytree.scss has 100 symbols
Searching through them all for /(^|[\s>+~])strong(\[[^\]]*\]|:{1,2}[\w-()]+|\.[\w-]+|#[\w-]+)*\s*/
Searching through them all for /(^|[\s>+~])strong(\[[^\]]*\]|:{1,2}[\w-()]+|\.[\w-]+|#[\w-]+)*\s*/
Done
Done
_inbox.scss has 15 symbols
_fancytree.scss has 100 symbols
Searching through them all for /(^|[\s>+~])strong(\[[^\]]*\]|:{1,2}[\w-()]+|\.[\w-]+|#[\w-]+)*\s*/
Searching through them all for /(^|[\s>+~])strong(\[[^\]]*\]|:{1,2}[\w-()]+|\.[\w-]+|#[\w-]+)*\s*/
Done
Done
components.css has 4341 symbols
_fullcalendar.scss has 285 symbols
Searching through them all for /(^|[\s>+~])strong(\[[^\]]*\]|:{1,2}[\w-()]+|\.[\w-]+|#[\w-]+)*\s*/
Searching through them all for /(^|[\s>+~])strong(\[[^\]]*\]|:{1,2}[\w-()]+|\.[\w-]+|#[\w-]+)*\s*/
Done
Done
_buttons.scss has 69 symbols
_widgets.scss has 251 symbols
Searching through them all for /(^|[\s>+~])strong(\[[^\]]*\]|:{1,2}[\w-()]+|\.[\w-]+|#[\w-]+)*\s*/
Searching through them all for /(^|[\s>+~])strong(\[[^\]]*\]|:{1,2}[\w-()]+|\.[\w-]+|#[\w-]+)*\s*/
Done
Done
_handsontable.scss has 342 symbols
_footable.scss has 17 symbols
Searching through them all for /(^|[\s>+~])strong(\[[^\]]*\]|:{1,2}[\w-()]+|\.[\w-]+|#[\w-]+)*\s*/
Searching through them all for /(^|[\s>+~])strong(\[[^\]]*\]|:{1,2}[\w-()]+|\.[\w-]+|#[\w-]+)*\s*/
Done
Done
_fancytree.scss has 100 symbols
_handsontable.scss has 342 symbols
Searching through them all for /(^|[\s>+~])strong(\[[^\]]*\]|:{1,2}[\w-()]+|\.[\w-]+|#[\w-]+)*\s*/
Searching through them all for /(^|[\s>+~])strong(\[[^\]]*\]|:{1,2}[\w-()]+|\.[\w-]+|#[\w-]+)*\s*/
Done
Done
_tables.scss has 136 symbols
_footable.scss has 17 symbols
Searching through them all for /(^|[\s>+~])strong(\[[^\]]*\]|:{1,2}[\w-()]+|\.[\w-]+|#[\w-]+)*\s*/
Searching through them all for /(^|[\s>+~])strong(\[[^\]]*\]|:{1,2}[\w-()]+|\.[\w-]+|#[\w-]+)*\s*/
Done
Done
_footable.scss has 17 symbols
_widgets.scss has 281 symbols
Searching through them all for /(^|[\s>+~])strong(\[[^\]]*\]|:{1,2}[\w-()]+|\.[\w-]+|#[\w-]+)*\s*/
Searching through them all for /(^|[\s>+~])strong(\[[^\]]*\]|:{1,2}[\w-()]+|\.[\w-]+|#[\w-]+)*\s*/
Done
Done
_fullcalendar.scss has 285 symbols
_handsontable.scss has 342 symbols
Searching through them all for /(^|[\s>+~])strong(\[[^\]]*\]|:{1,2}[\w-()]+|\.[\w-]+|#[\w-]+)*\s*/
Searching through them all for /(^|[\s>+~])strong(\[[^\]]*\]|:{1,2}[\w-()]+|\.[\w-]+|#[\w-]+)*\s*/
Done
Done
_datatable-rows-reorder.scss has 4 symbols
_datatable-columns-reorder.scss has 4 symbols
Searching through them all for /(^|[\s>+~])strong(\[[^\]]*\]|:{1,2}[\w-()]+|\.[\w-]+|#[\w-]+)*\s*/
Searching through them all for /(^|[\s>+~])strong(\[[^\]]*\]|:{1,2}[\w-()]+|\.[\w-]+|#[\w-]+)*\s*/
Done
Done
_datatable-responsive.scss has 31 symbols
_datatables.scss has 132 symbols
Searching through them all for /(^|[\s>+~])strong(\[[^\]]*\]|:{1,2}[\w-()]+|\.[\w-]+|#[\w-]+)*\s*/
Searching through them all for /(^|[\s>+~])strong(\[[^\]]*\]|:{1,2}[\w-()]+|\.[\w-]+|#[\w-]+)*\s*/
Done
Done
_datatable-columns-reorder.scss has 4 symbols
_datatable-responsive.scss has 31 symbols
Searching through them all for /(^|[\s>+~])strong(\[[^\]]*\]|:{1,2}[\w-()]+|\.[\w-]+|#[\w-]+)*\s*/
Searching through them all for /(^|[\s>+~])strong(\[[^\]]*\]|:{1,2}[\w-()]+|\.[\w-]+|#[\w-]+)*\s*/
Done
Done
_datatables.scss has 132 symbols
_datatable-rows-reorder.scss has 4 symbols
Searching through them all for /(^|[\s>+~])strong(\[[^\]]*\]|:{1,2}[\w-()]+|\.[\w-]+|#[\w-]+)*\s*/
Searching through them all for /(^|[\s>+~])strong(\[[^\]]*\]|:{1,2}[\w-()]+|\.[\w-]+|#[\w-]+)*\s*/
Done
Done
_alpaca.scss has 64 symbols
_datatable-scroller.scss has 8 symbols
Searching through them all for /(^|[\s>+~])strong(\[[^\]]*\]|:{1,2}[\w-()]+|\.[\w-]+|#[\w-]+)*\s*/
Searching through them all for /(^|[\s>+~])strong(\[[^\]]*\]|:{1,2}[\w-()]+|\.[\w-]+|#[\w-]+)*\s*/
Done
Done
_buttons.scss has 69 symbols
_datatable-rows-reorder.scss has 4 symbols
Searching through them all for /(^|[\s>+~])strong(\[[^\]]*\]|:{1,2}[\w-()]+|\.[\w-]+|#[\w-]+)*\s*/
Searching through them all for /(^|[\s>+~])strong(\[[^\]]*\]|:{1,2}[\w-()]+|\.[\w-]+|#[\w-]+)*\s*/
Done
Done
_datatable-keytable.scss has 8 symbols
_datatable-columns-reorder.scss has 4 symbols
Searching through them all for /(^|[\s>+~])strong(\[[^\]]*\]|:{1,2}[\w-()]+|\.[\w-]+|#[\w-]+)*\s*/
Searching through them all for /(^|[\s>+~])strong(\[[^\]]*\]|:{1,2}[\w-()]+|\.[\w-]+|#[\w-]+)*\s*/
Done
Done
_datatable-fixed-columns.scss has 21 symbols
_datatable-fixed-columns.scss has 21 symbols
Searching through them all for /(^|[\s>+~])strong(\[[^\]]*\]|:{1,2}[\w-()]+|\.[\w-]+|#[\w-]+)*\s*/
Searching through them all for /(^|[\s>+~])strong(\[[^\]]*\]|:{1,2}[\w-()]+|\.[\w-]+|#[\w-]+)*\s*/
Done
Done
_datatable-scroller.scss has 8 symbols
_buttons.scss has 69 symbols
Searching through them all for /(^|[\s>+~])strong(\[[^\]]*\]|:{1,2}[\w-()]+|\.[\w-]+|#[\w-]+)*\s*/
Searching through them all for /(^|[\s>+~])strong(\[[^\]]*\]|:{1,2}[\w-()]+|\.[\w-]+|#[\w-]+)*\s*/
Done
Done
_handsontable.scss has 342 symbols
_datatable-keytable.scss has 8 symbols
Searching through them all for /(^|[\s>+~])strong(\[[^\]]*\]|:{1,2}[\w-()]+|\.[\w-]+|#[\w-]+)*\s*/
Searching through them all for /(^|[\s>+~])strong(\[[^\]]*\]|:{1,2}[\w-()]+|\.[\w-]+|#[\w-]+)*\s*/
Done
Done
_alpaca.scss has 65 symbols
_datatable-responsive.scss has 31 symbols
Searching through them all for /(^|[\s>+~])strong(\[[^\]]*\]|:{1,2}[\w-()]+|\.[\w-]+|#[\w-]+)*\s*/
Searching through them all for /(^|[\s>+~])strong(\[[^\]]*\]|:{1,2}[\w-()]+|\.[\w-]+|#[\w-]+)*\s*/
Done
Done
_daterange.scss has 86 symbols
_datatable-scroller.scss has 8 symbols
Searching through them all for /(^|[\s>+~])strong(\[[^\]]*\]|:{1,2}[\w-()]+|\.[\w-]+|#[\w-]+)*\s*/
Searching through them all for /(^|[\s>+~])strong(\[[^\]]*\]|:{1,2}[\w-()]+|\.[\w-]+|#[\w-]+)*\s*/
Done
Done
_footable.scss has 17 symbols
_datatable-fixed-columns.scss has 21 symbols
Searching through them all for /(^|[\s>+~])strong(\[[^\]]*\]|:{1,2}[\w-()]+|\.[\w-]+|#[\w-]+)*\s*/
Searching through them all for /(^|[\s>+~])strong(\[[^\]]*\]|:{1,2}[\w-()]+|\.[\w-]+|#[\w-]+)*\s*/
Done
Done
_widgets.scss has 251 symbols
_datatable-keytable.scss has 8 symbols
Searching through them all for /(^|[\s>+~])strong(\[[^\]]*\]|:{1,2}[\w-()]+|\.[\w-]+|#[\w-]+)*\s*/
Searching through them all for /(^|[\s>+~])strong(\[[^\]]*\]|:{1,2}[\w-()]+|\.[\w-]+|#[\w-]+)*\s*/
Done
Done
_widgets.scss has 281 symbols
_datatables.scss has 133 symbols
Searching through them all for /(^|[\s>+~])strong(\[[^\]]*\]|:{1,2}[\w-()]+|\.[\w-]+|#[\w-]+)*\s*/
Searching through them all for /(^|[\s>+~])strong(\[[^\]]*\]|:{1,2}[\w-()]+|\.[\w-]+|#[\w-]+)*\s*/
Done
Done
_datatable-rows-reorder.scss has 4 symbols
bootstrap-datepicker.min.css has 221 symbols
Searching through them all for /(^|[\s>+~])strong(\[[^\]]*\]|:{1,2}[\w-()]+|\.[\w-]+|#[\w-]+)*\s*/
Searching through them all for /(^|[\s>+~])strong(\[[^\]]*\]|:{1,2}[\w-()]+|\.[\w-]+|#[\w-]+)*\s*/
Done
Done
_datatable-responsive.scss has 31 symbols
bootstrap.css has 2572 symbols
Searching through them all for /(^|[\s>+~])strong(\[[^\]]*\]|:{1,2}[\w-()]+|\.[\w-]+|#[\w-]+)*\s*/
Searching through them all for /(^|[\s>+~])strong(\[[^\]]*\]|:{1,2}[\w-()]+|\.[\w-]+|#[\w-]+)*\s*/
Done
Done
_datatable-columns-reorder.scss has 4 symbols
components.css has 4341 symbols
Searching through them all for /(^|[\s>+~])strong(\[[^\]]*\]|:{1,2}[\w-()]+|\.[\w-]+|#[\w-]+)*\s*/
Searching through them all for /(^|[\s>+~])strong(\[[^\]]*\]|:{1,2}[\w-()]+|\.[\w-]+|#[\w-]+)*\s*/
Done
Done
_datatables.scss has 133 symbols
_tables.scss has 136 symbols
Searching through them all for /(^|[\s>+~])strong(\[[^\]]*\]|:{1,2}[\w-()]+|\.[\w-]+|#[\w-]+)*\s*/
Searching through them all for /(^|[\s>+~])strong(\[[^\]]*\]|:{1,2}[\w-()]+|\.[\w-]+|#[\w-]+)*\s*/
Done
Done
_datatable-fixed-columns.scss has 21 symbols
_buttons.scss has 69 symbols
Searching through them all for /(^|[\s>+~])strong(\[[^\]]*\]|:{1,2}[\w-()]+|\.[\w-]+|#[\w-]+)*\s*/
Searching through them all for /(^|[\s>+~])strong(\[[^\]]*\]|:{1,2}[\w-()]+|\.[\w-]+|#[\w-]+)*\s*/
Done
Done
_date.scss has 49 symbols
_print.scss has 34 symbols
Searching through them all for /(^|[\s>+~])strong(\[[^\]]*\]|:{1,2}[\w-()]+|\.[\w-]+|#[\w-]+)*\s*/
Searching through them all for /(^|[\s>+~])strong(\[[^\]]*\]|:{1,2}[\w-()]+|\.[\w-]+|#[\w-]+)*\s*/
Done
Done
_daterange.scss has 87 symbols
_tables.scss has 43 symbols
Searching through them all for /(^|[\s>+~])strong(\[[^\]]*\]|:{1,2}[\w-()]+|\.[\w-]+|#[\w-]+)*\s*/
Searching through them all for /(^|[\s>+~])strong(\[[^\]]*\]|:{1,2}[\w-()]+|\.[\w-]+|#[\w-]+)*\s*/
Done
Done
_datatable-scroller.scss has 8 symbols
_tables.scss has 136 symbols
Searching through them all for /(^|[\s>+~])strong(\[[^\]]*\]|:{1,2}[\w-()]+|\.[\w-]+|#[\w-]+)*\s*/
Searching through them all for /(^|[\s>+~])strong(\[[^\]]*\]|:{1,2}[\w-()]+|\.[\w-]+|#[\w-]+)*\s*/
Done
Done
_datatable-keytable.scss has 8 symbols
_reboot.scss has 100 symbols
Searching through them all for /(^|[\s>+~])strong(\[[^\]]*\]|:{1,2}[\w-()]+|\.[\w-]+|#[\w-]+)*\s*/
Searching through them all for /(^|[\s>+~])strong(\[[^\]]*\]|:{1,2}[\w-()]+|\.[\w-]+|#[\w-]+)*\s*/
Done
Done
_date.scss has 49 symbols
_table-row.scss has 10 symbols
Searching through them all for /(^|[\s>+~])strong(\[[^\]]*\]|:{1,2}[\w-()]+|\.[\w-]+|#[\w-]+)*\s*/
Searching through them all for /(^|[\s>+~])strong(\[[^\]]*\]|:{1,2}[\w-()]+|\.[\w-]+|#[\w-]+)*\s*/
Done
Done
_tables.scss has 136 symbols
_date.scss has 49 symbols
Searching through them all for /(^|[\s>+~])strong(\[[^\]]*\]|:{1,2}[\w-()]+|\.[\w-]+|#[\w-]+)*\s*/
Searching through them all for /(^|[\s>+~])strong(\[[^\]]*\]|:{1,2}[\w-()]+|\.[\w-]+|#[\w-]+)*\s*/
Done
Done
_fancytree.scss has 100 symbols
dialog.css has 159 symbols
Searching through them all for /(^|[\s>+~])strong(\[[^\]]*\]|:{1,2}[\w-()]+|\.[\w-]+|#[\w-]+)*\s*/
Searching through them all for /(^|[\s>+~])strong(\[[^\]]*\]|:{1,2}[\w-()]+|\.[\w-]+|#[\w-]+)*\s*/
Done
Done
_fullcalendar.scss has 285 symbols
dialog_ie8.css has 161 symbols
Searching through them all for /(^|[\s>+~])strong(\[[^\]]*\]|:{1,2}[\w-()]+|\.[\w-]+|#[\w-]+)*\s*/
Searching through them all for /(^|[\s>+~])strong(\[[^\]]*\]|:{1,2}[\w-()]+|\.[\w-]+|#[\w-]+)*\s*/
Done
Done
dialog.css has 159 symbols
dialog_iequirks.css has 158 symbols
Searching through them all for /(^|[\s>+~])strong(\[[^\]]*\]|:{1,2}[\w-()]+|\.[\w-]+|#[\w-]+)*\s*/
Searching through them all for /(^|[\s>+~])strong(\[[^\]]*\]|:{1,2}[\w-()]+|\.[\w-]+|#[\w-]+)*\s*/
Done
Done
dialog_ie8.css has 161 symbols
dialog_ie.css has 173 symbols
Searching through them all for /(^|[\s>+~])strong(\[[^\]]*\]|:{1,2}[\w-()]+|\.[\w-]+|#[\w-]+)*\s*/
Searching through them all for /(^|[\s>+~])strong(\[[^\]]*\]|:{1,2}[\w-()]+|\.[\w-]+|#[\w-]+)*\s*/
Done
Done
dialog_ie7.css has 172 symbols
dialog_ie7.css has 172 symbols
Searching through them all for /(^|[\s>+~])strong(\[[^\]]*\]|:{1,2}[\w-()]+|\.[\w-]+|#[\w-]+)*\s*/
Searching through them all for /(^|[\s>+~])strong(\[[^\]]*\]|:{1,2}[\w-()]+|\.[\w-]+|#[\w-]+)*\s*/
Done
Done
dialog_ie.css has 173 symbols
dialog.scss has 155 symbols
Searching through them all for /(^|[\s>+~])strong(\[[^\]]*\]|:{1,2}[\w-()]+|\.[\w-]+|#[\w-]+)*\s*/
Searching through them all for /(^|[\s>+~])strong(\[[^\]]*\]|:{1,2}[\w-()]+|\.[\w-]+|#[\w-]+)*\s*/
Done
Done
dialog_iequirks.css has 158 symbols
dialog_opera.css has 160 symbols
Searching through them all for /(^|[\s>+~])strong(\[[^\]]*\]|:{1,2}[\w-()]+|\.[\w-]+|#[\w-]+)*\s*/
Searching through them all for /(^|[\s>+~])strong(\[[^\]]*\]|:{1,2}[\w-()]+|\.[\w-]+|#[\w-]+)*\s*/
Done
Done
dialog.scss has 155 symbols
_colorpanel.scss has 20 symbols
Searching through them all for /(^|[\s>+~])strong(\[[^\]]*\]|:{1,2}[\w-()]+|\.[\w-]+|#[\w-]+)*\s*/
Searching through them all for /(^|[\s>+~])strong(\[[^\]]*\]|:{1,2}[\w-()]+|\.[\w-]+|#[\w-]+)*\s*/
Done
Done
dialog_opera.scss has 3 symbols
dialog_opera.scss has 3 symbols
Searching through them all for /(^|[\s>+~])strong(\[[^\]]*\]|:{1,2}[\w-()]+|\.[\w-]+|#[\w-]+)*\s*/
Searching through them all for /(^|[\s>+~])strong(\[[^\]]*\]|:{1,2}[\w-()]+|\.[\w-]+|#[\w-]+)*\s*/
Done
Done
dialog_opera.css has 160 symbols
dialog_ie7.css has 172 symbols
Searching through them all for /(^|[\s>+~])strong(\[[^\]]*\]|:{1,2}[\w-()]+|\.[\w-]+|#[\w-]+)*\s*/
Searching through them all for /(^|[\s>+~])strong(\[[^\]]*\]|:{1,2}[\w-()]+|\.[\w-]+|#[\w-]+)*\s*/
Done
Done
dialog_opera.css has 160 symbols
dialog_opera.css has 160 symbols
Searching through them all for /(^|[\s>+~])strong(\[[^\]]*\]|:{1,2}[\w-()]+|\.[\w-]+|#[\w-]+)*\s*/
Searching through them all for /(^|[\s>+~])strong(\[[^\]]*\]|:{1,2}[\w-()]+|\.[\w-]+|#[\w-]+)*\s*/
Done
Done
dialog_iequirks.css has 158 symbols
dialog_opera.scss has 3 symbols
Searching through them all for /(^|[\s>+~])strong(\[[^\]]*\]|:{1,2}[\w-()]+|\.[\w-]+|#[\w-]+)*\s*/
Searching through them all for /(^|[\s>+~])strong(\[[^\]]*\]|:{1,2}[\w-()]+|\.[\w-]+|#[\w-]+)*\s*/
Done
Done
dialog_ie.css has 173 symbols
dialog_iequirks.css has 158 symbols
Searching through them all for /(^|[\s>+~])strong(\[[^\]]*\]|:{1,2}[\w-()]+|\.[\w-]+|#[\w-]+)*\s*/
Searching through them all for /(^|[\s>+~])strong(\[[^\]]*\]|:{1,2}[\w-()]+|\.[\w-]+|#[\w-]+)*\s*/
Done
Done
dialog_ie7.css has 172 symbols
dialog_ie.css has 173 symbols
Searching through them all for /(^|[\s>+~])strong(\[[^\]]*\]|:{1,2}[\w-()]+|\.[\w-]+|#[\w-]+)*\s*/
Searching through them all for /(^|[\s>+~])strong(\[[^\]]*\]|:{1,2}[\w-()]+|\.[\w-]+|#[\w-]+)*\s*/
Done
Done
dialog_ie8.css has 161 symbols
dialog_ie8.css has 161 symbols
Searching through them all for /(^|[\s>+~])strong(\[[^\]]*\]|:{1,2}[\w-()]+|\.[\w-]+|#[\w-]+)*\s*/
Searching through them all for /(^|[\s>+~])strong(\[[^\]]*\]|:{1,2}[\w-()]+|\.[\w-]+|#[\w-]+)*\s*/
Done
Done
_colorpanel.scss has 20 symbols
wsc.css has 18 symbols
Searching through them all for /(^|[\s>+~])strong(\[[^\]]*\]|:{1,2}[\w-()]+|\.[\w-]+|#[\w-]+)*\s*/
Searching through them all for /(^|[\s>+~])strong(\[[^\]]*\]|:{1,2}[\w-()]+|\.[\w-]+|#[\w-]+)*\s*/
Done
Done
dialog.css has 159 symbols
dialog.css has 159 symbols
Searching through them all for /(^|[\s>+~])strong(\[[^\]]*\]|:{1,2}[\w-()]+|\.[\w-]+|#[\w-]+)*\s*/
Searching through them all for /(^|[\s>+~])strong(\[[^\]]*\]|:{1,2}[\w-()]+|\.[\w-]+|#[\w-]+)*\s*/
Done
Done
dialog.scss has 155 symbols
dialog.scss has 155 symbols
Searching through them all for /(^|[\s>+~])strong(\[[^\]]*\]|:{1,2}[\w-()]+|\.[\w-]+|#[\w-]+)*\s*/
Searching through them all for /(^|[\s>+~])strong(\[[^\]]*\]|:{1,2}[\w-()]+|\.[\w-]+|#[\w-]+)*\s*/
Done
Done
dialog_opera.scss has 3 symbols
_colorpanel.scss has 20 symbols
Searching through them all for /(^|[\s>+~])strong(\[[^\]]*\]|:{1,2}[\w-()]+|\.[\w-]+|#[\w-]+)*\s*/
Searching through them all for /(^|[\s>+~])strong(\[[^\]]*\]|:{1,2}[\w-()]+|\.[\w-]+|#[\w-]+)*\s*/
Done
Done
_colorpanel.scss has 20 symbols
exception.css has 214 symbols
Searching through them all for /(^|[\s>+~])strong(\[[^\]]*\]|:{1,2}[\w-()]+|\.[\w-]+|#[\w-]+)*\s*/
Searching through them all for /(^|[\s>+~])strong(\[[^\]]*\]|:{1,2}[\w-()]+|\.[\w-]+|#[\w-]+)*\s*/
Done
Done
wsc.css has 18 symbols
default.css has 45 symbols
Searching through them all for /(^|[\s>+~])strong(\[[^\]]*\]|:{1,2}[\w-()]+|\.[\w-]+|#[\w-]+)*\s*/
Searching through them all for /(^|[\s>+~])strong(\[[^\]]*\]|:{1,2}[\w-()]+|\.[\w-]+|#[\w-]+)*\s*/
Done
Done
default.css has 45 symbols
html.css has 163 symbols
Searching through them all for /(^|[\s>+~])strong(\[[^\]]*\]|:{1,2}[\w-()]+|\.[\w-]+|#[\w-]+)*\s*/
Searching through them all for /(^|[\s>+~])strong(\[[^\]]*\]|:{1,2}[\w-()]+|\.[\w-]+|#[\w-]+)*\s*/
Done
Done
whoops.base.css has 120 symbols
whoops.base.css has 120 symbols
Searching through them all for /(^|[\s>+~])strong(\[[^\]]*\]|:{1,2}[\w-()]+|\.[\w-]+|#[\w-]+)*\s*/
Searching through them all for /(^|[\s>+~])strong(\[[^\]]*\]|:{1,2}[\w-()]+|\.[\w-]+|#[\w-]+)*\s*/
Done
Done
style.css has 50 symbols
bootstrap.min.css has 3147 symbols
Searching through them all for /(^|[\s>+~])strong(\[[^\]]*\]|:{1,2}[\w-()]+|\.[\w-]+|#[\w-]+)*\s*/
Searching through them all for /(^|[\s>+~])strong(\[[^\]]*\]|:{1,2}[\w-()]+|\.[\w-]+|#[\w-]+)*\s*/
Done
Done
bootstrap.min.css has 3147 symbols
nv.d3.min.css has 135 symbols
Searching through them all for /(^|[\s>+~])strong(\[[^\]]*\]|:{1,2}[\w-()]+|\.[\w-]+|#[\w-]+)*\s*/
Searching through them all for /(^|[\s>+~])strong(\[[^\]]*\]|:{1,2}[\w-()]+|\.[\w-]+|#[\w-]+)*\s*/
Done
Done
nv.d3.min.css has 135 symbols
style.css has 50 symbols
Searching through them all for /(^|[\s>+~])strong(\[[^\]]*\]|:{1,2}[\w-()]+|\.[\w-]+|#[\w-]+)*\s*/
Searching through them all for /(^|[\s>+~])strong(\[[^\]]*\]|:{1,2}[\w-()]+|\.[\w-]+|#[\w-]+)*\s*/
Done
Done
strong 5003
strong 5003
  script 54 60
  script 54 60
  script 113 119
  script 113 119
  script 122 128
  script 122 128
  script 181 187
  script 181 187
  table 191 196
  table 191 196
  tbody 250 255
  tbody 250 255
  tr 266 268
  tr 266 268
  td 283 285
  td 283 285
  strong 287 293
  strong 287 293
  strong 300 306
  strong 300 306
  td 343 345
  td 343 345
  td 398 400
  td 398 400
  strong 402 408
  strong 402 408
  strong 430 436
  strong 430 436
  td 457 459
  td 457 459
  td 474 476
  td 474 476
  strong 478 484
  strong 478 484
  strong 494 500
  strong 494 500
  td 537 539
  td 537 539
  tr 551 553
  tr 551 553
  tr 564 566
  tr 564 566
  td 581 583
  td 581 583
  strong 585 591
  strong 585 591
  strong 616 622
  strong 616 622
  td 680 682
  td 680 682
  td 697 699
  td 697 699
  strong 701 707
  strong 701 707
  strong 727 733
  strong 727 733
  td 752 754
  td 752 754
  td 769 771
  td 769 771
  strong 773 779
  strong 773 779
  strong 786 792
  strong 786 792
  td 929 931
  td 929 931
  tr 943 945
  tr 943 945
  tbody 954 959
  tbody 954 959
  table 963 968
  table 963 968
  table 973 978
  table 973 978
  thead 1119 1124
  thead 1119 1124
  tr 1135 1137
  tr 1135 1137
  th 1152 1154
  th 1152 1154
  th 1171 1173
  th 1171 1173
  th 1188 1190
  th 1188 1190
  th 1213 1215
  th 1213 1215
  th 1230 1232
  th 1230 1232
  br 1249 1251
  br 1249 1251
  th 1258 1260
  th 1258 1260
  th 1275 1277
  th 1275 1277
  br 1294 1296
  br 1294 1296
  th 1303 1305
  th 1303 1305
  th 1320 1322
  th 1320 1322
  br 1343 1345
  br 1343 1345
  th 1352 1354
  th 1352 1354
  th 1369 1371
  th 1369 1371
  br 1398 1400
  br 1398 1400
  th 1403 1405
  th 1403 1405
  th 1490 1492
  th 1490 1492
  br 1512 1514
  br 1512 1514
  sup 1524 1527
  sup 1524 1527
  sup 1531 1534
  sup 1531 1534
  th 1547 1549
  th 1547 1549
  th 1564 1566
  th 1564 1566
  sup 1581 1584
  sup 1581 1584
  sup 1589 1592
  sup 1589 1592
  br 1595 1597
  br 1595 1597
  th 1610 1612
  th 1610 1612
  th 1627 1629
  th 1627 1629
  sup 1644 1647
  sup 1644 1647
  sup 1651 1654
  sup 1651 1654
  br 1657 1659
  br 1657 1659
  th 1672 1674
  th 1672 1674
  th 1689 1691
  th 1689 1691
  br 1716 1718
  br 1716 1718
  sup 1722 1725
  sup 1722 1725
  sup 1730 1733
  sup 1730 1733
  sup 1739 1742
  sup 1739 1742
  sup 1746 1749
  sup 1746 1749
  sup 1755 1758
  sup 1755 1758
  sup 1762 1765
  sup 1762 1765
  th 1768 1770
  th 1768 1770
  th 1785 1787
  th 1785 1787
  th 1809 1811
  th 1809 1811
  th 1851 1853
  th 1851 1853
  th 1879 1881
  th 1879 1881
  th 1896 1898
  th 1896 1898
  th 1928 1930
  th 1928 1930
  th 1945 1947
  th 1945 1947
  th 1971 1973
  th 1971 1973
  tr 1985 1987
  tr 1985 1987
  thead 1995 2000
  thead 1995 2000
  tbody 2008 2013
  tbody 2008 2013
  tr 2065 2067
  tr 2065 2067
  td 2086 2088
  td 2086 2088
  td 2113 2115
  td 2113 2115
  td 2134 2136
  td 2134 2136
  td 2155 2157
  td 2155 2157
  td 2279 2281
  td 2279 2281
  td 2304 2306
  td 2304 2306
  td 2329 2331
  td 2329 2331
  td 2354 2356
  td 2354 2356
  td 2379 2381
  td 2379 2381
  td 2405 2407
  td 2405 2407
  td 2430 2432
  td 2430 2432
  td 2913 2915
  td 2913 2915
  td 3033 3035
  td 3033 3035
  td 3060 3062
  td 3060 3062
  td 3090 3092
  td 3090 3092
  td 3171 3173
  td 3171 3173
  td 3201 3203
  td 3201 3203
  td 3282 3284
  td 3282 3284
  td 3312 3314
  td 3312 3314
  td 3338 3340
  td 3338 3340
  td 3368 3370
  td 3368 3370
  td 3398 3400
  td 3398 3400
  td 3524 3526
  td 3524 3526
  td 3558 3560
  td 3558 3560
  td 3583 3585
  td 3583 3585
  td 4193 4195
  td 4193 4195
  td 4218 4220
  td 4218 4220
  td 4266 4268
  td 4266 4268
  tr 4312 4314
  tr 4312 4314
  tr 4856 4858
  tr 4856 4858
  td 4873 4875
  td 4873 4875
  strong 4908 4914
  strong 4908 4914
  strong 4943 4949
  strong 4943 4949
  td 4952 4954
  td 4952 4954
  td 4969 4971
  td 4969 4971
  strong 5003 5009
  strong 5003 5009
strong is a "html tag"
strong is a "html tag"
html.css has 163 symbols
app.css has 3148 symbols
Searching through them all for /(^|[\s>+~])strong(\[[^\]]*\]|:{1,2}[\w-()]+|\.[\w-]+|#[\w-]+)*\s*/
Searching through them all for /(^|[\s>+~])strong(\[[^\]]*\]|:{1,2}[\w-()]+|\.[\w-]+|#[\w-]+)*\s*/
Done
Done
exception.css has 214 symbols
components.min.css has 4339 symbols
Searching through them all for /(^|[\s>+~])strong(\[[^\]]*\]|:{1,2}[\w-()]+|\.[\w-]+|#[\w-]+)*\s*/
Searching through them all for /(^|[\s>+~])strong(\[[^\]]*\]|:{1,2}[\w-()]+|\.[\w-]+|#[\w-]+)*\s*/
Done
Done
app.css has 3148 symbols
my_print.css has 14 symbols
Searching through them all for /(^|[\s>+~])strong(\[[^\]]*\]|:{1,2}[\w-()]+|\.[\w-]+|#[\w-]+)*\s*/
Searching through them all for /(^|[\s>+~])strong(\[[^\]]*\]|:{1,2}[\w-()]+|\.[\w-]+|#[\w-]+)*\s*/
Done
Done
components.min.css has 4339 symbols
print_tabulation.css has 7 symbols
Searching through them all for /(^|[\s>+~])strong(\[[^\]]*\]|:{1,2}[\w-()]+|\.[\w-]+|#[\w-]+)*\s*/
Searching through them all for /(^|[\s>+~])strong(\[[^\]]*\]|:{1,2}[\w-()]+|\.[\w-]+|#[\w-]+)*\s*/
Done
Done
bootstrap.css has 2572 symbols
bootstrap_limitless.css has 1198 symbols
Searching through them all for /(^|[\s>+~])strong(\[[^\]]*\]|:{1,2}[\w-()]+|\.[\w-]+|#[\w-]+)*\s*/
Searching through them all for /(^|[\s>+~])strong(\[[^\]]*\]|:{1,2}[\w-()]+|\.[\w-]+|#[\w-]+)*\s*/
Done
Done
my_print.css has 14 symbols
bootstrap.min.css has 2572 symbols
Searching through them all for /(^|[\s>+~])strong(\[[^\]]*\]|:{1,2}[\w-()]+|\.[\w-]+|#[\w-]+)*\s*/
Searching through them all for /(^|[\s>+~])strong(\[[^\]]*\]|:{1,2}[\w-()]+|\.[\w-]+|#[\w-]+)*\s*/
Done
Done
bootstrap_limitless.css has 1198 symbols
bootstrap_limitless.min.css has 1198 symbols
Searching through them all for /(^|[\s>+~])strong(\[[^\]]*\]|:{1,2}[\w-()]+|\.[\w-]+|#[\w-]+)*\s*/
Searching through them all for /(^|[\s>+~])strong(\[[^\]]*\]|:{1,2}[\w-()]+|\.[\w-]+|#[\w-]+)*\s*/
Done
Done
bootstrap_limitless.min.css has 1198 symbols
receipt.css has 17 symbols
Searching through them all for /(^|[\s>+~])strong(\[[^\]]*\]|:{1,2}[\w-()]+|\.[\w-]+|#[\w-]+)*\s*/
Searching through them all for /(^|[\s>+~])strong(\[[^\]]*\]|:{1,2}[\w-()]+|\.[\w-]+|#[\w-]+)*\s*/
Done
Done
receipt.css has 17 symbols
_inbox.scss has 15 symbols
Searching through them all for /(^|[\s>+~])strong(\[[^\]]*\]|:{1,2}[\w-()]+|\.[\w-]+|#[\w-]+)*\s*/
Searching through them all for /(^|[\s>+~])strong(\[[^\]]*\]|:{1,2}[\w-()]+|\.[\w-]+|#[\w-]+)*\s*/
Done
Done
print_tabulation.css has 7 symbols
_c3.scss has 48 symbols
Searching through them all for /(^|[\s>+~])strong(\[[^\]]*\]|:{1,2}[\w-()]+|\.[\w-]+|#[\w-]+)*\s*/
Searching through them all for /(^|[\s>+~])strong(\[[^\]]*\]|:{1,2}[\w-()]+|\.[\w-]+|#[\w-]+)*\s*/
Done
Done
bootstrap-datepicker.min.css has 221 symbols
_d3.scss has 72 symbols
Searching through them all for /(^|[\s>+~])strong(\[[^\]]*\]|:{1,2}[\w-()]+|\.[\w-]+|#[\w-]+)*\s*/
Searching through them all for /(^|[\s>+~])strong(\[[^\]]*\]|:{1,2}[\w-()]+|\.[\w-]+|#[\w-]+)*\s*/
Done
Done
_c3.scss has 48 symbols
_alpaca.scss has 65 symbols
Searching through them all for /(^|[\s>+~])strong(\[[^\]]*\]|:{1,2}[\w-()]+|\.[\w-]+|#[\w-]+)*\s*/
Searching through them all for /(^|[\s>+~])strong(\[[^\]]*\]|:{1,2}[\w-()]+|\.[\w-]+|#[\w-]+)*\s*/
Done
Done
_print.scss has 34 symbols
_date.scss has 49 symbols
Searching through them all for /(^|[\s>+~])strong(\[[^\]]*\]|:{1,2}[\w-()]+|\.[\w-]+|#[\w-]+)*\s*/
Searching through them all for /(^|[\s>+~])strong(\[[^\]]*\]|:{1,2}[\w-()]+|\.[\w-]+|#[\w-]+)*\s*/
Done
Done
_d3.scss has 72 symbols
_alpaca.scss has 64 symbols
Searching through them all for /(^|[\s>+~])strong(\[[^\]]*\]|:{1,2}[\w-()]+|\.[\w-]+|#[\w-]+)*\s*/
Searching through them all for /(^|[\s>+~])strong(\[[^\]]*\]|:{1,2}[\w-()]+|\.[\w-]+|#[\w-]+)*\s*/
Done
Done
bootstrap.min.css has 2572 symbols
_daterange.scss has 87 symbols
Searching through them all for /(^|[\s>+~])strong(\[[^\]]*\]|:{1,2}[\w-()]+|\.[\w-]+|#[\w-]+)*\s*/
Searching through them all for /(^|[\s>+~])strong(\[[^\]]*\]|:{1,2}[\w-()]+|\.[\w-]+|#[\w-]+)*\s*/
Done
Done
_tables.scss has 43 symbols
_daterange.scss has 86 symbols
Searching through them all for /(^|[\s>+~])strong(\[[^\]]*\]|:{1,2}[\w-()]+|\.[\w-]+|#[\w-]+)*\s*/
Searching through them all for /(^|[\s>+~])strong(\[[^\]]*\]|:{1,2}[\w-()]+|\.[\w-]+|#[\w-]+)*\s*/
Done
Done
_reboot.scss has 100 symbols
_fullcalendar.scss has 285 symbols
Searching through them all for /(^|[\s>+~])strong(\[[^\]]*\]|:{1,2}[\w-()]+|\.[\w-]+|#[\w-]+)*\s*/
Searching through them all for /(^|[\s>+~])strong(\[[^\]]*\]|:{1,2}[\w-()]+|\.[\w-]+|#[\w-]+)*\s*/
Done
Done
_table-row.scss has 10 symbols
_fancytree.scss has 100 symbols
Searching through them all for /(^|[\s>+~])strong(\[[^\]]*\]|:{1,2}[\w-()]+|\.[\w-]+|#[\w-]+)*\s*/
Searching through them all for /(^|[\s>+~])strong(\[[^\]]*\]|:{1,2}[\w-()]+|\.[\w-]+|#[\w-]+)*\s*/
Done
Done
_inbox.scss has 15 symbols
_fancytree.scss has 100 symbols
Searching through them all for /(^|[\s>+~])strong(\[[^\]]*\]|:{1,2}[\w-()]+|\.[\w-]+|#[\w-]+)*\s*/
Searching through them all for /(^|[\s>+~])strong(\[[^\]]*\]|:{1,2}[\w-()]+|\.[\w-]+|#[\w-]+)*\s*/
Done
Done
components.css has 4341 symbols
_fullcalendar.scss has 285 symbols
Searching through them all for /(^|[\s>+~])strong(\[[^\]]*\]|:{1,2}[\w-()]+|\.[\w-]+|#[\w-]+)*\s*/
Searching through them all for /(^|[\s>+~])strong(\[[^\]]*\]|:{1,2}[\w-()]+|\.[\w-]+|#[\w-]+)*\s*/
Done
Done
_buttons.scss has 69 symbols
_widgets.scss has 251 symbols
Searching through them all for /(^|[\s>+~])strong(\[[^\]]*\]|:{1,2}[\w-()]+|\.[\w-]+|#[\w-]+)*\s*/
Searching through them all for /(^|[\s>+~])strong(\[[^\]]*\]|:{1,2}[\w-()]+|\.[\w-]+|#[\w-]+)*\s*/
Done
Done
_handsontable.scss has 342 symbols
_footable.scss has 17 symbols
Searching through them all for /(^|[\s>+~])strong(\[[^\]]*\]|:{1,2}[\w-()]+|\.[\w-]+|#[\w-]+)*\s*/
Searching through them all for /(^|[\s>+~])strong(\[[^\]]*\]|:{1,2}[\w-()]+|\.[\w-]+|#[\w-]+)*\s*/
Done
Done
_fancytree.scss has 100 symbols
_handsontable.scss has 342 symbols
Searching through them all for /(^|[\s>+~])strong(\[[^\]]*\]|:{1,2}[\w-()]+|\.[\w-]+|#[\w-]+)*\s*/
Searching through them all for /(^|[\s>+~])strong(\[[^\]]*\]|:{1,2}[\w-()]+|\.[\w-]+|#[\w-]+)*\s*/
Done
Done
_tables.scss has 136 symbols
_footable.scss has 17 symbols
Searching through them all for /(^|[\s>+~])strong(\[[^\]]*\]|:{1,2}[\w-()]+|\.[\w-]+|#[\w-]+)*\s*/
Searching through them all for /(^|[\s>+~])strong(\[[^\]]*\]|:{1,2}[\w-()]+|\.[\w-]+|#[\w-]+)*\s*/
Done
Done
_footable.scss has 17 symbols
_widgets.scss has 281 symbols
Searching through them all for /(^|[\s>+~])strong(\[[^\]]*\]|:{1,2}[\w-()]+|\.[\w-]+|#[\w-]+)*\s*/
Searching through them all for /(^|[\s>+~])strong(\[[^\]]*\]|:{1,2}[\w-()]+|\.[\w-]+|#[\w-]+)*\s*/
Done
Done
_fullcalendar.scss has 285 symbols
_handsontable.scss has 342 symbols
Searching through them all for /(^|[\s>+~])strong(\[[^\]]*\]|:{1,2}[\w-()]+|\.[\w-]+|#[\w-]+)*\s*/
Searching through them all for /(^|[\s>+~])strong(\[[^\]]*\]|:{1,2}[\w-()]+|\.[\w-]+|#[\w-]+)*\s*/
Done
Done
_datatable-rows-reorder.scss has 4 symbols
_datatable-columns-reorder.scss has 4 symbols
Searching through them all for /(^|[\s>+~])strong(\[[^\]]*\]|:{1,2}[\w-()]+|\.[\w-]+|#[\w-]+)*\s*/
Searching through them all for /(^|[\s>+~])strong(\[[^\]]*\]|:{1,2}[\w-()]+|\.[\w-]+|#[\w-]+)*\s*/
Done
Done
_datatable-responsive.scss has 31 symbols
_datatables.scss has 132 symbols
Searching through them all for /(^|[\s>+~])strong(\[[^\]]*\]|:{1,2}[\w-()]+|\.[\w-]+|#[\w-]+)*\s*/
Searching through them all for /(^|[\s>+~])strong(\[[^\]]*\]|:{1,2}[\w-()]+|\.[\w-]+|#[\w-]+)*\s*/
Done
Done
_datatable-columns-reorder.scss has 4 symbols
_datatable-responsive.scss has 31 symbols
Searching through them all for /(^|[\s>+~])strong(\[[^\]]*\]|:{1,2}[\w-()]+|\.[\w-]+|#[\w-]+)*\s*/
Searching through them all for /(^|[\s>+~])strong(\[[^\]]*\]|:{1,2}[\w-()]+|\.[\w-]+|#[\w-]+)*\s*/
Done
Done
_datatables.scss has 132 symbols
_datatable-rows-reorder.scss has 4 symbols
Searching through them all for /(^|[\s>+~])strong(\[[^\]]*\]|:{1,2}[\w-()]+|\.[\w-]+|#[\w-]+)*\s*/
Searching through them all for /(^|[\s>+~])strong(\[[^\]]*\]|:{1,2}[\w-()]+|\.[\w-]+|#[\w-]+)*\s*/
Done
Done
_alpaca.scss has 64 symbols
_datatable-scroller.scss has 8 symbols
Searching through them all for /(^|[\s>+~])strong(\[[^\]]*\]|:{1,2}[\w-()]+|\.[\w-]+|#[\w-]+)*\s*/
Searching through them all for /(^|[\s>+~])strong(\[[^\]]*\]|:{1,2}[\w-()]+|\.[\w-]+|#[\w-]+)*\s*/
Done
Done
_buttons.scss has 69 symbols
_datatable-rows-reorder.scss has 4 symbols
Searching through them all for /(^|[\s>+~])strong(\[[^\]]*\]|:{1,2}[\w-()]+|\.[\w-]+|#[\w-]+)*\s*/
Searching through them all for /(^|[\s>+~])strong(\[[^\]]*\]|:{1,2}[\w-()]+|\.[\w-]+|#[\w-]+)*\s*/
Done
Done
_datatable-keytable.scss has 8 symbols
_datatable-columns-reorder.scss has 4 symbols
Searching through them all for /(^|[\s>+~])strong(\[[^\]]*\]|:{1,2}[\w-()]+|\.[\w-]+|#[\w-]+)*\s*/
Searching through them all for /(^|[\s>+~])strong(\[[^\]]*\]|:{1,2}[\w-()]+|\.[\w-]+|#[\w-]+)*\s*/
Done
Done
_datatable-fixed-columns.scss has 21 symbols
_datatable-fixed-columns.scss has 21 symbols
Searching through them all for /(^|[\s>+~])strong(\[[^\]]*\]|:{1,2}[\w-()]+|\.[\w-]+|#[\w-]+)*\s*/
Searching through them all for /(^|[\s>+~])strong(\[[^\]]*\]|:{1,2}[\w-()]+|\.[\w-]+|#[\w-]+)*\s*/
Done
Done
_datatable-scroller.scss has 8 symbols
_buttons.scss has 69 symbols
Searching through them all for /(^|[\s>+~])strong(\[[^\]]*\]|:{1,2}[\w-()]+|\.[\w-]+|#[\w-]+)*\s*/
Searching through them all for /(^|[\s>+~])strong(\[[^\]]*\]|:{1,2}[\w-()]+|\.[\w-]+|#[\w-]+)*\s*/
Done
Done
_handsontable.scss has 342 symbols
_datatable-keytable.scss has 8 symbols
Searching through them all for /(^|[\s>+~])strong(\[[^\]]*\]|:{1,2}[\w-()]+|\.[\w-]+|#[\w-]+)*\s*/
Searching through them all for /(^|[\s>+~])strong(\[[^\]]*\]|:{1,2}[\w-()]+|\.[\w-]+|#[\w-]+)*\s*/
Done
Done
_alpaca.scss has 65 symbols
_datatable-responsive.scss has 31 symbols
Searching through them all for /(^|[\s>+~])strong(\[[^\]]*\]|:{1,2}[\w-()]+|\.[\w-]+|#[\w-]+)*\s*/
Searching through them all for /(^|[\s>+~])strong(\[[^\]]*\]|:{1,2}[\w-()]+|\.[\w-]+|#[\w-]+)*\s*/
Done
Done
_daterange.scss has 86 symbols
_datatable-scroller.scss has 8 symbols
Searching through them all for /(^|[\s>+~])strong(\[[^\]]*\]|:{1,2}[\w-()]+|\.[\w-]+|#[\w-]+)*\s*/
Searching through them all for /(^|[\s>+~])strong(\[[^\]]*\]|:{1,2}[\w-()]+|\.[\w-]+|#[\w-]+)*\s*/
Done
Done
_footable.scss has 17 symbols
_datatable-fixed-columns.scss has 21 symbols
Searching through them all for /(^|[\s>+~])strong(\[[^\]]*\]|:{1,2}[\w-()]+|\.[\w-]+|#[\w-]+)*\s*/
Searching through them all for /(^|[\s>+~])strong(\[[^\]]*\]|:{1,2}[\w-()]+|\.[\w-]+|#[\w-]+)*\s*/
Done
Done
_widgets.scss has 251 symbols
_datatable-keytable.scss has 8 symbols
Searching through them all for /(^|[\s>+~])strong(\[[^\]]*\]|:{1,2}[\w-()]+|\.[\w-]+|#[\w-]+)*\s*/
Searching through them all for /(^|[\s>+~])strong(\[[^\]]*\]|:{1,2}[\w-()]+|\.[\w-]+|#[\w-]+)*\s*/
Done
Done
_widgets.scss has 281 symbols
_datatables.scss has 133 symbols
Searching through them all for /(^|[\s>+~])strong(\[[^\]]*\]|:{1,2}[\w-()]+|\.[\w-]+|#[\w-]+)*\s*/
Searching through them all for /(^|[\s>+~])strong(\[[^\]]*\]|:{1,2}[\w-()]+|\.[\w-]+|#[\w-]+)*\s*/
Done
Done
_datatable-rows-reorder.scss has 4 symbols
bootstrap-datepicker.min.css has 221 symbols
Searching through them all for /(^|[\s>+~])strong(\[[^\]]*\]|:{1,2}[\w-()]+|\.[\w-]+|#[\w-]+)*\s*/
Searching through them all for /(^|[\s>+~])strong(\[[^\]]*\]|:{1,2}[\w-()]+|\.[\w-]+|#[\w-]+)*\s*/
Done
Done
_datatable-responsive.scss has 31 symbols
bootstrap.css has 2572 symbols
Searching through them all for /(^|[\s>+~])strong(\[[^\]]*\]|:{1,2}[\w-()]+|\.[\w-]+|#[\w-]+)*\s*/
Searching through them all for /(^|[\s>+~])strong(\[[^\]]*\]|:{1,2}[\w-()]+|\.[\w-]+|#[\w-]+)*\s*/
Done
Done
_datatable-columns-reorder.scss has 4 symbols
components.css has 4341 symbols
Searching through them all for /(^|[\s>+~])strong(\[[^\]]*\]|:{1,2}[\w-()]+|\.[\w-]+|#[\w-]+)*\s*/
Searching through them all for /(^|[\s>+~])strong(\[[^\]]*\]|:{1,2}[\w-()]+|\.[\w-]+|#[\w-]+)*\s*/
Done
Done
_datatables.scss has 133 symbols
_tables.scss has 136 symbols
Searching through them all for /(^|[\s>+~])strong(\[[^\]]*\]|:{1,2}[\w-()]+|\.[\w-]+|#[\w-]+)*\s*/
Searching through them all for /(^|[\s>+~])strong(\[[^\]]*\]|:{1,2}[\w-()]+|\.[\w-]+|#[\w-]+)*\s*/
Done
Done
_datatable-fixed-columns.scss has 21 symbols
_buttons.scss has 69 symbols
Searching through them all for /(^|[\s>+~])strong(\[[^\]]*\]|:{1,2}[\w-()]+|\.[\w-]+|#[\w-]+)*\s*/
Searching through them all for /(^|[\s>+~])strong(\[[^\]]*\]|:{1,2}[\w-()]+|\.[\w-]+|#[\w-]+)*\s*/
Done
Done
_date.scss has 49 symbols
_print.scss has 34 symbols
Searching through them all for /(^|[\s>+~])strong(\[[^\]]*\]|:{1,2}[\w-()]+|\.[\w-]+|#[\w-]+)*\s*/
Searching through them all for /(^|[\s>+~])strong(\[[^\]]*\]|:{1,2}[\w-()]+|\.[\w-]+|#[\w-]+)*\s*/
Done
Done
_daterange.scss has 87 symbols
_tables.scss has 43 symbols
Searching through them all for /(^|[\s>+~])strong(\[[^\]]*\]|:{1,2}[\w-()]+|\.[\w-]+|#[\w-]+)*\s*/
Searching through them all for /(^|[\s>+~])strong(\[[^\]]*\]|:{1,2}[\w-()]+|\.[\w-]+|#[\w-]+)*\s*/
Done
Done
_datatable-scroller.scss has 8 symbols
_tables.scss has 136 symbols
Searching through them all for /(^|[\s>+~])strong(\[[^\]]*\]|:{1,2}[\w-()]+|\.[\w-]+|#[\w-]+)*\s*/
Searching through them all for /(^|[\s>+~])strong(\[[^\]]*\]|:{1,2}[\w-()]+|\.[\w-]+|#[\w-]+)*\s*/
Done
Done
_datatable-keytable.scss has 8 symbols
_reboot.scss has 100 symbols
Searching through them all for /(^|[\s>+~])strong(\[[^\]]*\]|:{1,2}[\w-()]+|\.[\w-]+|#[\w-]+)*\s*/
Searching through them all for /(^|[\s>+~])strong(\[[^\]]*\]|:{1,2}[\w-()]+|\.[\w-]+|#[\w-]+)*\s*/
Done
Done
_date.scss has 49 symbols
_table-row.scss has 10 symbols
Searching through them all for /(^|[\s>+~])strong(\[[^\]]*\]|:{1,2}[\w-()]+|\.[\w-]+|#[\w-]+)*\s*/
Searching through them all for /(^|[\s>+~])strong(\[[^\]]*\]|:{1,2}[\w-()]+|\.[\w-]+|#[\w-]+)*\s*/
Done
Done
_tables.scss has 136 symbols
_date.scss has 49 symbols
Searching through them all for /(^|[\s>+~])strong(\[[^\]]*\]|:{1,2}[\w-()]+|\.[\w-]+|#[\w-]+)*\s*/
Searching through them all for /(^|[\s>+~])strong(\[[^\]]*\]|:{1,2}[\w-()]+|\.[\w-]+|#[\w-]+)*\s*/
Done
Done
_fancytree.scss has 100 symbols
dialog.css has 159 symbols
Searching through them all for /(^|[\s>+~])strong(\[[^\]]*\]|:{1,2}[\w-()]+|\.[\w-]+|#[\w-]+)*\s*/
Searching through them all for /(^|[\s>+~])strong(\[[^\]]*\]|:{1,2}[\w-()]+|\.[\w-]+|#[\w-]+)*\s*/
Done
Done
_fullcalendar.scss has 285 symbols
dialog_ie8.css has 161 symbols
Searching through them all for /(^|[\s>+~])strong(\[[^\]]*\]|:{1,2}[\w-()]+|\.[\w-]+|#[\w-]+)*\s*/
Searching through them all for /(^|[\s>+~])strong(\[[^\]]*\]|:{1,2}[\w-()]+|\.[\w-]+|#[\w-]+)*\s*/
Done
Done
dialog.css has 159 symbols
dialog_iequirks.css has 158 symbols
Searching through them all for /(^|[\s>+~])strong(\[[^\]]*\]|:{1,2}[\w-()]+|\.[\w-]+|#[\w-]+)*\s*/
Searching through them all for /(^|[\s>+~])strong(\[[^\]]*\]|:{1,2}[\w-()]+|\.[\w-]+|#[\w-]+)*\s*/
Done
Done
dialog_ie8.css has 161 symbols
dialog_ie.css has 173 symbols
Searching through them all for /(^|[\s>+~])strong(\[[^\]]*\]|:{1,2}[\w-()]+|\.[\w-]+|#[\w-]+)*\s*/
Searching through them all for /(^|[\s>+~])strong(\[[^\]]*\]|:{1,2}[\w-()]+|\.[\w-]+|#[\w-]+)*\s*/
Done
Done
dialog_ie7.css has 172 symbols
dialog_ie7.css has 172 symbols
Searching through them all for /(^|[\s>+~])strong(\[[^\]]*\]|:{1,2}[\w-()]+|\.[\w-]+|#[\w-]+)*\s*/
Searching through them all for /(^|[\s>+~])strong(\[[^\]]*\]|:{1,2}[\w-()]+|\.[\w-]+|#[\w-]+)*\s*/
Done
Done
dialog_ie.css has 173 symbols
dialog.scss has 155 symbols
Searching through them all for /(^|[\s>+~])strong(\[[^\]]*\]|:{1,2}[\w-()]+|\.[\w-]+|#[\w-]+)*\s*/
Searching through them all for /(^|[\s>+~])strong(\[[^\]]*\]|:{1,2}[\w-()]+|\.[\w-]+|#[\w-]+)*\s*/
Done
Done
dialog_iequirks.css has 158 symbols
dialog_opera.css has 160 symbols
Searching through them all for /(^|[\s>+~])strong(\[[^\]]*\]|:{1,2}[\w-()]+|\.[\w-]+|#[\w-]+)*\s*/
Searching through them all for /(^|[\s>+~])strong(\[[^\]]*\]|:{1,2}[\w-()]+|\.[\w-]+|#[\w-]+)*\s*/
Done
Done
dialog.scss has 155 symbols
_colorpanel.scss has 20 symbols
Searching through them all for /(^|[\s>+~])strong(\[[^\]]*\]|:{1,2}[\w-()]+|\.[\w-]+|#[\w-]+)*\s*/
Searching through them all for /(^|[\s>+~])strong(\[[^\]]*\]|:{1,2}[\w-()]+|\.[\w-]+|#[\w-]+)*\s*/
Done
Done
dialog_opera.scss has 3 symbols
dialog_opera.scss has 3 symbols
Searching through them all for /(^|[\s>+~])strong(\[[^\]]*\]|:{1,2}[\w-()]+|\.[\w-]+|#[\w-]+)*\s*/
Searching through them all for /(^|[\s>+~])strong(\[[^\]]*\]|:{1,2}[\w-()]+|\.[\w-]+|#[\w-]+)*\s*/
Done
Done
dialog_opera.css has 160 symbols
dialog_ie7.css has 172 symbols
Searching through them all for /(^|[\s>+~])strong(\[[^\]]*\]|:{1,2}[\w-()]+|\.[\w-]+|#[\w-]+)*\s*/
Searching through them all for /(^|[\s>+~])strong(\[[^\]]*\]|:{1,2}[\w-()]+|\.[\w-]+|#[\w-]+)*\s*/
Done
Done
dialog_opera.css has 160 symbols
dialog_opera.css has 160 symbols
Searching through them all for /(^|[\s>+~])strong(\[[^\]]*\]|:{1,2}[\w-()]+|\.[\w-]+|#[\w-]+)*\s*/
Searching through them all for /(^|[\s>+~])strong(\[[^\]]*\]|:{1,2}[\w-()]+|\.[\w-]+|#[\w-]+)*\s*/
Done
Done
dialog_iequirks.css has 158 symbols
dialog_opera.scss has 3 symbols
Searching through them all for /(^|[\s>+~])strong(\[[^\]]*\]|:{1,2}[\w-()]+|\.[\w-]+|#[\w-]+)*\s*/
Searching through them all for /(^|[\s>+~])strong(\[[^\]]*\]|:{1,2}[\w-()]+|\.[\w-]+|#[\w-]+)*\s*/
Done
Done
dialog_ie.css has 173 symbols
dialog_iequirks.css has 158 symbols
Searching through them all for /(^|[\s>+~])strong(\[[^\]]*\]|:{1,2}[\w-()]+|\.[\w-]+|#[\w-]+)*\s*/
Searching through them all for /(^|[\s>+~])strong(\[[^\]]*\]|:{1,2}[\w-()]+|\.[\w-]+|#[\w-]+)*\s*/
Done
Done
dialog_ie7.css has 172 symbols
dialog_ie.css has 173 symbols
Searching through them all for /(^|[\s>+~])strong(\[[^\]]*\]|:{1,2}[\w-()]+|\.[\w-]+|#[\w-]+)*\s*/
Searching through them all for /(^|[\s>+~])strong(\[[^\]]*\]|:{1,2}[\w-()]+|\.[\w-]+|#[\w-]+)*\s*/
Done
Done
dialog_ie8.css has 161 symbols
dialog_ie8.css has 161 symbols
Searching through them all for /(^|[\s>+~])strong(\[[^\]]*\]|:{1,2}[\w-()]+|\.[\w-]+|#[\w-]+)*\s*/
Searching through them all for /(^|[\s>+~])strong(\[[^\]]*\]|:{1,2}[\w-()]+|\.[\w-]+|#[\w-]+)*\s*/
Done
Done
_colorpanel.scss has 20 symbols
wsc.css has 18 symbols
Searching through them all for /(^|[\s>+~])strong(\[[^\]]*\]|:{1,2}[\w-()]+|\.[\w-]+|#[\w-]+)*\s*/
Searching through them all for /(^|[\s>+~])strong(\[[^\]]*\]|:{1,2}[\w-()]+|\.[\w-]+|#[\w-]+)*\s*/
Done
Done
dialog.css has 159 symbols
dialog.css has 159 symbols
Searching through them all for /(^|[\s>+~])strong(\[[^\]]*\]|:{1,2}[\w-()]+|\.[\w-]+|#[\w-]+)*\s*/
Searching through them all for /(^|[\s>+~])strong(\[[^\]]*\]|:{1,2}[\w-()]+|\.[\w-]+|#[\w-]+)*\s*/
Done
Done
dialog.scss has 155 symbols
dialog.scss has 155 symbols
Searching through them all for /(^|[\s>+~])strong(\[[^\]]*\]|:{1,2}[\w-()]+|\.[\w-]+|#[\w-]+)*\s*/
Searching through them all for /(^|[\s>+~])strong(\[[^\]]*\]|:{1,2}[\w-()]+|\.[\w-]+|#[\w-]+)*\s*/
Done
Done
dialog_opera.scss has 3 symbols
_colorpanel.scss has 20 symbols
Searching through them all for /(^|[\s>+~])strong(\[[^\]]*\]|:{1,2}[\w-()]+|\.[\w-]+|#[\w-]+)*\s*/
Searching through them all for /(^|[\s>+~])strong(\[[^\]]*\]|:{1,2}[\w-()]+|\.[\w-]+|#[\w-]+)*\s*/
Done
Done
_colorpanel.scss has 20 symbols
exception.css has 214 symbols
Searching through them all for /(^|[\s>+~])strong(\[[^\]]*\]|:{1,2}[\w-()]+|\.[\w-]+|#[\w-]+)*\s*/
Searching through them all for /(^|[\s>+~])strong(\[[^\]]*\]|:{1,2}[\w-()]+|\.[\w-]+|#[\w-]+)*\s*/
Done
Done
wsc.css has 18 symbols
default.css has 45 symbols
Searching through them all for /(^|[\s>+~])strong(\[[^\]]*\]|:{1,2}[\w-()]+|\.[\w-]+|#[\w-]+)*\s*/
Searching through them all for /(^|[\s>+~])strong(\[[^\]]*\]|:{1,2}[\w-()]+|\.[\w-]+|#[\w-]+)*\s*/
Done
Done
default.css has 45 symbols
html.css has 163 symbols
Searching through them all for /(^|[\s>+~])strong(\[[^\]]*\]|:{1,2}[\w-()]+|\.[\w-]+|#[\w-]+)*\s*/
Searching through them all for /(^|[\s>+~])strong(\[[^\]]*\]|:{1,2}[\w-()]+|\.[\w-]+|#[\w-]+)*\s*/
Done
Done
whoops.base.css has 120 symbols
whoops.base.css has 120 symbols
Searching through them all for /(^|[\s>+~])strong(\[[^\]]*\]|:{1,2}[\w-()]+|\.[\w-]+|#[\w-]+)*\s*/
Searching through them all for /(^|[\s>+~])strong(\[[^\]]*\]|:{1,2}[\w-()]+|\.[\w-]+|#[\w-]+)*\s*/
Done
Done
style.css has 50 symbols
bootstrap.min.css has 3147 symbols
Searching through them all for /(^|[\s>+~])strong(\[[^\]]*\]|:{1,2}[\w-()]+|\.[\w-]+|#[\w-]+)*\s*/
Searching through them all for /(^|[\s>+~])strong(\[[^\]]*\]|:{1,2}[\w-()]+|\.[\w-]+|#[\w-]+)*\s*/
Done
Done
bootstrap.min.css has 3147 symbols
nv.d3.min.css has 135 symbols
Searching through them all for /(^|[\s>+~])strong(\[[^\]]*\]|:{1,2}[\w-()]+|\.[\w-]+|#[\w-]+)*\s*/
Searching through them all for /(^|[\s>+~])strong(\[[^\]]*\]|:{1,2}[\w-()]+|\.[\w-]+|#[\w-]+)*\s*/
Done
Done
nv.d3.min.css has 135 symbols
style.css has 50 symbols
Searching through them all for /(^|[\s>+~])strong(\[[^\]]*\]|:{1,2}[\w-()]+|\.[\w-]+|#[\w-]+)*\s*/
Searching through them all for /(^|[\s>+~])strong(\[[^\]]*\]|:{1,2}[\w-()]+|\.[\w-]+|#[\w-]+)*\s*/
Done
Done
totalpoint 5641
totalpoint 5641
  script 54 60
  script 54 60
  script 113 119
  script 113 119
  script 122 128
  script 122 128
  script 181 187
  script 181 187
  table 191 196
  table 191 196
  tbody 250 255
  tbody 250 255
  tr 266 268
  tr 266 268
  td 283 285
  td 283 285
  strong 287 293
  strong 287 293
  strong 300 306
  strong 300 306
  td 343 345
  td 343 345
  td 398 400
  td 398 400
  strong 402 408
  strong 402 408
  strong 430 436
  strong 430 436
  td 457 459
  td 457 459
  td 474 476
  td 474 476
  strong 478 484
  strong 478 484
  strong 494 500
  strong 494 500
  td 537 539
  td 537 539
  tr 551 553
  tr 551 553
  tr 564 566
  tr 564 566
  td 581 583
  td 581 583
  strong 585 591
  strong 585 591
  strong 616 622
  strong 616 622
  td 680 682
  td 680 682
  td 697 699
  td 697 699
  strong 701 707
  strong 701 707
  strong 727 733
  strong 727 733
  td 752 754
  td 752 754
  td 769 771
  td 769 771
  strong 773 779
  strong 773 779
  strong 786 792
  strong 786 792
  td 929 931
  td 929 931
  tr 943 945
  tr 943 945
  tbody 954 959
  tbody 954 959
  table 963 968
  table 963 968
  table 973 978
  table 973 978
  thead 1119 1124
  thead 1119 1124
  tr 1135 1137
  tr 1135 1137
  th 1152 1154
  th 1152 1154
  th 1171 1173
  th 1171 1173
  th 1188 1190
  th 1188 1190
  th 1213 1215
  th 1213 1215
  th 1230 1232
  th 1230 1232
  br 1249 1251
  br 1249 1251
  th 1258 1260
  th 1258 1260
  th 1275 1277
  th 1275 1277
  br 1294 1296
  br 1294 1296
  th 1303 1305
  th 1303 1305
  th 1320 1322
  th 1320 1322
  br 1343 1345
  br 1343 1345
  th 1352 1354
  th 1352 1354
  th 1369 1371
  th 1369 1371
  br 1398 1400
  br 1398 1400
  th 1403 1405
  th 1403 1405
  th 1490 1492
  th 1490 1492
  br 1512 1514
  br 1512 1514
  sup 1524 1527
  sup 1524 1527
  sup 1531 1534
  sup 1531 1534
  th 1547 1549
  th 1547 1549
  th 1564 1566
  th 1564 1566
  sup 1581 1584
  sup 1581 1584
  sup 1589 1592
  sup 1589 1592
  br 1595 1597
  br 1595 1597
  th 1610 1612
  th 1610 1612
  th 1627 1629
  th 1627 1629
  sup 1644 1647
  sup 1644 1647
  sup 1651 1654
  sup 1651 1654
  br 1657 1659
  br 1657 1659
  th 1672 1674
  th 1672 1674
  th 1689 1691
  th 1689 1691
  br 1716 1718
  br 1716 1718
  sup 1722 1725
  sup 1722 1725
  sup 1730 1733
  sup 1730 1733
  sup 1739 1742
  sup 1739 1742
  sup 1746 1749
  sup 1746 1749
  sup 1755 1758
  sup 1755 1758
  sup 1762 1765
  sup 1762 1765
  th 1768 1770
  th 1768 1770
  th 1785 1787
  th 1785 1787
  th 1809 1811
  th 1809 1811
  th 1851 1853
  th 1851 1853
  th 1879 1881
  th 1879 1881
  th 1896 1898
  th 1896 1898
  th 1928 1930
  th 1928 1930
  th 1945 1947
  th 1945 1947
  th 1971 1973
  th 1971 1973
  tr 1985 1987
  tr 1985 1987
  thead 1995 2000
  thead 1995 2000
  tbody 2008 2013
  tbody 2008 2013
  tr 2065 2067
  tr 2065 2067
  td 2086 2088
  td 2086 2088
  td 2113 2115
  td 2113 2115
  td 2134 2136
  td 2134 2136
  td 2155 2157
  td 2155 2157
  td 2279 2281
  td 2279 2281
  td 2304 2306
  td 2304 2306
  td 2329 2331
  td 2329 2331
  td 2354 2356
  td 2354 2356
  td 2379 2381
  td 2379 2381
  td 2405 2407
  td 2405 2407
  td 2430 2432
  td 2430 2432
  td 2913 2915
  td 2913 2915
  td 3033 3035
  td 3033 3035
  td 3060 3062
  td 3060 3062
  td 3090 3092
  td 3090 3092
  td 3171 3173
  td 3171 3173
  td 3201 3203
  td 3201 3203
  td 3282 3284
  td 3282 3284
  td 3312 3314
  td 3312 3314
  td 3338 3340
  td 3338 3340
  td 3368 3370
  td 3368 3370
  td 3398 3400
  td 3398 3400
  td 3524 3526
  td 3524 3526
  td 3558 3560
  td 3558 3560
  td 3583 3585
  td 3583 3585
  td 4193 4195
  td 4193 4195
  td 4218 4220
  td 4218 4220
  td 4266 4268
  td 4266 4268
  tr 4312 4314
  tr 4312 4314
  tr 4856 4858
  tr 4856 4858
  td 4873 4875
  td 4873 4875
  strong 4908 4914
  strong 4908 4914
  strong 4943 4949
  strong 4943 4949
  td 4952 4954
  td 4952 4954
  td 4969 4971
  td 4969 4971
  strong 5003 5009
  strong 5003 5009
  strong 5028 5034
  strong 5028 5034
  td 5037 5039
  td 5037 5039
  td 5085 5087
  td 5085 5087
  strong 5101 5107
  strong 5101 5107
  td 5160 5162
  td 5160 5162
  td 5206 5208
  td 5206 5208
  strong 5222 5228
  strong 5222 5228
  td 5282 5284
  td 5282 5284
  tr 5326 5328
  tr 5326 5328
  tbody 5336 5341
  tbody 5336 5341
  table 5345 5350
  table 5345 5350
  script 5403 5409
  script 5403 5409
  script 6203 6209
  script 6203 6209
Invalid Selector
Invalid Selector
total_coef 5776
total_coef 5776
  script 54 60
  script 54 60
  script 113 119
  script 113 119
  script 122 128
  script 122 128
  script 181 187
  script 181 187
  table 191 196
  table 191 196
  tbody 250 255
  tbody 250 255
  tr 266 268
  tr 266 268
  td 283 285
  td 283 285
  strong 287 293
  strong 287 293
  strong 300 306
  strong 300 306
  td 343 345
  td 343 345
  td 398 400
  td 398 400
  strong 402 408
  strong 402 408
  strong 430 436
  strong 430 436
  td 457 459
  td 457 459
  td 474 476
  td 474 476
  strong 478 484
  strong 478 484
  strong 494 500
  strong 494 500
  td 537 539
  td 537 539
  tr 551 553
  tr 551 553
  tr 564 566
  tr 564 566
  td 581 583
  td 581 583
  strong 585 591
  strong 585 591
  strong 616 622
  strong 616 622
  td 680 682
  td 680 682
  td 697 699
  td 697 699
  strong 701 707
  strong 701 707
  strong 727 733
  strong 727 733
  td 752 754
  td 752 754
  td 769 771
  td 769 771
  strong 773 779
  strong 773 779
  strong 786 792
  strong 786 792
  td 929 931
  td 929 931
  tr 943 945
  tr 943 945
  tbody 954 959
  tbody 954 959
  table 963 968
  table 963 968
  table 973 978
  table 973 978
  thead 1119 1124
  thead 1119 1124
  tr 1135 1137
  tr 1135 1137
  th 1152 1154
  th 1152 1154
  th 1171 1173
  th 1171 1173
  th 1188 1190
  th 1188 1190
  th 1213 1215
  th 1213 1215
  th 1230 1232
  th 1230 1232
  br 1249 1251
  br 1249 1251
  th 1258 1260
  th 1258 1260
  th 1275 1277
  th 1275 1277
  br 1294 1296
  br 1294 1296
  th 1303 1305
  th 1303 1305
  th 1320 1322
  th 1320 1322
  br 1343 1345
  br 1343 1345
  th 1352 1354
  th 1352 1354
  th 1369 1371
  th 1369 1371
  br 1398 1400
  br 1398 1400
  th 1403 1405
  th 1403 1405
  th 1490 1492
  th 1490 1492
  br 1512 1514
  br 1512 1514
  sup 1524 1527
  sup 1524 1527
  sup 1531 1534
  sup 1531 1534
  th 1547 1549
  th 1547 1549
  th 1564 1566
  th 1564 1566
  sup 1581 1584
  sup 1581 1584
  sup 1589 1592
  sup 1589 1592
  br 1595 1597
  br 1595 1597
  th 1610 1612
  th 1610 1612
  th 1627 1629
  th 1627 1629
  sup 1644 1647
  sup 1644 1647
  sup 1651 1654
  sup 1651 1654
  br 1657 1659
  br 1657 1659
  th 1672 1674
  th 1672 1674
  th 1689 1691
  th 1689 1691
  br 1716 1718
  br 1716 1718
  sup 1722 1725
  sup 1722 1725
  sup 1730 1733
  sup 1730 1733
  sup 1739 1742
  sup 1739 1742
  sup 1746 1749
  sup 1746 1749
  sup 1755 1758
  sup 1755 1758
  sup 1762 1765
  sup 1762 1765
  th 1768 1770
  th 1768 1770
  th 1785 1787
  th 1785 1787
  th 1809 1811
  th 1809 1811
  th 1851 1853
  th 1851 1853
  th 1879 1881
  th 1879 1881
  th 1896 1898
  th 1896 1898
  th 1928 1930
  th 1928 1930
  th 1945 1947
  th 1945 1947
  th 1971 1973
  th 1971 1973
  tr 1985 1987
  tr 1985 1987
  thead 1995 2000
  thead 1995 2000
  tbody 2008 2013
  tbody 2008 2013
  tr 2065 2067
  tr 2065 2067
  td 2086 2088
  td 2086 2088
  td 2113 2115
  td 2113 2115
  td 2134 2136
  td 2134 2136
  td 2155 2157
  td 2155 2157
  td 2279 2281
  td 2279 2281
  td 2304 2306
  td 2304 2306
  td 2329 2331
  td 2329 2331
  td 2354 2356
  td 2354 2356
  td 2379 2381
  td 2379 2381
  td 2405 2407
  td 2405 2407
  td 2430 2432
  td 2430 2432
  td 2913 2915
  td 2913 2915
  td 3033 3035
  td 3033 3035
  td 3060 3062
  td 3060 3062
  td 3090 3092
  td 3090 3092
  td 3171 3173
  td 3171 3173
  td 3201 3203
  td 3201 3203
  td 3282 3284
  td 3282 3284
  td 3312 3314
  td 3312 3314
  td 3338 3340
  td 3338 3340
  td 3368 3370
  td 3368 3370
  td 3398 3400
  td 3398 3400
  td 3524 3526
  td 3524 3526
  td 3558 3560
  td 3558 3560
  td 3583 3585
  td 3583 3585
  td 4193 4195
  td 4193 4195
  td 4218 4220
  td 4218 4220
  td 4266 4268
  td 4266 4268
  tr 4312 4314
  tr 4312 4314
  tr 4856 4858
  tr 4856 4858
  td 4873 4875
  td 4873 4875
  strong 4908 4914
  strong 4908 4914
  strong 4943 4949
  strong 4943 4949
  td 4952 4954
  td 4952 4954
  td 4969 4971
  td 4969 4971
  strong 5003 5009
  strong 5003 5009
  strong 5028 5034
  strong 5028 5034
  td 5037 5039
  td 5037 5039
  td 5085 5087
  td 5085 5087
  strong 5101 5107
  strong 5101 5107
  td 5160 5162
  td 5160 5162
  td 5206 5208
  td 5206 5208
  strong 5222 5228
  strong 5222 5228
  td 5282 5284
  td 5282 5284
  tr 5326 5328
  tr 5326 5328
  tbody 5336 5341
  tbody 5336 5341
  table 5345 5350
  table 5345 5350
  script 5403 5409
  script 5403 5409
  script 6203 6209
  script 6203 6209
Invalid Selector
Invalid Selector
,$section)->count(); 4639
  script 54 60
,$section)->count(); 4639
  script 113 119
  script 54 60
  script 122 128
  script 113 119
  script 181 187
  script 122 128
  table 191 196
  script 181 187
  tbody 250 255
  table 191 196
  tr 266 268
  tbody 250 255
  td 283 285
  tr 266 268
  strong 287 293
  td 283 285
  strong 300 306
  strong 287 293
  td 343 345
  strong 300 306
  td 398 400
  td 343 345
  strong 402 408
  td 398 400
  strong 430 436
  strong 402 408
  td 457 459
  strong 430 436
  td 474 476
  td 457 459
  strong 478 484
  td 474 476
  strong 494 500
  strong 478 484
  td 537 539
  strong 494 500
  tr 551 553
  td 537 539
  tr 564 566
  tr 551 553
  td 581 583
  tr 564 566
  strong 585 591
  td 581 583
  strong 616 622
  strong 585 591
  td 680 682
  strong 616 622
  td 697 699
  td 680 682
  strong 701 707
  td 697 699
  strong 727 733
  strong 701 707
  td 752 754
  strong 727 733
  td 769 771
  td 752 754
  strong 773 779
  td 769 771
  strong 786 792
  strong 773 779
  td 929 931
  strong 786 792
  tr 943 945
  td 929 931
  tbody 954 959
  tr 943 945
  table 963 968
  tbody 954 959
  table 973 978
  table 963 968
  thead 1119 1124
  table 973 978
  tr 1135 1137
  thead 1119 1124
  th 1152 1154
  tr 1135 1137
  th 1171 1173
  th 1152 1154
  th 1188 1190
  th 1171 1173
  th 1213 1215
  th 1188 1190
  th 1230 1232
  th 1213 1215
  br 1249 1251
  th 1230 1232
  th 1258 1260
  br 1249 1251
  th 1275 1277
  th 1258 1260
  br 1294 1296
  th 1275 1277
  th 1303 1305
  br 1294 1296
  th 1320 1322
  th 1303 1305
  br 1343 1345
  th 1320 1322
  th 1352 1354
  br 1343 1345
  th 1369 1371
  th 1352 1354
  br 1398 1400
  th 1369 1371
  th 1403 1405
  br 1398 1400
  th 1490 1492
  th 1403 1405
  br 1512 1514
  th 1490 1492
  sup 1524 1527
  br 1512 1514
  sup 1531 1534
  sup 1524 1527
  th 1547 1549
  sup 1531 1534
  th 1564 1566
  th 1547 1549
  sup 1581 1584
  th 1564 1566
  sup 1589 1592
  sup 1581 1584
  br 1595 1597
  sup 1589 1592
  th 1610 1612
  br 1595 1597
  th 1627 1629
  th 1610 1612
  sup 1644 1647
  th 1627 1629
  sup 1651 1654
  sup 1644 1647
  br 1657 1659
  sup 1651 1654
  th 1672 1674
  br 1657 1659
  th 1689 1691
  th 1672 1674
  br 1716 1718
  th 1689 1691
  sup 1722 1725
  br 1716 1718
  sup 1730 1733
  sup 1722 1725
  sup 1739 1742
  sup 1730 1733
  sup 1746 1749
  sup 1739 1742
  sup 1755 1758
  sup 1746 1749
  sup 1762 1765
  sup 1755 1758
  th 1768 1770
  sup 1762 1765
  th 1785 1787
  th 1768 1770
  th 1809 1811
  th 1785 1787
  th 1851 1853
  th 1809 1811
  th 1879 1881
  th 1851 1853
  th 1896 1898
  th 1879 1881
  th 1928 1930
  th 1896 1898
  th 1945 1947
  th 1928 1930
  th 1971 1973
  th 1945 1947
  tr 1985 1987
  th 1971 1973
  thead 1995 2000
  tr 1985 1987
  tbody 2008 2013
  thead 1995 2000
  tr 2065 2067
  tbody 2008 2013
  td 2086 2088
  tr 2065 2067
  td 2113 2115
  td 2086 2088
  td 2134 2136
  td 2113 2115
  td 2155 2157
  td 2134 2136
  td 2279 2281
  td 2155 2157
  td 2304 2306
  td 2279 2281
  td 2329 2331
  td 2304 2306
  td 2354 2356
  td 2329 2331
  td 2379 2381
  td 2354 2356
  td 2405 2407
  td 2379 2381
  td 2430 2432
  td 2405 2407
  td 2913 2915
  td 2430 2432
  td 3033 3035
  td 2913 2915
  td 3060 3062
  td 3033 3035
  td 3090 3092
  td 3060 3062
  td 3171 3173
  td 3090 3092
  td 3201 3203
  td 3171 3173
  td 3282 3284
  td 3201 3203
  td 3312 3314
  td 3282 3284
  td 3338 3340
  td 3312 3314
  td 3368 3370
  td 3338 3340
  td 3398 3400
  td 3368 3370
  td 3524 3526
  td 3398 3400
  td 3558 3560
  td 3524 3526
  td 3583 3585
  td 3558 3560
  td 4193 4195
  td 3583 3585
  td 4218 4220
  td 4193 4195
  td 4266 4268
  td 4218 4220
  tr 4312 4314
  td 4266 4268
  tr 4856 4858
  tr 4312 4314
  td 4873 4875
  tr 4856 4858
  strong 4908 4914
  td 4873 4875
  strong 4943 4949
  strong 4908 4914
  td 4952 4954
  strong 4943 4949
  td 4969 4971
  td 4952 4954
  strong 5003 5009
  td 4969 4971
  strong 5028 5034
  strong 5003 5009
  td 5037 5039
  strong 5028 5034
  td 5085 5087
  td 5037 5039
  strong 5101 5107
  td 5085 5087
  td 5160 5162
  strong 5101 5107
  td 5206 5208
  td 5160 5162
  strong 5222 5228
  td 5206 5208
  td 5282 5284
  strong 5222 5228
  tr 5326 5328
  td 5282 5284
  tbody 5336 5341
  tr 5326 5328
  table 5345 5350
  tbody 5336 5341
  script 5403 5409
  table 5345 5350
  script 6203 6209
  script 5403 5409
Invalid Selector
  script 6203 6209
Invalid Selector
$sr->user->id)->where( 4749
  script 54 60
$sr->user->id)->where( 4749
  script 113 119
  script 54 60
  script 122 128
  script 113 119
  script 181 187
  script 122 128
  table 191 196
  script 181 187
  tbody 250 255
  table 191 196
  tr 266 268
  tbody 250 255
  td 283 285
  tr 266 268
  strong 287 293
  td 283 285
  strong 300 306
  strong 287 293
  td 343 345
  strong 300 306
  td 398 400
  td 343 345
  strong 402 408
  td 398 400
  strong 430 436
  strong 402 408
  td 457 459
  strong 430 436
  td 474 476
  td 457 459
  strong 478 484
  td 474 476
  strong 494 500
  strong 478 484
  td 537 539
  strong 494 500
  tr 551 553
  td 537 539
  tr 564 566
  tr 551 553
  td 581 583
  tr 564 566
  strong 585 591
  td 581 583
  strong 616 622
  strong 585 591
  td 680 682
  strong 616 622
  td 697 699
  td 680 682
  strong 701 707
  td 697 699
  strong 727 733
  strong 701 707
  td 752 754
  strong 727 733
  td 769 771
  td 752 754
  strong 773 779
  td 769 771
  strong 786 792
  strong 773 779
  td 929 931
  strong 786 792
  tr 943 945
  td 929 931
  tbody 954 959
  tr 943 945
  table 963 968
  tbody 954 959
  table 973 978
  table 963 968
  thead 1119 1124
  table 973 978
  tr 1135 1137
  thead 1119 1124
  th 1152 1154
  tr 1135 1137
  th 1171 1173
  th 1152 1154
  th 1188 1190
  th 1171 1173
  th 1213 1215
  th 1188 1190
  th 1230 1232
  th 1213 1215
  br 1249 1251
  th 1230 1232
  th 1258 1260
  br 1249 1251
  th 1275 1277
  th 1258 1260
  br 1294 1296
  th 1275 1277
  th 1303 1305
  br 1294 1296
  th 1320 1322
  th 1303 1305
  br 1343 1345
  th 1320 1322
  th 1352 1354
  br 1343 1345
  th 1369 1371
  th 1352 1354
  br 1398 1400
  th 1369 1371
  th 1403 1405
  br 1398 1400
  th 1490 1492
  th 1403 1405
  br 1512 1514
  th 1490 1492
  sup 1524 1527
  br 1512 1514
  sup 1531 1534
  sup 1524 1527
  th 1547 1549
  sup 1531 1534
  th 1564 1566
  th 1547 1549
  sup 1581 1584
  th 1564 1566
  sup 1589 1592
  sup 1581 1584
  br 1595 1597
  sup 1589 1592
  th 1610 1612
  br 1595 1597
  th 1627 1629
  th 1610 1612
  sup 1644 1647
  th 1627 1629
  sup 1651 1654
  sup 1644 1647
  br 1657 1659
  sup 1651 1654
  th 1672 1674
  br 1657 1659
  th 1689 1691
  th 1672 1674
  br 1716 1718
  th 1689 1691
  sup 1722 1725
  br 1716 1718
  sup 1730 1733
  sup 1722 1725
  sup 1739 1742
  sup 1730 1733
  sup 1746 1749
  sup 1739 1742
  sup 1755 1758
  sup 1746 1749
  sup 1762 1765
  sup 1755 1758
  th 1768 1770
  sup 1762 1765
  th 1785 1787
  th 1768 1770
  th 1809 1811
  th 1785 1787
  th 1851 1853
  th 1809 1811
  th 1879 1881
  th 1851 1853
  th 1896 1898
  th 1879 1881
  th 1928 1930
  th 1896 1898
  th 1945 1947
  th 1928 1930
  th 1971 1973
  th 1945 1947
  tr 1985 1987
  th 1971 1973
  thead 1995 2000
  tr 1985 1987
  tbody 2008 2013
  thead 1995 2000
  tr 2065 2067
  tbody 2008 2013
  td 2086 2088
  tr 2065 2067
  td 2113 2115
  td 2086 2088
  td 2134 2136
  td 2113 2115
  td 2155 2157
  td 2134 2136
  td 2279 2281
  td 2155 2157
  td 2304 2306
  td 2279 2281
  td 2329 2331
  td 2304 2306
  td 2354 2356
  td 2329 2331
  td 2379 2381
  td 2354 2356
  td 2405 2407
  td 2379 2381
  td 2430 2432
  td 2405 2407
  td 2913 2915
  td 2430 2432
  td 3033 3035
  td 2913 2915
  td 3060 3062
  td 3033 3035
  td 3090 3092
  td 3060 3062
  td 3171 3173
  td 3090 3092
  td 3201 3203
  td 3171 3173
  td 3282 3284
  td 3201 3203
  td 3312 3314
  td 3282 3284
  td 3338 3340
  td 3312 3314
  td 3368 3370
  td 3338 3340
  td 3398 3400
  td 3368 3370
  td 3524 3526
  td 3398 3400
  td 3558 3560
  td 3524 3526
  td 3583 3585
  td 3558 3560
  td 4193 4195
  td 3583 3585
  td 4218 4220
  td 4193 4195
  td 4266 4268
  td 4218 4220
  tr 4312 4314
  td 4266 4268
  tr 4856 4858
  tr 4312 4314
  td 4873 4875
  tr 4856 4858
  strong 4908 4914
  td 4873 4875
  strong 4943 4949
  strong 4908 4914
  td 4952 4954
  strong 4943 4949
  td 4969 4971
  td 4952 4954
  strong 5003 5009
  td 4969 4971
  strong 5028 5034
  strong 5003 5009
  td 5037 5039
  strong 5028 5034
  td 5085 5087
  td 5037 5039
  strong 5101 5107
  td 5085 5087
  td 5160 5162
  strong 5101 5107
  td 5206 5208
  td 5160 5162
  strong 5222 5228
  td 5206 5208
  td 5282 5284
  strong 5222 5228
  tr 5326 5328
  td 5282 5284
  tbody 5336 5341
  tr 5326 5328
  table 5345 5350
  tbody 5336 5341
  script 5403 5409
  table 5345 5350
  script 6203 6209
  script 5403 5409
Invalid Selector
  script 6203 6209
Invalid Selector
,$section)->count(); 4639
  script 54 60
,$section)->count(); 4639
  script 113 119
  script 54 60
  script 122 128
  script 113 119
  script 181 187
  script 122 128
  table 191 196
  script 181 187
  tbody 250 255
  table 191 196
  tr 266 268
  tbody 250 255
  td 283 285
  tr 266 268
  strong 287 293
  td 283 285
  strong 300 306
  strong 287 293
  td 343 345
  strong 300 306
  td 398 400
  td 343 345
  strong 402 408
  td 398 400
  strong 430 436
  strong 402 408
  td 457 459
  strong 430 436
  td 474 476
  td 457 459
  strong 478 484
  td 474 476
  strong 494 500
  strong 478 484
  td 537 539
  strong 494 500
  tr 551 553
  td 537 539
  tr 564 566
  tr 551 553
  td 581 583
  tr 564 566
  strong 585 591
  td 581 583
  strong 616 622
  strong 585 591
  td 680 682
  strong 616 622
  td 697 699
  td 680 682
  strong 701 707
  td 697 699
  strong 727 733
  strong 701 707
  td 752 754
  strong 727 733
  td 769 771
  td 752 754
  strong 773 779
  td 769 771
  strong 786 792
  strong 773 779
  td 929 931
  strong 786 792
  tr 943 945
  td 929 931
  tbody 954 959
  tr 943 945
  table 963 968
  tbody 954 959
  table 973 978
  table 963 968
  thead 1119 1124
  table 973 978
  tr 1135 1137
  thead 1119 1124
  th 1152 1154
  tr 1135 1137
  th 1171 1173
  th 1152 1154
  th 1188 1190
  th 1171 1173
  th 1213 1215
  th 1188 1190
  th 1230 1232
  th 1213 1215
  br 1249 1251
  th 1230 1232
  th 1258 1260
  br 1249 1251
  th 1275 1277
  th 1258 1260
  br 1294 1296
  th 1275 1277
  th 1303 1305
  br 1294 1296
  th 1320 1322
  th 1303 1305
  br 1343 1345
  th 1320 1322
  th 1352 1354
  br 1343 1345
  th 1369 1371
  th 1352 1354
  br 1398 1400
  th 1369 1371
  th 1403 1405
  br 1398 1400
  th 1490 1492
  th 1403 1405
  br 1512 1514
  th 1490 1492
  sup 1524 1527
  br 1512 1514
  sup 1531 1534
  sup 1524 1527
  th 1547 1549
  sup 1531 1534
  th 1564 1566
  th 1547 1549
  sup 1581 1584
  th 1564 1566
  sup 1589 1592
  sup 1581 1584
  br 1595 1597
  sup 1589 1592
  th 1610 1612
  br 1595 1597
  th 1627 1629
  th 1610 1612
  sup 1644 1647
  th 1627 1629
  sup 1651 1654
  sup 1644 1647
  br 1657 1659
  sup 1651 1654
  th 1672 1674
  br 1657 1659
  th 1689 1691
  th 1672 1674
  br 1716 1718
  th 1689 1691
  sup 1722 1725
  br 1716 1718
  sup 1730 1733
  sup 1722 1725
  sup 1739 1742
  sup 1730 1733
  sup 1746 1749
  sup 1739 1742
  sup 1755 1758
  sup 1746 1749
  sup 1762 1765
  sup 1755 1758
  th 1768 1770
  sup 1762 1765
  th 1785 1787
  th 1768 1770
  th 1809 1811
  th 1785 1787
  th 1851 1853
  th 1809 1811
  th 1879 1881
  th 1851 1853
  th 1896 1898
  th 1879 1881
  th 1928 1930
  th 1896 1898
  th 1945 1947
  th 1928 1930
  th 1971 1973
  th 1945 1947
  tr 1985 1987
  th 1971 1973
  thead 1995 2000
  tr 1985 1987
  tbody 2008 2013
  thead 1995 2000
  tr 2065 2067
  tbody 2008 2013
  td 2086 2088
  tr 2065 2067
  td 2113 2115
  td 2086 2088
  td 2134 2136
  td 2113 2115
  td 2155 2157
  td 2134 2136
  td 2279 2281
  td 2155 2157
  td 2304 2306
  td 2279 2281
  td 2329 2331
  td 2304 2306
  td 2354 2356
  td 2329 2331
  td 2379 2381
  td 2354 2356
  td 2405 2407
  td 2379 2381
  td 2430 2432
  td 2405 2407
  td 2913 2915
  td 2430 2432
  td 3033 3035
  td 2913 2915
  td 3060 3062
  td 3033 3035
  td 3090 3092
  td 3060 3062
  td 3171 3173
  td 3090 3092
  td 3201 3203
  td 3171 3173
  td 3282 3284
  td 3201 3203
  td 3312 3314
  td 3282 3284
  td 3338 3340
  td 3312 3314
  td 3368 3370
  td 3338 3340
  td 3398 3400
  td 3368 3370
  td 3524 3526
  td 3398 3400
  td 3558 3560
  td 3524 3526
  td 3583 3585
  td 3558 3560
  td 4193 4195
  td 3583 3585
  td 4218 4220
  td 4193 4195
  td 4266 4268
  td 4218 4220
  tr 4312 4314
  td 4266 4268
  tr 4856 4858
  tr 4312 4314
  td 4873 4875
  tr 4856 4858
  strong 4908 4914
  td 4873 4875
  strong 4943 4949
  strong 4908 4914
  td 4952 4954
  strong 4943 4949
  td 4969 4971
  td 4952 4954
  strong 5003 5009
  td 4969 4971
  strong 5028 5034
  strong 5003 5009
  td 5037 5039
  strong 5028 5034
  td 5085 5087
  td 5037 5039
  strong 5101 5107
  td 5085 5087
  td 5160 5162
  strong 5101 5107
  td 5206 5208
  td 5160 5162
  strong 5222 5228
  td 5206 5208
  td 5282 5284
  strong 5222 5228
  tr 5326 5328
  td 5282 5284
  tbody 5336 5341
  tr 5326 5328
  table 5345 5350
  tbody 5336 5341
  script 5403 5409
  table 5345 5350
  script 6203 6209
  script 5403 5409
Invalid Selector
  script 6203 6209
Invalid Selector
$sr->user->id)->where( 4749
  script 54 60
$sr->user->id)->where( 4749
  script 113 119
  script 54 60
  script 122 128
  script 113 119
  script 181 187
  script 122 128
  table 191 196
  script 181 187
  tbody 250 255
  table 191 196
  tr 266 268
  tbody 250 255
  td 283 285
  tr 266 268
  strong 287 293
  td 283 285
  strong 300 306
  strong 287 293
  td 343 345
  strong 300 306
  td 398 400
  td 343 345
  strong 402 408
  td 398 400
  strong 430 436
  strong 402 408
  td 457 459
  strong 430 436
  td 474 476
  td 457 459
  strong 478 484
  td 474 476
  strong 494 500
  strong 478 484
  td 537 539
  strong 494 500
  tr 551 553
  td 537 539
  tr 564 566
  tr 551 553
  td 581 583
  tr 564 566
  strong 585 591
  td 581 583
  strong 616 622
  strong 585 591
  td 680 682
  strong 616 622
  td 697 699
  td 680 682
  strong 701 707
  td 697 699
  strong 727 733
  strong 701 707
  td 752 754
  strong 727 733
  td 769 771
  td 752 754
  strong 773 779
  td 769 771
  strong 786 792
  strong 773 779
  td 929 931
  strong 786 792
  tr 943 945
  td 929 931
  tbody 954 959
  tr 943 945
  table 963 968
  tbody 954 959
  table 973 978
  table 963 968
  thead 1119 1124
  table 973 978
  tr 1135 1137
  thead 1119 1124
  th 1152 1154
  tr 1135 1137
  th 1171 1173
  th 1152 1154
  th 1188 1190
  th 1171 1173
  th 1213 1215
  th 1188 1190
  th 1230 1232
  th 1213 1215
  br 1249 1251
  th 1230 1232
  th 1258 1260
  br 1249 1251
  th 1275 1277
  th 1258 1260
  br 1294 1296
  th 1275 1277
  th 1303 1305
  br 1294 1296
  th 1320 1322
  th 1303 1305
  br 1343 1345
  th 1320 1322
  th 1352 1354
  br 1343 1345
  th 1369 1371
  th 1352 1354
  br 1398 1400
  th 1369 1371
  th 1403 1405
  br 1398 1400
  th 1490 1492
  th 1403 1405
  br 1512 1514
  th 1490 1492
  sup 1524 1527
  br 1512 1514
  sup 1531 1534
  sup 1524 1527
  th 1547 1549
  sup 1531 1534
  th 1564 1566
  th 1547 1549
  sup 1581 1584
  th 1564 1566
  sup 1589 1592
  sup 1581 1584
  br 1595 1597
  sup 1589 1592
  th 1610 1612
  br 1595 1597
  th 1627 1629
  th 1610 1612
  sup 1644 1647
  th 1627 1629
  sup 1651 1654
  sup 1644 1647
  br 1657 1659
  sup 1651 1654
  th 1672 1674
  br 1657 1659
  th 1689 1691
  th 1672 1674
  br 1716 1718
  th 1689 1691
  sup 1722 1725
  br 1716 1718
  sup 1730 1733
  sup 1722 1725
  sup 1739 1742
  sup 1730 1733
  sup 1746 1749
  sup 1739 1742
  sup 1755 1758
  sup 1746 1749
  sup 1762 1765
  sup 1755 1758
  th 1768 1770
  sup 1762 1765
  th 1785 1787
  th 1768 1770
  th 1809 1811
  th 1785 1787
  th 1851 1853
  th 1809 1811
  th 1879 1881
  th 1851 1853
  th 1896 1898
  th 1879 1881
  th 1928 1930
  th 1896 1898
  th 1945 1947
  th 1928 1930
  th 1971 1973
  th 1945 1947
  tr 1985 1987
  th 1971 1973
  thead 1995 2000
  tr 1985 1987
  tbody 2008 2013
  thead 1995 2000
  tr 2065 2067
  tbody 2008 2013
  td 2086 2088
  tr 2065 2067
  td 2113 2115
  td 2086 2088
  td 2134 2136
  td 2113 2115
  td 2155 2157
  td 2134 2136
  td 2279 2281
  td 2155 2157
  td 2304 2306
  td 2279 2281
  td 2329 2331
  td 2304 2306
  td 2354 2356
  td 2329 2331
  td 2379 2381
  td 2354 2356
  td 2405 2407
  td 2379 2381
  td 2430 2432
  td 2405 2407
  td 2913 2915
  td 2430 2432
  td 3033 3035
  td 2913 2915
  td 3060 3062
  td 3033 3035
  td 3090 3092
  td 3060 3062
  td 3171 3173
  td 3090 3092
  td 3201 3203
  td 3171 3173
  td 3282 3284
  td 3201 3203
  td 3312 3314
  td 3282 3284
  td 3338 3340
  td 3312 3314
  td 3368 3370
  td 3338 3340
  td 3398 3400
  td 3368 3370
  td 3524 3526
  td 3398 3400
  td 3558 3560
  td 3524 3526
  td 3583 3585
  td 3558 3560
  td 4193 4195
  td 3583 3585
  td 4218 4220
  td 4193 4195
  td 4266 4268
  td 4218 4220
  tr 4312 4314
  td 4266 4268
  tr 4856 4858
  tr 4312 4314
  td 4873 4875
  tr 4856 4858
  strong 4908 4914
  td 4873 4875
  strong 4943 4949
  strong 4908 4914
  td 4952 4954
  strong 4943 4949
  td 4969 4971
  td 4952 4954
  strong 5003 5009
  td 4969 4971
  strong 5028 5034
  strong 5003 5009
  td 5037 5039
  strong 5028 5034
  td 5085 5087
  td 5037 5039
  strong 5101 5107
  td 5085 5087
  td 5160 5162
  strong 5101 5107
  td 5206 5208
  td 5160 5162
  strong 5222 5228
  td 5206 5208
  td 5282 5284
  strong 5222 5228
  tr 5326 5328
  td 5282 5284
  tbody 5336 5341
  tr 5326 5328
  table 5345 5350
  tbody 5336 5341
  script 5403 5409
  table 5345 5350
  script 6203 6209
  script 5403 5409
Invalid Selector
  script 6203 6209
Invalid Selector
$total_eleve 4554
$total_eleve 4554
  script 54 60
  script 54 60
  script 113 119
  script 113 119
  script 122 128
  script 122 128
  script 181 187
  script 181 187
  table 191 196
  table 191 196
  tbody 250 255
  tbody 250 255
  tr 266 268
  tr 266 268
  td 283 285
  td 283 285
  strong 287 293
  strong 287 293
  strong 300 306
  strong 300 306
  td 343 345
  td 343 345
  td 398 400
  td 398 400
  strong 402 408
  strong 402 408
  strong 430 436
  strong 430 436
  td 457 459
  td 457 459
  td 474 476
  td 474 476
  strong 478 484
  strong 478 484
  strong 494 500
  strong 494 500
  td 537 539
  td 537 539
  tr 551 553
  tr 551 553
  tr 564 566
  tr 564 566
  td 581 583
  td 581 583
  strong 585 591
  strong 585 591
  strong 616 622
  strong 616 622
  td 680 682
  td 680 682
  td 697 699
  td 697 699
  strong 701 707
  strong 701 707
  strong 727 733
  strong 727 733
  td 752 754
  td 752 754
  td 769 771
  td 769 771
  strong 773 779
  strong 773 779
  strong 786 792
  strong 786 792
  td 929 931
  td 929 931
  tr 943 945
  tr 943 945
  tbody 954 959
  tbody 954 959
  table 963 968
  table 963 968
  table 973 978
  table 973 978
  thead 1119 1124
  thead 1119 1124
  tr 1135 1137
  tr 1135 1137
  th 1152 1154
  th 1152 1154
  th 1171 1173
  th 1171 1173
  th 1188 1190
  th 1188 1190
  th 1213 1215
  th 1213 1215
  th 1230 1232
  th 1230 1232
  br 1249 1251
  br 1249 1251
  th 1258 1260
  th 1258 1260
  th 1275 1277
  th 1275 1277
  br 1294 1296
  br 1294 1296
  th 1303 1305
  th 1303 1305
  th 1320 1322
  th 1320 1322
  br 1343 1345
  br 1343 1345
  th 1352 1354
  th 1352 1354
  th 1369 1371
  th 1369 1371
  br 1398 1400
  br 1398 1400
  th 1403 1405
  th 1403 1405
  th 1490 1492
  th 1490 1492
  br 1512 1514
  br 1512 1514
  sup 1524 1527
  sup 1524 1527
  sup 1531 1534
  sup 1531 1534
  th 1547 1549
  th 1547 1549
  th 1564 1566
  th 1564 1566
  sup 1581 1584
  sup 1581 1584
  sup 1589 1592
  sup 1589 1592
  br 1595 1597
  br 1595 1597
  th 1610 1612
  th 1610 1612
  th 1627 1629
  th 1627 1629
  sup 1644 1647
  sup 1644 1647
  sup 1651 1654
  sup 1651 1654
  br 1657 1659
  br 1657 1659
  th 1672 1674
  th 1672 1674
  th 1689 1691
  th 1689 1691
  br 1716 1718
  br 1716 1718
  sup 1722 1725
  sup 1722 1725
  sup 1730 1733
  sup 1730 1733
  sup 1739 1742
  sup 1739 1742
  sup 1746 1749
  sup 1746 1749
  sup 1755 1758
  sup 1755 1758
  sup 1762 1765
  sup 1762 1765
  th 1768 1770
  th 1768 1770
  th 1785 1787
  th 1785 1787
  th 1809 1811
  th 1809 1811
  th 1851 1853
  th 1851 1853
  th 1879 1881
  th 1879 1881
  th 1896 1898
  th 1896 1898
  th 1928 1930
  th 1928 1930
  th 1945 1947
  th 1945 1947
  th 1971 1973
  th 1971 1973
  tr 1985 1987
  tr 1985 1987
  thead 1995 2000
  thead 1995 2000
  tbody 2008 2013
  tbody 2008 2013
  tr 2065 2067
  tr 2065 2067
  td 2086 2088
  td 2086 2088
  td 2113 2115
  td 2113 2115
  td 2134 2136
  td 2134 2136
  td 2155 2157
  td 2155 2157
  td 2279 2281
  td 2279 2281
  td 2304 2306
  td 2304 2306
  td 2329 2331
  td 2329 2331
  td 2354 2356
  td 2354 2356
  td 2379 2381
  td 2379 2381
  td 2405 2407
  td 2405 2407
  td 2430 2432
  td 2430 2432
  td 2913 2915
  td 2913 2915
  td 3033 3035
  td 3033 3035
  td 3060 3062
  td 3060 3062
  td 3090 3092
  td 3090 3092
  td 3171 3173
  td 3171 3173
  td 3201 3203
  td 3201 3203
  td 3282 3284
  td 3282 3284
  td 3312 3314
  td 3312 3314
  td 3338 3340
  td 3338 3340
  td 3368 3370
  td 3368 3370
  td 3398 3400
  td 3398 3400
  td 3524 3526
  td 3524 3526
  td 3558 3560
  td 3558 3560
  td 3583 3585
  td 3583 3585
  td 4193 4195
  td 4193 4195
  td 4218 4220
  td 4218 4220
  td 4266 4268
  td 4266 4268
  tr 4312 4314
  tr 4312 4314
  tr 4859 4861
  tr 4859 4861
  td 4876 4878
  td 4876 4878
  strong 4911 4917
  strong 4911 4917
  strong 4946 4952
  strong 4946 4952
  td 4955 4957
  td 4955 4957
  td 4972 4974
  td 4972 4974
  strong 5006 5012
  strong 5006 5012
  strong 5031 5037
  strong 5031 5037
  td 5040 5042
  td 5040 5042
  td 5088 5090
  td 5088 5090
  strong 5104 5110
  strong 5104 5110
  td 5163 5165
  td 5163 5165
  td 5209 5211
  td 5209 5211
  strong 5225 5231
  strong 5225 5231
  td 5285 5287
  td 5285 5287
  tr 5329 5331
  tr 5329 5331
  tbody 5339 5344
  tbody 5339 5344
  table 5348 5353
  table 5348 5353
  script 5406 5412
  script 5406 5412
  script 6206 6212
  script 6206 6212
Invalid Selector
Invalid Selector
$rang 4672
$rang 4672
  script 54 60
  script 54 60
  script 113 119
  script 113 119
  script 122 128
  script 122 128
  script 181 187
  script 181 187
  table 191 196
  table 191 196
  tbody 250 255
  tbody 250 255
  tr 266 268
  tr 266 268
  td 283 285
  td 283 285
  strong 287 293
  strong 287 293
  strong 300 306
  strong 300 306
  td 343 345
  td 343 345
  td 398 400
  td 398 400
  strong 402 408
  strong 402 408
  strong 430 436
  strong 430 436
  td 457 459
  td 457 459
  td 474 476
  td 474 476
  strong 478 484
  strong 478 484
  strong 494 500
  strong 494 500
  td 537 539
  td 537 539
  tr 551 553
  tr 551 553
  tr 564 566
  tr 564 566
  td 581 583
  td 581 583
  strong 585 591
  strong 585 591
  strong 616 622
  strong 616 622
  td 680 682
  td 680 682
  td 697 699
  td 697 699
  strong 701 707
  strong 701 707
  strong 727 733
  strong 727 733
  td 752 754
  td 752 754
  td 769 771
  td 769 771
  strong 773 779
  strong 773 779
  strong 786 792
  strong 786 792
  td 929 931
  td 929 931
  tr 943 945
  tr 943 945
  tbody 954 959
  tbody 954 959
  table 963 968
  table 963 968
  table 973 978
  table 973 978
  thead 1119 1124
  thead 1119 1124
  tr 1135 1137
  tr 1135 1137
  th 1152 1154
  th 1152 1154
  th 1171 1173
  th 1171 1173
  th 1188 1190
  th 1188 1190
  th 1213 1215
  th 1213 1215
  th 1230 1232
  th 1230 1232
  br 1249 1251
  br 1249 1251
  th 1258 1260
  th 1258 1260
  th 1275 1277
  th 1275 1277
  br 1294 1296
  br 1294 1296
  th 1303 1305
  th 1303 1305
  th 1320 1322
  th 1320 1322
  br 1343 1345
  br 1343 1345
  th 1352 1354
  th 1352 1354
  th 1369 1371
  th 1369 1371
  br 1398 1400
  br 1398 1400
  th 1403 1405
  th 1403 1405
  th 1490 1492
  th 1490 1492
  br 1512 1514
  br 1512 1514
  sup 1524 1527
  sup 1524 1527
  sup 1531 1534
  sup 1531 1534
  th 1547 1549
  th 1547 1549
  th 1564 1566
  th 1564 1566
  sup 1581 1584
  sup 1581 1584
  sup 1589 1592
  sup 1589 1592
  br 1595 1597
  br 1595 1597
  th 1610 1612
  th 1610 1612
  th 1627 1629
  th 1627 1629
  sup 1644 1647
  sup 1644 1647
  sup 1651 1654
  sup 1651 1654
  br 1657 1659
  br 1657 1659
  th 1672 1674
  th 1672 1674
  th 1689 1691
  th 1689 1691
  br 1716 1718
  br 1716 1718
  sup 1722 1725
  sup 1722 1725
  sup 1730 1733
  sup 1730 1733
  sup 1739 1742
  sup 1739 1742
  sup 1746 1749
  sup 1746 1749
  sup 1755 1758
  sup 1755 1758
  sup 1762 1765
  sup 1762 1765
  th 1768 1770
  th 1768 1770
  th 1785 1787
  th 1785 1787
  th 1809 1811
  th 1809 1811
  th 1851 1853
  th 1851 1853
  th 1879 1881
  th 1879 1881
  th 1896 1898
  th 1896 1898
  th 1928 1930
  th 1928 1930
  th 1945 1947
  th 1945 1947
  th 1971 1973
  th 1971 1973
  tr 1985 1987
  tr 1985 1987
  thead 1995 2000
  thead 1995 2000
  tbody 2008 2013
  tbody 2008 2013
  tr 2065 2067
  tr 2065 2067
  td 2086 2088
  td 2086 2088
  td 2113 2115
  td 2113 2115
  td 2134 2136
  td 2134 2136
  td 2155 2157
  td 2155 2157
  td 2279 2281
  td 2279 2281
  td 2304 2306
  td 2304 2306
  td 2329 2331
  td 2329 2331
  td 2354 2356
  td 2354 2356
  td 2379 2381
  td 2379 2381
  td 2405 2407
  td 2405 2407
  td 2430 2432
  td 2430 2432
  td 2913 2915
  td 2913 2915
  td 3033 3035
  td 3033 3035
  td 3060 3062
  td 3060 3062
  td 3090 3092
  td 3090 3092
  td 3171 3173
  td 3171 3173
  td 3201 3203
  td 3201 3203
  td 3282 3284
  td 3282 3284
  td 3312 3314
  td 3312 3314
  td 3338 3340
  td 3338 3340
  td 3368 3370
  td 3368 3370
  td 3398 3400
  td 3398 3400
  td 3524 3526
  td 3524 3526
  td 3558 3560
  td 3558 3560
  td 3583 3585
  td 3583 3585
  td 4193 4195
  td 4193 4195
  td 4218 4220
  td 4218 4220
  td 4266 4268
  td 4266 4268
  tr 4312 4314
  tr 4312 4314
  tr 4859 4861
  tr 4859 4861
  td 4876 4878
  td 4876 4878
  strong 4911 4917
  strong 4911 4917
  strong 4946 4952
  strong 4946 4952
  td 4955 4957
  td 4955 4957
  td 4972 4974
  td 4972 4974
  strong 5006 5012
  strong 5006 5012
  strong 5031 5037
  strong 5031 5037
  td 5040 5042
  td 5040 5042
  td 5088 5090
  td 5088 5090
  strong 5104 5110
  strong 5104 5110
  td 5163 5165
  td 5163 5165
  td 5209 5211
  td 5209 5211
  strong 5225 5231
  strong 5225 5231
  td 5285 5287
  td 5285 5287
  tr 5329 5331
  tr 5329 5331
  tbody 5339 5344
  tbody 5339 5344
  table 5348 5353
  table 5348 5353
  script 5406 5412
  script 5406 5412
  script 6206 6212
  script 6206 6212
Invalid Selector
Invalid Selector
$rang 4672
  script 54 60
  script 113 119
$rang 4672
  script 122 128
  script 54 60
  script 181 187
  script 113 119
  table 191 196
  script 122 128
  tbody 250 255
  script 181 187
  tr 266 268
  table 191 196
  td 283 285
  tbody 250 255
  strong 287 293
  tr 266 268
  strong 300 306
  td 283 285
  td 343 345
  strong 287 293
  td 398 400
  strong 300 306
  strong 402 408
  td 343 345
  strong 430 436
  td 398 400
  td 457 459
  strong 402 408
  td 474 476
  strong 430 436
  strong 478 484
  td 457 459
  strong 494 500
  td 474 476
  td 537 539
  strong 478 484
  tr 551 553
  strong 494 500
  tr 564 566
  td 537 539
  td 581 583
  tr 551 553
  strong 585 591
  tr 564 566
  strong 616 622
  td 581 583
  td 680 682
  strong 585 591
  td 697 699
  strong 616 622
  strong 701 707
  td 680 682
  strong 727 733
  td 697 699
  td 752 754
  strong 701 707
  td 769 771
  strong 727 733
  strong 773 779
  td 752 754
  strong 786 792
  td 769 771
  td 929 931
  strong 773 779
  tr 943 945
  strong 786 792
  tbody 954 959
  td 929 931
  table 963 968
  tr 943 945
  table 973 978
  tbody 954 959
  thead 1119 1124
  table 963 968
  tr 1135 1137
  table 973 978
  th 1152 1154
  thead 1119 1124
  th 1171 1173
  tr 1135 1137
  th 1188 1190
  th 1152 1154
  th 1213 1215
  th 1171 1173
  th 1230 1232
  th 1188 1190
  br 1249 1251
  th 1213 1215
  th 1258 1260
  th 1230 1232
  th 1275 1277
  br 1249 1251
  br 1294 1296
  th 1258 1260
  th 1303 1305
  th 1275 1277
  th 1320 1322
  br 1294 1296
  br 1343 1345
  th 1303 1305
  th 1352 1354
  th 1320 1322
  th 1369 1371
  br 1343 1345
  br 1398 1400
  th 1352 1354
  th 1403 1405
  th 1369 1371
  th 1490 1492
  br 1398 1400
  br 1512 1514
  th 1403 1405
  sup 1524 1527
  th 1490 1492
  sup 1531 1534
  br 1512 1514
  th 1547 1549
  sup 1524 1527
  th 1564 1566
  sup 1531 1534
  sup 1581 1584
  th 1547 1549
  sup 1589 1592
  th 1564 1566
  br 1595 1597
  sup 1581 1584
  th 1610 1612
  sup 1589 1592
  th 1627 1629
  br 1595 1597
  sup 1644 1647
  th 1610 1612
  sup 1651 1654
  th 1627 1629
  br 1657 1659
  sup 1644 1647
  th 1672 1674
  sup 1651 1654
  th 1689 1691
  br 1657 1659
  br 1716 1718
  th 1672 1674
  sup 1722 1725
  th 1689 1691
  sup 1730 1733
  br 1716 1718
  sup 1739 1742
  sup 1722 1725
  sup 1746 1749
  sup 1730 1733
  sup 1755 1758
  sup 1739 1742
  sup 1762 1765
  sup 1746 1749
  th 1768 1770
  sup 1755 1758
  th 1785 1787
  sup 1762 1765
  th 1809 1811
  th 1768 1770
  th 1851 1853
  th 1785 1787
  th 1879 1881
  th 1809 1811
  th 1896 1898
  th 1851 1853
  th 1928 1930
  th 1879 1881
  th 1945 1947
  th 1896 1898
  th 1971 1973
  th 1928 1930
  tr 1985 1987
  th 1945 1947
  thead 1995 2000
  th 1971 1973
  tbody 2008 2013
  tr 1985 1987
  tr 2065 2067
  thead 1995 2000
  td 2086 2088
  tbody 2008 2013
  td 2113 2115
  tr 2065 2067
  td 2134 2136
  td 2086 2088
  td 2155 2157
  td 2113 2115
  td 2279 2281
  td 2134 2136
  td 2304 2306
  td 2155 2157
  td 2329 2331
  td 2279 2281
  td 2354 2356
  td 2304 2306
  td 2379 2381
  td 2329 2331
  td 2405 2407
  td 2354 2356
  td 2430 2432
  td 2379 2381
  td 2913 2915
  td 2405 2407
  td 3033 3035
  td 2430 2432
  td 3060 3062
  td 2913 2915
  td 3090 3092
  td 3033 3035
  td 3171 3173
  td 3060 3062
  td 3201 3203
  td 3090 3092
  td 3282 3284
  td 3171 3173
  td 3312 3314
  td 3201 3203
  td 3338 3340
  td 3282 3284
  td 3368 3370
  td 3312 3314
  td 3398 3400
  td 3338 3340
  td 3524 3526
  td 3368 3370
  td 3558 3560
  td 3398 3400
  td 3583 3585
  td 3524 3526
  td 4193 4195
  td 3558 3560
  td 4218 4220
  td 3583 3585
  td 4266 4268
  td 4193 4195
  tr 4312 4314
  td 4218 4220
  tr 4859 4861
  td 4266 4268
  td 4876 4878
  tr 4312 4314
  strong 4911 4917
  tr 4859 4861
  strong 4946 4952
  td 4876 4878
  td 4955 4957
  strong 4911 4917
  td 4972 4974
  strong 4946 4952
  strong 5006 5012
  td 4955 4957
  strong 5031 5037
  td 4972 4974
  td 5040 5042
  strong 5006 5012
  td 5088 5090
  strong 5031 5037
  strong 5104 5110
  td 5040 5042
  td 5163 5165
  td 5088 5090
  td 5209 5211
  strong 5104 5110
  strong 5225 5231
  td 5163 5165
  td 5285 5287
  td 5209 5211
  tr 5329 5331
  strong 5225 5231
  tbody 5339 5344
  td 5285 5287
  table 5348 5353
  tr 5329 5331
  script 5406 5412
  tbody 5339 5344
  script 6206 6212
  table 5348 5353
Invalid Selector
  script 5406 5412
  script 6206 6212
dd($total_eleve); 4815
Invalid Selector
  script 54 60
  script 113 119
dd($total_eleve); 4815
  script 122 128
  script 54 60
  script 181 187
  script 113 119
  table 191 196
  script 122 128
  tbody 250 255
  script 181 187
  tr 266 268
  table 191 196
  td 283 285
  tbody 250 255
  strong 287 293
  tr 266 268
  strong 300 306
  td 283 285
  td 343 345
  strong 287 293
  td 398 400
  strong 300 306
  strong 402 408
  td 343 345
  strong 430 436
  td 398 400
  td 457 459
  strong 402 408
  td 474 476
  strong 430 436
  strong 478 484
  td 457 459
  strong 494 500
  td 474 476
  td 537 539
  strong 478 484
  tr 551 553
  strong 494 500
  tr 564 566
  td 537 539
  td 581 583
  tr 551 553
  strong 585 591
  tr 564 566
  strong 616 622
  td 581 583
  td 680 682
  strong 585 591
  td 697 699
  strong 616 622
  strong 701 707
  td 680 682
  strong 727 733
  td 697 699
  td 752 754
  strong 701 707
  td 769 771
  strong 727 733
  strong 773 779
  td 752 754
  strong 786 792
  td 769 771
  td 929 931
  strong 773 779
  tr 943 945
  strong 786 792
  tbody 954 959
  td 929 931
  table 963 968
  tr 943 945
  table 973 978
  tbody 954 959
  thead 1119 1124
  table 963 968
  tr 1135 1137
  table 973 978
  th 1152 1154
  thead 1119 1124
  th 1171 1173
  tr 1135 1137
  th 1188 1190
  th 1152 1154
  th 1213 1215
  th 1171 1173
  th 1230 1232
  th 1188 1190
  br 1249 1251
  th 1213 1215
  th 1258 1260
  th 1230 1232
  th 1275 1277
  br 1249 1251
  br 1294 1296
  th 1258 1260
  th 1303 1305
  th 1275 1277
  th 1320 1322
  br 1294 1296
  br 1343 1345
  th 1303 1305
  th 1352 1354
  th 1320 1322
  th 1369 1371
  br 1343 1345
  br 1398 1400
  th 1352 1354
  th 1403 1405
  th 1369 1371
  th 1490 1492
  br 1398 1400
  br 1512 1514
  th 1403 1405
  sup 1524 1527
  th 1490 1492
  sup 1531 1534
  br 1512 1514
  th 1547 1549
  sup 1524 1527
  th 1564 1566
  sup 1531 1534
  sup 1581 1584
  th 1547 1549
  sup 1589 1592
  th 1564 1566
  br 1595 1597
  sup 1581 1584
  th 1610 1612
  sup 1589 1592
  th 1627 1629
  br 1595 1597
  sup 1644 1647
  th 1610 1612
  sup 1651 1654
  th 1627 1629
  br 1657 1659
  sup 1644 1647
  th 1672 1674
  sup 1651 1654
  th 1689 1691
  br 1657 1659
  br 1716 1718
  th 1672 1674
  sup 1722 1725
  th 1689 1691
  sup 1730 1733
  br 1716 1718
  sup 1739 1742
  sup 1722 1725
  sup 1746 1749
  sup 1730 1733
  sup 1755 1758
  sup 1739 1742
  sup 1762 1765
  sup 1746 1749
  th 1768 1770
  sup 1755 1758
  th 1785 1787
  sup 1762 1765
  th 1809 1811
  th 1768 1770
  th 1851 1853
  th 1785 1787
  th 1879 1881
  th 1809 1811
  th 1896 1898
  th 1851 1853
  th 1928 1930
  th 1879 1881
  th 1945 1947
  th 1896 1898
  th 1971 1973
  th 1928 1930
  tr 1985 1987
  th 1945 1947
  thead 1995 2000
  th 1971 1973
  tbody 2008 2013
  tr 1985 1987
  tr 2065 2067
  thead 1995 2000
  td 2086 2088
  tbody 2008 2013
  td 2113 2115
  tr 2065 2067
  td 2134 2136
  td 2086 2088
  td 2155 2157
  td 2113 2115
  td 2279 2281
  td 2134 2136
  td 2304 2306
  td 2155 2157
  td 2329 2331
  td 2279 2281
  td 2354 2356
  td 2304 2306
  td 2379 2381
  td 2329 2331
  td 2405 2407
  td 2354 2356
  td 2430 2432
  td 2379 2381
  td 2913 2915
  td 2405 2407
  td 3033 3035
  td 2430 2432
  td 3060 3062
  td 2913 2915
  td 3090 3092
  td 3033 3035
  td 3171 3173
  td 3060 3062
  td 3201 3203
  td 3090 3092
  td 3282 3284
  td 3171 3173
  td 3312 3314
  td 3201 3203
  td 3338 3340
  td 3282 3284
  td 3368 3370
  td 3312 3314
  td 3398 3400
  td 3338 3340
  td 3524 3526
  td 3368 3370
  td 3558 3560
  td 3398 3400
  td 3583 3585
  td 3524 3526
  td 4193 4195
  td 3558 3560
  td 4218 4220
  td 3583 3585
  td 4266 4268
  td 4193 4195
  tr 4312 4314
  td 4218 4220
  tr 4859 4861
  td 4266 4268
  td 4876 4878
  tr 4312 4314
  strong 4911 4917
  tr 4859 4861
  strong 4946 4952
  td 4876 4878
  td 4955 4957
  strong 4911 4917
  td 4972 4974
  strong 4946 4952
  strong 5006 5012
  td 4955 4957
  strong 5031 5037
  td 4972 4974
  td 5040 5042
  strong 5006 5012
  td 5088 5090
  strong 5031 5037
  strong 5104 5110
  td 5040 5042
  td 5163 5165
  td 5088 5090
  td 5209 5211
  strong 5104 5110
  strong 5225 5231
  td 5163 5165
  td 5285 5287
  td 5209 5211
  tr 5329 5331
  strong 5225 5231
  tbody 5339 5344
  td 5285 5287
  table 5348 5353
  tr 5329 5331
  script 5406 5412
  tbody 5339 5344
  script 6206 6212
  table 5348 5353
Invalid Selector
  script 5406 5412
  script 6206 6212
Invalid Selector
use 4459
use 4459
  script 54 60
  script 54 60
  script 113 119
  script 113 119
  script 122 128
  script 122 128
  script 181 187
  script 181 187
  table 191 196
  table 191 196
  tbody 250 255
  tbody 250 255
  tr 266 268
  tr 266 268
  td 283 285
  td 283 285
  strong 287 293
  strong 287 293
  strong 300 306
  strong 300 306
  td 343 345
  td 343 345
  td 398 400
  td 398 400
  strong 402 408
  strong 402 408
  strong 430 436
  strong 430 436
  td 457 459
  td 457 459
  td 474 476
  td 474 476
  strong 478 484
  strong 478 484
  strong 494 500
  strong 494 500
  td 537 539
  td 537 539
  tr 551 553
  tr 551 553
  tr 564 566
  tr 564 566
  td 581 583
  td 581 583
  strong 585 591
  strong 585 591
  strong 616 622
  strong 616 622
  td 680 682
  td 680 682
  td 697 699
  td 697 699
  strong 701 707
  strong 701 707
  strong 727 733
  strong 727 733
  td 752 754
  td 752 754
  td 769 771
  td 769 771
  strong 773 779
  strong 773 779
  strong 786 792
  strong 786 792
  td 929 931
  td 929 931
  tr 943 945
  tr 943 945
  tbody 954 959
  tbody 954 959
  table 963 968
  table 963 968
  table 973 978
  table 973 978
  thead 1119 1124
  thead 1119 1124
  tr 1135 1137
  tr 1135 1137
  th 1152 1154
  th 1152 1154
  th 1171 1173
  th 1171 1173
  th 1188 1190
  th 1188 1190
  th 1213 1215
  th 1213 1215
  th 1230 1232
  th 1230 1232
  br 1249 1251
  br 1249 1251
  th 1258 1260
  th 1258 1260
  th 1275 1277
  th 1275 1277
  br 1294 1296
  br 1294 1296
  th 1303 1305
  th 1303 1305
  th 1320 1322
  th 1320 1322
  br 1343 1345
  br 1343 1345
  th 1352 1354
  th 1352 1354
  th 1369 1371
  th 1369 1371
  br 1398 1400
  br 1398 1400
  th 1403 1405
  th 1403 1405
  th 1490 1492
  th 1490 1492
  br 1512 1514
  br 1512 1514
  sup 1524 1527
  sup 1524 1527
  sup 1531 1534
  sup 1531 1534
  th 1547 1549
  th 1547 1549
  th 1564 1566
  th 1564 1566
  sup 1581 1584
  sup 1581 1584
  sup 1589 1592
  sup 1589 1592
  br 1595 1597
  br 1595 1597
  th 1610 1612
  th 1610 1612
  th 1627 1629
  th 1627 1629
  sup 1644 1647
  sup 1644 1647
  sup 1651 1654
  sup 1651 1654
  br 1657 1659
  br 1657 1659
  th 1672 1674
  th 1672 1674
  th 1689 1691
  th 1689 1691
  br 1716 1718
  br 1716 1718
  sup 1722 1725
  sup 1722 1725
  sup 1730 1733
  sup 1730 1733
  sup 1739 1742
  sup 1739 1742
  sup 1746 1749
  sup 1746 1749
  sup 1755 1758
  sup 1755 1758
  sup 1762 1765
  sup 1762 1765
  th 1768 1770
  th 1768 1770
  th 1785 1787
  th 1785 1787
  th 1809 1811
  th 1809 1811
  th 1851 1853
  th 1851 1853
  th 1879 1881
  th 1879 1881
  th 1896 1898
  th 1896 1898
  th 1928 1930
  th 1928 1930
  th 1945 1947
  th 1945 1947
  th 1971 1973
  th 1971 1973
  tr 1985 1987
  tr 1985 1987
  thead 1995 2000
  thead 1995 2000
  tbody 2008 2013
  tbody 2008 2013
  tr 2065 2067
  tr 2065 2067
  td 2086 2088
  td 2086 2088
  td 2113 2115
  td 2113 2115
  td 2134 2136
  td 2134 2136
  td 2155 2157
  td 2155 2157
  td 2279 2281
  td 2279 2281
  td 2304 2306
  td 2304 2306
  td 2329 2331
  td 2329 2331
  td 2354 2356
  td 2354 2356
  td 2379 2381
  td 2379 2381
  td 2405 2407
  td 2405 2407
  td 2430 2432
  td 2430 2432
  td 2913 2915
  td 2913 2915
  td 3033 3035
  td 3033 3035
  td 3060 3062
  td 3060 3062
  td 3090 3092
  td 3090 3092
  td 3171 3173
  td 3171 3173
  td 3201 3203
  td 3201 3203
  td 3282 3284
  td 3282 3284
  td 3312 3314
  td 3312 3314
  td 3338 3340
  td 3338 3340
  td 3368 3370
  td 3368 3370
  td 3398 3400
  td 3398 3400
  td 3524 3526
  td 3524 3526
  td 3558 3560
  td 3558 3560
  td 3583 3585
  td 3583 3585
  td 4193 4195
  td 4193 4195
  td 4218 4220
  td 4218 4220
  td 4266 4268
  td 4266 4268
  tr 4312 4314
  tr 4312 4314
  tr 4859 4861
  tr 4859 4861
  td 4876 4878
  td 4876 4878
  strong 4911 4917
  strong 4911 4917
  strong 4946 4952
  strong 4946 4952
  td 4955 4957
  td 4955 4957
  td 4972 4974
  td 4972 4974
  strong 5006 5012
  strong 5006 5012
  strong 5031 5037
  strong 5031 5037
  td 5040 5042
  td 5040 5042
  td 5088 5090
  td 5088 5090
  strong 5104 5110
  strong 5104 5110
  td 5163 5165
  td 5163 5165
  td 5209 5211
  td 5209 5211
  strong 5225 5231
  strong 5225 5231
  td 5285 5287
  td 5285 5287
  tr 5329 5331
  tr 5329 5331
  tbody 5339 5344
  tbody 5339 5344
  table 5348 5353
  table 5348 5353
  script 5406 5412
  script 5406 5412
  script 6206 6212
  script 6206 6212
Invalid Selector
Invalid Selector
use 4459
  script 54 60
use 4459
  script 113 119
  script 54 60
  script 122 128
  script 113 119
  script 181 187
  script 122 128
  table 191 196
  script 181 187
  tbody 250 255
  table 191 196
  tr 266 268
  tbody 250 255
  td 283 285
  tr 266 268
  strong 287 293
  td 283 285
  strong 300 306
  strong 287 293
  td 343 345
  strong 300 306
  td 398 400
  td 343 345
  strong 402 408
  td 398 400
  strong 430 436
  strong 402 408
  td 457 459
  strong 430 436
  td 474 476
  td 457 459
  strong 478 484
  td 474 476
  strong 494 500
  strong 478 484
  td 537 539
  strong 494 500
  tr 551 553
  td 537 539
  tr 564 566
  tr 551 553
  td 581 583
  tr 564 566
  strong 585 591
  td 581 583
  strong 616 622
  strong 585 591
  td 680 682
  strong 616 622
  td 697 699
  td 680 682
  strong 701 707
  td 697 699
  strong 727 733
  strong 701 707
  td 752 754
  strong 727 733
  td 769 771
  td 752 754
  strong 773 779
  td 769 771
  strong 786 792
  strong 773 779
  td 929 931
  strong 786 792
  tr 943 945
  td 929 931
  tbody 954 959
  tr 943 945
  table 963 968
  tbody 954 959
  table 973 978
  table 963 968
  thead 1119 1124
  table 973 978
  tr 1135 1137
  thead 1119 1124
  th 1152 1154
  tr 1135 1137
  th 1171 1173
  th 1152 1154
  th 1188 1190
  th 1171 1173
  th 1213 1215
  th 1188 1190
  th 1230 1232
  th 1213 1215
  br 1249 1251
  th 1230 1232
  th 1258 1260
  br 1249 1251
  th 1275 1277
  th 1258 1260
  br 1294 1296
  th 1275 1277
  th 1303 1305
  br 1294 1296
  th 1320 1322
  th 1303 1305
  br 1343 1345
  th 1320 1322
  th 1352 1354
  br 1343 1345
  th 1369 1371
  th 1352 1354
  br 1398 1400
  th 1369 1371
  th 1403 1405
  br 1398 1400
  th 1490 1492
  th 1403 1405
  br 1512 1514
  th 1490 1492
  sup 1524 1527
  br 1512 1514
  sup 1531 1534
  sup 1524 1527
  th 1547 1549
  sup 1531 1534
  th 1564 1566
  th 1547 1549
  sup 1581 1584
  th 1564 1566
  sup 1589 1592
  sup 1581 1584
  br 1595 1597
  sup 1589 1592
  th 1610 1612
  br 1595 1597
  th 1627 1629
  th 1610 1612
  sup 1644 1647
  th 1627 1629
  sup 1651 1654
  sup 1644 1647
  br 1657 1659
  sup 1651 1654
  th 1672 1674
  br 1657 1659
  th 1689 1691
  th 1672 1674
  br 1716 1718
  th 1689 1691
  sup 1722 1725
  br 1716 1718
  sup 1730 1733
  sup 1722 1725
  sup 1739 1742
  sup 1730 1733
  sup 1746 1749
  sup 1739 1742
  sup 1755 1758
  sup 1746 1749
  sup 1762 1765
  sup 1755 1758
  th 1768 1770
  sup 1762 1765
  th 1785 1787
  th 1768 1770
  th 1809 1811
  th 1785 1787
  th 1851 1853
  th 1809 1811
  th 1879 1881
  th 1851 1853
  th 1896 1898
  th 1879 1881
  th 1928 1930
  th 1896 1898
  th 1945 1947
  th 1928 1930
  th 1971 1973
  th 1945 1947
  tr 1985 1987
  th 1971 1973
  thead 1995 2000
  tr 1985 1987
  tbody 2008 2013
  thead 1995 2000
  tr 2065 2067
  tbody 2008 2013
  td 2086 2088
  tr 2065 2067
  td 2113 2115
  td 2086 2088
  td 2134 2136
  td 2113 2115
  td 2155 2157
  td 2134 2136
  td 2279 2281
  td 2155 2157
  td 2304 2306
  td 2279 2281
  td 2329 2331
  td 2304 2306
  td 2354 2356
  td 2329 2331
  td 2379 2381
  td 2354 2356
  td 2405 2407
  td 2379 2381
  td 2430 2432
  td 2405 2407
  td 2913 2915
  td 2430 2432
  td 3033 3035
  td 2913 2915
  td 3060 3062
  td 3033 3035
  td 3090 3092
  td 3060 3062
  td 3171 3173
  td 3090 3092
  td 3201 3203
  td 3171 3173
  td 3282 3284
  td 3201 3203
  td 3312 3314
  td 3282 3284
  td 3338 3340
  td 3312 3314
  td 3368 3370
  td 3338 3340
  td 3398 3400
  td 3368 3370
  td 3524 3526
  td 3398 3400
  td 3558 3560
  td 3524 3526
  td 3583 3585
  td 3558 3560
  td 4193 4195
  td 3583 3585
  td 4218 4220
  td 4193 4195
  td 4266 4268
  td 4218 4220
  tr 4312 4314
  td 4266 4268
  tr 4859 4861
  tr 4312 4314
  td 4876 4878
  tr 4859 4861
  strong 4911 4917
  td 4876 4878
  strong 4946 4952
  strong 4911 4917
  td 4955 4957
  strong 4946 4952
  td 4972 4974
  td 4955 4957
  strong 5006 5012
  td 4972 4974
  strong 5031 5037
  strong 5006 5012
  td 5040 5042
  strong 5031 5037
  td 5088 5090
  td 5040 5042
  strong 5104 5110
  td 5088 5090
  td 5163 5165
  strong 5104 5110
  td 5209 5211
  td 5163 5165
  strong 5225 5231
  td 5209 5211
  td 5285 5287
  strong 5225 5231
  tr 5329 5331
  td 5285 5287
  tbody 5339 5344
  tr 5329 5331
  table 5348 5353
  tbody 5339 5344
  script 5406 5412
  table 5348 5353
  script 6206 6212
  script 5406 5412
Invalid Selector
  script 6206 6212
Invalid Selector
App\Models\ExamRecord; 4463
App\Models\ExamRecord; 4463
  script 54 60
  script 54 60
  script 113 119
  script 113 119
  script 122 128
  script 122 128
  script 181 187
  script 181 187
  table 191 196
  table 191 196
  tbody 250 255
  tbody 250 255
  tr 266 268
  tr 266 268
  td 283 285
  td 283 285
  strong 287 293
  strong 287 293
  strong 300 306
  strong 300 306
  td 343 345
  td 343 345
  td 398 400
  td 398 400
  strong 402 408
  strong 402 408
  strong 430 436
  strong 430 436
  td 457 459
  td 457 459
  td 474 476
  td 474 476
  strong 478 484
  strong 478 484
  strong 494 500
  strong 494 500
  td 537 539
  td 537 539
  tr 551 553
  tr 551 553
  tr 564 566
  tr 564 566
  td 581 583
  td 581 583
  strong 585 591
  strong 585 591
  strong 616 622
  strong 616 622
  td 680 682
  td 680 682
  td 697 699
  td 697 699
  strong 701 707
  strong 701 707
  strong 727 733
  strong 727 733
  td 752 754
  td 752 754
  td 769 771
  td 769 771
  strong 773 779
  strong 773 779
  strong 786 792
  strong 786 792
  td 929 931
  td 929 931
  tr 943 945
  tr 943 945
  tbody 954 959
  tbody 954 959
  table 963 968
  table 963 968
  table 973 978
  table 973 978
  thead 1119 1124
  thead 1119 1124
  tr 1135 1137
  tr 1135 1137
  th 1152 1154
  th 1152 1154
  th 1171 1173
  th 1171 1173
  th 1188 1190
  th 1188 1190
  th 1213 1215
  th 1213 1215
  th 1230 1232
  th 1230 1232
  br 1249 1251
  br 1249 1251
  th 1258 1260
  th 1258 1260
  th 1275 1277
  th 1275 1277
  br 1294 1296
  br 1294 1296
  th 1303 1305
  th 1303 1305
  th 1320 1322
  th 1320 1322
  br 1343 1345
  br 1343 1345
  th 1352 1354
  th 1352 1354
  th 1369 1371
  th 1369 1371
  br 1398 1400
  br 1398 1400
  th 1403 1405
  th 1403 1405
  th 1490 1492
  th 1490 1492
  br 1512 1514
  br 1512 1514
  sup 1524 1527
  sup 1524 1527
  sup 1531 1534
  sup 1531 1534
  th 1547 1549
  th 1547 1549
  th 1564 1566
  th 1564 1566
  sup 1581 1584
  sup 1581 1584
  sup 1589 1592
  sup 1589 1592
  br 1595 1597
  br 1595 1597
  th 1610 1612
  th 1610 1612
  th 1627 1629
  th 1627 1629
  sup 1644 1647
  sup 1644 1647
  sup 1651 1654
  sup 1651 1654
  br 1657 1659
  br 1657 1659
  th 1672 1674
  th 1672 1674
  th 1689 1691
  th 1689 1691
  br 1716 1718
  br 1716 1718
  sup 1722 1725
  sup 1722 1725
  sup 1730 1733
  sup 1730 1733
  sup 1739 1742
  sup 1739 1742
  sup 1746 1749
  sup 1746 1749
  sup 1755 1758
  sup 1755 1758
  sup 1762 1765
  sup 1762 1765
  th 1768 1770
  th 1768 1770
  th 1785 1787
  th 1785 1787
  th 1809 1811
  th 1809 1811
  th 1851 1853
  th 1851 1853
  th 1879 1881
  th 1879 1881
  th 1896 1898
  th 1896 1898
  th 1928 1930
  th 1928 1930
  th 1945 1947
  th 1945 1947
  th 1971 1973
  th 1971 1973
  tr 1985 1987
  tr 1985 1987
  thead 1995 2000
  thead 1995 2000
  tbody 2008 2013
  tbody 2008 2013
  tr 2065 2067
  tr 2065 2067
  td 2086 2088
  td 2086 2088
  td 2113 2115
  td 2113 2115
  td 2134 2136
  td 2134 2136
  td 2155 2157
  td 2155 2157
  td 2279 2281
  td 2279 2281
  td 2304 2306
  td 2304 2306
  td 2329 2331
  td 2329 2331
  td 2354 2356
  td 2354 2356
  td 2379 2381
  td 2379 2381
  td 2405 2407
  td 2405 2407
  td 2430 2432
  td 2430 2432
  td 2913 2915
  td 2913 2915
  td 3033 3035
  td 3033 3035
  td 3060 3062
  td 3060 3062
  td 3090 3092
  td 3090 3092
  td 3171 3173
  td 3171 3173
  td 3201 3203
  td 3201 3203
  td 3282 3284
  td 3282 3284
  td 3312 3314
  td 3312 3314
  td 3338 3340
  td 3338 3340
  td 3368 3370
  td 3368 3370
  td 3398 3400
  td 3398 3400
  td 3524 3526
  td 3524 3526
  td 3558 3560
  td 3558 3560
  td 3583 3585
  td 3583 3585
  td 4193 4195
  td 4193 4195
  td 4218 4220
  td 4218 4220
  td 4266 4268
  td 4266 4268
  tr 4312 4314
  tr 4312 4314
  tr 4859 4861
  tr 4859 4861
  td 4876 4878
  td 4876 4878
  strong 4911 4917
  strong 4911 4917
  strong 4946 4952
  strong 4946 4952
  td 4955 4957
  td 4955 4957
  td 4972 4974
  td 4972 4974
  strong 5006 5012
  strong 5006 5012
  strong 5031 5037
  strong 5031 5037
  td 5040 5042
  td 5040 5042
  td 5088 5090
  td 5088 5090
  strong 5104 5110
  strong 5104 5110
  td 5163 5165
  td 5163 5165
  td 5209 5211
  td 5209 5211
  strong 5225 5231
  strong 5225 5231
  td 5285 5287
  td 5285 5287
  tr 5329 5331
  tr 5329 5331
  tbody 5339 5344
  tbody 5339 5344
  table 5348 5353
  table 5348 5353
  script 5406 5412
  script 5406 5412
  script 6206 6212
  script 6206 6212
Invalid Selector
Invalid Selector
$sr->section_id; 4550
  script 54 60
$sr->section_id; 4550
  script 113 119
  script 54 60
  script 122 128
  script 113 119
  script 181 187
  script 122 128
  table 191 196
  script 181 187
  tbody 250 255
  table 191 196
  tr 266 268
  tbody 250 255
  td 283 285
  tr 266 268
  strong 287 293
  td 283 285
  strong 300 306
  strong 287 293
  td 343 345
  strong 300 306
  td 398 400
  td 343 345
  strong 402 408
  td 398 400
  strong 430 436
  strong 402 408
  td 457 459
  strong 430 436
  td 474 476
  td 457 459
  strong 478 484
  td 474 476
  strong 494 500
  strong 478 484
  td 537 539
  strong 494 500
  tr 551 553
  td 537 539
  tr 564 566
  tr 551 553
  td 581 583
  tr 564 566
  strong 585 591
  td 581 583
  strong 616 622
  strong 585 591
  td 680 682
  strong 616 622
  td 697 699
  td 680 682
  strong 701 707
  td 697 699
  strong 727 733
  strong 701 707
  td 752 754
  strong 727 733
  td 769 771
  td 752 754
  strong 773 779
  td 769 771
  strong 786 792
  strong 773 779
  td 929 931
  strong 786 792
  tr 943 945
  td 929 931
  tbody 954 959
  tr 943 945
  table 963 968
  tbody 954 959
  table 973 978
  table 963 968
  thead 1119 1124
  table 973 978
  tr 1135 1137
  thead 1119 1124
  th 1152 1154
  tr 1135 1137
  th 1171 1173
  th 1152 1154
  th 1188 1190
  th 1171 1173
  th 1213 1215
  th 1188 1190
  th 1230 1232
  th 1213 1215
  br 1249 1251
  th 1230 1232
  th 1258 1260
  br 1249 1251
  th 1275 1277
  th 1258 1260
  br 1294 1296
  th 1275 1277
  th 1303 1305
  br 1294 1296
  th 1320 1322
  th 1303 1305
  br 1343 1345
  th 1320 1322
  th 1352 1354
  br 1343 1345
  th 1369 1371
  th 1352 1354
  br 1398 1400
  th 1369 1371
  th 1403 1405
  br 1398 1400
  th 1490 1492
  th 1403 1405
  br 1512 1514
  th 1490 1492
  sup 1524 1527
  br 1512 1514
  sup 1531 1534
  sup 1524 1527
  th 1547 1549
  sup 1531 1534
  th 1564 1566
  th 1547 1549
  sup 1581 1584
  th 1564 1566
  sup 1589 1592
  sup 1581 1584
  br 1595 1597
  sup 1589 1592
  th 1610 1612
  br 1595 1597
  th 1627 1629
  th 1610 1612
  sup 1644 1647
  th 1627 1629
  sup 1651 1654
  sup 1644 1647
  br 1657 1659
  sup 1651 1654
  th 1672 1674
  br 1657 1659
  th 1689 1691
  th 1672 1674
  br 1716 1718
  th 1689 1691
  sup 1722 1725
  br 1716 1718
  sup 1730 1733
  sup 1722 1725
  sup 1739 1742
  sup 1730 1733
  sup 1746 1749
  sup 1739 1742
  sup 1755 1758
  sup 1746 1749
  sup 1762 1765
  sup 1755 1758
  th 1768 1770
  sup 1762 1765
  th 1785 1787
  th 1768 1770
  th 1809 1811
  th 1785 1787
  th 1851 1853
  th 1809 1811
  th 1879 1881
  th 1851 1853
  th 1896 1898
  th 1879 1881
  th 1928 1930
  th 1896 1898
  th 1945 1947
  th 1928 1930
  th 1971 1973
  th 1945 1947
  tr 1985 1987
  th 1971 1973
  thead 1995 2000
  tr 1985 1987
  tbody 2008 2013
  thead 1995 2000
  tr 2065 2067
  tbody 2008 2013
  td 2086 2088
  tr 2065 2067
  td 2113 2115
  td 2086 2088
  td 2134 2136
  td 2113 2115
  td 2155 2157
  td 2134 2136
  td 2279 2281
  td 2155 2157
  td 2304 2306
  td 2279 2281
  td 2329 2331
  td 2304 2306
  td 2354 2356
  td 2329 2331
  td 2379 2381
  td 2354 2356
  td 2405 2407
  td 2379 2381
  td 2430 2432
  td 2405 2407
  td 2913 2915
  td 2430 2432
  td 3033 3035
  td 2913 2915
  td 3060 3062
  td 3033 3035
  td 3090 3092
  td 3060 3062
  td 3171 3173
  td 3090 3092
  td 3201 3203
  td 3171 3173
  td 3282 3284
  td 3201 3203
  td 3312 3314
  td 3282 3284
  td 3338 3340
  td 3312 3314
  td 3368 3370
  td 3338 3340
  td 3398 3400
  td 3368 3370
  td 3524 3526
  td 3398 3400
  td 3558 3560
  td 3524 3526
  td 3583 3585
  td 3558 3560
  td 4193 4195
  td 3583 3585
  td 4218 4220
  td 4193 4195
  td 4266 4268
  td 4218 4220
  tr 4312 4314
  td 4266 4268
  tr 4898 4900
  tr 4312 4314
  td 4915 4917
  tr 4898 4900
  strong 4950 4956
  td 4915 4917
  strong 4985 4991
  strong 4950 4956
  td 4994 4996
  strong 4985 4991
  td 5011 5013
  td 4994 4996
  strong 5045 5051
  td 5011 5013
  strong 5070 5076
  strong 5045 5051
  td 5079 5081
  strong 5070 5076
  td 5127 5129
  td 5079 5081
  strong 5143 5149
  td 5127 5129
  td 5202 5204
  strong 5143 5149
  td 5248 5250
  td 5202 5204
  strong 5264 5270
  td 5248 5250
  td 5324 5326
  strong 5264 5270
  tr 5368 5370
  td 5324 5326
  tbody 5378 5383
  tr 5368 5370
  table 5387 5392
  tbody 5378 5383
  script 5445 5451
  table 5387 5392
  script 6245 6251
  script 5445 5451
Invalid Selector
  script 6245 6251
Invalid Selector
$multipliedValue 3776
$multipliedValue 3776
  script 54 60
  script 54 60
  script 113 119
  script 113 119
  script 122 128
  script 122 128
  script 181 187
  script 181 187
  table 191 196
  table 191 196
  tbody 250 255
  tbody 250 255
  tr 266 268
  tr 266 268
  td 283 285
  td 283 285
  strong 287 293
  strong 287 293
  strong 300 306
  strong 300 306
  td 343 345
  td 343 345
  td 398 400
  td 398 400
  strong 402 408
  strong 402 408
  strong 430 436
  strong 430 436
  td 457 459
  td 457 459
  td 474 476
  td 474 476
  strong 478 484
  strong 478 484
  strong 494 500
  strong 494 500
  td 537 539
  td 537 539
  tr 551 553
  tr 551 553
  tr 564 566
  tr 564 566
  td 581 583
  td 581 583
  strong 585 591
  strong 585 591
  strong 616 622
  strong 616 622
  td 680 682
  td 680 682
  td 697 699
  td 697 699
  strong 701 707
  strong 701 707
  strong 727 733
  strong 727 733
  td 752 754
  td 752 754
  td 769 771
  td 769 771
  strong 773 779
  strong 773 779
  strong 786 792
  strong 786 792
  td 929 931
  td 929 931
  tr 943 945
  tr 943 945
  tbody 954 959
  tbody 954 959
  table 963 968
  table 963 968
  table 973 978
  table 973 978
  thead 1119 1124
  thead 1119 1124
  tr 1135 1137
  tr 1135 1137
  th 1152 1154
  th 1152 1154
  th 1171 1173
  th 1171 1173
  th 1188 1190
  th 1188 1190
  th 1213 1215
  th 1213 1215
  th 1230 1232
  th 1230 1232
  br 1249 1251
  br 1249 1251
  th 1258 1260
  th 1258 1260
  th 1275 1277
  th 1275 1277
  br 1294 1296
  br 1294 1296
  th 1303 1305
  th 1303 1305
  th 1320 1322
  th 1320 1322
  br 1343 1345
  br 1343 1345
  th 1352 1354
  th 1352 1354
  th 1369 1371
  th 1369 1371
  br 1398 1400
  br 1398 1400
  th 1403 1405
  th 1403 1405
  th 1490 1492
  th 1490 1492
  br 1512 1514
  br 1512 1514
  sup 1524 1527
  sup 1524 1527
  sup 1531 1534
  sup 1531 1534
  th 1547 1549
  th 1547 1549
  th 1564 1566
  th 1564 1566
  sup 1581 1584
  sup 1581 1584
  sup 1589 1592
  sup 1589 1592
  br 1595 1597
  br 1595 1597
  th 1610 1612
  th 1610 1612
  th 1627 1629
  th 1627 1629
  sup 1644 1647
  sup 1644 1647
  sup 1651 1654
  sup 1651 1654
  br 1657 1659
  br 1657 1659
  th 1672 1674
  th 1672 1674
  th 1689 1691
  th 1689 1691
  br 1716 1718
  br 1716 1718
  sup 1722 1725
  sup 1722 1725
  sup 1730 1733
  sup 1730 1733
  sup 1739 1742
  sup 1739 1742
  sup 1746 1749
  sup 1746 1749
  sup 1755 1758
  sup 1755 1758
  sup 1762 1765
  sup 1762 1765
  th 1768 1770
  th 1768 1770
  th 1785 1787
  th 1785 1787
  th 1809 1811
  th 1809 1811
  th 1851 1853
  th 1851 1853
  th 1879 1881
  th 1879 1881
  th 1896 1898
  th 1896 1898
  th 1928 1930
  th 1928 1930
  th 1945 1947
  th 1945 1947
  th 1971 1973
  th 1971 1973
  tr 1985 1987
  tr 1985 1987
  thead 1995 2000
  thead 1995 2000
  tbody 2008 2013
  tbody 2008 2013
  tr 2065 2067
  tr 2065 2067
  td 2086 2088
  td 2086 2088
  td 2113 2115
  td 2113 2115
  td 2134 2136
  td 2134 2136
  td 2155 2157
  td 2155 2157
  td 2279 2281
  td 2279 2281
  td 2304 2306
  td 2304 2306
  td 2329 2331
  td 2329 2331
  td 2354 2356
  td 2354 2356
  td 2379 2381
  td 2379 2381
  td 2405 2407
  td 2405 2407
  td 2430 2432
  td 2430 2432
  td 2913 2915
  td 2913 2915
  td 3033 3035
  td 3033 3035
  td 3060 3062
  td 3060 3062
  td 3090 3092
  td 3090 3092
  td 3171 3173
  td 3171 3173
  td 3201 3203
  td 3201 3203
  td 3282 3284
  td 3282 3284
  td 3312 3314
  td 3312 3314
  td 3338 3340
  td 3338 3340
  td 3368 3370
  td 3368 3370
  td 3398 3400
  td 3398 3400
  td 3524 3526
  td 3524 3526
  td 3558 3560
  td 3558 3560
  td 3583 3585
  td 3583 3585
  td 4193 4195
  td 4193 4195
  td 4218 4220
  td 4218 4220
  td 4266 4268
  td 4266 4268
  tr 4312 4314
  tr 4312 4314
  tr 4896 4898
  tr 4896 4898
  td 4913 4915
  td 4913 4915
  strong 4948 4954
  strong 4948 4954
  strong 4983 4989
  strong 4983 4989
  td 4992 4994
  td 4992 4994
  td 5009 5011
  td 5009 5011
  strong 5043 5049
  strong 5043 5049
  strong 5068 5074
  strong 5068 5074
  td 5077 5079
  td 5077 5079
  td 5125 5127
  td 5125 5127
  strong 5141 5147
  strong 5141 5147
  td 5200 5202
  td 5200 5202
  td 5246 5248
  td 5246 5248
  strong 5262 5268
  strong 5262 5268
  td 5322 5324
  td 5322 5324
  tr 5366 5368
  tr 5366 5368
  tbody 5376 5381
  tbody 5376 5381
  table 5385 5390
  table 5385 5390
  script 5443 5449
  script 5443 5449
  script 6243 6249
  script 6243 6249
Invalid Selector
Invalid Selector
